aeronave_matricula,aeronave_tipo_equipamento,aeronave_fabricante,aeronave_modelo,aeronave_tipo_icao,aeronave_motor_tipo,aeronave_pmd,aeronave_assentos,aeronave_ano_fabricacao,aeronave_pais_registro,aeronave_motor_quantidade
HP1539,AVIÃO,BOEING COMPANY,737-700,NULL,PISTÃO,65990,NULL,2010,PANAMÁ,99
N6523N,AVIÃO,CESSNA AIRCRAFT,N210,NULL,NULL,1724,NULL,1978,ESTADOS UNIDOS,99
BRXXX2,AVIÃO,DESCONHECIDO,DESCONHECIDO,NULL,DESCONHECIDO,0,NULL,NULL,BRASIL,99
CP1871,AVIÃO,CESSNA AIRCRAFT,NULL,NULL,DESCONHECIDO,757,0,0,BOLÍVIA,99
CP2981,AVIÃO,NULL,NULL,NULL,DESCONHECIDO,0,NULL,NULL,BOLÍVIA,99
FAB3601,AVIÃO,DESCONHECIDO,NULL,NULL,DESCONHECIDO,0,0,0,BRASIL,99
FAB5724,AVIÃO,DESCONHECIDO,NULL,NULL,DESCONHECIDO,0,0,0,BRASIL,99
MXLII - FL,DESCONHECIDO,NULL,NULL,NULL,DESCONHECIDO,0,NULL,NULL,BRASIL,99
N100QR,AVIÃO,DESCONHECIDO,NULL,NULL,DESCONHECIDO,0,0,0,ESTADOS UNIDOS,99
N723AN,NULL,DESCONHECIDO,NULL,NULL,DESCONHECIDO,0,NULL,NULL,ESTADOS UNIDOS,99
N732PW,AVIÃO,NULL,NULL,NULL,DESCONHECIDO,0,0,NULL,ESTADOS UNIDOS,99
PSHMJ,AVIÃO,CIRRUS DESIGN,SR22,SR22,DESCONHECIDO,1633,NULL,2019,BRASIL,99
PTXXX5,AVIÃO,DESCONHECIDO,NULL,NULL,DESCONHECIDO,0,NULL,0,BRASIL,99
PTXXX6,AVIÃO,DESCONHECIDO,NULL,NULL,DESCONHECIDO,0,NULL,NULL,BRASIL,99
PTXXX7,NULL,DESCONHECIDO,NULL,NULL,DESCONHECIDO,0,0,0,BRASIL,99
PUABD,ULTRALEVE,DESCONHECIDO,NULL,ULAC,DESCONHECIDO,0,0,0,BRASIL,99
PUBEL,ULTRALEVE,DESCONHECIDO,NULL,ULAC,DESCONHECIDO,0,0,0,BRASIL,99
PUCPC,ULTRALEVE,DESCONHECIDO,NULL,ULAC,DESCONHECIDO,0,0,1992,BRASIL,99
PUEJR,ULTRALEVE,DESCONHECIDO,NULL,ULAC,DESCONHECIDO,0,0,2024,BRASIL,99
PUITG,ULTRALEVE,DESCONHECIDO,NULL,ULAC,DESCONHECIDO,0,0,0,BRASIL,99
PUJDR,ULTRALEVE,FOX V5,FOX V5 TANDEM,ZZZZ,DESCONHECIDO,450,0,2016,BRASIL,99
PUJGP,ULTRALEVE,DESCONHECIDO,NULL,ULAC,DESCONHECIDO,0,0,0,BRASIL,99
PUJJA,ULTRALEVE,DESCONHECIDO,NULL,ULAC,DESCONHECIDO,0,0,0,BRASIL,99
PUNAC,ULTRALEVE,DESCONHECIDO,NULL,ULAC,DESCONHECIDO,0,0,0,BRASIL,99
PUNAE,ULTRALEVE,DESCONHECIDO,NULL,ULAC,DESCONHECIDO,0,0,0,BRASIL,99
PUOSG,ULTRALEVE,DESCONHECIDO,NULL,ULAC,DESCONHECIDO,0,0,0,BRASIL,99
PUTOF,ULTRALEVE,DESCONHECIDO,NULL,NULL,DESCONHECIDO,208,0,2008,BRASIL,99
PUXXX,TRIKE,DESCONHECIDO,NULL,NULL,DESCONHECIDO,250,0,0,BRASIL,99
PUXXX10,TRIKE,DESCONHECIDO,NULL,NULL,DESCONHECIDO,0,NULL,NULL,BRASIL,99
PUXXX11,NULL,DESCONHECIDO,NULL,NULL,DESCONHECIDO,0,NULL,NULL,BRASIL,99
PUXXX12,TRIKE,DESCONHECIDO,NULL,NULL,DESCONHECIDO,0,0,0,BRASIL,99
PUXXX14,NULL,DESCONHECIDO,NULL,NULL,DESCONHECIDO,0,0,0,BRASIL,99
PUXXX18,NULL,DESCONHECIDO,NULL,NULL,DESCONHECIDO,0,0,0,BRASIL,99
PUXXX19,AVIÃO,DESCONHECIDO,NULL,NULL,DESCONHECIDO,0,0,0,BRASIL,99
PUXXX2,ULTRALEVE,DESCONHECIDO,NULL,NULL,DESCONHECIDO,0,NULL,2015,BRASIL,99
PUXXX20,ULTRALEVE,DESCONHECIDO,NULL,NULL,DESCONHECIDO,0,0,0,BRASIL,99
PUXXX3,TRIKE,DESCONHECIDO,NULL,NULL,DESCONHECIDO,450,NULL,2015,BRASIL,99
PUXXX4,ULTRALEVE,DESCONHECIDO,NULL,NULL,DESCONHECIDO,400,NULL,2000,BRASIL,99
PUXXX5,ULTRALEVE,DESCONHECIDO,NULL,NULL,DESCONHECIDO,0,NULL,2015,BRASIL,99
PUXXX8,ULTRALEVE,DESCONHECIDO,NULL,NULL,DESCONHECIDO,0,NULL,NULL,BRASIL,99
PUXXX9,AVIÃO,DESCONHECIDO,TRIKE,NULL,DESCONHECIDO,0,NULL,NULL,BRASIL,99
PXXXX23,AVIÃO,DESCONHECIDO,NULL,NULL,DESCONHECIDO,0,0,0,BRASIL,99
SABYA,NULL,DESCONHECIDO,NULL,NULL,DESCONHECIDO,0,0,0,NÃO IDENTIFICADO,99
UNKNOWN001,NULL,NULL,NULL,NULL,NULL,NULL,NULL,NULL,NULL,99
UNKNOWN002,NULL,DESCONHECIDO,MODELO DESCONHECIDO,NULL,DESCONHECIDO,0,NULL,NULL,BRASIL,99
UR82007,AVIÃO,DESCONHECIDO,NULL,NULL,DESCONHECIDO,0,0,0,UCRÂNIA,99
YV560T,AVIÃO,DESCONHECIDO,NULL,NULL,DESCONHECIDO,0,0,0,NÃO IDENTIFICADO,99
ZPX071,AVIÃO,DESCONHECIDO,NULL,NULL,DESCONHECIDO,0,0,0,PARAGUAI,99
PS29092021,DRONE,SPEEDBIRD,DLV-2,*,DESCONHECIDO,25,NULL,NULL,BRASIL,6
A6EUH,AVIÃO,AIRBUS,A380-861,A388,JATO,575000,0,2016,EMIRADOS ÁRABES,4
CSTOD,AVIÃO,AIRBUS INDUSTRIE,A340-312,A340,JATO,237000,0,0,PORTUGAL,4
D2TEA,AVIÃO,BOEING COMPANY,747-312M,B743,PISTÃO,365258,659,1986,ANGOLA,4
DABVE,AVIÃO,BOEING COMPANY,747-341,NULL,PISTÃO,377842,0,0,ALEMANHA,4
DAIGM,AVIÃO,AIRBUS INDUSTRIE,A340-313,A343,JATO,372000,0,1997,ALEMANHA,4
DAIGU,AVIÃO,AIRBUS,A340-541,A343,JATO,368000,0,2000,ALEMANHA,4
ECJBA,AVIÃO,AIRBUS INDUSTRIE,A340-642,A346,JATO,0,0,2004,ESPANHA,4
ECMIL,AVIÃO,AIRBUS,A330,A332,JATO,222222,258,2015,ESPANHA,4
HBJMN,AVIÃO,AIRBUS INDUSTRIE,A340-313X,A343,NULL,0,0,1997,SUIÇA,4
N471EV,AVIÃO,BOEING COMPANY,747-273C,B742,JATO,351534,0,1973,ESTADOS UNIDOS,4
N702CA,AVIÃO,BOEING,B747,B744,JATO,385553,0,1994,ESTADOS UNIDOS,4
PHCKB,AVIÃO,BOEING,747-406FER,B744,JATO,385553,0,2003,NÃO IDENTIFICADO,4
PPBEX,AVIÃO,MCDONNELL DOUGLAS,DC-8-73F,DC87,JATO,161000,7,1969,BRASIL,4
PPBRG,AVIÃO,BOEING COMPANY,707-323C,B703,JATO,148327,7,1966,BRASIL,4
PPBRR,AVIÃO,BOEING COMPANY,707-323C,B703,JATO,148327,7,1968,BRASIL,4
PPWSM,AVIÃO,BOEING COMPANY,707,NULL,JATO,0,0,0,BRASIL,4
PRSKM,AVIÃO,MCDONNELL DOUGLAS,DC-8-63F,DC86,JATO,161000,5,1970,BRASIL,4
PTWSZ,AVIÃO,BOEING COMPANY,707-338C,B703,JATO,151137,7,1965,BRASIL,4
RA11115,AVIÃO,ANTONOV,AN12,NULL,TURBOÉLICE,0,0,0,RÚSSIA,4
DALCE,AVIÃO,MCDONNELL DOUGLAS,MD-11F,MD11,JATO,285990,0,1998,ALEMANHA,3
N14063,AVIÃO,MCDONNELL DOUGLAS,DC-10-30,DC10,JATO,0,0,1973,ESTADOS UNIDOS,3
N305FE,AVIÃO,MCDONNELL DOUGLAS,DC-10-30F,DC10,PISTÃO,256280,0,1980,ESTADOS UNIDOS,3
N318FE,AVIÃO,MCDONNELL DOUGLAS,MD-10-30F,NULL,PISTÃO,0,0,1979,ESTADOS UNIDOS,3
N621FE,AVIÃO,MCDONNELL DOUGLAS,MD-11F,MD11,JATO,0,NULL,1999,ESTADOS UNIDOS,3
N70FL,AVIÃO,DASSAULT AVIATION,FALCON 7X,NULL,PISTÃO,31298,0,0,ESTADOS UNIDOS,3
N953AR,AVIÃO,MCDONNELL DOUGLAS,MD11,NULL,JATO,285990,0,1993,ESTADOS UNIDOS,3
N954AR,AVIÃO,MCDONNELL DOUGLAS,MD-11F,NULL,JATO,285990,0,1992,ESTADOS UNIDOS,3
N988AR,AVIÃO,MCDONNELL DOUGLAS,MD11,NULL,JATO,285990,0,0,ESTADOS UNIDOS,3
PPCFJ,AVIÃO,DASSAULT,FALCON 7X,FA7X,JATO,31751,15,2012,BRASIL,3
PPDBS,AVIÃO,DASSAULT AVIATION,FALCON 7X,FA7X,JATO,31751,NULL,NULL,BRASIL,3
PPMTA,AVIÃO,MCDONNELL DOUGLAS,DC-10-30F,DC10,JATO,256280,7,1975,BRASIL,3
PPOPC,AVIÃO,DASSAULT,FALCON 50,FA50,JATO,18500,12,1992,BRASIL,3
PPSFC,AVIÃO,BOEING COMPANY,727-264,B722,JATO,83552,7,1975,BRASIL,3
PPSFE,AVIÃO,BOEING COMPANY,727-243,B722,JATO,78015,173,1981,BRASIL,3
PPSOZ,AVIÃO,MCDONNELL DOUGLAS,MD-11,MD11,JATO,283722,383,1991,BRASIL,3
PPSPL,AVIÃO,MCDONNELL DOUGLAS,MD-11,MD11,JATO,283722,383,1995,BRASIL,3
PPVLD,AVIÃO,BOEING COMPANY,727-41,B721,JATO,76883,3,1970,BRASIL,3
PPVLE,AVIÃO,BOEING COMPANY,727-172C,B721,JATO,76883,122,1967,BRASIL,3
PPVLS,AVIÃO,BOEING COMPANY,727-173C,B721,JATO,76853,5,1967,BRASIL,3
PPVMU,AVIÃO,MCDONNELL DOUGLAS,DC-10-30F,DC10,JATO,263084,7,1980,BRASIL,3
PPVPJ,AVIÃO,MCDONNELL DOUGLAS,MD-11,MD11,JATO,280325,381,1992,BRASIL,3
PPVPL,AVIÃO,MCDONNELL DOUGLAS,MD-11,MD11,JATO,280325,381,1993,BRASIL,3
PPVPM,AVIÃO,MCDONNELL DOUGLAS,MD-11,MD11,JATO,280325,381,1993,BRASIL,3
PPVQI,AVIÃO,MCDONNELL DOUGLAS,MD-11,MD11,JATO,276691,383,0,BRASIL,3
PPVQK,AVIÃO,MCDONNELL DOUGLAS,MD-11,MD11,JATO,280320,301,1997,BRASIL,3
PPVQU,AVIÃO,BOEING COMPANY,727-2J7,B722,JATO,88360,7,1974,BRASIL,3
PPVQV,AVIÃO,BOEING COMPANY,727-243,B722,JATO,88451,5,1981,BRASIL,3
PPVQY,AVIÃO,MCDONNELL DOUGLAS,DC-10-30F,DC10,JATO,259455,3,1974,BRASIL,3
PRAIB,AVIÃO,BOEING COMPANY,727-227,B722,JATO,86409,5,1977,BRASIL,3
PRCSE,AVIÃO,DASSAULT,FALCON 7X,FA7X,JATO,31298,18,2009,BRASIL,3
PRIOA,AVIÃO,BOEING COMPANY,727-214F,B722,JATO,88360,7,1978,BRASIL,3
PRIOB,AVIÃO,BOEING COMPANY,727-264,B722,JATO,88360,5,1982,BRASIL,3
PRIOC,AVIÃO,BOEING,727-264,B722,JATO,88360,5,1983,BRASIL,3
PRIOD,AVIÃO,BOEING,727-264,B722,JATO,88360,5,1983,BRASIL,3
PRIOF,AVIÃO,BOEING,727-214,B722,JATO,88360,5,1979,BRASIL,3
PRIOG,AVIÃO,BOEING,727-214F,B722,JATO,88360,5,1979,BRASIL,3
PRJQF,AVIÃO,DASSAULT AVIATION,FALCON 7X,FA7X,JATO,33112,18,0,BRASIL,3
PRLGB,AVIÃO,BOEING COMPANY,727-2A1,B722,JATO,88359,5,1977,BRASIL,3
PRLGD,AVIÃO,MCDONNELL DOUGLAS,MD-11F,MD11,JATO,285990,7,1991,BRASIL,3
PRLGE,AVIÃO,MCDONNELL DOUGLAS,MD-11F,MD11,JATO,285990,5,1992,BRASIL,3
PRMTK,AVIÃO,BOEING COMPANY,727-222,B722,JATO,80740,5,1969,BRASIL,3
PRMTL,AVIÃO,BOEING COMPANY,727-2J7,B722,JATO,88451,173,0,BRASIL,3
PRNAK,AVIÃO,DASSAULT,FALCON 7X,FA7X,JATO,31751,17,2013,BRASIL,3
PRPDN,AVIÃO,ATR - GIE AVIONS DE TRANSPORT RÉGIONAL,ATR-72-212A (600),AT76,TURBOÉLICE,23000,65,0,BRASIL,3
PRPMV,AVIÃO,DASSAULT AVIATION,FALCON 900EX (EASY),F900,JATO,22226,17,2008,BRASIL,3
PRRLJ,AVIÃO,BOEING COMPANY,727-214F,B722,JATO,88360,7,1978,BRASIL,3
PRTTB,AVIÃO,BOEING COMPANY,727-223,B722,JATO,88451,5,1980,BRASIL,3
PRTTO,AVIÃO,BOEING,727-2M7,B722,JATO,92124,3,1976,BRASIL,3
PRTTP,AVIÃO,BOEING,727-2M7,B722,JATO,88360,7,1978,BRASIL,3
PRTTW,AVIÃO,BOEING,727-225,B722,JATO,88360,5,1980,BRASIL,3
PRWYW,AVIÃO,DASSAULT AVIATION,FALCON 50,FA50,JATO,17600,12,1992,BRASIL,3
PRYRD,AVIÃO,AIRBUS,A320-251N,A320,JATO,79000,NULL,2016,BRASIL,3
PSFST,AVIÃO,DASSAULT AVIATION,FALCON 7X,FA7X,JATO,31751,NULL,2010,BRASIL,3
PTMSH,AVIÃO,MCDONNELL DOUGLAS,MD-11,MD11,JATO,285990,305,1997,BRASIL,3
PTMSI,AVIÃO,MCDONNELL DOUGLAS,MD-11,MD11,JATO,285990,305,1997,BRASIL,3
PTMSJ,AVIÃO,MCDONNELL DOUGLAS,MD-11,MD11,JATO,283722,305,1996,BRASIL,3
PTMTQ,AVIÃO,BOEING COMPANY,727-243,B722,JATO,88360,5,1980,BRASIL,3
PTMTT,AVIÃO,BOEING,727-243,B722,JATO,88360,5,1981,BRASIL,3
PTOEX,AVIÃO,DASSAULT,FALCON 900,F900,JATO,20639,14,1990,BRASIL,3
YV524T,AVIÃO,MCDONNELL DOUGLAS,DC-10-30F,DC10,JATO,256280,NULL,1980,VENEZUELA,3
9VSWS,AVIÃO,BOEING COMPANY,777-32WER,B77W,JATO,346544,384,0,CINGAPURA,2
A6ECH,AVIÃO,BOEING COMPANY,B777-300ER,773ER,JATO,299300,NULL,2008,EMIRADOS ÁRABES,2
A6EVQ,AVIÃO,AIRBUS,A380-800,A388,JATO,575000,0,0,EMIRADOS ÁRABES,2
A6EWI,AVIÃO,BOEING COMPANY,777-21H(LR),B77L,JATO,346544,384,1983,EMIRADOS ÁRABES,2
AF443,AVIÃO,BOEING,B777-300ER,B777,JATO,263080,NULL,NULL,FRANÇA,2
ARG1732,AVIÃO,DESCONHECIDO,NULL,NULL,JATO,0,0,0,ARGENTINA,2
ARG1735,AVIÃO,DESCONHECIDO,NULL,NULL,JATO,0,0,0,ARGENTINA,2
CCABZ,AVIÃO,AIRBUS,A320,NULL,JATO,79000,0,0,ESTADOS UNIDOS,2
CCAWA,AVIÃO,AIRBUS S.A.S.,A320-232,A320,JATO,77000,NULL,2017,CHILE,2
CCAZL,AVIÃO,AIRBUS,A320-251N,A320,JATO,77000,166,0,CHILE,2
CCBAC,AVIÃO,AIRBUS S.A.S,A320-233,A323,JATO,242000,0,0,CHILE,2
CCBAF,AVIÃO,AIRBUS,A320-233,A320,JATO,77000,170,2010,NÃO IDENTIFICADO,2
CCBAZ,AVIÃO,AIRBUS,A320,A320,JATO,79000,0,2012,CHILE,2
CCBCD,AVIÃO,AIRBUS,A319-112,A319,JATO,64000,0,2011,CHILE,2
CCBCE,AVIÃO,AIRBUS,A319-112,A319,JATO,64000,154,2012,NÃO IDENTIFICADO,2
CCBDB,AVIÃO,BOEING COMPANY,767-300,B763,JATO,158760,0,0,COLÔMBIA,2
CCBEB,AVIÃO,AIRBUS S.A.S,A321,A321,JATO,93500,0,0,CHILE,2
CCBEC,AVIÃO,AIRBUS,A321-211,A321,JATO,83000,0,2014,CHILE,2
CCBEE,AVIÃO,AIRBUS,A321-211,A322,JATO,93500,NULL,NULL,CHILE,2
CCBEL,AVIÃO,AIRBUS INDUSTRIE,A321-211,A321,JATO,77000,0,2016,CHILE,2
CCBEN,AVIÃO,AIRBUS S.A.S.,A321-211,A321,JATO,89000,0,0,CHILE,2
CCBGE,AVIÃO,BOEING,B787-9,B789,JATO,251000,0,2015,CHILE,2
CCBGF,AVIÃO,BOEING COMPANY,B787-9,B789,JATO,252700,NULL,2015,CHILE,2
CCBGK,AVIÃO,BOEING,B789,B789,JATO,254692,0,2016,CHILE,2
CCBGP,AVIÃO,BOEING COMPANY,789,B789,JATO,252600,0,0,CHILE,2
CCBGQ,AVIÃO,BOEING COMPANY,789,B789,JATO,253000,0,0,CHILE,2
CCBGU,AVIÃO,BOEING COMPANY,B787-9,B789,JATO,253000,0,2018,CHILE,2
CCBGW,AVIÃO,BOEING COMPANY,B787-9,B789,JATO,252650,NULL,2018,BRASIL,2
CCBHB,AVIÃO,AIRBUS,A320-271N,A320,JATO,78000,183,2015,BRASIL,2
CCBMA,AVIÃO,BOEING COMPANY,787-900,B789,JATO,254000,NULL,NULL,CHILE,2
CCCBJ,AVIÃO,BOEING COMPANY,B767,NULL,JATO,0,0,0,CHILE,2
CCCMS,AVIÃO,LEARJET,NULL,LJ40,JATO,0,0,2004,CHILE,2
CCCOH,AVIÃO,AIRBUS,A320-223,A320,JATO,77000,0,0,CHILE,2
CCCPJ,AVIÃO,AIRBUS,A319-132,A319,JATO,75500,154,2004,CHILE,2
CCCXD,AVIÃO,BOEING COMPANY,767-316ER,B763,JATO,0,0,2008,CHILE,2
CCCZT,AVIÃO,BOEING COMPANY,767-316F,B763,JATO,186880,230,0,CHILE,2
CCCZZ,AVIÃO,BOEING,B767,NULL,JATO,0,0,0,CHILE,2
CCDCA,AVIÃO,AIRBUS S.A.S.,A321NEO,A21N,JATO,97000,0,0,CHILE,2
CCDIB,AVIÃO,AIRBUS INDUSTRIE,A321-271NX,A21N,JATO,89000,NULL,NULL,BRASIL,2
CCDID,AVIÃO,AIRBUS,A320-271N,A20N,JATO,78000,0,0,CHILE,2
C-FEGI,AVIÃO,BOEING COMPANY,B737-9,B739,JATO,252700,NULL,2025,CANADÁ,2
CGAAJ,AVIÃO,BOEING COMPANY,B767-300F,B763,JATO,181437,NULL,1993,CANADÁ,2
CP2595,AVIÃO,BOEING COMPANY,737-33A,B733,PISTÃO,63276,0,1990,BOLÍVIA,2
CSTDI,AVIÃO,AIRBUS INDUSTRIE,A310,NULL,JATO,0,0,0,PORTUGAL,2
CSTOA,AVIÃO,AIRBUS INDUSTRIE,A340,NULL,JATO,0,0,0,PORTUGAL,2
CSTOF,AVIÃO,AIRBUS INDUSTRIE,A330-223,A332,JATO,230000,0,0,PORTUGAL,2
CSTOG,AVIÃO,AIRBUS INDUSTRIE,A330-223,A332,JATO,230000,0,0,PORTUGAL,2
CSTOJ,AVIÃO,AIRBUS,A330-223,A332,JATO,230000,240,1998,PORTUGAL,2
CSTON,AVIÃO,AIRBUS,A330-202,NULL,JATO,230000,0,0,PORTUGAL,2
CSTOP,AVIÃO,AIRBUS,A330-202,A332,JATO,233000,0,0,PORTUGAL,2
CS-TSU,AVIÃO,BOEING COMPANY,B767-300,B763,JATO,181400,NULL,NULL,PORTUGAL,2
CSTUB,AVIÃO,AIRBUS,A330-941,A339,JATO,242000,0,0,PORTUGAL,2
CSTUM,AVIÃO,AIRBUS INDUSTRIE,A330-941,A330,JATO,233000,NULL,NULL,PORTUGAL,2
CSTUO,AVIÃO,AIRBUS,330-900,A339,JATO,242000,0,0,PORTUGAL,2
CXFAT,AVIÃO,BOEING COMPANY,B737,NULL,JATO,65990,0,0,URUGUAI,2
CXJYN,AVIÃO,CESSNA AIRCRAFT,402B,NULL,PISTÃO,3107,0,0,URUGUAI,2
DADIJ,AVIÃO,BOEING COMPANY,737-3M8,B733,PISTÃO,65990,0,1991,ALEMANHA,2
D-ALFI,AVIÃO,BOEING COMPANY,B777,B777,JATO,351000,NULL,2020,ALEMANHA,2
DATWO,AVIÃO,BOMBARDIER,CL60,NULL,JATO,20457,0,2002,ALEMANHA,2
DCHGN,AVIÃO,HAWKER BEECHCRAFT,HAWKER 900XP,NULL,JATO,12901,0,0,ALEMANHA,2
DGOMM,AVIÃO,PIPER AIRCRAFT,PA-34,PA34,PISTÃO,2155,6,0,ALEMANHA,2
ECGLE,AVIÃO,AIRBUS INDUSTRIE,A340,NULL,JATO,237000,0,0,ESPANHA,2
ECMNL,AVIÃO,AIRBUS S.A.S.,A320-211,A321,JATO,79000,0,0,ESPANHA,2
EC-NGS,NULL,BOEING COMPANY,B787-9,B789,JATO,0,NULL,2020,BRASIL,2
ECOAY,AVIÃO,AIRBUS S.A.S.,A350-900,A359,JATO,248000,0,0,ESPANHA,2
EIDBK,AVIÃO,BOEING COMPANY,777-243ER,B772,NULL,0,0,2003,IRLANDA,2
EIHJN,AVIÃO,AIRBUS S.A.S,A330-941,A339,JATO,253000,0,0,ITÁLIA,2
EIHPB,AVIÃO,AIRBUS S.A.S,A330-941,A339,JATO,251000,0,0,IRLANDA,2
FAB2345,AVIÃO,EMBRAER,C95M,E110,TURBOÉLICE,5900,0,0,BRASIL,2
FAB3604,AVIÃO,EMBRAER,EMB-550,E550,JATO,17400,NULL,NULL,BRASIL,2
FGSPD,AVIÃO,BOEING COMPANY,777-200,B772,JATO,297500,0,0,FRANÇA,2
FGSPS,AVIÃO,BOEING,777-228ER,B772,JATO,247200,312,2001,NÃO IDENTIFICADO,2
FGSPV,AVIÃO,BOEING COMPANY,777-222,B772,JATO,242671,293,0,FRANÇA,2
F-GSQE,AVIÃO,BOEING COMPANY,B777-328ER,B773,JATO,299370,NULL,2005,FRANÇA,2
FGSQM,AVIÃO,BOEING,777-328ER,B777,JATO,346544,382,2006,NÃO IDENTIFICADO,2
FGSQU,AVIÃO,BOEING COMPANY,B777-328ER,B773,JATO,297500,0,0,FRANÇA,2
FGZNR,AVIÃO,BOEING,B777-300,NULL,JATO,247200,0,0,FRANÇA,2
FHTAC,AVIÃO,AIRBUS,A330-223,A332,JATO,233000,240,2002,NÃO IDENTIFICADO,2
F-HTYL,AVIÃO,AIRBUS INDUSTRIE,A350-900,A359,JATO,283000,NULL,NULL,FRANÇA,2
FHTYR,AVIÃO,AIRBUS,A359,NULL,JATO,308000,0,2022,FRANÇA,2
GYMMH,AVIÃO,BOEING COMPANY,B777-200,B772,JATO,247000,NULL,2000,INGLATERRA,2
HBJNG,AVIÃO,BOEING,B777,NULL,JATO,247200,0,2017,SUIÇA,2
HK5000,AVIÃO,ATR - GIE AVIONS DE TRANSPORT RÉGIONAL,ATR-72-212A,AT72,TURBOÉLICE,23000,0,2014,COLÔMBIA,2
HP1729CM,AVIÃO,BOEING,NULL,NULL,JATO,79010,NULL,2012,PANAMÁ,2
HP1824,AVIÃO,BOEING,B738,NULL,JATO,150000,0,0,PANAMÁ,2
LVBOT,AVIÃO,BOEING COMPANY,737-505,B735,PISTÃO,65990,0,1990,ARGENTINA,2
LVCET,AVIÃO,EMBRAER,ERJ 190-100 IGW,E190,JATO,51800,113,2010,ARGENTINA,2
LVFNK,AVIÃO,AIRBUS,A330-223,A332,JATO,230000,0,2000,NÃO IDENTIFICADO,2
LVFQB,AVIÃO,BOEING,737-867,B738,JATO,65990,NULL,2011,ARGENTINA,2
LVGQN,AVIÃO,EMBRAER,EMB-500,E50P,JATO,0,0,2013,ARGENTINA,2
LVGVA,AVIÃO,BOEING,737-887 (W,B738,JATO,0,0,2017,ARGENTINA,2
LVGVB,AVIÃO,BOEING,737-887 (W),B738,JATO,0,0,2017,ARGENTINA,2
LVINV,AVIÃO,BEECH AIRCRAFT,BE55,NULL,PISTÃO,0,0,0,ARGENTINA,2
LVIVO,AVIÃO,AIRBUS,A320-232,A322,JATO,79800,0,2019,ARGENTINA,2
LVKEG,AVIÃO,BOEING,B737-8U3,B738,JATO,177000,0,2010,ARGENTINA,2
LVKEJ,AVIÃO,Boeing,737-8 MAX,B38M,JATO,82190,NULL,2021,ARGENTINA,2
LVKLH,AVIÃO,GULFSTREAM,GV,GLF5,JATO,90500,0,0,ARGENTINA,2
MM62243,AVIÃO,AIRBUS,A319-115,A319,JATO,75500,NULL,NULL,ITÁLIA,2
N100FX,AVIÃO,GULFSTREAM AEROSPACE,G700,G700,JATO,48800,0,0,ESTADOS UNIDOS,2
N118AV,AVIÃO,LEARJET,LR45,NULL,JATO,0,0,0,ESTADOS UNIDOS,2
N17017,AVIÃO,BOEING COMPANY,787-10,B787,JATO,252700,NULL,NULL,ESTADOS UNIDOS,2
N173DZ,AVIÃO,BOEING,767-322,NULL,JATO,158760,0,0,ESTADOS UNIDOS,2
N178DZ,AVIÃO,BOEING COMPANY,767-300 Series,B763,JATO,179000,NULL,1998,ESTADOS UNIDOS,2
N186DS,AVIÃO,GULFSTREAM,G-IV,NULL,JATO,33200,22,1990,ESTADOS UNIDOS,2
N2098L,AVIÃO,BEECH AIRCRAFT,95-B55,BE95,PISTÃO,2268,0,1976,ESTADOS UNIDOS,2
N2176P,AVIÃO,PIPER AIRCRAFT,PA-23,PA23,PISTÃO,1588,0,1956,ESTADOS UNIDOS,2
N245AY,AVIÃO,BOEING COMPANY,767-201,NULL,JATO,0,0,1987,ESTADOS UNIDOS,2
N24973,AVIÃO,BOEING COMPANY,787-9,B789,JATO,254700,NULL,NULL,ESTADOS UNIDOS,2
N26952,AVIÃO,BOEING,B787-9 DREAMLINER,B789,JATO,253000,NULL,2015,ESTADOS UNIDOS,2
N29978,AVIÃO,BOEING,B787-9,B389,JATO,253000,NULL,2020,ESTADOS UNIDOS,2
N309QS,AVIÃO,EMBRAER,EMB-505,E55P,JATO,8150,0,2013,ESTADOS UNIDOS,2
N313PC,AVIÃO,PIPER AIRCRAFT,PA-42,NULL,PISTÃO,5000,0,0,ESTADOS UNIDOS,2
N331QT,AVIÃO,AIRBUS,A330-243F,A330,JATO,0,NULL,2013,COLÔMBIA,2
N342AN,AVIÃO,BOEING COMPANY,767-328,NULL,JATO,186880,0,0,ESTADOS UNIDOS,2
N344AN,AVIÃO,BOEING COMPANY,767-323,NULL,JATO,0,0,2003,ESTADOS UNIDOS,2
N355AA,AVIÃO,BOEING COMPANY,767-323,NULL,JATO,186880,0,1988,ESTADOS UNIDOS,2
N366AA,AVIÃO,BOEING,767-323ER,NULL,JATO,186880,NULL,1991,ESTADOS UNIDOS,2
N36DA,AVIÃO,GULFSTREAM,A40A3F,A40A3,JATO,26000,21,1984,ESTADOS UNIDOS,2
N377GL,AVIÃO,CESSNA AIRCRAFT,425,NULL,NULL,0,0,0,ESTADOS UNIDOS,2
N380AN,AVIÃO,BOEING,767-323,B763,JATO,179170,0,1993,ESTADOS UNIDOS,2
N387AM,AVIÃO,BOEING COMPANY,767,NULL,JATO,0,0,0,ESTADOS UNIDOS,2
N399AN,AVIÃO,BOEING,767-323,B763,JATO,186880,NULL,1999,ESTADOS UNIDOS,2
N400SA,AVIÃO,BEECH AIRCRAFT,58,BE58,PISTÃO,2495,6,1987,ESTADOS UNIDOS,2
N412MC,AVIÃO,BOEING COMPANY,747-400 SERIES,B744,JATO,397000,0,0,ESTADOS UNIDOS,2
N413HB,AVIÃO,HAWKER BEECHCRAFT,HAWKER 4000,NULL,JATO,17800,NULL,0,ESTADOS UNIDOS,2
N4161D,AVIÃO,PIPER AIRCRAFT,PA-34-220T,PA34,PISTÃO,2155,6,1999,ESTADOS UNIDOS,2
N422LA,AVIÃO,BOEING COMPANY,767-346F,NULL,JATO,0,0,2007,ESTADOS UNIDOS,2
N446MC,AVIÃO,BOEING COMPANY,747-400,B744,JATO,397000,0,0,ESTADOS UNIDOS,2
N4489T,AVIÃO,PIPER AIRCRAFT,PA-34-200,PA34,PISTÃO,2073,6,0,ESTADOS UNIDOS,2
N478TA,AVIÃO,AIRBUS INDUSTRIE,A319-132,NULL,JATO,0,0,2004,ESTADOS UNIDOS,2
N483CJ,AVIÃO,TEXTRON AVIATION,525B,NULL,JATO,0,NULL,2015,ESTADOS UNIDOS,2
N525ZS,AVIÃO,BEECH AIRCRAFT,100,BE10,PISTÃO,5871,0,1971,ESTADOS UNIDOS,2
N538LA,AVIÃO,BOEING,B763,B763,JATO,0,NULL,2006,ESTADOS UNIDOS,2
N540LA,AVIÃO,BOEING,B763,B763,JATO,173272,0,2006,ESTADOS UNIDOS,2
N642UA,AVIÃO,BOEING,B767,B763,JATO,173272,0,0,ESTADOS UNIDOS,2
N647UA,AVIÃO,BOEING,B767,B763,JATO,180000,0,1992,ESTADOS UNIDOS,2
N649UA,AVIÃO,BOEING COMPANY,B767-322(ER),B763,JATO,179170,0,0,ESTADOS UNIDOS,2
N651UA,AVIÃO,BOEING,767-322ER,B763,JATO,0,0,1992,ESTADOS UNIDOS,2
N655UA,AVIÃO,BOEING,B767,NULL,JATO,0,0,0,ESTADOS UNIDOS,2
N660UA,AVIÃO,BOEING,B767-332ER,B763,JATO,179000,0,1993,ESTADOS UNIDOS,2
N663UA,AVIÃO,BOEING COMPANY,767-322,B763,JATO,186880,0,1993,ESTADOS UNIDOS,2
N69020,AVIÃO,BOEING,777-224ER,B772,JATO,297550,0,2007,ESTADOS UNIDOS,2
N69059,AVIÃO,BOEING COMPANY,767-424ER,NULL,JATO,204120,0,2002,ESTADOS UNIDOS,2
N715CA,AVIÃO,PIPER AIRCRAFT,PA31T-2,PAY2,TURBOÉLICE,4082,0,1982,ESTADOS UNIDOS,2
N7222V,AVIÃO,BEECH AIRCRAFT,58,BE58,PISTÃO,0,0,1984,ESTADOS UNIDOS,2
N725AN,AVIÃO,BOEING,777-300ER,B77W,JATO,351534,NULL,2013,ESTADOS UNIDOS,2
N734AR,AVIÃO,BOEING COMPANY,777-300ER,B773,JATO,351543,0,0,ESTADOS UNIDOS,2
N750AN,AVIÃO,BOEING,777-223ER,B772,JATO,0,0,2001,ESTADOS UNIDOS,2
N752AN,AVIÃO,BOEING,777-223ER,B772,JATO,229520,NULL,2001,ESTADOS UNIDOS,2
N753AN,AVIÃO,BOEING COMPANY,737-823,B738,JATO,79016,NULL,2001,ESTADOS UNIDOS,2
N760163,AVIÃO,BEECHCRAFT,BE20,BE20,TURBOÉLICE,5670,0,0,ESTADOS UNIDOS,2
N76062,AVIÃO,BOEING COMPANY,B767-300,NULL,PISTÃO,183200,0,0,ESTADOS UNIDOS,2
N762AV,AVIÃO,AIRBUS INDUSTRIE,A320-251N,A20N,JATO,79000,0,2019,ESTADOS UNIDOS,2
N765AV,AVIÃO,AIRBUS INDUSTRIE,A320-251N,A20N,JATO,77000,0,2017,ESTADOS UNIDOS,2
N772LA,AVIÃO,BOEING COMPANY,777-F6N,NULL,JATO,0,0,0,ESTADOS UNIDOS,2
N773AN,AVIÃO,BOEING COMPANY,B777-223,B772,JATO,242671,NULL,1999,ESTADOS UNIDOS,2
N776AV,AVIÃO,AIRBUS INDUSTRI,A320-251N,A20N,JATO,0,0,2018,COLÔMBIA,2
N787AL,AVIÃO,BOEING COMPANY,B777-200,B777,JATO,77000,NULL,2000,ESTADOS UNIDOS,2
N800AN,AVIÃO,BOEING,B787-8,B788,JATO,227950,NULL,2015,ESTADOS UNIDOS,2
N807AA,AVIÃO,BOEING,787-8,B788,JATO,227930,NULL,2015,ESTADOS UNIDOS,2
N809AA,AVIÃO,BOEING,787-8,B788,JATO,227930,0,2015,ESTADOS UNIDOS,2
N813NW,AVIÃO,AIRBUS S.A.S.,A330-323,A333,JATO,242000,0,0,ESTADOS UNIDOS,2
N814AA,AVIÃO,BOEING COMPANY,B787-8,B788,JATO,227900,0,0,ESTADOS UNIDOS,2
N832MH,AVIÃO,BOEING,B764,B764,JATO,204120,NULL,2000,BRASIL,2
N844MH,AVIÃO,BOEING COMPANY,767-432ER,NULL,JATO,204120,0,2002,ESTADOS UNIDOS,2
N852GT,AVIÃO,BOEING COMPANY,747-800,B748,JATO,442000,0,0,ESTADOS UNIDOS,2
N856GT,AVIÃO,BOEING COMPANY,747-87UF,B748,JATO,442000,0,0,ESTADOS UNIDOS,2
N882BL,AVIÃO,BOEING COMPANY,B787-8,B788,JATO,227900,NULL,2021,ESTADOS UNIDOS,2
N885WT,AVIÃO,GULFSTREAM AEROSPACE,GV-SP,NULL,JATO,0,0,0,ESTADOS UNIDOS,2
N931AV,AVIÃO,AIRBUS S.A.S.,A320-251N,A20N,JATO,79000,NULL,2023,ESTADOS UNIDOS,2
N942AV,AVIÃO,AIRBUS,A320-251N,A20N,JATO,79000,NULL,2023,COLÔMBIA,2
N975AV,AVIÃO,AIRBUS,A330,A330,JATO,0,NULL,NULL,COLÔMBIA,2
N989AR,AVIÃO,GULFSTREAM,GVII-G600,GLF5,JATO,41050,NULL,2017,ESTADOS UNIDOS,2
PHBHM,AVIÃO,BOEING,B787-900,B789,JATO,252650,0,2017,HOLANDA,2
PHBVN,AVIÃO,BOEING,777-306ER,B77W,JATO,0,0,2015,HOLANDA,2
PHCKC,AVIÃO,BOEING,B747-406F,B744,JATO,410000,0,2004,HOLANDA,2
PNP503,HELICÓPTERO,MIL,Mi-17-1B HIP,ZZZZ,DESCONHECIDO,0,0,0,PERU,2
PPAAO,AVIÃO,HAWKER BEECHCRAFT,400A,BE40,JATO,7394,NULL,NULL,BRASIL,2
PPACF,AVIÃO,PIPER AIRCRAFT,PA-34-220T,PA34,PISTÃO,2155,6,2013,BRASIL,2
PPADD,AVIÃO,CESSNA AIRCRAFT,560XL,C56X,JATO,9163,11,2009,BRASIL,2
PPADV,AVIÃO,EMBRAER,ERJ 190-100 IGW,E190,JATO,51800,86,2012,BRASIL,2
PPADZ,AVIÃO,GULFSTREAM,GVI,GLF6,JATO,46992,20,2016,BRASIL,2
PPAFM,AVIÃO,EMBRAER,EMB-500,E50P,JATO,4750,6,2009,BRASIL,2
PPAGO,AVIÃO,TEXTRON AVIATION,B300,B350,TURBOÉLICE,6804,NULL,2024,BRASIL,2
PPAJV,AVIÃO,BEECH AIRCRAFT,C90A,BE9L,TURBOÉLICE,4763,8,2001,BRASIL,2
PPALS,HELICÓPTERO,EUROCOPTER FRANCE,EC 155 B1,EC55,TURBOEIXO,4920,10,2009,BRASIL,2
PPAML,AVIÃO,RAYTHEON AIRCRAFT,400A,BE40,JATO,7303,10,2004,BRASIL,2
PPARG,AVIÃO,HAWKER BEECHCRAFT,HAWKER 900XP,H25B,JATO,12701,11,2008,BRASIL,2
PPART,AVIÃO,PIPER AIRCRAFT,PA-34-220T,PA34,PISTÃO,2155,6,0,BRASIL,2
PPASD,AVIÃO,BEECH AIRCRAFT,C90A,BE9L,TURBOÉLICE,4581,8,2000,BRASIL,2
PPASV,AVIÃO,LEARJET,45 (LEARJET 40),LJ40,JATO,9525,9,2004,BRASIL,2
PPATT,AVIÃO,CESSNA AIRCRAFT,402B,C402,PISTÃO,2858,8,1974,BRASIL,2
PPATV,AVIÃO,AEROSPATIALE AND ALENIA,ATR-42-300,AT43,TURBOÉLICE,16900,53,1993,BRASIL,2
PPAZN,AVIÃO,PIPER AIRCRAFT,PA-31T2,PAY2,TURBOÉLICE,4297,8,0,BRASIL,2
PPBBD,HELICÓPTERO,AGUSTA,AW109SP,A109,TURBOEIXO,3175,8,2011,BRASIL,2
PPBBV,AVIÃO,LEARJET,31A,LJ31,JATO,7031,10,1995,BRASIL,2
PPBCC,AVIÃO,DIAMOND,DA 42 NG,DA42,PISTÃO,1900,4,2010,BRASIL,2
PPBCH,AVIÃO,BEECH AIRCRAFT,58,BE58,PISTÃO,2495,6,1993,BRASIL,2
PPBEB,HELICÓPTERO,AGUSTA,AW109SP,A109,TURBOEIXO,3175,8,2012,BRASIL,2
PPBGG,AVIÃO,EMBRAER,EMB-500,E50P,JATO,4750,7,2011,BRASIL,2
PPBIE,AVIÃO,PIPER AIRCRAFT,PA-34-200T,PA34,PISTÃO,2073,6,1979,BRASIL,2
PPBIO,AVIÃO,EMBRAER,EMB-500,E50P,JATO,4750,6,2011,BRASIL,2
PPBLA,HELICÓPTERO,BELL HELICOPTER,429,B429,TURBOEIXO,3402,8,2013,BRASIL,2
PPBLK,AVIÃO,TEXTRON AVIATION,B200GT,BE20,TURBOÉLICE,5670,10,2018,BRASIL,2
PPBPM,AVIÃO,PIPER AIRCRAFT,PA-34-220T,PA34,PISTÃO,2155,6,2009,BRASIL,2
PPBPP,AVIÃO,PIPER AIRCRAFT,PA-34-220T,PA34,PISTÃO,2155,6,2001,BRASIL,2
PPBPS,AVIÃO,EMBRAER,EMB-505,E55P,JATO,8150,11,2013,BRASIL,2
PPBRV,AVIÃO,PIPER AIRCRAFT,PA-42,PAY3,TURBOÉLICE,5080,11,1981,BRASIL,2
PPBSP,AVIÃO,CESSNA AIRCRAFT,525,C525,JATO,4717,7,1994,BRASIL,2
PPBSS,AVIÃO,HAWKER BEECHCRAFT,C90GT,BE9L,TURBOÉLICE,4581,8,2007,BRASIL,2
PPBST,AVIÃO,CESSNA AIRCRAFT,680,C680,JATO,13744,11,2008,BRASIL,2
PPBSV,AVIÃO,PIPER AIRCRAFT,PA-34-220T,PA34,PISTÃO,2155,6,2013,BRASIL,2
PPBVA,HELICÓPTERO,AGUSTA,AW109SP,A109,TURBOEIXO,3175,8,2011,BRASIL,2
PPCGR,HELICÓPTERO,AGUSTA,A109S,A109,TURBOEIXO,3175,8,2010,BRASIL,2
PPCHC,AVIÃO,BEECH AIRCRAFT,58,BE58,PISTÃO,2495,6,1993,BRASIL,2
PPCJM,AVIÃO,RAYTHEON AIRCRAFT,400A,BE40,JATO,7303,NULL,1999,BRASIL,2
PPCJN,AVIÃO,BOEING COMPANY,737-2C3,B732,JATO,52390,117,1974,BRASIL,2
PPCML,AVIÃO,CESSNA AIRCRAFT,525A,C25A,JATO,5613,10,2002,BRASIL,2
PPCMM,AVIÃO,BEECH AIRCRAFT,F90,BE9T,TURBOÉLICE,4967,8,1983,BRASIL,2
PPCOB,AVIÃO,PIPER AIRCRAFT,PA-34-220T,PA34,PISTÃO,2155,6,2009,BRASIL,2
PPCOR,AVIÃO,EMBRAER,EMB-500,E50P,JATO,4750,7,2011,BRASIL,2
PPCPD,HELICÓPTERO,BELL HELICOPTER,429,B429,TURBOEIXO,3402,8,2012,BRASIL,2
PPCPN,AVIÃO,LEARJET,45,LJ45,JATO,9752,11,2000,BRASIL,2
PPCRM,HELICÓPTERO,AGUSTA,A109E,A109,TURBOEIXO,3000,8,2010,BRASIL,2
PPCRR,AVIÃO,PIPER AIRCRAFT,PA-34-200T,PA34,PISTÃO,2073,6,0,BRASIL,2
PPCRS,AVIÃO,CESSNA AIRCRAFT,525,C525,JATO,4717,8,1999,BRASIL,2
PPCTA,AVIÃO,LEARJET,31A,LJ31,JATO,7031,10,1999,BRASIL,2
PPCTC,AVIÃO,EMBRAER,EMB-500,E50P,JATO,4750,6,2009,BRASIL,2
PPCTS,AVIÃO,EMBRAER,EMB-505,E55P,JATO,8150,10,NULL,BRASIL,2
PPCTU,AVIÃO,CESSNA AIRCRAFT,560XL,C56X,JATO,9072,11,2008,BRASIL,2
PPDDR,AVIÃO,HAWKER BEECHCRAFT,400A,BE40,JATO,7394,10,1997,BRASIL,2
PPDLA,AVIÃO,PIAGGIO AERO INDUSTRIES,P.180,P180,TURBOÉLICE,5489,10,2012,BRASIL,2
PPDLD,AVIÃO,HAWKER BEECHCRAFT,G58,BE58,PISTÃO,2495,6,2010,BRASIL,2
PPDUR,AVIÃO,RAYTHEON AIRCRAFT,G58,BE58,PISTÃO,2495,6,2006,BRASIL,2
PPDYB,AVIÃO,"BOMBARDIER, LEARJET",45 (LEARJET 75),LJ45,JATO,9752,11,2018,BRASIL,2
PPEHU,AVIÃO,EMBRAER,EMB-820C NAVAJO,PA31,PISTÃO,3175,8,1979,BRASIL,2
PPEHX,AVIÃO,EMBRAER,EMB-820C NAVAJO,PA31,PISTÃO,3175,8,1981,BRASIL,2
PPEIB,AVIÃO,EMBRAER,EMB-810D,PA34,PISTÃO,2155,7,1984,BRASIL,2
PPEIF,AVIÃO,CESSNA AIRCRAFT,500,C500,JATO,5375,7,1984,BRASIL,2
PPEIK,AVIÃO,EMBRAER,EMB-810D,PA34,PISTÃO,2155,6,1984,BRASIL,2
PPEIN,AVIÃO,NEIVA,EMB-810D,PA34,PISTÃO,2155,6,1985,BRASIL,2
PPEIX,AVIÃO,EMBRAER,EMB-110P1,E110,TURBOÉLICE,5670,12,1989,BRASIL,2
PPEJB,AVIÃO,EMBRAER,EMB-810D,PA34,PISTÃO,2155,6,1982,BRASIL,2
PPEJG,AVIÃO,BEECH AIRCRAFT,B200,BE20,TURBOÉLICE,5670,10,1991,BRASIL,2
PPEJO,AVIÃO,BEECH AIRCRAFT,300,BE30,TURBOÉLICE,6350,10,1986,BRASIL,2
PPELB,HELICÓPTERO,EUROCOPTER FRANCE,SA 365 N1,AS65,TURBOEIXO,4100,9,1990,BRASIL,2
PPEMO,AVIÃO,EMBRAER,EMB-505,E55P,JATO,8150,8,2013,BRASIL,2
PPEPA,AVIÃO,NEIVA INDUSTRIA AERONAUTICA,EMB-810D,PA34,PISTÃO,2155,6,1987,BRASIL,2
PPEPB,AVIÃO,PIPER AIRCRAFT,PA-42,PAY3,TURBOÉLICE,5080,9,1981,BRASIL,2
PPEPD,AVIÃO,BEECH AIRCRAFT,300,BE30,TURBOÉLICE,6350,10,1986,BRASIL,2
PPEPG,AVIÃO,NEIVA INDUSTRIA AERONAUTICA,EMB-810D,PA34,PISTÃO,2155,6,1997,BRASIL,2
PPEPS,AVIÃO,BEECH AIRCRAFT,C90A,BE9L,TURBOÉLICE,4581,8,1996,BRASIL,2
PPERR,AVIÃO,LEARJET,35,LJ35,JATO,8165,10,1975,BRASIL,2
PPESC,AVIÃO,CESSNA AIRCRAFT,550,C550,JATO,6033,13,1989,BRASIL,2
PPESS,HELICÓPTERO,EUROCOPTER FRANCE,AS 355 N,AS55,TURBOEIXO,2600,6,1999,BRASIL,2
PPESV,AVIÃO,ISRAEL AIRCRAFT,G150,G150,JATO,11839,11,2012,BRASIL,2
PPEUE,AVIÃO,BEECH AIRCRAFT,B90,BE9L,TURBOÉLICE,4377,8,1968,BRASIL,2
PPEVG,AVIÃO,CESSNA AIRCRAFT,510,C510,JATO,3921,6,2008,BRASIL,2
PPFBR,AVIÃO,PIPER AIRCRAFT,PA-34-220T,PA34,PISTÃO,2155,6,2017,BRASIL,2
PPFFY,AVIÃO,EMBRAER,EMB-810C,PA34,PISTÃO,2073,6,1976,BRASIL,2
PPFFZ,AVIÃO,EMBRAER,EMB-810D,PA34,PISTÃO,2155,6,1980,BRASIL,2
PPFMA,AVIÃO,CESSNA AIRCRAFT,650,C650,JATO,9530,10,1986,BRASIL,2
PPFRT,AVIÃO,BEECH AIRCRAFT,95-B55,BE55,PISTÃO,2268,6,NULL,BRASIL,2
PPHPR,AVIÃO,TEXTRON AVIATION,B200GT,BE20,TURBOÉLICE,5670,0,2016,BRASIL,2
PPHSI,AVIÃO,LEARJET,45,LJ45,JATO,9752,11,2003,BRASIL,2
PPIII,HELICÓPTERO,AGUSTA,A109S,A109,TURBOEIXO,3175,8,2007,BRASIL,2
PPIME,AVIÃO,EMBRAER,EMB-500,E50P,JATO,4750,7,2009,BRASIL,2
PPIMP,AVIÃO,CESSNA AIRCRAFT,510,C510,JATO,3921,6,2012,BRASIL,2
PPISA,AVIÃO,EMBRAER,EMB-120ER,E120,TURBOÉLICE,11990,34,1995,BRASIL,2
PPISC,AVIÃO,EMBRAER,EMB-120ER,E120,TURBOÉLICE,11990,34,1995,BRASIL,2
PPISG,AVIÃO,EMBRAER,EMB-120ER,E120,TURBOÉLICE,11990,34,1990,BRASIL,2
PPITU,AVIÃO,EMBRAER,EMB-505,E55P,JATO,8150,9,2011,BRASIL,2
PPIVG,AVIÃO,PIPER AIRCRAFT,PA-34-200,PA34,PISTÃO,1814,6,1972,BRASIL,2
PPJAG,AVIÃO,HAWKER BEECHCRAFT,B200GT,BE20,TURBOÉLICE,5670,9,2009,BRASIL,2
PPJAH,AVIÃO,PIPER AIRCRAFT,PA-34-220T,PA34,PISTÃO,2155,6,2013,BRASIL,2
PPJAN,AVIÃO,PIPER AIRCRAFT,PA-34-220T,PA34,PISTÃO,2155,7,2012,BRASIL,2
PPJAX,AVIÃO,RAYTHEON AIRCRAFT,400A,BE40,JATO,7394,10,0,BRASIL,2
PPJBE,AVIÃO,TWIN COMMANDER,500-S,AC50,PISTÃO,3062,11,1975,BRASIL,2
PPJBL,AVIÃO,BEECH AIRCRAFT,C90,BE9L,TURBOÉLICE,4377,8,1979,BRASIL,2
PPJBP,AVIÃO,HAWKER BEECHCRAFT,C90GTI,BE9L,TURBOÉLICE,4581,8,2008,BRASIL,2
PPJBR,AVIÃO,HAWKER BEECHCRAFT,C90GTI,BE9L,TURBOÉLICE,4755,8,2008,BRASIL,2
PPJCA,AVIÃO,BEECH AIRCRAFT,F90,BE9T,TURBOÉLICE,4967,8,1981,BRASIL,2
PPJEL,AVIÃO,EMBRAER,EMB-500,E50P,JATO,4750,8,2013,BRASIL,2
PPJFB,AVIÃO,HAWKER BEECHCRAFT,C90GTI,BE9L,TURBOÉLICE,4756,8,2013,BRASIL,2
PPJGO,AVIÃO,BEECH AIRCRAFT,58,BE58,PISTÃO,2449,6,1981,BRASIL,2
PPJJB,AVIÃO,EMBRAER,EMB-500,E50P,JATO,4750,6,2011,BRASIL,2
PPJLL,AVIÃO,PIPER AIRCRAFT,PA-34-220T,PA34,PISTÃO,2155,6,2010,BRASIL,2
PPJLM,AVIÃO,HAWKER BEECHCRAFT,B200,BE20,TURBOÉLICE,5670,10,1997,BRASIL,2
PPJLO,AVIÃO,EMBRAER,EMB-135BJ,E135,JATO,22500,17,2009,BRASIL,2
PPJLS,AVIÃO,HAWKER BEECHCRAFT,G58,BE58,PISTÃO,2495,6,2007,BRASIL,2
PPJMA,HELICÓPTERO,AGUSTA,A109E,A109,TURBOEIXO,2850,8,2010,BRASIL,2
PPJRB,AVIÃO,BEECH AIRCRAFT,G58,BE58,PISTÃO,2495,6,2008,BRASIL,2
PPJTA,AVIÃO,BEECH AIRCRAFT,G58,BE58,PISTÃO,2495,6,2006,BRASIL,2
PPJVF,AVIÃO,HAWKER BEECHCRAFT,C90GTI,BE9L,TURBOÉLICE,4756,8,2011,BRASIL,2
PPKGN,AVIÃO,PIPER AIRCRAFT,PA-34-220T,PA34,PISTÃO,2155,6,2008,BRASIL,2
PPKIK,AVIÃO,HAWKER BEECHCRAFT,400,BE40,JATO,7157,10,0,BRASIL,2
PPKKA,AVIÃO,EMBRAER,EMB-500,E50P,JATO,4750,6,2010,BRASIL,2
PPKLU,HELICÓPTERO,AGUSTA,A109E,A109,TURBOEIXO,2850,8,2002,BRASIL,2
PPKPL,AVIÃO,EMBRAER,EMB-500,E50P,JATO,4750,6,2009,BRASIL,2
PPKSL,HELICÓPTERO,BELL HELICOPTER,429,B429,TURBOEIXO,3402,9,NULL,BRASIL,2
PPKST,AVIÃO,HAWKER BEECHCRAFT,G58,BE58,PISTÃO,2495,6,2007,BRASIL,2
PPLAV,AVIÃO,BEECH AIRCRAFT,G58,BE58,PISTÃO,2495,6,2008,BRASIL,2
PPLCB,AVIÃO,BEECH AIRCRAFT,A200,BE20,TURBOÉLICE,5670,7,1979,BRASIL,2
PPLCP,AVIÃO,PIPER AIRCRAFT,PA-34-220T,PA34,PISTÃO,2155,6,2008,BRASIL,2
PPLCQ,AVIÃO,PIPER AIRCRAFT,PA-31T,PAY2,TURBOÉLICE,4082,8,1978,BRASIL,2
PPLFP,AVIÃO,CESSNA AIRCRAFT,510,C510,JATO,3921,NULL,2008,BRASIL,2
PPLFV,AVIÃO,LEARJET,31,LJ31,JATO,7031,NULL,NULL,BRASIL,2
PPLGD,AVIÃO,EMBRAER,EMB-505,E55P,JATO,8150,9,2011,BRASIL,2
PPLGT,AVIÃO,EMBRAER,EMB-500,E50P,JATO,4750,6,2009,BRASIL,2
PPLID,AVIÃO,EMBRAER,EMB-505,E55P,JATO,8340,10,2011,BRASIL,2
PPLIL,AVIÃO,RAYTHEON AIRCRAFT,58,BE58,PISTÃO,2494,4,2000,BRASIL,2
PPLJA,AVIÃO,EMBRAER,EMB-505,E55P,JATO,8340,10,0,BRASIL,2
PPLLS,HELICÓPTERO,EUROCOPTER,EC 155 B1,EC55,TURBOEIXO,4920,10,2010,BRASIL,2
PPLMM,AVIÃO,HAWKER BEECHCRAFT,C90GTI,BE9L,TURBOÉLICE,4581,8,2008,BRASIL,2
PPLNL,AVIÃO,BEECH AIRCRAFT,C90A,BE9L,TURBOÉLICE,4377,8,1996,BRASIL,2
PPLOB,AVIÃO,TWIN COMMANDER,690B,AC90,TURBOÉLICE,4683,10,1976,BRASIL,2
PPLOS,HELICÓPTERO,AGUSTA,AW109SP,A109,TURBOEIXO,3175,8,2011,BRASIL,2
PPLRR,AVIÃO,LEARJET,60,LJ60,JATO,8845,10,2001,BRASIL,2
PPLUX,AVIÃO,PIPER AIRCRAFT,PA-30,PA30,PISTÃO,1633,6,1967,BRASIL,2
PPMAH,HELICÓPTERO,SIKORSKY AIRCRAFT,S-76A,S76,TURBOEIXO,4763,14,1980,BRASIL,2
PPMBA,HELICÓPTERO,SIKORSKY AIRCRAFT,S-76A,S76,TURBOEIXO,4763,14,1980,BRASIL,2
PPMBC,HELICÓPTERO,SIKORSKY AIRCRAFT,S-76A,S76,TURBOEIXO,4763,14,1981,BRASIL,2
PPMBJ,HELICÓPTERO,SIKORSKY AIRCRAFT,S-76A,S76,TURBOEIXO,4763,14,1981,BRASIL,2
PPMBL,HELICÓPTERO,SIKORSKY AIRCRAFT,S-76A,S76,TURBOEIXO,4763,14,1981,BRASIL,2
PPMCB,HELICÓPTERO,AGUSTA,A109E,A109,TURBOEIXO,2850,8,2000,BRASIL,2
PPMDA,AVIÃO,EMBRAER,EMB-505,E55P,JATO,8150,9,2011,BRASIL,2
PPMED,HELICÓPTERO,SIKORSKY AIRCRAFT,S-76A,S76,TURBOEIXO,4763,14,1981,BRASIL,2
PPMEF,HELICÓPTERO,BELL HELICOPTER,212,B212,TURBOEIXO,5080,15,1973,BRASIL,2
PPMEH,HELICÓPTERO,BELL HELICOPTER,222,B222,TURBOEIXO,3561,7,1981,BRASIL,2
PPMEO,AVIÃO,CESSNA AIRCRAFT,525A,C25A,JATO,5670,10,2007,BRASIL,2
PPMEY,AVIÃO,PIPER AIRCRAFT,PA-34-220T,PA34,PISTÃO,2155,6,2004,BRASIL,2
PPMFL,AVIÃO,HAWKER BEECHCRAFT,400A,BE40,JATO,7303,10,2007,BRASIL,2
PPMGR,HELICÓPTERO,BELL HELICOPTER,430,B430,TURBOEIXO,4218,8,2001,BRASIL,2
PPMIS,AVIÃO,CESSNA AIRCRAFT,510,C510,JATO,3921,6,2007,BRASIL,2
PPMIX,AVIÃO,LEARJET,45 (LEARJET 75),LJ45,JATO,9752,11,0,BRASIL,2
PPMKE,HELICÓPTERO,EUROCOPTER FRANCE,AS 365 N2,AS65,TURBOEIXO,4250,13,2003,BRASIL,2
PPMLN,AVIÃO,PIPER AIRCRAFT,PA-34-220T,PA34,PISTÃO,2155,6,1998,BRASIL,2
PPMLP,AVIÃO,BEECH AIRCRAFT,58,BE58,PISTÃO,2449,6,2002,BRASIL,2
PPMLR,HELICÓPTERO,AGUSTA,A109E,A109,TURBOEIXO,2850,8,2002,BRASIL,2
PPMML,HELICÓPTERO,EUROCOPTER,EC 135P2+,EC35,TURBOEIXO,2950,7,2013,BRASIL,2
PPMMX,AVIÃO,LEARJET,45,LJ45,JATO,9752,11,2002,BRASIL,2
PPMNB,AVIÃO,BEECH AIRCRAFT,E55,BE55,PISTÃO,2404,6,1974,BRASIL,2
PPMPB,AVIÃO,EMBRAER,EMB-505,E55P,JATO,8150,11,2013,BRASIL,2
PPMPE,HELICÓPTERO,AGUSTA,A109E,A109,TURBOEIXO,2850,8,2001,BRASIL,2
PPMRV,AVIÃO,EMBRAER,EMB-500,E50P,JATO,4750,7,2009,BRASIL,2
PPMSR,AVIÃO,PIPER AIRCRAFT,PA-34-220T,PA34,PISTÃO,2155,6,2012,BRASIL,2
PPMTJ,AVIÃO,BEECH AIRCRAFT,58,BE58,PISTÃO,2511,6,2000,BRASIL,2
PPMTX,HELICÓPTERO,AGUSTA,A109E,A109,TURBOEIXO,2850,8,2001,BRASIL,2
PPMUK,AVIÃO,TEXTRON AVIATION,525,C525,JATO,4853,8,2019,BRASIL,2
PPMUM,HELICÓPTERO,EUROCOPTER FRANCE,AS 332 L2,NULL,TURBOEIXO,9300,27,2002,BRASIL,2
PPMXM,AVIÃO,DASSAULT,FALCON 2000EX,F2TH,JATO,19414,13,2012,BRASIL,2
PPMZZ,HELICÓPTERO,EUROCOPTER DEUTSCHLAND,EC 135T1,EC35,TURBOEIXO,2835,7,1998,BRASIL,2
PPNEH,AVIÃO,CESSNA AIRCRAFT,550,C550,JATO,6033,13,1993,BRASIL,2
PPNEO,HELICÓPTERO,BELL HELICOPTER,429,B429,TURBOEIXO,3402,7,2017,BRASIL,2
PPNIV,AVIÃO,EMBRAER,EMB-500,E50P,JATO,4750,7,2011,BRASIL,2
PPNJS,AVIÃO,EMBRAER,EMB-500,E50P,JATO,4855,NULL,2017,BRASIL,2
PPNLR,AVIÃO,EMBRAER,EMB-135BJ,E135,JATO,24300,17,2012,BRASIL,2
PPNLX,HELICÓPTERO,AGUSTA,AB139,A139,TURBOEIXO,6800,17,2006,BRASIL,2
PPNMM,AVIÃO,EMBRAER,EMB-505,E55P,JATO,8150,10,2012,BRASIL,2
PPNNN,AVIÃO,CESSNA AIRCRAFT,510,C510,JATO,3921,6,2007,BRASIL,2
PPNPC,AVIÃO,CESSNA AIRCRAFT,650,C650,JATO,9530,9,1984,BRASIL,2
PPNPT,AVIÃO,PIPER AIRCRAFT,PA-31T1,PAY1,TURBOÉLICE,3946,6,1980,BRASIL,2
PPNYM,HELICÓPTERO,EUROCOPTER,EC 155 B1,EC55,TURBOEIXO,4920,10,2008,BRASIL,2
PPOEG,AVIÃO,CESSNA AIRCRAFT,525,C525,JATO,4717,NULL,NULL,BRASIL,2
PPOGX,AVIÃO,EMBRAER,EMB-505,E55P,JATO,8150,8,2011,BRASIL,2
PPOLE,AVIÃO,RAYTHEON AIRCRAFT,58,BE58,PISTÃO,2495,6,2006,BRASIL,2
PPOLY,AVIÃO,EMBRAER,EMB-500,E50P,JATO,4750,7,2012,BRASIL,2
PPONE,AVIÃO,LEARJET,60,LJ60,JATO,10660,9,0,BRASIL,2
PPOVD,AVIÃO,EMBRAER,EMB-505,E55P,JATO,8150,10,2011,BRASIL,2
PPPIM,AVIÃO,CESSNA AIRCRAFT,525,C525,JATO,4808,0,2005,BRASIL,2
PPPJB,AVIÃO,EMBRAER,ERJ 170-200 LR,E170,JATO,38790,93,2009,BRASIL,2
PPPJC,AVIÃO,EMBRAER,ERJ 170-200 LR,E170,JATO,38790,93,2009,BRASIL,2
PPPJD,AVIÃO,EMBRAER,ERJ 170-200 LR,E170,JATO,38790,92,2006,BRASIL,2
PPPJE,AVIÃO,EMBRAER,ERJ 170-200 LR,E170,JATO,38790,93,2009,BRASIL,2
PPPJG,AVIÃO,EMBRAER,ERJ 170-200 LR,E170,JATO,38790,92,2006,BRASIL,2
PPPJI,AVIÃO,EMBRAER,ERJ 170-200 LR,E170,JATO,38790,92,2006,BRASIL,2
PPPJJ,AVIÃO,EMBRAER,ERJ 190-100 LR,E190,JATO,50300,106,2008,BRASIL,2
PPPJL,AVIÃO,EMBRAER,ERJ 190-100 LR,E190,JATO,50300,106,2008,BRASIL,2
PPPJM,AVIÃO,EMBRAER,ERJ 190-100 LR,E190,TURBOEIXO,50300,113,2011,BRASIL,2
PPPJN,AVIÃO,EMBRAER,ERJ 190-100 LR,E190,JATO,50300,112,2011,BRASIL,2
PPPJP,AVIÃO,EMBRAER,ERJ 190-100 LR,E190,JATO,50300,113,2011,BRASIL,2
PPPJQ,AVIÃO,EMBRAER,ERJ 190-100 LR,E190,JATO,50300,113,2011,BRASIL,2
PPPJR,AVIÃO,EMBRAER,ERJ 190-100 LR,E190,JATO,50300,113,2011,BRASIL,2
PPPJT,AVIÃO,EMBRAER,ERJ 190-100 LR,E190,JATO,50300,113,2011,BRASIL,2
PPPJU,AVIÃO,EMBRAER,ERJ 190-100 LR,E190,JATO,50300,113,2012,BRASIL,2
PPPJV,AVIÃO,EMBRAER,ERJ 190-100 LR,E190,JATO,50300,113,2012,BRASIL,2
PPPLE,AVIÃO,BEECH AIRCRAFT,58,BE58,PISTÃO,2449,6,1978,BRASIL,2
PPPOD,AVIÃO,HAWKER BEECHCRAFT,C90GTI,BE9L,TURBOÉLICE,4756,8,2010,BRASIL,2
PPPRV,AVIÃO,CESSNA AIRCRAFT,510,C510,JATO,3921,6,2009,BRASIL,2
PPPSA,AVIÃO,EMBRAER,EMB-120ER,E120,TURBOÉLICE,11990,34,1995,BRASIL,2
PPPSB,AVIÃO,EMBRAER,EMB-120ER,E120,TURBOÉLICE,11990,34,1995,BRASIL,2
PPPSD,AVIÃO,AIRBUS INDUSTRIE,A310-322,A310,JATO,153000,275,1987,BRASIL,2
PPPTA,AVIÃO,EMBRAER,EMB-120ER,E120,TURBOÉLICE,11990,34,1987,BRASIL,2
PPPTB,AVIÃO,EMBRAER,EMB-120ER,E120,TURBOÉLICE,11990,34,1988,BRASIL,2
PPPTC,AVIÃO,AEROSPATIALE AND ALENIA,ATR-42-300,AT43,TURBOÉLICE,16700,50,1986,BRASIL,2
PPPTD,AVIÃO,AEROSPATIALE AND ALENIA,ATR-42-320,AT43,TURBOÉLICE,16900,50,1988,BRASIL,2
PPPTF,AVIÃO,AEROSPATIALE AND ALENIA,ATR-42-320,AT43,TURBOÉLICE,16900,50,1988,BRASIL,2
PPPTG,AVIÃO,AEROSPATIALE AND ALENIA,ATR-42-320,AT43,TURBOÉLICE,16900,50,1989,BRASIL,2
PPPTH,AVIÃO,AEROSPATIALE AND ALENIA,ATR-72-202,AT72,TURBOÉLICE,22000,71,1993,BRASIL,2
PPPTI,AVIÃO,AEROSPATIALE AND ALENIA,ATR-42-320,AT43,TURBOÉLICE,16900,50,1994,BRASIL,2
PPPTJ,AVIÃO,AEROSPATIALE AND ALENIA,ATR-42-320,AT43,TURBOÉLICE,16700,50,1991,BRASIL,2
PPPTK,AVIÃO,AEROSPATIALE AND ALENIA,ATR-72-202,AT72,TURBOÉLICE,21500,73,1993,BRASIL,2
PPPTL,AVIÃO,AEROSPATIALE AND ALENIA,ATR-72-212A,AT72,TURBOÉLICE,22500,73,2008,BRASIL,2
PPPTM,AVIÃO,ATR - GIE AVIONS DE TRANSPORT RÉGIONAL,ATR-72-212A,AT72,TURBOÉLICE,22500,73,2008,BRASIL,2
PPPTN,AVIÃO,ATR - GIE AVIONS DE TRANSPORT RÉGIONAL,ATR-72-212A,AT72,TURBOÉLICE,22500,73,2008,BRASIL,2
PPPTO,AVIÃO,ATR - GIE AVIONS DE TRANSPORT RÉGIONAL,ATR-72-212A,AT72,TURBOÉLICE,22500,73,2008,BRASIL,2
PPPTP,AVIÃO,ATR - GIE AVIONS DE TRANSPORT RÉGIONAL,ATR-72-212A,AT72,TURBOÉLICE,22500,73,2009,BRASIL,2
PPPTQ,AVIÃO,ATR - GIE AVIONS DE TRANSPORT RÉGIONAL,ATR-72-212A,AT72,TURBOÉLICE,22500,73,2009,BRASIL,2
PPPTR,AVIÃO,AEROSPATIALE AND ALENIA,ATR-72-212A,AT72,TURBOÉLICE,22500,73,2010,BRASIL,2
PPPTT,AVIÃO,AEROSPATIALE AND ALENIA,ATR-72-212A,AT72,TURBOÉLICE,22500,73,2010,BRASIL,2
PPPTU,AVIÃO,ATR - GIE AVIONS DE TRANSPORT RÉGIONAL,ATR-72-212A,AT72,TURBOÉLICE,22500,73,2010,BRASIL,2
PPPTV,AVIÃO,ATR - GIE AVIONS DE TRANSPORT RÉGIONAL,ATR-42-500,AT45,TURBOÉLICE,18600,52,1996,BRASIL,2
PPPTW,AVIÃO,AEROSPATIALE AND ALENIA,ATR-42-500,AT45,TURBOÉLICE,18600,52,1996,BRASIL,2
PPPTX,AVIÃO,ATR - GIE AVIONS DE TRANSPORT RÉGIONAL,ATR-72-212A,AT72,TURBOÉLICE,22500,73,2001,BRASIL,2
PPPTY,AVIÃO,ATR - GIE AVIONS DE TRANSPORT RÉGIONAL,ATR-72-212A,AT72,TURBOÉLICE,22500,73,2010,BRASIL,2
PPPTZ,AVIÃO,ATR - GIE AVIONS DE TRANSPORT RÉGIONAL,ATR-72-212A,AT72,TURBOÉLICE,22500,73,2010,BRASIL,2
PPPVS,AVIÃO,BOMBARDIER,CL-600-2B16,CL60,JATO,21863,0,2002,BRASIL,2
PPRAA,AVIÃO,CESSNA AIRCRAFT,560XL,C56X,JATO,9072,11,1999,BRASIL,2
PPRCA,AVIÃO,CESSNA AIRCRAFT,525B,C25B,JATO,6291,10,2008,BRASIL,2
PPRGL,AVIÃO,CESSNA AIRCRAFT,510,C510,JATO,3921,6,2009,BRASIL,2
PPRST,AVIÃO,CESSNA AIRCRAFT,560XL,C56X,JATO,9072,9,2005,BRASIL,2
PPSAF,HELICÓPTERO,AGUSTA,A109E,A109,TURBOEIXO,3000,8,2009,BRASIL,2
PPSAL,AVIÃO,RAYTHEON AIRCRAFT,G58,BE58,PISTÃO,2495,NULL,NULL,BRASIL,2
PPSAX,HELICÓPTERO,AGUSTA,A109E,A109,TURBOEIXO,2850,8,2011,BRASIL,2
PPSBG,AVIÃO,EMBRAER,EMB-110,E110,TURBOÉLICE,5600,14,0,BRASIL,2
PPSCC,AVIÃO,HAWKER BEECHCRAFT,B300,B350,TURBOÉLICE,6804,11,2010,BRASIL,2
PPSCE,AVIÃO,LEARJET,45,LJ45,JATO,9752,11,2008,BRASIL,2
PPSCF,AVIÃO,BEECH AIRCRAFT,C90,BE9L,TURBOÉLICE,4377,8,1979,BRASIL,2
PPSEC,AVIÃO,TWIN COMMANDER,500-S,AC50,PISTÃO,3062,8,1972,BRASIL,2
PPSES,HELICÓPTERO,EUROCOPTER,AS 355 NP,AS55,TURBOEIXO,2600,6,2012,BRASIL,2
PPSEU,AVIÃO,PIPER AIRCRAFT,PA-34-220T,PA34,PISTÃO,2155,5,1998,BRASIL,2
PPSFL,AVIÃO,BOEING COMPANY,737-3S3,B733,JATO,62142,151,0,BRASIL,2
PPSIA,AVIÃO,PIPER AIRCRAFT,PA-34-220T,PA34,PISTÃO,2155,NULL,NULL,BRASIL,2
PPSMS,AVIÃO,BOEING COMPANY,737-214,B732,JATO,49441,116,1969,BRASIL,2
PPSMT,AVIÃO,BOEING COMPANY,737-214,B732,JATO,49441,117,1969,BRASIL,2
PPSMW,AVIÃO,BOEING COMPANY,737-2H4C,B732,JATO,49441,4,1974,BRASIL,2
PPSMZ,AVIÃO,BOEING COMPANY,737-2A1,B732,JATO,49441,115,1974,BRASIL,2
PPSNA,AVIÃO,BOEING COMPANY,737-2A1,B732,JATO,49441,116,1975,BRASIL,2
PPSNL,AVIÃO,AIRBUS INDUSTRIE,A300-B2-203,A30B,JATO,142000,348,1982,BRASIL,2
PPSNM,AVIÃO,AIRBUS INDUSTRIE,A300-B2-203,A30B,JATO,142000,348,1982,BRASIL,2
PPSPF,AVIÃO,BOEING COMPANY,737-2L7C,B732,JATO,53070,116,1975,BRASIL,2
PPSPI,AVIÃO,BOEING COMPANY,737-2Q3,B732,JATO,49441,116,1978,BRASIL,2
PPSPJ,AVIÃO,BOEING COMPANY,737-2M9,B732,JATO,52390,121,0,BRASIL,2
PPSSS,AVIÃO,PIPER AIRCRAFT,PA-34-220T,PA34,PISTÃO,2155,6,2006,BRASIL,2
PPSUP,AVIÃO,PIPER AIRCRAFT,PA-34-220T,PA34,PISTÃO,2155,NULL,1997,BRASIL,2
PPSZN,AVIÃO,HAWKER BEECHCRAFT,C90GTI,BE9L,TURBOÉLICE,4756,8,2008,BRASIL,2
PPUBM,HELICÓPTERO,LEONARDO S.P.A,AW169,A169,TURBOEIXO,4800,12,0,BRASIL,2
PPUGS,HELICÓPTERO,AGUSTA,A109S,A109,TURBOEIXO,3175,8,2009,BRASIL,2
PPVDP,AVIÃO,EMBRAER,EMB-500,E50P,JATO,4750,6,2010,BRASIL,2
PPVDR,AVIÃO,BOMBARDIER,BD-700-1A10,GLEX,JATO,45132,19,2008,BRASIL,2
PPVEN,HELICÓPTERO,AGUSTA,AW109SP,A109,TURBOEIXO,3175,NULL,NULL,BRASIL,2
PPVER,AVIÃO,BEECH AIRCRAFT,58,BE58,PISTÃO,2449,NULL,NULL,BRASIL,2
PPVFV,AVIÃO,EMBRAER,EMB-505,E55P,JATO,8340,11,2015,BRASIL,2
PPVID,AVIÃO,PIPER AIRCRAFT,PA-34-220T,PA34,PISTÃO,2155,6,2013,BRASIL,2
PPVME,AVIÃO,BOEING COMPANY,737-241,B732,JATO,52390,127,1974,BRASIL,2
PPVMF,AVIÃO,BOEING COMPANY,737-241,B732,JATO,52390,138,0,BRASIL,2
PPVMG,AVIÃO,BOEING COMPANY,737-241,B732,JATO,52390,121,1974,BRASIL,2
PPVMH,AVIÃO,BOEING COMPANY,737-241,B732,JATO,52390,121,0,BRASIL,2
PPVMI,AVIÃO,BOEING COMPANY,737-241,B732,JATO,52390,138,1975,BRASIL,2
PPVMM,AVIÃO,BOEING COMPANY,737-241,B732,JATO,52389,117,1975,BRASIL,2
PPVNT,AVIÃO,BOEING COMPANY,737-33A,B733,JATO,61235,140,1987,BRASIL,2
PPVNX,AVIÃO,BOEING COMPANY,737-33A,B733,JATO,61235,144,1987,BRASIL,2
PPVNZ,AVIÃO,BOEING COMPANY,737-3K9,B733,JATO,61234,144,1990,BRASIL,2
PPVOH,AVIÃO,BOEING COMPANY,737-341,B733,JATO,61235,151,1989,BRASIL,2
PPVOI,AVIÃO,BOEING COMPANY,767-341,B763,JATO,181436,234,1989,BRASIL,2
PPVOJ,AVIÃO,BOEING COMPANY,767-341,B763,JATO,181436,234,1990,BRASIL,2
PPVON,AVIÃO,BOEING COMPANY,737-341,B733,JATO,61235,151,0,BRASIL,2
PPVOR,AVIÃO,BOEING COMPANY,737-33A,B733,JATO,61234,144,1989,BRASIL,2
PPVOT,AVIÃO,BOEING COMPANY,737-341,B733,JATO,61235,143,1991,BRASIL,2
PPVOY,AVIÃO,BOEING COMPANY,737-3K9,B733,JATO,61234,144,1991,BRASIL,2
PPVOZ,AVIÃO,BOEING COMPANY,737-3K9,B733,JATO,61234,144,1991,BRASIL,2
PPVPA,AVIÃO,BOEING COMPANY,737-341,B733,JATO,61234,140,0,BRASIL,2
PPVPB,AVIÃO,BOEING COMPANY,737-341,B733,JATO,61235,144,1992,BRASIL,2
PPVQA,AVIÃO,BOEING COMPANY,737-76N,B737,JATO,69399,155,1998,BRASIL,2
PPVQN,AVIÃO,BOEING COMPANY,737-33A,B733,JATO,61235,144,1989,BRASIL,2
PPVSM,AVIÃO,BEECH AIRCRAFT,58,BE58,PISTÃO,2495,6,2000,BRASIL,2
PPVTA,AVIÃO,BOEING COMPANY,737-3K9,B733,JATO,61235,144,1987,BRASIL,2
PPVTW,AVIÃO,BOEING COMPANY,737-382,B733,JATO,62822,146,1989,BRASIL,2
PPVYV,AVIÃO,CESSNA AIRCRAFT,560XL,C56X,JATO,9163,11,2009,BRASIL,2
PPWCA,AVIÃO,BEECH AIRCRAFT,C90,BE9L,TURBOÉLICE,4377,8,2002,BRASIL,2
PPWEB,AVIÃO,CESSNA AIRCRAFT,510,C510,JATO,3921,6,2012,BRASIL,2
PPWGS,AVIÃO,CESSNA AIRCRAFT,510,C510,JATO,3921,6,2008,BRASIL,2
PPWIN,AVIÃO,LEARJET,60,LJ60,JATO,10660,10,1999,BRASIL,2
PPWJB,AVIÃO,GULFSTREAM AEROSPACE,G-IV,GLF4,JATO,33203,14,1998,BRASIL,2
PPWLL,AVIÃO,HAWKER BEECHCRAFT,C90GT,BE9L,TURBOÉLICE,4763,8,2007,BRASIL,2
PPWMA,AVIÃO,CESSNA AIRCRAFT,525C,C25C,JATO,7688,10,2012,BRASIL,2
PPWRS,AVIÃO,PIPER AIRCRAFT,PA-34-220T,PA34,PISTÃO,2155,7,1981,BRASIL,2
PPWRV,AVIÃO,RAYTHEON AIRCRAFT,400A,BE40,JATO,7303,10,1999,BRASIL,2
PPWSA,AVIÃO,BOEING COMPANY,737-4Q8,B734,JATO,68038,5,1994,BRASIL,2
PPXOQ,AVIÃO,NULL,EMB-500,ZZZZ,JATO,4750,6,2009,BRASIL,2
PPYBA,AVIÃO,BOEING COMPANY,737-4K5,B734,JATO,68000,6,0,BRASIL,2
PPYBB,NULL,BOEING,737-4Q8,B734,JATO,68038,0,1994,BRASIL,2
PPYBC,AVIÃO,BOEING COMPANY,737-3L9,B733,JATO,63276,8,1988,BRASIL,2
PPYBD,AVIÃO,BOEING,737-3Y0,B733,JATO,63276,0,1989,BRASIL,2
PPYBE,AVIÃO,BOEING COMPANY,737-8AS,B738,JATO,79015,8,2003,BRASIL,2
PPYBF,AVIÃO,BOEING COMPANY,737-8AS,B738,JATO,79015,8,2004,BRASIL,2
PPYOF,AVIÃO,CESSNA AIRCRAFT,525,C525,JATO,4717,7,2000,BRASIL,2
PPYSF,HELICÓPTERO,EUROCOPTER FRANCE,AS 365 N3,AS65,TURBOEIXO,4300,9,2013,BRASIL,2
PRAAA,AVIÃO,CESSNA AIRCRAFT,560XL,C56X,JATO,9072,11,2000,BRASIL,2
PRAAD,AVIÃO,PIPER AIRCRAFT,PA-23-250,PA27,PISTÃO,2359,4,1968,BRASIL,2
PRABB,AVIÃO,BOEING,767-316F,B763,JATO,186880,6,1999,BRASIL,2
PRABD,AVIÃO,BOEING,767-316F,B763,JATO,186880,6,2005,BRASIL,2
PRABK,AVIÃO,RAYTHEON AIRCRAFT,58,BE58,PISTÃO,2495,6,1999,BRASIL,2
PRABV,AVIÃO,CESSNA AIRCRAFT,525,C525,JATO,4808,7,2001,BRASIL,2
PRACG,AVIÃO,BOEING COMPANY,767-316F,B763,JATO,186880,6,2000,BRASIL,2
PRACO,AVIÃO,BOEING,767-346F,B763,JATO,186880,6,NULL,BRASIL,2
PRACR,AVIÃO,PIPER AIRCRAFT,PA-34-220T,PA34,PISTÃO,2155,6,2001,BRASIL,2
PRADA,HELICÓPTERO,EUROCOPTER,AS 355 N,AS55,TURBOEIXO,2600,6,1998,BRASIL,2
PRADF,AVIÃO,BEECH AIRCRAFT,58,BE58,PISTÃO,2495,6,1997,BRASIL,2
PRADJ,HELICÓPTERO,AGUSTA,AW109SP,A109,TURBOEIXO,3175,8,2011,BRASIL,2
PRADL,AVIÃO,CESSNA AIRCRAFT,525B,C25B,JATO,6291,10,2008,BRASIL,2
PRADW,AVIÃO,HAWKER BEECHCRAFT,C90GTI,BE9L,TURBOÉLICE,4581,7,2008,BRASIL,2
PRAEL,HELICÓPTERO,SIKORSKY AIRCRAFT,S-61N,S61,TURBOEIXO,9299,21,1978,BRASIL,2
PRAEX,AVIÃO,HAWKER BEECHCRAFT,400A,BE40,JATO,7245,10,1993,BRASIL,2
PRAFA,AVIÃO,CESSNA AIRCRAFT,560XLS+,C56X,JATO,9163,14,2010,BRASIL,2
PRAFB,AVIÃO,BEECH AIRCRAFT,58,BE58,PISTÃO,2495,6,2002,BRASIL,2
PRAGF,AVIÃO,BEECH AIRCRAFT,G58,BE58,PISTÃO,2495,6,2006,BRASIL,2
PRAGU,HELICÓPTERO,AGUSTA,A109E,A109,TURBOEIXO,3000,8,2009,BRASIL,2
PRAHV,HELICÓPTERO,AGUSTA,A109S,A109,TURBOEIXO,3175,8,2009,BRASIL,2
PRAHW,AVIÃO,HAWKER BEECHCRAFT,G58,BE58,PISTÃO,2495,6,2012,BRASIL,2
PRAIN,AVIÃO,AIRBUS S.A.S.,A330-243,A332,JATO,233000,NULL,2009,BRASIL,2
PRAIT,AVIÃO,AIRBUS,A330-243,A332,JATO,230000,278,NULL,BRASIL,2
PRAIU,AVIÃO,AIRBUS,A330-243,A330,JATO,233000,287,2002,BRASIL,2
PRAIV,AVIÃO,AIRBUS INDUSTRIE,A330-243,A332,JATO,230000,272,2003,BRASIL,2
PRAIW,AVIÃO,AIRBUS,A330-243,A332,JATO,230000,284,2002,BRASIL,2
PRAIY,AVIÃO,AIRBUS,A330-243,A332,JATO,233000,NULL,NULL,BRASIL,2
PRAIZ,AVIÃO,AIRBUS,A330-243,A332,JATO,230000,288,2014,BRASIL,2
PRAJB,AVIÃO,AIRBUS INDUSTRIE,A320-214,A320,JATO,77000,184,NULL,BRASIL,2
PRAJE,AVIÃO,AIRBUS S.A.S.,A320-214,A320,JATO,78000,172,NULL,BRASIL,2
PRAJY,AVIÃO,BOEING,737-48E,737,JATO,65090,192,NULL,BRASIL,2
PRAJZ,NULL,BOEING,737-48E,B734,JATO,65090,NULL,NULL,BRASIL,2
PRAKA,AVIÃO,ATR - GIE AVIONS DE TRANSPORT RÉGIONAL,ATR-72-212A,AT72,TURBOÉLICE,23000,0,2015,BRASIL,2
PRAKB,AVIÃO,ATR - GIE AVIONS DE TRANSPORT RÉGIONAL,ATR-72-212A,AT72,TURBOÉLICE,23000,75,0,BRASIL,2
PRAKC,AVIÃO,ATR - GIE AVIONS DE TRANSPORT RÉGIONAL,ATR-72-212A,AT72,TURBOÉLICE,23000,77,2015,BRASIL,2
PRAKD,AVIÃO,ATR - GIE AVIONS DE TRANSPORT RÉGIONAL,ATR-72-212A,AT72,TURBOÉLICE,23000,75,0,BRASIL,2
PRAKF,AVIÃO,ATR - GIE AVIONS DE TRANSPORT RÉGIONAL,ATR-72-212A,AT73,TURBOÉLICE,23000,75,0,BRASIL,2
PRAKG,NULL,ATR - GIE AVIONS DE TRANSPORT RÉGIONAL,ATR-72-212A (600),AT76,TURBOÉLICE,22000,76,2015,BRASIL,2
PRAKI,AVIÃO,ATR - GIE AVIONS DE TRANSPORT RÉGIONAL,ATR-72-212A (600),AT76,TURBOÉLICE,23000,76,2016,BRASIL,2
PRAKJ,AVIÃO,ATR - GIE AVIONS DE TRANSPORT RÉGIONAL,ATR-72-212A (600),AT76,TURBOÉLICE,22000,0,2016,BRASIL,2
PRAKK,AVIÃO,PIPER AIRCRAFT,PA-34-220T,PA34,PISTÃO,2155,7,2010,BRASIL,2
PRAKL,AVIÃO,ATR - GIE AVIONS DE TRANSPORT RÉGIONAL,ATR-72-212A (600),AT76,TURBOÉLICE,22000,0,2017,BRASIL,2
PRAKM,AVIÃO,ATR - GIE AVIONS DE TRANSPORT RÉGIONAL,ATR-72-212A (600),AT76,TURBOÉLICE,23000,77,2021,BRASIL,2
PRAKN,AVIÃO,ATR - GIE AVIONS DE TRANSPORT RÉGIONAL,ATR-72-212A (600),AT76,TURBOÉLICE,22000,0,2021,BRASIL,2
PRALC,AVIÃO,CESSNA AIRCRAFT,525B,C25B,JATO,6291,10,2006,BRASIL,2
PRALU,AVIÃO,EMBRAER,EMB-505,E55P,JATO,8150,9,2010,BRASIL,2
PRALY,AVIÃO,HAWKER BEECHCRAFT,400A,BE40,JATO,7303,10,1991,BRASIL,2
PRANP,AVIÃO,CESSNA AIRCRAFT,560,C560,JATO,9163,11,2007,BRASIL,2
PRANV,AVIÃO,AIRBUS,A330-941,A339,JATO,242000,314,2022,BRASIL,2
PRANW,AVIÃO,AIRBUS S.A.S.,A330-941,A339,JATO,242000,314,2020,BRASIL,2
PRANY,AVIÃO,AIRBUS,A330-941,A339,JATO,242000,0,2019,BRASIL,2
PRAOY,AVIÃO,AIRBUS,A350-941,A359,JATO,275000,0,2017,BRASIL,2
PRAQA,AVIÃO,ATR - GIE AVIONS DE TRANSPORT RÉGIONAL,ATR-72-212A,AT72,TURBOÉLICE,23000,75,2012,BRASIL,2
PRAQB,AVIÃO,ATR - GIE AVIONS DE TRANSPORT RÉGIONAL,ATR-72-212A,AT72,TURBOÉLICE,23000,73,2012,BRASIL,2
PRAQC,AVIÃO,AEROSPATIALE AND ALENIA,ATR-72-212A,AT72,TURBOÉLICE,23000,75,2012,BRASIL,2
PRAQD,AVIÃO,AEROSPATIALE AND ALENIA,ATR-72-212A,AT72,TURBOÉLICE,23000,75,2012,BRASIL,2
PRAQE,AVIÃO,ATR - GIE AVIONS DE TRANSPORT RÉGIONAL,ATR-72-212A,AT72,TURBOÉLICE,23000,75,2012,BRASIL,2
PRAQF,AVIÃO,ATR - GIE AVIONS DE TRANSPORT RÉGIONAL,ATR-72-212A,AT72,TURBOÉLICE,23000,75,2013,BRASIL,2
PRAQH,AVIÃO,ATR - GIE AVIONS DE TRANSPORT RÉGIONAL,ATR-72-212A,AT72,TURBOÉLICE,23000,75,2013,BRASIL,2
PRAQI,AVIÃO,ATR - GIE AVIONS DE TRANSPORT RÉGIONAL,ATR-72-212A,AT72,TURBOÉLICE,23000,75,2013,BRASIL,2
PRAQJ,AVIÃO,ATR - GIE AVIONS DE TRANSPORT RÉGIONAL,ATR-72-212A,AT72,TURBOÉLICE,23000,75,2013,BRASIL,2
PRAQK,AVIÃO,ATR - GIE AVIONS DE TRANSPORT RÉGIONAL,ATR-72-212A,AT72,TURBOÉLICE,23000,75,2013,BRASIL,2
PRAQL,AVIÃO,ATR - GIE AVIONS DE TRANSPORT RÉGIONAL,ATR-72-212A,AT72,TURBOÉLICE,23000,75,2013,BRASIL,2
PRAQM,AVIÃO,ATR - GIE AVIONS DE TRANSPORT RÉGIONAL,ATR-72-212A,AT72,TURBOÉLICE,23000,75,2013,BRASIL,2
PRAQN,AVIÃO,ATR - GIE AVIONS DE TRANSPORT RÉGIONAL,ATR-72-212A,AT72,TURBOÉLICE,23000,75,2013,BRASIL,2
PRAQO,AVIÃO,ATR - GIE AVIONS DE TRANSPORT RÉGIONAL,ATR-72-212A,AT76,TURBOÉLICE,23000,75,0,BRASIL,2
PRAQP,AVIÃO,ATR - GIE AVIONS DE TRANSPORT RÉGIONAL,ATR-72-212A,AT72,TURBOÉLICE,23000,75,0,BRASIL,2
PRAQQ,AVIÃO,ATR - GIE AVIONS DE TRANSPORT RÉGIONAL,ATR-72-212A,AT72,TURBOÉLICE,23000,75,0,BRASIL,2
PRAQR,AVIÃO,ATR - GIE AVIONS DE TRANSPORT RÉGIONAL,ATR-72-212A,AT72,TURBOÉLICE,23000,75,0,BRASIL,2
PRAQS,AVIÃO,ATR - GIE AVIONS DE TRANSPORT RÉGIONAL,ATR-72-212A,AT72,TURBOÉLICE,23000,0,0,BRASIL,2
PRAQT,AVIÃO,ATR - GIE AVIONS DE TRANSPORT RÉGIONAL,ATR-72-212A,AT72,TURBOÉLICE,23000,70,0,BRASIL,2
PRAQV,AVIÃO,ATR - GIE AVIONS DE TRANSPORT RÉGIONAL,ATR-72-212A,AT72,TURBOÉLICE,23000,75,0,BRASIL,2
PRAQW,AVIÃO,ATR - GIE AVIONS DE TRANSPORT RÉGIONAL,ATR-72-212A,AT72,TURBOÉLICE,23000,0,0,BRASIL,2
PRAQZ,AVIÃO,ATR - GIE AVIONS DE TRANSPORT RÉGIONAL,ATR-72-212A,AT72,TURBOÉLICE,23000,75,2015,BRASIL,2
PRARC,AVIÃO,RAYTHEON AIRCRAFT,C90A,BE9L,TURBOÉLICE,4581,9,2005,BRASIL,2
PRARI,AVIÃO,PIPER AIRCRAFT,PA-31T2,PAY2,TURBOÉLICE,4297,8,1984,BRASIL,2
PRARK,AVIÃO,BEECH AIRCRAFT,G58,BE58,PISTÃO,2495,6,2005,BRASIL,2
PRARO,AVIÃO,RAYTHEON AIRCRAFT,C90GTI,BE9L,TURBOÉLICE,4756,8,2008,BRASIL,2
PRARR,AVIÃO,EMBRAER,EMB-500,E50P,JATO,4750,7,2011,BRASIL,2
PRARS,AVIÃO,CESSNA AIRCRAFT,525A,C25A,JATO,5670,10,2008,BRASIL,2
PRART,AVIÃO,BEECH AIRCRAFT,200,BE20,TURBOÉLICE,5670,12,1981,BRASIL,2
PRASX,AVIÃO,HAWKER BEECHCRAFT,B200GT,BE20,TURBOÉLICE,5670,0,2008,BRASIL,2
PRATB,AVIÃO,ATR - GIE AVIONS DE TRANSPORT RÉGIONAL,ATR-72-212A,AT72,TURBOÉLICE,23000,75,2011,BRASIL,2
PRATC,AVIÃO,RAYTHEON AIRCRAFT,B200,BE20,TURBOÉLICE,5670,10,2001,BRASIL,2
PRATE,AVIÃO,ATR - GIE AVIONS DE TRANSPORT RÉGIONAL,ATR-72-212A,AT72,TURBOÉLICE,23000,75,2011,BRASIL,2
PRATG,AVIÃO,ATR - GIE AVIONS DE TRANSPORT RÉGIONAL,ATR-72-212A,AT72,TURBOÉLICE,23000,75,2012,BRASIL,2
PRATH,AVIÃO,ATR - GIE AVIONS DE TRANSPORT RÉGIONAL,ATR-72-212A,AT72,TURBOÉLICE,23000,75,2012,BRASIL,2
PRATI,AVIÃO,HAWKER BEECHCRAFT,B200,BE20,TURBOÉLICE,5670,9,2007,BRASIL,2
PRATP,AVIÃO,AEROSPATIALE AND ALENIA,ATR-72-212A,AT72,TURBOÉLICE,23000,75,2012,BRASIL,2
PRATQ,AVIÃO,ATR - GIE AVIONS DE TRANSPORT RÉGIONAL,ATR-72-212A,AT72,TURBOÉLICE,23000,75,2012,BRASIL,2
PRATR,AVIÃO,ATR - GIE AVIONS DE TRANSPORT RÉGIONAL,ATR-72-212A,AT72,TURBOÉLICE,23000,75,2011,BRASIL,2
PRATU,AVIÃO,ATR - GIE AVIONS DE TRANSPORT RÉGIONAL,ATR-72-212A,AT72,TURBOÉLICE,23000,75,2012,BRASIL,2
PRATV,AVIÃO,ATR - GIE AVIONS DE TRANSPORT RÉGIONAL,ATR-72-212A,AT72,TURBOÉLICE,23000,75,2012,BRASIL,2
PRATW,AVIÃO,ATR - GIE AVIONS DE TRANSPORT RÉGIONAL,ATR-72-212A,AT72,TURBOÉLICE,23000,75,2012,BRASIL,2
PRATZ,AVIÃO,ATR - GIE AVIONS DE TRANSPORT RÉGIONAL,ATR-72-212A,AT72,TURBOÉLICE,23000,75,2012,BRASIL,2
PRAUA,AVIÃO,EMBRAER,ERJ 190-200 IGW,E190,JATO,52290,125,2013,BRASIL,2
PRAUB,AVIÃO,EMBRAER,ERJ 190-200 IGW,E190,JATO,52290,125,2014,BRASIL,2
PRAUC,AVIÃO,EMBRAER,ERJ 190-200 IGW,E190,JATO,52290,125,0,BRASIL,2
PRAUD,AVIÃO,EMBRAER,ERJ 190-200 IGW,E190,JATO,52290,125,2014,BRASIL,2
PRAUE,AVIÃO,EMBRAER,ERJ 190-200 IGW,E190,JATO,52290,0,2014,BRASIL,2
PRAUF,AVIÃO,EMBRAER,ERJ 190-200 IGW,E190,JATO,52290,125,0,BRASIL,2
PRAUH,AVIÃO,EMBRAER,ERJ 190-200 IGW,E190,JATO,52290,125,2014,BRASIL,2
PRAUI,AVIÃO,EMBRAER,ERJ 190-200 IGW,E190,JATO,52290,0,2014,BRASIL,2
PRAUJ,AVIÃO,EMBRAER,ERJ 190-200 LR,E190,JATO,50790,125,0,BRASIL,2
PRAUK,AVIÃO,EMBRAER,ERJ 190-200 IGW,NULL,JATO,52290,125,0,BRASIL,2
PRAUL,AVIÃO,BEECH AIRCRAFT,58,BE58,PISTÃO,2449,6,1983,BRASIL,2
PRAUM,AVIÃO,EMBRAER,ERJ 190-200 IGW,E190,JATO,52290,125,0,BRASIL,2
PRAUN,AVIÃO,EMBRAER,ERJ 190-200 IGW,E190,JATO,52290,125,0,BRASIL,2
PRAUO,AVIÃO,EMBRAER,ERJ 190-200 IGW,E190,JATO,52290,125,2015,BRASIL,2
PRAUP,AVIÃO,EMBRAER,ERJ 190-200 IGW,E190,JATO,52290,125,0,BRASIL,2
PRAUQ,AVIÃO,EMBRAER,ERJ 190-200 IGW,E190,JATO,52290,125,2015,BRASIL,2
PRAUR,AVIÃO,ISRAEL AIRCRAFT,GULFSTREAM 200,GALX,JATO,15808,12,2006,BRASIL,2
PRAVA,AVIÃO,PIPER AIRCRAFT,PA-34-220T,PA34,PISTÃO,2154,6,1997,BRASIL,2
PRAVB,AVIÃO,AIRBUS,A319-115,A319,JATO,75500,141,2010,BRASIL,2
PRAVC,AVIÃO,AIRBUS,A319-115,A319,JATO,75500,141,2010,BRASIL,2
PRAVD,AVIÃO,AIRBUS,A319-115,A319,JATO,75500,141,2010,BRASIL,2
PRAVG,AVIÃO,HAWKER BEECHCRAFT,C90GTI,BE9L,TURBOÉLICE,4581,8,2008,BRASIL,2
PRAVJ,AVIÃO,AIRBUS,A318-122,A318,JATO,68000,129,2007,BRASIL,2
PRAVK,AVIÃO,AIRBUS INDUSTRIE,A318-122,A318,JATO,68000,129,2007,BRASIL,2
PRAVL,AVIÃO,AIRBUS,A318-122,A318,JATO,68000,129,2007,BRASIL,2
PRAVO,AVIÃO,AIRBUS,A318-122,A318,JATO,68000,129,2007,BRASIL,2
PRAVQ,AVIÃO,AIRBUS,A320-214,A320,JATO,77000,172,2011,BRASIL,2
PRAVU,AVIÃO,AIRBUS,A320-214,A320,JATO,77000,172,2011,BRASIL,2
PRAXA,AVIÃO,EMBRAER,ERJ 190-200 IGW,E190,JATO,52290,125,2011,BRASIL,2
PRAXB,AVIÃO,EMBRAER,ERJ 190-200 IGW,E190,JATO,52290,125,2011,BRASIL,2
PRAXC,AVIÃO,EMBRAER,ERJ 190-200 IGW,E190,JATO,52290,125,2012,BRASIL,2
PRAXD,AVIÃO,EMBRAER,ERJ 190-200 IGW,E190,JATO,52290,125,2012,BRASIL,2
PRAXE,AVIÃO,EMBRAER,ERJ 190-200 IGW,E190,JATO,52290,125,2012,BRASIL,2
PRAXF,AVIÃO,EMBRAER,ERJ 190-200 LR,E190,JATO,52290,125,2012,BRASIL,2
PRAXG,AVIÃO,EMBRAER,ERJ 190-200 IGW,E190,JATO,52290,125,2012,BRASIL,2
PRAXH,AVIÃO,EMBRAER,ERJ 190-200 LR,E195,JATO,50790,125,2012,BRASIL,2
PRAXI,AVIÃO,EMBRAER,ERJ 190-200 IGW,E190,JATO,52290,125,2012,BRASIL,2
PRAXJ,AVIÃO,EMBRAER,ERJ 190-200 IGW,E190,JATO,52290,125,2012,BRASIL,2
PRAXK,AVIÃO,EMBRAER,ERJ 190-200 IGW,E190,JATO,52290,125,2012,BRASIL,2
PRAXL,AVIÃO,EMBRAER,ERJ 190-200 IGW,E190,JATO,52290,125,2012,BRASIL,2
PRAXN,AVIÃO,EMBRAER,ERJ 190-200 IGW,E190,JATO,52290,125,2012,BRASIL,2
PRAXO,AVIÃO,EMBRAER,ERJ 190-200 IGW,E190,JATO,52290,125,2012,BRASIL,2
PRAXP,AVIÃO,EMBRAER,ERJ 190-200 IGW,E190,JATO,52290,125,2013,BRASIL,2
PRAXR,AVIÃO,EMBRAER,ERJ 190-200 IGW,E190,JATO,52290,125,2013,BRASIL,2
PRAXS,AVIÃO,EMBRAER,ERJ 190-200 IGW,E190,JATO,52290,125,2013,BRASIL,2
PRAXT,AVIÃO,EMBRAER,ERJ 190-200 IGW,E190,JATO,52290,125,2013,BRASIL,2
PRAXU,AVIÃO,EMBRAER,ERJ 190-200 IGW,E190,JATO,52290,125,2013,BRASIL,2
PRAXV,AVIÃO,EMBRAER,ERJ 190-200 IGW,E190,JATO,52290,125,2013,BRASIL,2
PRAXW,AVIÃO,EMBRAER,ERJ 190-200 IGW,E190,JATO,52290,125,2013,BRASIL,2
PRAXX,AVIÃO,EMBRAER,ERJ 190-200 IGW,E190,JATO,52290,125,2013,BRASIL,2
PRAXY,AVIÃO,EMBRAER,ERJ 190-200LR,E195,JATO,50790,0,2013,BRASIL,2
PRAXZ,AVIÃO,EMBRAER,ERJ 190-200 LR,E190,JATO,52290,125,2013,BRASIL,2
PRAYA,AVIÃO,EMBRAER,ERJ 190-200 IGW,E190,JATO,52290,125,2008,BRASIL,2
PRAYB,AVIÃO,EMBRAER,ERJ 190-200 IGW,E190,JATO,52290,125,2008,BRASIL,2
PRAYC,AVIÃO,EMBRAER,ERJ 190-200 IGW,E190,JATO,52290,125,2008,BRASIL,2
PRAYD,AVIÃO,EMBRAER,ERJ 190-200 IGW,E190,JATO,52290,125,2009,BRASIL,2
PRAYE,AVIÃO,EMBRAER,ERJ 190-200 IGW,E190,JATO,52290,125,2009,BRASIL,2
PRAYF,AVIÃO,EMBRAER,ERJ 190-200 IGW,E190,JATO,52290,125,2010,BRASIL,2
PRAYG,AVIÃO,EMBRAER,ERJ 190-200 IGW,E190,JATO,52290,125,2010,BRASIL,2
PRAYH,AVIÃO,EMBRAER,ERJ 190-200 IGW,E190,JATO,52290,125,2010,BRASIL,2
PRAYI,AVIÃO,EMBRAER,ERJ 190-200 IGW,E190,JATO,52290,125,2010,BRASIL,2
PRAYJ,AVIÃO,EMBRAER,ERJ 190-200 IGW,E190,JATO,52290,125,2010,BRASIL,2
PRAYK,AVIÃO,EMBRAER,ERJ 190-200 IGW,E190,JATO,52290,125,2010,BRASIL,2
PRAYL,AVIÃO,EMBRAER,ERJ 190-200 LR,E195,JATO,52290,125,2010,BRASIL,2
PRAYM,AVIÃO,EMBRAER,ERJ 190-200 IGW,E190,JATO,52290,125,2010,BRASIL,2
PRAYN,AVIÃO,EMBRAER,ERJ 190-200 LR,E190,JATO,52290,125,2010,BRASIL,2
PRAYO,AVIÃO,EMBRAER,ERJ 190-200 IGW,E190,JATO,52290,125,2010,BRASIL,2
PRAYQ,AVIÃO,EMBRAER,ERJ 190-200 IGW,E190,TURBOEIXO,52290,125,2010,BRASIL,2
PRAYR,AVIÃO,EMBRAER,ERJ 190-200 IGW,E190,JATO,52290,125,2011,BRASIL,2
PRAYS,AVIÃO,EMBRAER,ERJ 190-200 IGW,E190,JATO,52290,125,2011,BRASIL,2
PRAYT,AVIÃO,EMBRAER,ERJ 190-200 IGW,E190,JATO,52290,125,2011,BRASIL,2
PRAYU,AVIÃO,EMBRAER,ERJ 190-200 IGW,E190,JATO,52290,125,2011,BRASIL,2
PRAYV,AVIÃO,EMBRAER,ERJ 190-200 IGW,E190,JATO,52290,125,2011,BRASIL,2
PRAYW,AVIÃO,EMBRAER,ERJ 190-200 IGW,E190,JATO,52290,125,2011,BRASIL,2
PRAYX,AVIÃO,EMBRAER,ERJ 190-200 IGW,E190,JATO,52290,125,2011,BRASIL,2
PRAYY,AVIÃO,EMBRAER,ERJ 190-200 IGW,E190,JATO,52290,125,2011,BRASIL,2
PRAYZ,AVIÃO,EMBRAER,ERJ 190-200 IGW,E190,JATO,52290,125,2011,BRASIL,2
PRAZA,AVIÃO,EMBRAER,ERJ 190-100 IGW,E190,JATO,51800,112,2008,BRASIL,2
PRAZB,AVIÃO,EMBRAER,ERJ 190-100 IGW,E190,JATO,51800,114,2008,BRASIL,2
PRAZC,AVIÃO,EMBRAER,ERJ 190-100 IGW,E190,JATO,51800,112,2008,BRASIL,2
PRAZD,AVIÃO,EMBRAER,ERJ 190-100 IGW,E190,JATO,51800,113,2009,BRASIL,2
PRAZE,AVIÃO,EMBRAER,ERJ 190-100 IGW,E190,JATO,51800,113,2009,BRASIL,2
PRAZF,AVIÃO,EMBRAER,ERJ 190-100 IGW,E190,JATO,51800,113,2009,BRASIL,2
PRAZG,AVIÃO,EMBRAER,ERJ 190-100 IGW,E190,JATO,51800,112,2009,BRASIL,2
PRAZH,AVIÃO,EMBRAER,ERJ 190-100 IGW,E190,JATO,51800,113,2009,BRASIL,2
PRAZI,AVIÃO,EMBRAER,ERJ 190-100 IGW,E190,JATO,51800,113,2010,BRASIL,2
PRAZL,AVIÃO,EMBRAER,ERJ 190-100 IGW,E190,JATO,51800,112,2008,BRASIL,2
PRAZR,AVIÃO,AEROSPATIALE AND ALENIA,ATR-72-202,AT72,TURBOÉLICE,22000,71,1998,BRASIL,2
PRAZS,AVIÃO,AEROSPATIALE AND ALENIA,ATR-72-202,AT72,TURBOÉLICE,22000,71,1998,BRASIL,2
PRAZT,AVIÃO,ATR - GIE AVIONS DE TRANSPORT RÉGIONAL,ATR-72-202,AT72,TURBOÉLICE,22000,79,1995,BRASIL,2
PRAZX,AVIÃO,AEROSPATIALE AND ALENIA,ATR-72-202,AT72,TURBOÉLICE,22000,73,1993,BRASIL,2
PRAZZ,AVIÃO,AEROSPATIALE AND ALENIA,ATR-72-202,AT72,TURBOÉLICE,22000,73,1990,BRASIL,2
PRBAC,AVIÃO,BEECH AIRCRAFT,58,BE58,PISTÃO,2449,6,1983,BRASIL,2
PRBAK,AVIÃO,HAWKER BEECHCRAFT,B200GT,BE20,TURBOÉLICE,5670,11,2009,BRASIL,2
PRBBP,AVIÃO,CESSNA AIRCRAFT,680,C680,JATO,13744,11,0,BRASIL,2
PRBBZ,AVIÃO,PIPER AIRCRAFT,PA-31T1,PAY1,TURBOÉLICE,3946,7,1983,BRASIL,2
PRBCC,AVIÃO,LEARJET,45 (LEARJET 40),LJ40,JATO,9525,NULL,NULL,BRASIL,2
PRBCO,AVIÃO,CESSNA AIRCRAFT,680,C680,JATO,13744,11,2007,BRASIL,2
PRBDD,AVIÃO,BEECH AIRCRAFT,95-B55,BE55,PISTÃO,2268,6,1980,BRASIL,2
PRBED,AVIÃO,RAYTHEON AIRCRAFT,400A,BE40,JATO,7303,11,2005,BRASIL,2
PRBEE,AVIÃO,CESSNA AIRCRAFT,560 ULTRA,C560,JATO,7394,10,1996,BRASIL,2
PRBES,AVIÃO,BEECH AIRCRAFT,B60,BE60,PISTÃO,3073,6,1976,BRASIL,2
PRBFA,AVIÃO,PIPER AIRCRAFT,PA-34-220T,PA34,PISTÃO,2155,6,2011,BRASIL,2
PRBGA,HELICÓPTERO,EUROCOPTER,EC 225 LP,EC25,TURBOEIXO,11000,21,2010,BRASIL,2
PRBGB,HELICÓPTERO,SIKORSKY AIRCRAFT,S-92A,S92,TURBOEIXO,12020,21,2010,BRASIL,2
PRBGE,HELICÓPTERO,SIKORSKY AIRCRAFT,S-76C,S76,TURBOEIXO,5307,14,2004,BRASIL,2
PRBGG,HELICÓPTERO,SIKORSKY,S-76C,S76,TURBOEIXO,5307,14,2005,BRASIL,2
PRBGI,HELICÓPTERO,SIKORSKY AIRCRAFT,S-76C,S76,TURBOEIXO,5307,15,2003,BRASIL,2
PRBGJ,HELICÓPTERO,SIKORSKY AIRCRAFT,S-76C,S76,TURBOEIXO,5307,14,2004,BRASIL,2
PRBGK,HELICÓPTERO,EUROCOPTER,EC 225 LP,EC25,TURBOEIXO,11000,21,2011,BRASIL,2
PRBGM,HELICÓPTERO,SIKORSKY,S-92A,S92,TURBOEIXO,12020,21,2011,BRASIL,2
PRBGN,HELICÓPTERO,SIKORSKY,S-92A,S92,TURBOEIXO,12020,21,2011,BRASIL,2
PRBGO,HELICÓPTERO,SIKORSKY,S-76C,S76,TURBOEIXO,5307,14,2005,BRASIL,2
PRBGQ,HELICÓPTERO,SIKORSKY AIRCRAFT,S-76C,S76,TURBOEIXO,5307,14,2005,BRASIL,2
PRBGR,HELICÓPTERO,EUROCOPTER,EC 225 LP,EC25,TURBOEIXO,11000,0,2013,BRASIL,2
PRBGT,HELICÓPTERO,SIKORSKY,S-92A,S92,TURBOEIXO,12020,21,2013,BRASIL,2
PRBGU,HELICÓPTERO,SIKORSKY,S-92A,S92,TURBOEIXO,12020,0,2014,BRASIL,2
PRBGX,HELICÓPTERO,AGUSTA,AW139,A139,TURBOEIXO,7000,14,0,BRASIL,2
PRBGY,HELICÓPTERO,AGUSTA,AW139,A139,TURBOEIXO,6400,14,0,BRASIL,2
PRBIA,HELICÓPTERO,AGUSTA,A109S,A109,TURBOEIXO,3175,8,2006,BRASIL,2
PRBIH,AVIÃO,HAWKER BEECHCRAFT,B300,B350,TURBOÉLICE,6804,11,2013,BRASIL,2
PRBIO,AVIÃO,RAYTHEON AIRCRAFT,C90GT,BE9L,TURBOÉLICE,4581,8,2006,BRASIL,2
PRBIZ,AVIÃO,PIPER AIRCRAFT,PA-31T1,PAY1,TURBOÉLICE,3946,6,1984,BRASIL,2
PRBJA,AVIÃO,EMBRAER,EMB-505,E55P,JATO,8340,11,2013,BRASIL,2
PRBLP,AVIÃO,BEECH AIRCRAFT,B200,BE20,TURBOÉLICE,5670,11,1985,BRASIL,2
PRBLS,AVIÃO,EMBRAER,EMB-505,E55P,JATO,8150,9,2012,BRASIL,2
PRBOR,AVIÃO,BEECH AIRCRAFT,58,BE58,PISTÃO,2449,6,1981,BRASIL,2
PRBRB,AVIÃO,BOEING COMPANY,737-3Q4,B733,JATO,61234,158,1988,BRASIL,2
PRBRF,AVIÃO,BOEING COMPANY,737-341,B733,JATO,61234,156,1991,BRASIL,2
PRBRH,AVIÃO,BOEING COMPANY,737-4Y0,B734,JATO,68038,178,1989,BRASIL,2
PRBRK,AVIÃO,BOEING COMPANY,737-3S3,B733,JATO,62142,156,1987,BRASIL,2
PRBRU,HELICÓPTERO,MIL HELICOPTER,MI-171A1,MI8,TURBOEIXO,13000,30,2011,BRASIL,2
PRBRW,AVIÃO,BOEING COMPANY,767-33A,B763,JATO,184612,299,1992,BRASIL,2
PRBSI,AVIÃO,BEECH AIRCRAFT,B300,B350,TURBOÉLICE,7484,NULL,NULL,BRASIL,2
PRBTP,AVIÃO,PIPER AIRCRAFT,PA-34-220T,PA34,PISTÃO,2155,6,2012,BRASIL,2
PRBTS,AVIÃO,HAWKER BEECHCRAFT,C90GT,BE9L,TURBOÉLICE,4581,8,2007,BRASIL,2
PRBTW,AVIÃO,BEECH AIRCRAFT,C-45H,BE18,PISTÃO,3969,6,1953,BRASIL,2
PRBTZ,AVIÃO,BEECH AIRCRAFT,58,BE58,PISTÃO,2494,6,1991,BRASIL,2
PRBVB,AVIÃO,ISRAEL AIRCRAFT,1124A,WW24,JATO,10660,11,1983,BRASIL,2
PRBVO,AVIÃO,CESSNA AIRCRAFT,550 BRAVO,C550,JATO,6713,10,2005,BRASIL,2
PRBVT,AVIÃO,PIPER AIRCRAFT,PA-31T1,PAY1,TURBOÉLICE,3946,7,1979,BRASIL,2
PRBYZ,AVIÃO,PIPER AIRCRAFT,PA-31T1,PAY1,TURBOÉLICE,3946,7,1978,BRASIL,2
PRBZZ,AVIÃO,PIPER AIRCRAFT,PA-42,PAY3,TURBOÉLICE,5081,9,1983,BRASIL,2
PRCAN,AVIÃO,CESSNA AIRCRAFT,525,C525,JATO,4717,8,1997,BRASIL,2
PRCBM,HELICÓPTERO,EUROCOPTER,EC 135T2,EC35,TURBOEIXO,2835,7,2005,BRASIL,2
PRCBY,AVIÃO,EMBRAER,EMB-135BJ,E135,JATO,24300,17,2013,BRASIL,2
PRCCA,AVIÃO,ECLIPSE AEROSPACE,EA500,EA50,JATO,2721,6,2007,BRASIL,2
PRCCB,AVIÃO,RAYTHEON AIRCRAFT,B300,B350,TURBOÉLICE,6804,10,2007,BRASIL,2
PRCCM,AVIÃO,PIPER AIRCRAFT,PA-34-220T,PA34,PISTÃO,2155,7,0,BRASIL,2
PRCCR,AVIÃO,RAYTHEON AIRCRAFT,G58,BE58,PISTÃO,2495,6,2005,BRASIL,2
PRCDL,AVIÃO,RAYTHEON AIRCRAFT,58,BE58,PISTÃO,2495,6,2003,BRASIL,2
PRCED,AVIÃO,TWIN COMMANDER,690A,AC90,TURBOÉLICE,4649,8,1974,BRASIL,2
PRCEF,AVIÃO,PIPER AIRCRAFT,PA-42-720,PAY3,TURBOÉLICE,5080,10,1983,BRASIL,2
PRCFR,AVIÃO,PIPER AIRCRAFT,PA-31T1,PAY1,TURBOÉLICE,3946,7,1981,BRASIL,2
PRCFX,HELICÓPTERO,AGUSTA,AB139,A139,TURBOEIXO,6800,17,2006,BRASIL,2
PRCGD,HELICÓPTERO,SIKORSKY,S-92A,S92,TURBOEIXO,12020,21,2010,BRASIL,2
PRCGE,HELICÓPTERO,SIKORSKY AIRCRAFT,S-92A,S92,TURBOEIXO,12020,21,2014,BRASIL,2
PRCGF,HELICÓPTERO,SIKORSKY AIRCRAFT,S-92A,S92,TURBOEIXO,12020,21,2012,BRASIL,2
PRCGH,HELICÓPTERO,SIKORSKY,S-92A,S92,TURBOEIXO,12020,21,2014,BRASIL,2
PRCGJ,HELICÓPTERO,AGUSTA,AW139,A139,TURBOEIXO,6800,14,2013,BRASIL,2
PRCGN,HELICÓPTERO,LEONARDO S.P.A,AW139,A139,TURBOEIXO,6800,14,2012,BRASIL,2
PRCGO,HELICÓPTERO,LEONARDO S.P.A,AW139,A139,TURBOEIXO,6800,14,2013,BRASIL,2
PRCGP,HELICÓPTERO,AGUSTA,AW139,A139,TURBOEIXO,6800,14,2014,BRASIL,2
PRCGS,HELICÓPTERO,LEONARDO S.P.A,AW139,A139,TURBOEIXO,7000,NULL,2018,BRASIL,2
PRCGT,HELICÓPTERO,LEONARDO S.P.A,AW139,A139,TURBOEIXO,7000,NULL,2012,BRASIL,2
PRCHB,HELICÓPTERO,SIKORSKY AIRCRAFT,S-76A,S76,TURBOEIXO,4898,14,1978,BRASIL,2
PRCHC,HELICÓPTERO,SIKORSKY,S-76C,S76,TURBOEIXO,5307,14,2006,BRASIL,2
PRCHD,HELICÓPTERO,SIKORSKY,S-76C,S76,TURBOEIXO,5307,14,2006,BRASIL,2
PRCHE,HELICÓPTERO,SIKORSKY,S-76C,S76,TURBOEIXO,5307,14,2007,BRASIL,2
PRCHG,HELICÓPTERO,SIKORSKY AIRCRAFT,S-76C,S76,TURBOEIXO,5307,14,2007,BRASIL,2
PRCHI,HELICÓPTERO,SIKORSKY,S-76C,S76,TURBOEIXO,5307,14,2007,BRASIL,2
PRCHJ,HELICÓPTERO,SIKORSKY AIRCRAFT,S-76C,S76,TURBOEIXO,5307,14,2007,BRASIL,2
PRCHK,HELICÓPTERO,SIKORSKY AIRCRAFT,S-76C,S76,TURBOEIXO,5307,14,2007,BRASIL,2
PRCHL,HELICÓPTERO,SIKORSKY AIRCRAFT,S-76A,S76,TURBOEIXO,4898,14,1981,BRASIL,2
PRCHM,HELICÓPTERO,SIKORSKY AIRCRAFT,S-76C,S76,TURBOEIXO,5307,14,2008,BRASIL,2
PRCHN,HELICÓPTERO,SIKORSKY AIRCRAFT,S-76A,S76,TURBOEIXO,4898,14,1984,BRASIL,2
PRCHO,HELICÓPTERO,SIKORSKY AIRCRAFT,S-76C,S76,TURBOEIXO,5307,14,2007,BRASIL,2
PRCHP,HELICÓPTERO,SIKORSKY AIRCRAFT,S-76C,S76,TURBOEIXO,5307,14,2008,BRASIL,2
PRCHQ,HELICÓPTERO,SIKORSKY,S-76C,S76,TURBOEIXO,5307,15,2008,BRASIL,2
PRCHR,HELICÓPTERO,SIKORSKY,S-92A,S92,TURBOEIXO,12020,22,2009,BRASIL,2
PRCHS,HELICÓPTERO,SIKORSKY,S-92A,S92,TURBOEIXO,12020,22,2009,BRASIL,2
PRCHT,HELICÓPTERO,SIKORSKY,S-92A,S92,TURBOEIXO,12020,22,2009,BRASIL,2
PRCHV,HELICÓPTERO,EUROCOPTER FRANCE,EC 225 LP,EC25,TURBOEIXO,11000,21,2008,BRASIL,2
PRCHX,HELICÓPTERO,EUROCOPTER,EC 225 LP,EC25,TURBOEIXO,11000,21,2009,BRASIL,2
PRCHY,HELICÓPTERO,EUROCOPTER FRANCE,EC 225 LP,EC25,TURBOEIXO,11000,21,2009,BRASIL,2
PRCIC,AVIÃO,BEECH AIRCRAFT,G58,BE58,PISTÃO,2495,6,2007,BRASIL,2
PRCIF,AVIÃO,DIAMOND AIRCRAFT,DA 62,DA62,PISTÃO,2300,7,2022,BRASIL,2
PRCLB,AVIÃO,CESSNA AIRCRAFT,525,C525,JATO,4717,7,1997,BRASIL,2
PRCMF,AVIÃO,HAWKER BEECHCRAFT,C90GT,BE9L,TURBOÉLICE,4581,7,2006,BRASIL,2
PRCMQ,AVIÃO,EMBRAER,EMB-500,E50P,JATO,4750,8,2013,BRASIL,2
PRCNL,AVIÃO,BEECH AIRCRAFT,58,BE58,PISTÃO,2449,6,1982,BRASIL,2
PRCON,AVIÃO,CESSNA AIRCRAFT,560XL,C56X,JATO,9072,11,2005,BRASIL,2
PRCPV,HELICÓPTERO,SIKORSKY AIRCRAFT,S-92A,S92,TURBOEIXO,12020,NULL,2014,BRASIL,2
PRCPX,HELICÓPTERO,SIKORSKY AIRCRAFT,S-92A,S92,TURBOEIXO,12020,NULL,2012,BRASIL,2
PRCRA,AVIÃO,LET AIRCRAFT INDUSTRIES,L410UVP-E20,L410,TURBOÉLICE,6600,21,1990,BRASIL,2
PRCRI,AVIÃO,PIPER AIRCRAFT,PA-34-220T,PA34,PISTÃO,2155,6,2009,BRASIL,2
PRCRJ,AVIÃO,PIPER AIRCRAFT,PA-34-220T,PA34,PISTÃO,2155,6,2011,BRASIL,2
PRCRM,AVIÃO,BEECH AIRCRAFT,58,BE58,PISTÃO,2495,6,1998,BRASIL,2
PRCRX,AVIÃO,LET AIRCRAFT INDUSTRIES,L410UVP-E20,L410,TURBOÉLICE,6600,21,1991,BRASIL,2
PRCSC,AVIÃO,BEECH AIRCRAFT,58,BE58,PISTÃO,2495,6,1999,BRASIL,2
PRCSW,AVIÃO,EMBRAER,EMB-500,E50P,JATO,4750,6,2009,BRASIL,2
PRCVC,AVIÃO,CESSNA AIRCRAFT,525B,C25B,JATO,6291,10,2007,BRASIL,2
PRCXP,AVIÃO,PIPER AIRCRAFT,PA-34-220T,PA34,PISTÃO,2155,6,2010,BRASIL,2
PRDBD,AVIÃO,HAWKER BEECHCRAFT,HAWKER 900XP,H25B,JATO,12701,10,2009,BRASIL,2
PRDCJ,AVIÃO,EMBRAER,EMB-500,E50P,JATO,4750,6,2009,BRASIL,2
PRDDQ,AVIÃO,PIPER AIRCRAFT,PA-42-720,PAY3,TURBOÉLICE,5080,9,1985,BRASIL,2
PRDFG,AVIÃO,RAYTHEON AIRCRAFT,390,PRM1,JATO,5670,NULL,NULL,BRASIL,2
PRDFL,AVIÃO,RAYTHEON AIRCRAFT,C90A,BE9L,TURBOÉLICE,4581,8,1998,BRASIL,2
PRDGO,AVIÃO,PIPER AIRCRAFT,PA-31T,PAY2,TURBOÉLICE,4082,7,1981,BRASIL,2
PRDIB,AVIÃO,LEARJET,45,LJ45,JATO,9525,9,2007,BRASIL,2
PRDIF,AVIÃO,RAYTHEON AIRCRAFT,400A,BE40,JATO,7303,10,2005,BRASIL,2
PRDIN,AVIÃO,RAYTHEON AIRCRAFT,C90GT,BE9L,TURBOÉLICE,4581,8,2006,BRASIL,2
PRDIO,AVIÃO,CESSNA AIRCRAFT,650,C650,JATO,9530,12,1984,BRASIL,2
PRDIS,AVIÃO,RAYTHEON AIRCRAFT,400A,BE40,JATO,7393,10,2005,BRASIL,2
PRDIX,AVIÃO,PIPER AIRCRAFT,PA-34-220T,PA34,PISTÃO,2155,6,2000,BRASIL,2
PRDLA,AVIÃO,BEECH AIRCRAFT,C90A,BE9L,TURBOÉLICE,4581,8,2001,BRASIL,2
PRDLM,AVIÃO,EMBRAER,EMB-500,E50P,JATO,4750,6,2009,BRASIL,2
PRDMC,AVIÃO,PIPER AIRCRAFT,PA-34-220T,PA34,PISTÃO,2155,6,2005,BRASIL,2
PRDNP,AVIÃO,TEXTRON AVIATION,C90GTI,BE9L,TURBOÉLICE,4756,NULL,2015,BRASIL,2
PRDOC,AVIÃO,HAWKER BEECHCRAFT,B200,BE20,TURBOÉLICE,5670,11,2008,BRASIL,2
PRDPF,AVIÃO,EMBRAER,EMB-145ER,E145,JATO,20600,55,1999,BRASIL,2
PRDRI,AVIÃO,CESSNA AIRCRAFT,510,C510,JATO,3921,6,2008,BRASIL,2
PRDRY,AVIÃO,TWIN COMMANDER,695,AC95,TURBOÉLICE,4683,8,1980,BRASIL,2
PRDTA,AVIÃO,BEECH AIRCRAFT,E55,BE55,PISTÃO,2404,6,1972,BRASIL,2
PRDTG,HELICÓPTERO,EUROCOPTER FRANCE,AS 365 N3,AS65,TURBOEIXO,4300,8,2008,BRASIL,2
PRDUO,AVIÃO,HAWKER BEECHCRAFT,G58,BE58,PISTÃO,2495,6,2011,BRASIL,2
PRDZE,AVIÃO,RAYTHEON AIRCRAFT,C90GT,BE9L,TURBOÉLICE,4581,NULL,NULL,BRASIL,2
PREAE,HELICÓPTERO,SIKORSKY AIRCRAFT,S-76C,S76,TURBOEIXO,5307,NULL,NULL,BRASIL,2
PREAG,AVIÃO,PIPER AIRCRAFT,PA-34-220T,PA34,PISTÃO,2155,6,2007,BRASIL,2
PREAP,AVIÃO,EMBRAER,EMB-110,E110,TURBOÉLICE,5600,14,1974,BRASIL,2
PREAR,AVIÃO,BEECH AIRCRAFT,G58,NULL,PISTÃO,0,0,0,BRASIL,2
PREAZ,AVIÃO,HAWKER BEECHCRAFT,C90GTI,BE9L,TURBOÉLICE,4581,8,2013,BRASIL,2
PREBF,AVIÃO,PIPER AIRCRAFT,PA-34-200T,PA34,PISTÃO,2073,6,1976,BRASIL,2
PREBS,HELICÓPTERO,AIRBUS HELICOPTERS,EC135 T3,EC35,TURBOEIXO,2980,7,2018,BRASIL,2
PREDB,AVIÃO,CESSNA AIRCRAFT,525B,C25B,JATO,6291,9,2013,BRASIL,2
PREDW,AVIÃO,BEECH AIRCRAFT,200,BE20,TURBOÉLICE,5670,10,1980,BRASIL,2
PREES,HELICÓPTERO,EUROCOPTER,BK117 C-2,EC45,TURBOEIXO,3585,9,2013,BRASIL,2
PREFX,HELICÓPTERO,AGUSTA,AB139,A139,TURBOEIXO,6800,17,2006,BRASIL,2
PREGB,AVIÃO,DASSAULT AVIATION,FALCON 10,FA10,JATO,8300,9,1975,BRASIL,2
PREGT,AVIÃO,EMBRAER,ERJ-170-200,E75L,JATO,380790,0,0,BRASIL,2
PREJL,AVIÃO,PIPER AIRCRAFT,PA-34-220T,PA34,PISTÃO,2155,6,2006,BRASIL,2
PREKN,HELICÓPTERO,EUROCOPTER DEUTSCHLAND,BK 117 C-2,EC45,TURBOEIXO,3585,11,2013,BRASIL,2
PRELT,AVIÃO,EMBRAER,EMB-110P1,E110,TURBOÉLICE,5670,20,1983,BRASIL,2
PREMR,HELICÓPTERO,SIKORSKY,S-76A,S76,TURBOEIXO,4763,14,1978,BRASIL,2
PREOB,AVIÃO,CESSNA AIRCRAFT,525,C525,JATO,4808,8,2002,BRASIL,2
PREOJ,AVIÃO,PIPER AIRCRAFT,PA-34-200T,PA34,PISTÃO,2073,6,0,BRASIL,2
PREPV,HELICÓPTERO,SIKORSKY AIRCRAFT,S-92A,S92,TURBOEIXO,12020,21,2010,BRASIL,2
PRERE,AVIÃO,EMBRAER,EMB-505,E55P,JATO,8150,9,2012,BRASIL,2
PRERR,AVIÃO,LEARJET,55C,LJ55,JATO,9526,8,1989,BRASIL,2
PRESP,AVIÃO,HAWKER BEECHCRAFT,B200GT,BE20,TURBOÉLICE,5670,9,2008,BRASIL,2
PRETT,AVIÃO,EMBRAER,EMB-810C,PA34,PISTÃO,2073,6,1976,BRASIL,2
PREVA,AVIÃO,BEECH AIRCRAFT,C90A,BE9L,TURBOÉLICE,4377,8,2001,BRASIL,2
PREXP,AVIÃO,CESSNA AIRCRAFT,525,C525,JATO,4717,7,2002,BRASIL,2
PRFAC,AVIÃO,CESSNA AIRCRAFT,510,C510,JATO,3921,6,2008,BRASIL,2
PRFAG,AVIÃO,REIMS AVIATION,F406,F406,TURBOÉLICE,4246,4,1989,BRASIL,2
PRFAR,HELICÓPTERO,AGUSTA,AB139,A139,TURBOEIXO,6800,17,2005,BRASIL,2
PRFBH,AVIÃO,BEECH AIRCRAFT,58,BE58,PISTÃO,2495,6,2003,BRASIL,2
PRFBJ,AVIÃO,PIPER AIRCRAFT,PA-34-220T,PA34,PISTÃO,2155,6,2006,BRASIL,2
PRFBO,AVIÃO,PIPER AIRCRAFT,PA-34-220T,PA34,PISTÃO,2155,6,1998,BRASIL,2
PRFBU,AVIÃO,EMBRAER,EMB-500,E50P,JATO,4750,8,2013,BRASIL,2
PRFCR,AVIÃO,PIPER AIRCRAFT,PA-34-220T,PA34,PISTÃO,2155,0,0,BRASIL,2
PRFDL,AVIÃO,PIPER AIRCRAFT,PA-34-200T,PA34,PISTÃO,0,NULL,NULL,BRASIL,2
PRFEP,AVIÃO,CESSNA AIRCRAFT,550 BRAVO,C550,JATO,6713,10,1998,BRASIL,2
PRFET,AVIÃO,RAYTHEON AIRCRAFT,58,BE58,PISTÃO,2495,6,2005,BRASIL,2
PRFGE,AVIÃO,HAWKER BEECHCRAFT,C90GTI,BE9L,TURBOÉLICE,4756,8,2013,BRASIL,2
PRFGG,AVIÃO,CESSNA AIRCRAFT,310R,C310,PISTÃO,2495,6,1978,BRASIL,2
PRFGQ,AVIÃO,RAYTHEON AIRCRAFT,B200,BE20,TURBOÉLICE,5670,15,2003,BRASIL,2
PRFHT,AVIÃO,EMBRAER,EMB-500,E50P,JATO,4750,7,2009,BRASIL,2
PRFIB,AVIÃO,PIPER AIRCRAFT,PA-34-220T,PA34,PISTÃO,2155,6,2010,BRASIL,2
PRFIL,AVIÃO,EMBRAER,EMB-500,E50P,JATO,4750,6,2010,BRASIL,2
PRFIR,AVIÃO,DIAMOND AIRCRAFT,DA 62,DA62,PISTÃO,2300,7,0,BRASIL,2
PRFLI,AVIÃO,PIPER AIRCRAFT,PA-34-200T,PA34,PISTÃO,2073,7,1979,BRASIL,2
PRFLM,AVIÃO,PIPER AIRCRAFT,PA-34-200,PA34,PISTÃO,1905,6,1972,BRASIL,2
PRFLX,AVIÃO,BOEING COMPANY,737-3K9,B733,JATO,61234,142,1990,BRASIL,2
PRFMB,HELICÓPTERO,AGUSTA,A109E,A109,TURBOEIXO,2850,8,2006,BRASIL,2
PRFOR,AVIÃO,CESSNA AIRCRAFT,680,C680,JATO,13744,11,2011,BRASIL,2
PRFPG,AVIÃO,BEECH AIRCRAFT,58,BE58,PISTÃO,2495,6,1984,BRASIL,2
PRFRB,AVIÃO,RAYTHEON AIRCRAFT,B200,BE20,TURBOÉLICE,5670,15,2004,BRASIL,2
PRFSW,AVIÃO,BEECH AIRCRAFT,D55,BE55,PISTÃO,2404,6,1968,BRASIL,2
PRFSZ,AVIÃO,RAYTHEON AIRCRAFT,C90A,BE9L,TURBOÉLICE,4581,8,2004,BRASIL,2
PRFTX,AVIÃO,PIPER AIRCRAFT,PA-34-200,PA34,PISTÃO,1814,5,1973,BRASIL,2
PRFUL,AVIÃO,PIPER AIRCRAFT,PA-34-200T,PA34,PISTÃO,2073,7,1975,BRASIL,2
PRFVJ,AVIÃO,ISRAEL AIRCRAFT,G150,G150,JATO,11839,11,2007,BRASIL,2
PRFVP,AVIÃO,BEECH AIRCRAFT,B200,BE20,TURBOÉLICE,5670,9,2007,BRASIL,2
PRGAM,AVIÃO,CESSNA AIRCRAFT,560XL,C56X,JATO,9072,11,2002,BRASIL,2
PRGBI,AVIÃO,BEECH AIRCRAFT,200,BE20,TURBOÉLICE,5670,10,1978,BRASIL,2
PRGCM,AVIÃO,PIPER AIRCRAFT,PA-34-220T,PA34,PISTÃO,2155,6,2008,BRASIL,2
PRGEA,AVIÃO,BOEING,737-7EH,B737,JATO,70080,154,2009,BRASIL,2
PRGEB,AVIÃO,RAYTHEON AIRCRAFT,B300,B350,TURBOÉLICE,6804,11,2006,BRASIL,2
PRGEC,AVIÃO,BOEING,737-7EH,B737,JATO,66224,156,2011,BRASIL,2
PRGED,AVIÃO,BOEING,737-7EH,B737,JATO,66224,156,2011,BRASIL,2
PRGEE,AVIÃO,BOEING,737-73V,B737,JATO,70080,152,2002,BRASIL,2
PRGEH,AVIÃO,BOEING,737-76N,B737,JATO,65997,146,2007,BRASIL,2
PRGEI,AVIÃO,BOEING,737-76N,B737,JATO,65997,NULL,NULL,BRASIL,2
PRGEJ,AVIÃO,BOEING,737-76N,B737,JATO,70080,146,2007,BRASIL,2
PRGEK,AVIÃO,BOEING,737-76N,B737,JATO,70080,146,NULL,BRASIL,2
PRGEO,AVIÃO,BEECH AIRCRAFT,58P,BE58,PISTÃO,2767,6,1977,BRASIL,2
PRGEQ,AVIÃO,BOEING,737-7K5,B737,JATO,64000,0,0,BRASIL,2
PRGEU,AVIÃO,BOEING,B737-752,B737,JATO,70080,0,2005,BRASIL,2
PRGFS,AVIÃO,CESSNA AIRCRAFT,525,C525,JATO,4853,8,2008,BRASIL,2
PRGGA,AVIÃO,BOEING,737-8EH,B738,JATO,70533,197,2007,BRASIL,2
PRGGD,AVIÃO,BOEING,737-8EH,B738,JATO,70533,197,2008,BRASIL,2
PRGGE,AVIÃO,BOEING,737-8EH,B738,JATO,70533,197,2008,BRASIL,2
PRGGF,AVIÃO,BOEING,737-8EH,B738,JATO,70533,197,2008,BRASIL,2
PRGGG,AVIÃO,BOEING,737-8EH,B738,JATO,70533,197,2009,BRASIL,2
PRGGH,AVIÃO,BOEING,737-8EH,B738,JATO,70533,197,2009,BRASIL,2
PRGGJ,AVIÃO,BOEING,737-8EH,B738,JATO,70533,197,2009,BRASIL,2
PRGGK,AVIÃO,BOEING,737-8EH,B738,JATO,70533,197,2008,BRASIL,2
PRGGL,AVIÃO,BOEING,737-8EH,B738,JATO,70533,197,2009,BRASIL,2
PRGGM,AVIÃO,BOEING,737-8EH,B738,JATO,70533,197,2009,BRASIL,2
PRGGN,AVIÃO,BOEING,737-8EH,B738,JATO,70533,197,2009,BRASIL,2
PRGGP,AVIÃO,BOEING,737-8EH,B738,JATO,70533,197,2009,BRASIL,2
PRGGQ,AVIÃO,BOEING,737-8EH,B738,JATO,70533,193,2009,BRASIL,2
PRGGR,AVIÃO,BOEING,737-8EH,B738,JATO,70533,193,2009,BRASIL,2
PRGGT,AVIÃO,BOEING COMPANY,737-8EH,B738,JATO,70533,193,2009,BRASIL,2
PRGGV,AVIÃO,BOEING COMPANY,737-8EH,B738,JATO,70533,193,2009,BRASIL,2
PRGGW,AVIÃO,BOEING,737-8EH,B738,JATO,70533,193,2010,BRASIL,2
PRGGX,AVIÃO,BOEING,737-8EH,B738,JATO,70533,193,2010,BRASIL,2
PRGGY,AVIÃO,BOEING,737-8EH,B738,JATO,70533,193,2010,BRASIL,2
PRGGZ,AVIÃO,BOEING,737-8EH,B738,JATO,70533,193,2010,BRASIL,2
PRGIB,AVIÃO,BOEING COMPANY,737-83N,B738,JATO,79015,194,2001,BRASIL,2
PRGIF,AVIÃO,BOEING COMPANY,737-73S,B737,JATO,68038,154,1998,BRASIL,2
PRGIH,AVIÃO,BOEING,737-76N,B737,JATO,70080,153,2004,BRASIL,2
PRGIL,AVIÃO,BOEING COMPANY,737-7Q8,B737,JATO,66224,153,2000,BRASIL,2
PRGIN,AVIÃO,BOEING,737-73V,B737,JATO,64863,151,2001,BRASIL,2
PRGIO,AVIÃO,BOEING COMPANY,737-85F,B738,JATO,79015,194,2001,BRASIL,2
PRGIP,AVIÃO,BOEING COMPANY,737-85F,B738,JATO,79015,194,2001,BRASIL,2
PRGIU,AVIÃO,BOEING,737-809,B738,JATO,79000,187,1998,BRASIL,2
PRGIV,AVIÃO,BOEING,737-86N,B738,JATO,70533,194,1998,BRASIL,2
PRGIX,AVIÃO,BOEING COMPANY,737-809,B738,JATO,79015,188,2001,BRASIL,2
PRGJA,AVIÃO,RAYTHEON AIRCRAFT,C90A,BE9L,TURBOÉLICE,4581,8,2002,BRASIL,2
PRGJC,AVIÃO,LEARJET,31A,LJ31,JATO,7031,10,2000,BRASIL,2
PRGJD,NULL,PIPER AIRCRAFT,PA-34-220T,PA34,PISTÃO,2155,6,2002,BRASIL,2
PRGJP,AVIÃO,PIPER AIRCRAFT,PA-34-220T,PA34,PISTÃO,2155,6,2001,BRASIL,2
PRGJR,HELICÓPTERO,BELL HELICOPTER,429,B429,TURBOEIXO,3402,NULL,NULL,BRASIL,2
PRGLB,AVIÃO,BOEING COMPANY,737-322,B733,JATO,61234,148,1989,BRASIL,2
PRGLE,AVIÃO,BOEING COMPANY,737-322,B733,JATO,61234,148,1988,BRASIL,2
PRGLH,AVIÃO,BOEING COMPANY,737-322,B733,JATO,61234,148,1989,BRASIL,2
PRGLJ,AVIÃO,BOEING COMPANY,737-322,B733,JATO,61234,148,1988,BRASIL,2
PRGLK,AVIÃO,BOEING COMPANY,737-322,B733,JATO,61234,139,1990,BRASIL,2
PRGLM,AVIÃO,BOEING COMPANY,737-322,B733,JATO,61234,151,1990,BRASIL,2
PRGLN,AVIÃO,BOEING COMPANY,737-322,B733,JATO,61234,151,1989,BRASIL,2
PRGLO,AVIÃO,BOEING COMPANY,737-322,B733,JATO,61234,148,1988,BRASIL,2
PRGNC,AVIÃO,BEECH AIRCRAFT,G58,BE58,PISTÃO,2495,6,2008,BRASIL,2
PRGNL,AVIÃO,CESSNA AIRCRAFT,525,C525,JATO,4717,8,2003,BRASIL,2
PRGNO,AVIÃO,DIAMOND,DA 62,DA 62,TURBOÉLICE,2300,0,2017,BRASIL,2
PRGOD,AVIÃO,BOEING COMPANY,737-75B,B737,JATO,68038,154,1998,BRASIL,2
PRGOF,AVIÃO,BOEING COMPANY,737-76Q,B737,JATO,61688,154,2001,BRASIL,2
PRGOJ,AVIÃO,BOEING COMPANY,737-8CX,B738,JATO,79015,199,2001,BRASIL,2
PRGOM,AVIÃO,BOEING COMPANY,737-76N,B737,JATO,61461,153,2000,BRASIL,2
PRGON,AVIÃO,BOEING,737-76N,B737,JATO,61461,153,1999,BRASIL,2
PRGOO,AVIÃO,BOEING COMPANY,737-76N,B737,JATO,61461,153,2002,BRASIL,2
PRGOP,AVIÃO,BOEING,737-8BK,B738,JATO,70533,193,2002,BRASIL,2
PRGOQ,AVIÃO,BOEING,737-76N,B737,JATO,61461,153,2002,BRASIL,2
PRGOR,AVIÃO,BOEING,737-76N,B737,JATO,61461,153,2002,BRASIL,2
PRGOS,AVIÃO,BEECH AIRCRAFT,58,BE58,PISTÃO,2449,6,1973,BRASIL,2
PRGOT,AVIÃO,BOEING COMPANY,737-8BK,B738,JATO,70533,194,2002,BRASIL,2
PRGOU,AVIÃO,BOEING COMPANY,737-7Q8,B737,JATO,66224,153,1999,BRASIL,2
PRGOV,AVIÃO,BOEING,737-76N,B737,JATO,62595,153,1998,BRASIL,2
PRGOW,AVIÃO,BOEING,737-76N,B737,JATO,62595,153,1998,BRASIL,2
PRGOY,AVIÃO,BOEING,737-7K9,B737,JATO,66678,152,1998,BRASIL,2
PRGPC,HELICÓPTERO,SIKORSKY AIRCRAFT,S-76A,S76,TURBOEIXO,4763,14,1984,BRASIL,2
PRGPF,AVIÃO,PIPER AIRCRAFT,PA-34-220T,PA34,PISTÃO,2155,7,1997,BRASIL,2
PRGPO,AVIÃO,BEECH AIRCRAFT,C90A,BE9L,TURBOÉLICE,4581,8,2001,BRASIL,2
PRGRD,AVIÃO,CESSNA AIRCRAFT,750,C750,JATO,16194,10,2000,BRASIL,2
PRGRJ,HELICÓPTERO,AGUSTA,AW109SP,A109,TURBOEIXO,3175,8,2012,BRASIL,2
PRGSC,AVIÃO,BEECH AIRCRAFT,G58,BE58,PISTÃO,2495,6,2009,BRASIL,2
PRGSE,AVIÃO,BEECH AIRCRAFT,G58,BE58,PISTÃO,2495,6,2008,BRASIL,2
PRGSG,AVIÃO,CESSNA AIRCRAFT,310R,C310,PISTÃO,2576,6,1979,BRASIL,2
PRGTA,AVIÃO,BOEING COMPANY,737-8EH,B738,JATO,79000,194,2006,BRASIL,2
PRGTB,AVIÃO,BOEING,737-8EH,B738,JATO,79000,194,2006,BRASIL,2
PRGTC,AVIÃO,BOEING,737-8EH,B738,JATO,79000,194,2006,BRASIL,2
PRGTE,AVIÃO,BOEING,737-8EH,B738,JATO,79000,194,2006,BRASIL,2
PRGTF,AVIÃO,BOEING,737-8EH,B738,JATO,79000,194,2006,BRASIL,2
PRGTG,AVIÃO,BOEING,737-8EH,B738,JATO,79000,187,2006,BRASIL,2
PRGTH,AVIÃO,BOEING,737-8EH,B738,JATO,79000,194,2006,BRASIL,2
PRGTI,AVIÃO,BOEING COMPANY,737-8EH,B738,JATO,70533,194,2006,BRASIL,2
PRGTK,AVIÃO,BOEING COMPANY,737-8EH,B738,JATO,70533,197,2006,BRASIL,2
PRGTL,AVIÃO,BOEING,737-8EH,B738,JATO,79015,194,2007,BRASIL,2
PRGTM,AVIÃO,BOEING,737-8EH,B738,JATO,70533,187,2007,BRASIL,2
PRGTN,AVIÃO,BOEING,737-8EH,B738,JATO,70533,197,2007,BRASIL,2
PRGTO,AVIÃO,BOEING,737-8EH,B738,JATO,70533,197,2007,BRASIL,2
PRGTP,AVIÃO,BOEING,737-8EH,B738,JATO,70533,197,2007,BRASIL,2
PRGTR,AVIÃO,BOEING COMPANY,737-8EH,B738,JATO,70533,197,2007,BRASIL,2
PRGTT,AVIÃO,BOEING COMPANY,737-8EH,B738,JATO,79015,194,2007,BRASIL,2
PRGTU,AVIÃO,BOEING COMPANY,737-8EH,B738,JATO,70533,197,2007,BRASIL,2
PRGTV,AVIÃO,BOEING,737-8EH,B738,JATO,70533,187,2007,BRASIL,2
PRGTZ,AVIÃO,BOEING COMPANY,737-8EH,B738,JATO,70533,197,2007,BRASIL,2
PRGUA,AVIÃO,BOEING,737-8EH,B738,JATO,70533,193,2010,BRASIL,2
PRGUB,AVIÃO,BOEING,737-8EH,B738,JATO,70533,193,2010,BRASIL,2
PRGUC,AVIÃO,BOEING,737-8EH,B738,JATO,70533,193,2010,BRASIL,2
PRGUD,AVIÃO,BOEING,737-8EH,B738,JATO,70533,193,2010,BRASIL,2
PRGUE,AVIÃO,BOEING,737-8EH,B738,JATO,70533,193,2010,BRASIL,2
PRGUF,AVIÃO,BOEING,737-8EH,B738,JATO,70533,193,2010,BRASIL,2
PRGUG,AVIÃO,BOEING,737-8EH,B738,JATO,79015,187,2011,BRASIL,2
PRGUH,AVIÃO,BOEING,737-8EH,B738,JATO,79015,187,2011,BRASIL,2
PRGUI,AVIÃO,BOEING,737-8EH,B738,JATO,79015,187,2011,BRASIL,2
PRGUJ,AVIÃO,BOEING,737-8EH,B738,JATO,79015,187,2011,BRASIL,2
PRGUK,AVIÃO,BOEING COMPANY,737-8EH,B738,JATO,79015,187,2011,BRASIL,2
PRGUL,AVIÃO,BOEING,737-8EH,B738,JATO,70533,193,2011,BRASIL,2
PRGUM,AVIÃO,BOEING,737-8EH,B738,JATO,70533,193,2011,BRASIL,2
PRGUN,AVIÃO,BOEING,737-8EH,B738,JATO,70533,193,2012,BRASIL,2
PRGUO,AVIÃO,BOEING,737-8EH,B738,JATO,70533,193,2012,BRASIL,2
PRGUP,AVIÃO,BOEING,737-8HX,B738,JATO,79000,193,2012,BRASIL,2
PRGUQ,AVIÃO,BOEING,737-8EH,B738,JATO,70533,193,2012,BRASIL,2
PRGUR,AVIÃO,BOEING,737-8HX,B738,JATO,79000,193,2012,BRASIL,2
PRGUT,AVIÃO,BOEING,737-8HX,B738,JATO,79000,193,2012,BRASIL,2
PRGUU,AVIÃO,BOEING,737-8EH,B738,JATO,70533,199,2012,BRASIL,2
PRGUV,AVIÃO,BOEING,737-8EH,B738,JATO,70533,199,2012,BRASIL,2
PRGUX,AVIÃO,BOEING,737-8EH,B738,JATO,70533,199,2013,BRASIL,2
PRGUY,AVIÃO,BOEING,737-8EH,B738,JATO,70533,199,2013,BRASIL,2
PRGUZ,AVIÃO,BOEING,737-8EH,B738,JATO,70533,199,2013,BRASIL,2
PRGVJ,AVIÃO,TEXTRON AVIATION,C90GTI,BE9L,TURBOÉLICE,4756,7,2017,BRASIL,2
PRGXA,AVIÃO,BOEING,737-8EH,B738,JATO,70533,199,2013,BRASIL,2
PRGXB,AVIÃO,BOEING,737-8EH,B738,JATO,70533,199,2013,BRASIL,2
PRGXC,AVIÃO,BOEING,737-8EH,B738,JATO,70533,199,2013,BRASIL,2
PRGXD,AVIÃO,BOEING,737-8EH,B738,JATO,70533,199,2013,BRASIL,2
PRGXE,AVIÃO,BOEING,737-8EH,B738,JATO,70533,199,2013,BRASIL,2
PRGXF,AVIÃO,BOEING,737-8EH,B738,JATO,70533,199,2013,BRASIL,2
PRGXH,AVIÃO,BOEING,737-8EH,B738,JATO,70533,199,2013,BRASIL,2
PRGXI,AVIÃO,BOEING,737-8EH,B738,JATO,70533,199,2013,BRASIL,2
PRGXJ,AVIÃO,BOEING,737-8EH,B738,JATO,70533,199,2013,BRASIL,2
PRGXL,AVIÃO,BOEING,737-8EH,B738,JATO,70533,199,2013,BRASIL,2
PRGXM,AVIÃO,BOEING,737-8EH,B738,JATO,70533,199,2013,BRASIL,2
PRGXN,AVIÃO,BOEING,737-8EH,B738,JATO,70533,199,2014,BRASIL,2
PRGXP,AVIÃO,BOEING,737-8EH,B738,JATO,70533,0,2014,BRASIL,2
PRGXQ,AVIÃO,BOEING,737-8EH,B738,JATO,70533,186,2014,BRASIL,2
PRGXR,AVIÃO,BOEING,737-8EH,B738,JATO,70533,187,0,BRASIL,2
PRGXT,AVIÃO,BOEING COMPANY,737-8EH,B738,JATO,70533,196,2014,BRASIL,2
PRGXU,AVIÃO,BOEING COMPANY,737-8EH,B738,JATO,70533,196,2014,BRASIL,2
PRGXV,AVIÃO,BOEING,737-8EH,B738,JATO,70533,196,2014,BRASIL,2
PRGXW,AVIÃO,BOEING,737-8EH,B738,JATO,70533,0,2014,BRASIL,2
PRGXX,AVIÃO,BOEING COMPANY,737-8EH,B738,JATO,70533,196,0,BRASIL,2
PRGXZ,AVIÃO,BOEING,737-8EH,B738,JATO,70533,187,0,BRASIL,2
PRGYA,AVIÃO,BOEING,737-8EH,B738,JATO,70533,187,0,BRASIL,2
PRGYD,AVIÃO,BOEING COMPANY,737-8EH,B738,JATO,70533,0,2016,BRASIL,2
PRGZH,AVIÃO,BOEING,737-85R,B738,JATO,79015,196,2014,BRASIL,2
PRGZI,AVIÃO,BOEING,737-86N,B738,JATO,79015,196,2012,BRASIL,2
PRGZS,AVIÃO,BOEING,737-8AS,B738,JATO,70533,196,2011,BRASIL,2
PRGZU,AVIÃO,BOEING,737-8AS,B738,JATO,70533,0,2011,BRASIL,2
PRGZW,AVIÃO,BOEING,737-86N,B738,JATO,79015,0,2006,BRASIL,2
PRHAA,HELICÓPTERO,EUROCOPTER,EC 135P2,EC35,TURBOEIXO,2835,7,2002,BRASIL,2
PRHBC,HELICÓPTERO,EUROCOPTER FRANCE,AS 355 N,AS55,TURBOEIXO,2600,6,2001,BRASIL,2
PRHBE,HELICÓPTERO,EUROCOPTER FRANCE,AS 355 N,AS55,TURBOEIXO,2600,6,1993,BRASIL,2
PRHBF,HELICÓPTERO,EUROCOPTER FRANCE,AS 355 N,AS55,TURBOEIXO,2600,6,1997,BRASIL,2
PRHFC,HELICÓPTERO,EUROCOPTER,AS 355 N,AS55,TURBOEIXO,2600,6,2002,BRASIL,2
PRHFT,AVIÃO,CESSNA AIRCRAFT,525,C525,JATO,4853,8,2016,BRASIL,2
PRHFW,AVIÃO,RAYTHEON AIRCRAFT,BAE125-800A,H25B,JATO,12429,10,1993,BRASIL,2
PRHHA,AVIÃO,BEECH AIRCRAFT,58,BE58,PISTÃO,2449,6,1982,BRASIL,2
PRHJS,HELICÓPTERO,EUROCOPTER FRANCE,AS 365 N3,AS65,TURBOEIXO,4300,13,2004,BRASIL,2
PRHKM,AVIÃO,RAYTHEON AIRCRAFT,G58,BE58,PISTÃO,2495,6,2007,BRASIL,2
PRHMV,AVIÃO,CESSNA AIRCRAFT,525B,C25B,JATO,6291,9,2009,BRASIL,2
PRHNG,AVIÃO,BOMBARDIER,BD-100-1A10,CL30,JATO,17460,11,0,BRASIL,2
PRHOM,AVIÃO,BEECH AIRCRAFT,58,BE58,PISTÃO,2495,6,1992,BRASIL,2
PRHRM,AVIÃO,PIPER AIRCRAFT,PA-31T,PAY2,TURBOÉLICE,4082,8,1976,BRASIL,2
PRHRP,AVIÃO,PIPER AIRCRAFT,PA-34-220T,PA34,PISTÃO,2155,6,2000,BRASIL,2
PRHRR,HELICÓPTERO,SIKORSKY AIRCRAFT,S-61N,S61,TURBOEIXO,8618,21,1967,BRASIL,2
PRHRS,HELICÓPTERO,SIKORSKY AIRCRAFT,S-61N,S61,TURBOEIXO,9299,21,1971,BRASIL,2
PRHRU,HELICÓPTERO,SIKORSKY AIRCRAFT,S-61N,S61,TURBOEIXO,8618,21,1972,BRASIL,2
PRHRV,HELICÓPTERO,SIKORSKY,S-61N,S61,TURBOEIXO,9299,21,1977,BRASIL,2
PRHRY,HELICÓPTERO,BELL HELICOPTER,212,B212,TURBOEIXO,5080,16,1992,BRASIL,2
PRHRZ,HELICÓPTERO,BELL HELICOPTER,212,B212,TURBOEIXO,5080,15,1971,BRASIL,2
PRHSD,AVIÃO,PIPER AIRCRAFT,PA-34-220T,PA34,PISTÃO,2155,6,2011,BRASIL,2
PRHTL,HELICÓPTERO,EUROCOPTER FRANCE,AS 355 F1,AS55,TURBOEIXO,2400,6,1981,BRASIL,2
PRHZA,HELICÓPTERO,EUROCOPTER DEUTSCHLAND,EC 135P2+,EC35,TURBOEIXO,2910,7,2005,BRASIL,2
PRHZD,HELICÓPTERO,EUROCOPTER DEUTSCHLAND,BK 117 C-2,EC45,TURBOEIXO,3585,10,2011,BRASIL,2
PRIAA,AVIÃO,PIPER AIRCRAFT,PA-34-200T,PA34,PISTÃO,2073,6,1978,BRASIL,2
PRIAN,AVIÃO,BEECH AIRCRAFT,E55,BE55,PISTÃO,2263,6,1973,BRASIL,2
PRIAV,AVIÃO,DIAMOND,DA 62,DA62,PISTÃO,2300,7,2018,BRASIL,2
PRICT,AVIÃO,BEECH AIRCRAFT,58,BE58,PISTÃO,2495,6,2002,BRASIL,2
PRIEI,AVIÃO,EMBRAER,EMB-500,E50P,JATO,4750,6,2009,BRASIL,2
PRIME,HELICÓPTERO,SIKORSKY AIRCRAFT,S-76A,S76,TURBOEIXO,4763,14,1981,BRASIL,2
PRIMF,HELICÓPTERO,SIKORSKY,S-76A,S76,TURBOEIXO,4763,14,1981,BRASIL,2
PRIMI,HELICÓPTERO,SIKORSKY,S-76A,S76,TURBOEIXO,4763,14,1987,BRASIL,2
PRIMN,AVIÃO,PIPER AIRCRAFT,PA-31,PA31,PISTÃO,2948,8,1977,BRASIL,2
PRIMO,AVIÃO,LET AIRCRAFT INDUSTRIES,L410UVP-E20,L410,TURBOÉLICE,6600,21,1992,BRASIL,2
PRIND,AVIÃO,RAYTHEON AIRCRAFT,400A,BE40,JATO,7394,10,2006,BRASIL,2
PRINF,AVIÃO,HAWKER BEECHCRAFT,4000,HA4T,JATO,17917,12,2009,BRASIL,2
PRIOY,AVIÃO,BOEING,737-4B6,B734,JATO,68038,6,1992,BRASIL,2
PRIPO,HELICÓPTERO,AGUSTA,A109S,A109,TURBOEIXO,3175,8,0,BRASIL,2
PRITE,AVIÃO,HAWKER BEECHCRAFT,G58,BE58,PISTÃO,2495,6,2011,BRASIL,2
PRIVI,AVIÃO,EMBRAER,EMB-500,E50P,JATO,4750,6,2009,BRASIL,2
PRIZQ,AVIÃO,RAYTHEON AIRCRAFT,C90A,BE9L,TURBOÉLICE,4581,8,2002,BRASIL,2
PRJAA,HELICÓPTERO,SIKORSKY AIRCRAFT,S-92A,S92,TURBOEIXO,12020,22,2008,BRASIL,2
PRJAD,AVIÃO,RAYTHEON AIRCRAFT,58,BE58,PISTÃO,2449,6,2005,BRASIL,2
PRJAF,HELICÓPTERO,SIKORSKY AIRCRAFT,S-92A,S92,TURBOEIXO,12020,21,2008,BRASIL,2
PRJAI,AVIÃO,PIPER AIRCRAFT,PA-34-200T,PA34,PISTÃO,2073,6,1975,BRASIL,2
PRJAJ,AVIÃO,EMBRAER,EMB-500,E50P,JATO,4750,6,2009,BRASIL,2
PRJAL,AVIÃO,BEECH AIRCRAFT,58,BE58,PISTÃO,2500,6,1986,BRASIL,2
PRJAN,AVIÃO,PIPER AIRCRAFT,PA-34-220T,PA34,PISTÃO,2155,6,2007,BRASIL,2
PRJAQ,AVIÃO,CESSNA AIRCRAFT,750,C750,JATO,16194,10,1998,BRASIL,2
PRJAR,HELICÓPTERO,SIKORSKY AIRCRAFT,S-92A,S92,TURBOEIXO,12020,21,2011,BRASIL,2
PRJAW,HELICÓPTERO,SIKORSKY,S-92A,S92,TURBOEIXO,12020,22,2012,BRASIL,2
PRJAY,AVIÃO,PIPER AIRCRAFT,PA-34-200T,PA34,PISTÃO,2073,6,1975,BRASIL,2
PRJBE,HELICÓPTERO,SIKORSKY AIRCRAFT,S-92A,S92,TURBOEIXO,12020,21,2012,BRASIL,2
PRJBI,HELICÓPTERO,SIKORSKY,S-92A,S92,TURBOEIXO,12020,21,2012,BRASIL,2
PRJBO,HELICÓPTERO,SIKORSKY AIRCRAFT,S-92A,S92,TURBOEIXO,12020,22,2012,BRASIL,2
PRJBP,HELICÓPTERO,SIKORSKY,S-92A,S92,TURBOEIXO,12020,NULL,NULL,BRASIL,2
PRJBQ,HELICÓPTERO,SIKORSKY AIRCRAFT,S-92A,S92,TURBOEIXO,12020,NULL,NULL,BRASIL,2
PRJBX,HELICÓPTERO,SIKORSKY AIRCRAFT,S-92A,S92,TURBOEIXO,12020,21,2015,BRASIL,2
PRJCG,AVIÃO,PIPER AIRCRAFT,PA-34-220T,PA34,PISTÃO,2155,7,2003,BRASIL,2
PRJDB,AVIÃO,RAYTHEON AIRCRAFT,B300,B350,TURBOÉLICE,6804,11,2005,BRASIL,2
PRJEC,AVIÃO,LEARJET,45 (LEARJET 40),LJ40,JATO,9231,9,2008,BRASIL,2
PRJFC,AVIÃO,BEECH AIRCRAFT,B300,B350,TURBOÉLICE,6804,11,0,BRASIL,2
PRJFN,AVIÃO,MITSUBISHI,MU-2B-60,MU2,TURBOÉLICE,5250,9,1982,BRASIL,2
PRJGC,HELICÓPTERO,EUROCOPTER,EC 135P2+,EC35,TURBOEIXO,2910,7,2009,BRASIL,2
PRJGR,AVIÃO,PIPER AIRCRAFT,PA-34-220T,PA34,PISTÃO,2155,7,2006,BRASIL,2
PRJGV,AVIÃO,BEECH AIRCRAFT,58,BE58,PISTÃO,2494,6,1999,BRASIL,2
PRJHD,HELICÓPTERO,LEONARDO S.P.A,AW139,A139,TURBOEIXO,7000,14,2009,BRASIL,2
PRJHE,HELICÓPTERO,LEONARDO S.P.A,AW139,A139,TURBOEIXO,7000,NULL,2012,BRASIL,2
PRJHG,HELICÓPTERO,LEONARDO S.P.A,AW139,A139,TURBOEIXO,7000,17,2007,BRASIL,2
PRJHM,AVIÃO,BEECH AIRCRAFT,58,BE58,PISTÃO,2449,6,1973,BRASIL,2
PRJJD,AVIÃO,EMBRAER,EMB-500,E50P,JATO,4750,6,2010,BRASIL,2
PRJJM,AVIÃO,RAYTHEON AIRCRAFT,C90GTI,BE9L,TURBOÉLICE,4581,8,2008,BRASIL,2
PRJJV,AVIÃO,LEARJET,31A,LJ31,JATO,7031,10,1998,BRASIL,2
PRJKE,HELICÓPTERO,SIKORSKY AIRCRAFT,S-92A,S92,TURBOEIXO,12020,21,2007,BRASIL,2
PRJKK,HELICÓPTERO,SIKORSKY AIRCRAFT,S-92A,S92,TURBOEIXO,12020,NULL,2013,BRASIL,2
PRJLO,AVIÃO,RAYTHEON AIRCRAFT,58,BE58,PISTÃO,2449,6,1999,BRASIL,2
PRJLS,AVIÃO,PIPER AIRCRAFT,PA-34-220T,PA34,PISTÃO,2155,6,1995,BRASIL,2
PRJMB,HELICÓPTERO,AGUSTA,A109S,A109,TURBOEIXO,3175,8,2010,BRASIL,2
PRJMO,AVIÃO,BEECH AIRCRAFT,C90,BE9L,TURBOÉLICE,4377,7,1999,BRASIL,2
PRJMR,AVIÃO,PIPER AIRCRAFT,PA-34-220T,PA34,PISTÃO,2155,6,2005,BRASIL,2
PRJNW,AVIÃO,CESSNA AIRCRAFT,525,C525,JATO,4717,9,1993,BRASIL,2
PRJOK,AVIÃO,HAWKER BEECHCRAFT,G58,BE58,PISTÃO,2495,NULL,NULL,BRASIL,2
PRJPK,AVIÃO,BEECH AIRCRAFT,400A,BE40,JATO,7303,9,1997,BRASIL,2
PRJRR,AVIÃO,RAYTHEON AIRCRAFT,390,PRM1,JATO,5670,8,2003,BRASIL,2
PRJSR,AVIÃO,CESSNA AIRCRAFT,560XL,C56X,JATO,9072,11,2010,BRASIL,2
PRJVF,AVIÃO,CESSNA AIRCRAFT,525A,C25A,JATO,5670,10,2007,BRASIL,2
PRKAC,AVIÃO,BEECH AIRCRAFT,58,BE58,PISTÃO,2495,6,1999,BRASIL,2
PRKEA,AVIÃO,GULFSTREAM,G-IV,GLF4,JATO,33838,11,1989,BRASIL,2
PRKEB,AVIÃO,BEECH AIRCRAFT,200,BE20,TURBOÉLICE,5670,9,1981,BRASIL,2
PRKEM,AVIÃO,BEECH AIRCRAFT,B200T,BE20,TURBOÉLICE,5670,10,1988,BRASIL,2
PRKKA,AVIÃO,CESSNA AIRCRAFT,650,C650,JATO,9530,11,0,BRASIL,2
PRKNC,AVIÃO,PIPER AIRCRAFT,PA-34-200,PA34,PISTÃO,1905,6,1974,BRASIL,2
PRKNI,AVIÃO,PIPER AIRCRAFT,PA-34-200,PA34,PISTÃO,1905,7,0,BRASIL,2
PRKRT,AVIÃO,CESSNA AIRCRAFT,525A,C25A,JATO,5670,10,2012,BRASIL,2
PRKYK,AVIÃO,CESSNA AIRCRAFT,525A,C25A,JATO,5613,10,2009,BRASIL,2
PRLAB,AVIÃO,PIPER AIRCRAFT,PA-34-220T,PA34,PISTÃO,2155,6,1996,BRASIL,2
PRLBA,HELICÓPTERO,SIKORSKY AIRCRAFT,S-76C,S76,TURBOEIXO,5307,15,2008,BRASIL,2
PRLCA,HELICÓPTERO,SIKORSKY AIRCRAFT,S-76C,S76,TURBOEIXO,5307,14,2003,BRASIL,2
PRLCC,HELICÓPTERO,SIKORSKY AIRCRAFT,S-76C,S76,TURBOEIXO,5307,14,2004,BRASIL,2
PRLCD,HELICÓPTERO,SIKORSKY,S-76C,S76,TURBOEIXO,5307,14,2003,BRASIL,2
PRLCE,HELICÓPTERO,SIKORSKY AIRCRAFT,S-76C,S76,TURBOEIXO,5307,14,2004,BRASIL,2
PRLCF,HELICÓPTERO,SIKORSKY AIRCRAFT,S-76C,S76,TURBOEIXO,5307,14,2004,BRASIL,2
PRLCH,HELICÓPTERO,SIKORSKY,S-76C,S76,TURBOEIXO,5307,14,2004,BRASIL,2
PRLCI,HELICÓPTERO,SIKORSKY AIRCRAFT,S-76C,S76,TURBOEIXO,5307,14,2004,BRASIL,2
PRLCJ,HELICÓPTERO,SIKORSKY AIRCRAFT,S-76C,S76,TURBOEIXO,5307,14,2004,BRASIL,2
PRLCM,HELICÓPTERO,SIKORSKY AIRCRAFT,S-76C,S76,TURBOEIXO,5307,14,2006,BRASIL,2
PRLCN,HELICÓPTERO,SIKORSKY AIRCRAFT,S-76C,S76,TURBOEIXO,5307,14,2006,BRASIL,2
PRLCP,HELICÓPTERO,SIKORSKY AIRCRAFT,S-76C,S76,TURBOEIXO,5307,14,2006,BRASIL,2
PRLCQ,HELICÓPTERO,SIKORSKY,S-76C,S76,TURBOEIXO,5307,14,2006,BRASIL,2
PRLCR,HELICÓPTERO,SIKORSKY AIRCRAFT,S-76C,S76,TURBOEIXO,5307,14,2006,BRASIL,2
PRLCT,HELICÓPTERO,SIKORSKY,S-76C,S76,TURBOEIXO,5307,14,2008,BRASIL,2
PRLCZ,HELICÓPTERO,SIKORSKY,S-76C,S76,TURBOEIXO,5307,14,2008,BRASIL,2
PRLDA,HELICÓPTERO,SIKORSKY AIRCRAFT,S-76C,S76,TURBOEIXO,5307,14,2009,BRASIL,2
PRLDC,HELICÓPTERO,SIKORSKY AIRCRAFT,S-76C,S76,TURBOEIXO,5307,14,2009,BRASIL,2
PRLDG,HELICÓPTERO,SIKORSKY,S-76C,S76,TURBOEIXO,5307,14,2009,BRASIL,2
PRLDH,HELICÓPTERO,SIKORSKY AIRCRAFT,S-76C,S76,TURBOEIXO,5307,14,2009,BRASIL,2
PRLDM,HELICÓPTERO,SIKORSKY,S-76C,S76,TURBOEIXO,5307,14,2006,BRASIL,2
PRLDS,AVIÃO,PIPER AIRCRAFT,PA-31,PA31,PISTÃO,3052,3,1973,BRASIL,2
PRLDT,HELICÓPTERO,SIKORSKY,S-76C,S76,TURBOEIXO,5307,14,2003,BRASIL,2
PRLDV,HELICÓPTERO,SIKORSKY,S-76C,S76,TURBOEIXO,5307,14,2009,BRASIL,2
PRLDW,HELICÓPTERO,SIKORSKY,S-76C,S76,TURBOEIXO,5307,14,2008,BRASIL,2
PRLDX,HELICÓPTERO,SIKORSKY AIRCRAFT,S-76C,S76,TURBOEIXO,5307,14,2011,BRASIL,2
PRLEN,AVIÃO,HAWKER BEECHCRAFT,G58,BE58,PISTÃO,2495,6,1980,BRASIL,2
PRLGF,AVIÃO,BOEING COMPANY,757-28A,B752,JATO,113398,4,1988,BRASIL,2
PRLGJ,AVIÃO,BOEING COMPANY,757-225,B752,JATO,108862,5,1984,BRASIL,2
PRLGN,AVIÃO,BOEING COMPANY,757-236,B752,JATO,113398,6,1992,BRASIL,2
PRLIF,AVIÃO,PIPER AIRCRAFT,PA-34-200,PA34,PISTÃO,1905,6,1973,BRASIL,2
PRLJE,AVIÃO,BEECH AIRCRAFT,58,BE58,PISTÃO,2449,6,1980,BRASIL,2
PRLJJ,AVIÃO,CESSNA AIRCRAFT,550,C550,JATO,6033,10,1984,BRASIL,2
PRLJM,AVIÃO,CESSNA AIRCRAFT,525,C525,JATO,4808,8,2001,BRASIL,2
PRLJP,AVIÃO,PIPER AIRCRAFT,PA-34-220T,PA34,PISTÃO,2155,7,2012,BRASIL,2
PRLLA,AVIÃO,BEECH AIRCRAFT,58,BE58,PISTÃO,2449,6,1981,BRASIL,2
PRLLC,AVIÃO,PIPER AIRCRAFT,PA-34-200T,PA34,PISTÃO,2073,6,1978,BRASIL,2
PRLLE,AVIÃO,PIPER AIRCRAFT,PA-34-220T,PA34,PISTÃO,2155,6,2011,BRASIL,2
PRLMN,AVIÃO,BEECH AIRCRAFT,58,BE58,PISTÃO,2449,6,1975,BRASIL,2
PRLMP,AVIÃO,EMBRAER,EMB-500,E50P,JATO,4750,6,2009,BRASIL,2
PRLNA,AVIÃO,PIPER AIRCRAFT,PA-34-220T,PA34,PISTÃO,2155,6,2007,BRASIL,2
PRLOG,AVIÃO,PIPER AIRCRAFT,PA-34-220T,PA34,PISTÃO,2155,6,2001,BRASIL,2
PRLON,AVIÃO,BEECH AIRCRAFT,58,BE58,PISTÃO,2449,6,1979,BRASIL,2
PRLRJ,AVIÃO,LEARJET,31A,LJ31,JATO,7484,10,1998,BRASIL,2
PRLRR,AVIÃO,LEARJET,31,LJ31,JATO,7031,10,1990,BRASIL,2
PRLSI,AVIÃO,BEECH AIRCRAFT,58,BE58,PISTÃO,2494,6,1991,BRASIL,2
PRLTT,AVIÃO,PIPER AIRCRAFT,PA-34-220T,PA34,PISTÃO,2155,6,2010,BRASIL,2
PRMAA,AVIÃO,AIRBUS,A320-232,A320,JATO,77000,184,2001,BRASIL,2
PRMAB,AVIÃO,AIRBUS INDUSTRIE,A320-232,A320,JATO,70000,184,2001,BRASIL,2
PRMAC,AVIÃO,AIRBUS,A320-232,A320,JATO,77000,184,2001,BRASIL,2
PRMAD,AVIÃO,AIRBUS INDUSTRIE,A320-232,A320,JATO,77000,184,2002,BRASIL,2
PRMAE,AVIÃO,AIRBUS INDUSTRIE,A320-232,A320,JATO,70000,184,2002,BRASIL,2
PRMAG,AVIÃO,AIRBUS,A320-232,A320,JATO,77000,166,2002,BRASIL,2
PRMAH,AVIÃO,AIRBUS INDUSTRIE,A319-132,A319,JATO,75500,154,2001,BRASIL,2
PRMAI,AVIÃO,AIRBUS INDUSTRIE,A319-132,A319,JATO,75500,154,2002,BRASIL,2
PRMAJ,AVIÃO,AIRBUS INDUSTRIE,A320-232,A320,JATO,70000,184,2002,BRASIL,2
PRMAK,AVIÃO,AIRBUS,A320-232,A320,JATO,77000,166,2002,BRASIL,2
PRMAL,AVIÃO,AIRBUS,A319-132,A319,JATO,64000,154,2002,BRASIL,2
PRMAM,AVIÃO,AIRBUS,A319-132,A319,JATO,75500,154,2002,BRASIL,2
PRMAN,AVIÃO,AIRBUS INDUSTRIE,A319-132,A319,JATO,64000,154,2002,BRASIL,2
PRMAO,AVIÃO,AIRBUS,A319-132,A319,JATO,64000,154,2002,BRASIL,2
PRMAP,AVIÃO,AIRBUS,A320-232,A320,JATO,77000,166,2002,BRASIL,2
PRMAQ,AVIÃO,AIRBUS,A319-132,A319,JATO,64000,154,2002,BRASIL,2
PRMAR,AVIÃO,AIRBUS INDUSTRIE,A320-232,A320,JATO,77000,166,2002,BRASIL,2
PRMAS,AVIÃO,AIRBUS INDUSTRIE,A320-232,A320,JATO,70000,184,2005,BRASIL,2
PRMAV,AVIÃO,AIRBUS INDUSTRIE,A320-232,A320,JATO,77000,166,2005,BRASIL,2
PRMAW,AVIÃO,AIRBUS INDUSTRIE,A320-232,A320,JATO,77000,184,2005,BRASIL,2
PRMAX,AVIÃO,AIRBUS INDUSTRIE,A320-232,A320,JATO,77000,184,2005,BRASIL,2
PRMAY,AVIÃO,AIRBUS INDUSTRIE,A320-232,A320,JATO,77000,166,2006,BRASIL,2
PRMAZ,AVIÃO,AIRBUS INDUSTRIE,A320-232,A320,JATO,77000,166,2005,BRASIL,2
PRMBA,AVIÃO,AIRBUS,A320-232,A320,JATO,77000,184,2006,BRASIL,2
PRMBB,AVIÃO,AIRBUS INDUSTRIE,A320-232,A320,JATO,77000,166,2006,BRASIL,2
PRMBC,AVIÃO,AIRBUS INDUSTRIE,A320-232,A320,JATO,77000,166,2006,BRASIL,2
PRMBD,AVIÃO,AIRBUS INDUSTRIE,A320-232,A320,JATO,77000,182,2006,BRASIL,2
PRMBE,AVIÃO,AIRBUS,A320-232,A320,JATO,77000,166,2006,BRASIL,2
PRMBF,AVIÃO,AIRBUS,A320-232,A320,JATO,70000,184,2006,BRASIL,2
PRMBG,AVIÃO,AIRBUS,A320-232,A320,JATO,75500,182,2001,BRASIL,2
PRMBH,AVIÃO,AIRBUS,A320-232,A320,JATO,77000,166,2006,BRASIL,2
PRMBI,AVIÃO,AIRBUS INDUSTRIE,A319-132,A319,JATO,75500,154,2001,BRASIL,2
PRMBK,AVIÃO,AIRBUS INDUSTRIE,A320-233,A320,JATO,77000,185,1998,BRASIL,2
PRMBL,AVIÃO,AIRBUS INDUSTRIE,A320-233,A320,JATO,77000,184,2003,BRASIL,2
PRMBM,AVIÃO,AIRBUS INDUSTRIE,A320-233,A320,JATO,77000,167,2000,BRASIL,2
PRMBN,AVIÃO,AIRBUS,A319-132,A319,JATO,75500,154,2007,BRASIL,2
PRMBO,AVIÃO,AIRBUS INDUSTRIE,A320-232,A320,JATO,77000,184,2007,BRASIL,2
PRMBP,AVIÃO,AIRBUS INDUSTRIE,A320-232,A320,JATO,77000,166,2000,BRASIL,2
PRMBQ,AVIÃO,AIRBUS INDUSTRIE,A320-232,A320,JATO,77000,184,2001,BRASIL,2
PRMBR,AVIÃO,AIRBUS,A320-232,A320,JATO,77000,184,2002,BRASIL,2
PRMBS,AVIÃO,AIRBUS INDUSTRIE,A320-232,A320,JATO,77000,184,2002,BRASIL,2
PRMBU,AVIÃO,AIRBUS,A319-132,A319,JATO,75500,154,2008,BRASIL,2
PRMBV,AVIÃO,AIRBUS,A319-132,A319,JATO,75500,154,2008,BRASIL,2
PRMBW,AVIÃO,AIRBUS,A319-132,A319,JATO,75500,154,2008,BRASIL,2
PRMBX,AVIÃO,AIRBUS,A320-232,A320,JATO,77000,184,2001,BRASIL,2
PRMBY,AVIÃO,AIRBUS,A320-232,A320,JATO,77000,184,2002,BRASIL,2
PRMBZ,AVIÃO,AIRBUS,A320-232,A320,JATO,77000,184,2002,BRASIL,2
PRMCD,AVIÃO,PIPER AIRCRAFT,PA-31-350,PA31,PISTÃO,3175,10,1980,BRASIL,2
PRMCF,AVIÃO,RAYTHEON AIRCRAFT,B200,BE20,TURBOÉLICE,5670,11,2002,BRASIL,2
PRMCH,HELICÓPTERO,SIKORSKY AIRCRAFT,S-76A,S76,TURBOEIXO,4898,14,1981,BRASIL,2
PRMCL,AVIÃO,CESSNA AIRCRAFT,510,C510,JATO,3921,6,2008,BRASIL,2
PRMCN,AVIÃO,CESSNA AIRCRAFT,S550,C550,JATO,6849,11,1985,BRASIL,2
PRMDE,AVIÃO,CESSNA AIRCRAFT,510,C510,JATO,3921,6,2009,BRASIL,2
PRMDL,AVIÃO,PIPER AIRCRAFT,PA-34-220T,PA34,PISTÃO,2155,6,2002,BRASIL,2
PRMEJ,AVIÃO,BEECH AIRCRAFT,58,BE58,PISTÃO,2495,6,2001,BRASIL,2
PRMEK,HELICÓPTERO,EUROCOPTER,SA 365 N,AS65,TURBOEIXO,4000,13,1982,BRASIL,2
PRMEM,HELICÓPTERO,EUROCOPTER FRANCE,AS 365 N3,AS65,TURBOEIXO,4300,12,2007,BRASIL,2
PRMEO,HELICÓPTERO,EUROCOPTER DEUTSCHLAND,EC 135P2+,EC35,TURBOEIXO,2910,7,2006,BRASIL,2
PRMEQ,HELICÓPTERO,EUROCOPTER DEUTSCHLAND,BO-105S,B105,TURBOEIXO,2300,6,1996,BRASIL,2
PRMER,HELICÓPTERO,EUROCOPTER,BO-105S,B105,TURBOEIXO,2300,6,1996,BRASIL,2
PRMEU,HELICÓPTERO,EUROCOPTER DEUTSCHLAND,EC 135P2+,EC35,TURBOEIXO,2910,8,2007,BRASIL,2
PRMEW,HELICÓPTERO,EUROCOPTER DEUTSCHLAND,BO-105S,B105,TURBOEIXO,2500,6,1997,BRASIL,2
PRMEX,HELICÓPTERO,SIKORSKY AIRCRAFT,S-61N,S61,TURBOEIXO,19000,21,1975,BRASIL,2
PRMEY,HELICÓPTERO,SIKORSKY,S-76C,S76,TURBOEIXO,5307,14,2009,BRASIL,2
PRMEZ,HELICÓPTERO,SIKORSKY AIRCRAFT,S-76C,S76,TURBOEIXO,5307,14,2009,BRASIL,2
PRMFA,AVIÃO,BEECH AIRCRAFT,58,BE58,PISTÃO,2449,6,1995,BRASIL,2
PRMGZ,AVIÃO,TEXTRON AVIATION,C90GTI,BE9L,TURBOÉLICE,4756,8,2017,BRASIL,2
PRMHA,AVIÃO,AIRBUS,A320-214,A320,JATO,77000,184,2006,BRASIL,2
PRMHB,AVIÃO,AIRBUS INDUSTRIE,A320-214,A320,JATO,77000,184,2001,BRASIL,2
PRMHC,AVIÃO,AIRBUS INDUSTRIE,A320-214,A320,JATO,77000,184,2002,BRASIL,2
PRMHD,AVIÃO,AIRBUS INDUSTRIE,A320-214,A320,JATO,77000,184,2002,BRASIL,2
PRMHE,AVIÃO,AIRBUS,A320-214,A320,JATO,77000,184,2007,BRASIL,2
PRMHF,AVIÃO,AIRBUS,A320-214,A320,JATO,77000,184,2007,BRASIL,2
PRMHG,AVIÃO,AIRBUS,A320-214,A320,JATO,77000,184,2007,BRASIL,2
PRMHH,AVIÃO,AIRBUS INDUSTRIE,A320-214,A320,JATO,77000,184,2006,BRASIL,2
PRMHI,AVIÃO,AIRBUS,A320-214,A320,JATO,77000,184,2007,BRASIL,2
PRMHJ,AVIÃO,AIRBUS,A320-214,A320,JATO,77000,184,2007,BRASIL,2
PRMHK,AVIÃO,AIRBUS,A320-214,A320,JATO,77000,184,2007,BRASIL,2
PRMHM,AVIÃO,AIRBUS,A320-214,A320,JATO,77000,184,2007,BRASIL,2
PRMHN,AVIÃO,AIRBUS INDUSTRIE,A320-214,A320,JATO,77000,184,2007,BRASIL,2
PRMHO,AVIÃO,AIRBUS INDUSTRIE,A320-214,A320,JATO,77000,184,2007,BRASIL,2
PRMHP,AVIÃO,AIRBUS,A320-214,A320,JATO,77000,184,2007,BRASIL,2
PRMHQ,AVIÃO,AIRBUS,A320-214,A320,JATO,77000,184,2007,BRASIL,2
PRMHR,AVIÃO,AIRBUS,A320-214,A320,JATO,77000,184,2007,BRASIL,2
PRMHS,AVIÃO,AIRBUS INDUSTRIE,A320-214,A320,JATO,77000,184,2007,BRASIL,2
PRMHT,AVIÃO,AIRBUS INDUSTRIE,A320-214,A320,JATO,77000,184,2002,BRASIL,2
PRMHU,AVIÃO,AIRBUS,A320-214,A320,JATO,77000,184,2008,BRASIL,2
PRMHV,AVIÃO,AIRBUS,A320-214,A320,JATO,77000,184,2008,BRASIL,2
PRMHW,AVIÃO,AIRBUS,A320-214,A320,JATO,77000,184,2008,BRASIL,2
PRMHX,AVIÃO,AIRBUS,A320-214,A320,JATO,77000,184,2008,BRASIL,2
PRMHY,AVIÃO,AIRBUS INDUSTRIE,A320-214,A320,JATO,77000,184,2008,BRASIL,2
PRMHZ,AVIÃO,AIRBUS,A320-214,A320,JATO,77000,184,2008,BRASIL,2
PRMIG,HELICÓPTERO,AGUSTA,A109E,A109,TURBOEIXO,2850,8,2004,BRASIL,2
PRMJC,AVIÃO,CESSNA AIRCRAFT,750,C750,JATO,16375,11,2005,BRASIL,2
PRMJH,AVIÃO,BEECH AIRCRAFT,E55,BE55,PISTÃO,2404,6,1974,BRASIL,2
PRMJL,HELICÓPTERO,EUROCOPTER,EC 155 B1,EC55,TURBOEIXO,4850,8,2011,BRASIL,2
PRMJT,AVIÃO,EMBRAER,EMB-810C,PA34,PISTÃO,2073,6,1976,BRASIL,2
PRMLA,AVIÃO,LEARJET,35A,LJ35,JATO,8165,10,1976,BRASIL,2
PRMLL,HELICÓPTERO,AGUSTA,AW139,A139,TURBOEIXO,6800,14,2008,BRASIL,2
PRMLR,AVIÃO,LEARJET,60,LJ60,JATO,10660,10,2008,BRASIL,2
PRMMS,AVIÃO,RAYTHEON AIRCRAFT,400A,BE40,JATO,7318,11,2006,BRASIL,2
PRMOG,AVIÃO,BEECH AIRCRAFT,200,BE20,TURBOÉLICE,5670,10,1980,BRASIL,2
PRMON,AVIÃO,CESSNA AIRCRAFT,525B,C25B,JATO,6291,10,2009,BRASIL,2
PRMOZ,AVIÃO,RAYTHEON AIRCRAFT,B300,B350,TURBOÉLICE,6804,11,1999,BRASIL,2
PRMPA,HELICÓPTERO,AGUSTA,A109E,A109,TURBOEIXO,2850,8,2003,BRASIL,2
PRMPD,AVIÃO,TWIN COMMANDER,690B,AC90,TURBOÉLICE,4683,10,1978,BRASIL,2
PRMPJ,AVIÃO,HAWKER BEECHCRAFT,B200,BE20,TURBOÉLICE,5670,10,1988,BRASIL,2
PRMPN,AVIÃO,ATR - GIE AVIONS DE TRANSPORT RÉGIONAL,ATR-42-320,AT43,TURBOÉLICE,16900,52,1986,BRASIL,2
PRMPO,AVIÃO,ATR - GIE AVIONS DE TRANSPORT RÉGIONAL,ATR-42-320,AT43,TURBOÉLICE,16900,50,1988,BRASIL,2
PRMPW,AVIÃO,ATR - GIE AVIONS DE TRANSPORT RÉGIONAL,ATR-72-212A (500),AT75,TURBOÉLICE,22000,76,NULL,BRASIL,2
PRMPY,AVIÃO,ATR - GIE AVIONS DE TRANSPORT RÉGIONAL,ATR-72-202,AT72,TURBOÉLICE,22000,71,1998,BRASIL,2
PRMQB,AVIÃO,PIPER AIRCRAFT,PA-34-220T,PA34,PISTÃO,2155,6,2008,BRASIL,2
PRMRG,AVIÃO,CESSNA AIRCRAFT,525B,C25B,JATO,6291,10,2007,BRASIL,2
PRMRN,AVIÃO,TWIN COMMANDER,695A,AC95,TURBOÉLICE,5080,9,1982,BRASIL,2
PRMRS,AVIÃO,PIPER AIRCRAFT,PA-30,PA30,PISTÃO,1633,6,0,BRASIL,2
PRMRT,HELICÓPTERO,AGUSTA,AW139,A139,TURBOEIXO,6800,17,2007,BRASIL,2
PRMSM,AVIÃO,TWIN COMMANDER,690B,AC90,TURBOÉLICE,4683,10,1977,BRASIL,2
PRMSR,AVIÃO,BEECH AIRCRAFT,58,BE58,PISTÃO,2449,6,1980,BRASIL,2
PRMSY,AVIÃO,MCDONNELL DOUGLAS,DC3-TP67,DC3T,TURBOÉLICE,13041,6,1944,BRASIL,2
PRMSZ,AVIÃO,CESSNA AIRCRAFT,525A,C25A,JATO,5670,0,2013,BRASIL,2
PRMTG,AVIÃO,BOEING COMPANY,737-217,B732,JATO,56472,125,1980,BRASIL,2
PRMTH,AVIÃO,BOEING COMPANY,737-232,B732,JATO,54204,123,1984,BRASIL,2
PRMUR,AVIÃO,LEARJET,31A,LJ31,JATO,8050,10,2001,BRASIL,2
PRMYA,AVIÃO,AIRBUS,A320-214,A320,JATO,77000,184,2008,BRASIL,2
PRMYC,AVIÃO,AIRBUS,A319-112,A319,JATO,75500,154,2008,BRASIL,2
PRMYE,AVIÃO,AIRBUS INDUSTRIE,A320-214,A320,JATO,70000,184,2009,BRASIL,2
PRMYH,AVIÃO,AIRBUS,A320-214,A320,JATO,77000,184,2010,BRASIL,2
PRMYI,AVIÃO,AIRBUS,A320-214,A320,JATO,77000,184,2010,BRASIL,2
PRMYJ,AVIÃO,AIRBUS,A320-214,A320,JATO,77000,184,2010,BRASIL,2
PRMYK,AVIÃO,AIRBUS,A320-214,A320,JATO,77000,184,2010,BRASIL,2
PRMYL,AVIÃO,AIRBUS,A319-112,A319,JATO,75500,154,2011,BRASIL,2
PRMYM,AVIÃO,AIRBUS,A319-112,A319,JATO,75500,154,2011,BRASIL,2
PRMYN,AVIÃO,AIRBUS,A320-214,A320,JATO,77000,184,2011,BRASIL,2
PRMYO,AVIÃO,AIRBUS,A320-214,A320,JATO,77000,184,2011,BRASIL,2
PRMYP,AVIÃO,AIRBUS,A320-214,A320,JATO,77000,184,2012,BRASIL,2
PRMYQ,AVIÃO,AIRBUS,A320-214,A320,JATO,77000,184,2012,BRASIL,2
PRMYR,AVIÃO,AIRBUS,A320-214,A320,JATO,77000,184,2012,BRASIL,2
PRMYT,AVIÃO,AIRBUS INDUSTRIE,A320-214,A320,JATO,77000,184,2012,BRASIL,2
PRMYV,AVIÃO,AIRBUS,A320-214,A320,JATO,77000,184,2012,BRASIL,2
PRMYW,AVIÃO,AIRBUS,A320-214,A320,JATO,77000,184,2012,BRASIL,2
PRMYX,AVIÃO,AIRBUS,A320-214,A320,JATO,77000,184,2012,BRASIL,2
PRMYY,AVIÃO,AIRBUS,A320-214,A320,JATO,77000,184,2013,BRASIL,2
PRMYZ,AVIÃO,AIRBUS,A320-214,A320,JATO,77000,184,2013,BRASIL,2
PRMZP,AVIÃO,BEECH AIRCRAFT,C90A,BE9L,TURBOÉLICE,4377,8,1992,BRASIL,2
PRNBB,AVIÃO,PIPER AIRCRAFT,PA-34-220T,PA34,PISTÃO,2155,6,2000,BRASIL,2
PRNBI,AVIÃO,PIPER AIRCRAFT,PA-34-200,PA34,PISTÃO,1905,NULL,1972,BRASIL,2
PRNBK,AVIÃO,PIPER AIRCRAFT,PA-31T1,PAY1,TURBOÉLICE,3946,NULL,NULL,BRASIL,2
PRNCO,AVIÃO,PIPER AIRCRAFT,PA-34-220T,PA34,PISTÃO,2155,6,1981,BRASIL,2
PRNDN,AVIÃO,PIPER AIRCRAFT,PA-42-1000,PAY4,TURBOÉLICE,5466,9,1990,BRASIL,2
PRNEC,AVIÃO,BEECH AIRCRAFT,D55,BE55,PISTÃO,2404,6,1968,BRASIL,2
PRNFA,AVIÃO,EMBRAER,EMB-505,E55P,JATO,8340,11,2019,BRASIL,2
PRNFN,AVIÃO,RAYTHEON AIRCRAFT,C90A,BE9L,TURBOÉLICE,4581,0,0,BRASIL,2
PRNGM,AVIÃO,EMBRAER,EMB-505,E55P,JATO,8150,9,2013,BRASIL,2
PRNHA,AVIÃO,LET AIRCRAFT INDUSTRIES,L410UVP-E20,L410,TURBOÉLICE,6600,21,2006,BRASIL,2
PRNHB,AVIÃO,LET AIRCRAFT INDUSTRIES,L410UVP-E20,L410,TURBOÉLICE,6600,21,2006,BRASIL,2
PRNHC,AVIÃO,LET AIRCRAFT INDUSTRIES,L410UVP-E20,L410,TURBOÉLICE,6600,21,2007,BRASIL,2
PRNHE,AVIÃO,AIRCRAFT INDUSTRIES,L410UVP-E20,L410,TURBOÉLICE,6600,21,2008,BRASIL,2
PRNIB,AVIÃO,BEECH AIRCRAFT,58,BE58,PISTÃO,2449,6,1981,BRASIL,2
PRNJR,AVIÃO,CESSNA AIRCRAFT,525C,C25C,JATO,7688,11,2011,BRASIL,2
PRNJT,AVIÃO,ISRAEL AIRCRAFT,ASTRA SPX,ASTR,JATO,10659,NULL,NULL,BRASIL,2
PRNLN,HELICÓPTERO,AGUSTA,AW139,A139,TURBOEIXO,6800,17,2008,BRASIL,2
PRNOA,AVIÃO,AIRCRAFT INDUSTRIES,L410UVP-E20,L410,TURBOÉLICE,6600,21,2010,BRASIL,2
PRNOB,AVIÃO,AIRCRAFT INDUSTRIES,L410UVP-E20,L410,TURBOÉLICE,6600,21,2010,BRASIL,2
PRNPP,AVIÃO,EMBRAER,EMB-500,E50P,JATO,4750,6,2010,BRASIL,2
PRNSN,AVIÃO,PIPER AIRCRAFT,PA-34-220T,PA34,PISTÃO,2155,6,2011,BRASIL,2
PRNSP,HELICÓPTERO,AGUSTA,AB139,A139,TURBOEIXO,6800,NULL,NULL,BRASIL,2
PRNTX,AVIÃO,CESSNA AIRCRAFT,525A,C25A,JATO,5613,10,2005,BRASIL,2
PRNVS,AVIÃO,BEECH AIRCRAFT,300,BE30,TURBOÉLICE,6350,11,1987,BRASIL,2
PROAC,AVIÃO,FOKKER,F27MK050,F50,TURBOÉLICE,20820,54,1992,BRASIL,2
PROAD,AVIÃO,FOKKER,F28MK0100,F100,JATO,44450,107,1991,BRASIL,2
PROAE,AVIÃO,FOKKER,F28MK0100,F100,JATO,44450,107,1992,BRASIL,2
PROAF,AVIÃO,FOKKER,F28MK0100,F100,JATO,44450,107,1992,BRASIL,2
PROAG,AVIÃO,FOKKER,F28MK0100,F100,JATO,44450,107,1992,BRASIL,2
PROAH,AVIÃO,FOKKER,F28MK0100,F100,JATO,44450,107,1992,BRASIL,2
PROAI,AVIÃO,FOKKER,F28MK0100,F100,JATO,44450,107,1992,BRASIL,2
PROAJ,AVIÃO,FOKKER,F28MK0100,F100,JATO,44450,107,1992,BRASIL,2
PROAK,AVIÃO,FOKKER,F28MK0100,F100,JATO,44450,107,1992,BRASIL,2
PROAL,AVIÃO,FOKKER,F28MK0100,F100,JATO,44450,107,1993,BRASIL,2
PROAM,AVIÃO,FOKKER,F28MK0100,F100,JATO,44450,107,1993,BRASIL,2
PROAN,AVIÃO,EMBRAER,EMB-120RT,E120,TURBOÉLICE,11500,34,1987,BRASIL,2
PROAO,AVIÃO,EMBRAER,EMB-120RT,E120,TURBOÉLICE,11500,34,1987,BRASIL,2
PROAQ,AVIÃO,FOKKER,F28MK0100,F100,JATO,44450,107,1993,BRASIL,2
PROAR,AVIÃO,FOKKER,F28MK0100,F100,JATO,44450,107,1993,BRASIL,2
PROAS,AVIÃO,FOKKER,F28MK0100,F100,JATO,44450,107,1992,BRASIL,2
PROAT,AVIÃO,FOKKER,F28MK0100,F100,JATO,44450,107,1992,BRASIL,2
PROAU,AVIÃO,FOKKER,F28MK0100,F100,JATO,44450,107,1992,BRASIL,2
PROAW,AVIÃO,FOKKER,F27MK050,F50,TURBOÉLICE,20820,57,1993,BRASIL,2
PROBA,AVIÃO,BEECH AIRCRAFT,58,BE58,PISTÃO,2449,6,1983,BRASIL,2
PROBF,AVIÃO,AIRBUS,A320-251N,A320,JATO,79000,173,NULL,BRASIL,2
PROBI,AVIÃO,AIRBUS,A320-251N,A320,JATO,79000,173,NULL,BRASIL,2
PROBJ,AVIÃO,AIRBUS S.A.S.,A320-251N,A320,JATO,77000,182,NULL,BRASIL,2
PROCA,AVIÃO,AIRBUS,A320-214,A320,JATO,78000,172,2014,BRASIL,2
PROCB,AVIÃO,AIRBUS,A320-214,A320,JATO,78000,172,0,BRASIL,2
PROCD,AVIÃO,AIRBUS,A320-214,A320,JATO,68000,172,0,BRASIL,2
PROCH,AVIÃO,AIRBUS,A320-214,A320,JATO,78000,172,2015,BRASIL,2
PROCI,AVIÃO,AIRBUS,A320-214,A320,JATO,78000,172,0,BRASIL,2
PROCN,AVIÃO,AIRBUS,A320-214,A320,JATO,78000,172,0,BRASIL,2
PROCP,AVIÃO,AIRBUS,A320-214,A320,JATO,78000,172,0,BRASIL,2
PROCQ,AVIÃO,AIRBUS,A320-214,A320,JATO,78000,0,2015,BRASIL,2
PROCT,AVIÃO,AIRBUS,A320-214,A320,JATO,78000,172,2015,BRASIL,2
PROCW,AVIÃO,AIRBUS,A320-214,A320,JATO,78000,172,2015,BRASIL,2
PRODM,AVIÃO,BEECH AIRCRAFT,58,BE58,PISTÃO,2449,0,1975,BRASIL,2
PROFB,AVIÃO,AIRBUS HELICOPTERS,H160-B,H160,TURBOEIXO,6100,NULL,2024,BRASIL,2
PROFC,HELICÓPTERO,AIRBUS HELICOPTERS,H160-B,H160,TURBOEIXO,6050,NULL,2025,BRASIL,2
PROFH,HELICÓPTERO,AIRBUS HELICOPTERS,EC175B,EC75,TURBOEIXO,7800,NULL,2024,BRASIL,2
PROFI,AVIÃO,BEECH AIRCRAFT,58,BE58,PISTÃO,2449,6,1975,BRASIL,2
PROFJ,HELICÓPTERO,AIRBUS HELICOPTERS,H160-B,H160,TURBOEIXO,6100,NULL,2025,BRASIL,2
PROHA,HELICÓPTERO,AGUSTA,AW139,A139,TURBOEIXO,6800,17,2013,BRASIL,2
PROHB,HELICÓPTERO,AGUSTA,AW139,A139,TURBOEIXO,6800,17,2013,BRASIL,2
PROHC,HELICÓPTERO,AGUSTA,AW139,A139,TURBOEIXO,6800,17,2013,BRASIL,2
PROHD,HELICÓPTERO,AGUSTA,AW139,A139,TURBOEIXO,6800,17,2013,BRASIL,2
PROHE,HELICÓPTERO,SIKORSKY,S-92A,S92,TURBOEIXO,12020,22,2012,BRASIL,2
PROHF,HELICÓPTERO,SIKORSKY AIRCRAFT,S-92A,S92,TURBOEIXO,12020,22,2012,BRASIL,2
PROHG,HELICÓPTERO,SIKORSKY AIRCRAFT,S-92A,S92,TURBOEIXO,12020,22,2013,BRASIL,2
PROHH,HELICÓPTERO,EUROCOPTER,EC 225 LP,EC25,TURBOEIXO,11000,21,2011,BRASIL,2
PROHI,HELICÓPTERO,SIKORSKY,S-92A,S92,TURBOEIXO,12020,22,2013,BRASIL,2
PROHJ,HELICÓPTERO,AGUSTA,AW139,A139,TURBOEIXO,6800,17,2013,BRASIL,2
PROHK,HELICÓPTERO,SIKORSKY AIRCRAFT,S-92A,S92,TURBOEIXO,12020,22,2010,BRASIL,2
PROHL,HELICÓPTERO,AGUSTA,AW139,A139,TURBOEIXO,6800,17,2013,BRASIL,2
PROHN,HELICÓPTERO,AGUSTA,AW139,A139,TURBOEIXO,6800,17,2013,BRASIL,2
PROHO,HELICÓPTERO,SIKORSKY AIRCRAFT,S-92A,S92,TURBOEIXO,12020,22,2013,BRASIL,2
PROHQ,HELICÓPTERO,AGUSTA,AW139,A139,TURBOEIXO,7000,17,2014,BRASIL,2
PROHR,HELICÓPTERO,AGUSTA,AW139,A139,TURBOEIXO,7000,NULL,2014,BRASIL,2
PROHU,HELICÓPTERO,SIKORSKY AIRCRAFT,S-92A,S92,TURBOEIXO,12020,22,2015,BRASIL,2
PROHV,HELICÓPTERO,LEONARDO S.P.A,AW139,A139,TURBOEIXO,7000,14,2014,BRASIL,2
PROHW,HELICÓPTERO,LEONARDO S.P.A,AW139,A139,TURBOEIXO,6800,17,2011,BRASIL,2
PROHX,HELICÓPTERO,LEONARDO S.P.A,AW139,A139,TURBOEIXO,7000,17,2016,BRASIL,2
PROHZ,HELICÓPTERO,LEONARDO S.P.A,AW139,A139,TURBOEIXO,7000,14,2014,BRASIL,2
PROIL,AVIÃO,HAWKER BEECHCRAFT,B200GT,BE20,TURBOÉLICE,5670,9,2012,BRASIL,2
PROKK,AVIÃO,RAYTHEON AIRCRAFT,58,BE58,PISTÃO,2449,6,1975,BRASIL,2
PROLB,AVIÃO,CESSNA AIRCRAFT,550,C550,JATO,6033,10,1989,BRASIL,2
PROLC,AVIÃO,CESSNA AIRCRAFT,310R,C310,PISTÃO,2495,6,1975,BRASIL,2
PROMA,HELICÓPTERO,EUROCOPTER FRANCE,EC 155 B1,EC55,TURBOEIXO,4920,14,2010,BRASIL,2
PROMB,HELICÓPTERO,EUROCOPTER,EC 155 B1,EC55,TURBOEIXO,4920,14,2010,BRASIL,2
PROMD,HELICÓPTERO,SIKORSKY AIRCRAFT,S-76C,S76,TURBOEIXO,5307,14,2010,BRASIL,2
PROME,HELICÓPTERO,SIKORSKY,S-76C,S76,TURBOEIXO,5307,14,2010,BRASIL,2
PROMF,HELICÓPTERO,AGUSTA,AB139,A139,TURBOEIXO,6800,17,2006,BRASIL,2
PROMG,HELICÓPTERO,EUROCOPTER FRANCE,EC 155 B1,EC55,TURBOEIXO,4920,15,2009,BRASIL,2
PROMH,HELICÓPTERO,EUROCOPTER FRANCE,EC 155 B1,EC55,TURBOEIXO,4920,15,2009,BRASIL,2
PROMJ,HELICÓPTERO,AGUSTA,AW139,A139,TURBOEIXO,6800,17,2007,BRASIL,2
PROMK,HELICÓPTERO,SIKORSKY,S-61N,S61,TURBOEIXO,8618,21,1980,BRASIL,2
PROMN,HELICÓPTERO,AGUSTA,AW139,A139,TURBOEIXO,6800,17,2009,BRASIL,2
PROMQ,HELICÓPTERO,SIKORSKY,S-76C,S76,TURBOEIXO,5307,14,2011,BRASIL,2
PROMT,HELICÓPTERO,SIKORSKY,S-76C,S76,TURBOEIXO,5307,14,2007,BRASIL,2
PROMU,HELICÓPTERO,AIRBUS HELICOPTERS,EC 225 LP,EC25,TURBOEIXO,11000,NULL,2015,BRASIL,2
PROMV,HELICÓPTERO,EUROCOPTER FRANCE,EC 225 LP,EC25,TURBOEIXO,11000,21,2012,BRASIL,2
PROMW,HELICÓPTERO,EUROCOPTER,EC 225 LP,EC25,TURBOEIXO,11000,22,2012,BRASIL,2
PROMX,AVIÃO,ISRAEL AIRCRAFT,1124,WW24,JATO,10660,11,1981,BRASIL,2
PROMY,HELICÓPTERO,SIKORSKY,S-76C,S76,TURBOEIXO,5307,14,2007,BRASIL,2
PRONC,AVIÃO,AIRBUS,A318-122,A318,JATO,68000,129,2008,BRASIL,2
PROND,AVIÃO,AIRBUS,A318-121,A318,JATO,63000,129,2008,BRASIL,2
PRONE,AVIÃO,LEARJET,45,LJ45,JATO,9525,9,2004,BRASIL,2
PRONH,AVIÃO,AIRBUS,A318-121,A318,JATO,63000,129,2008,BRASIL,2
PRONI,AVIÃO,AIRBUS,A318-121,A318,JATO,63000,129,2008,BRASIL,2
PRONJ,AVIÃO,AIRBUS,A319-115,A319,JATO,75500,141,2012,BRASIL,2
PRONK,AVIÃO,AIRBUS,A320-214,A320,JATO,77000,172,2012,BRASIL,2
PRONL,AVIÃO,AIRBUS,A320-214,A320,JATO,77000,172,2012,BRASIL,2
PRONQ,AVIÃO,AIRBUS INDUSTRIE,A318-121,A318,JATO,63000,129,2008,BRASIL,2
PRONR,AVIÃO,AIRBUS,A318-121,A318,JATO,63000,129,2008,BRASIL,2
PRONS,AVIÃO,AIRBUS,A320-214,A320,JATO,77000,172,2013,BRASIL,2
PRONW,AVIÃO,AIRBUS,A320-214,A320,JATO,78000,172,0,BRASIL,2
PRONX,AVIÃO,AIRBUS,A320-214,A320,JATO,78000,170,2014,BRASIL,2
PRONY,AVIÃO,AIRBUS,A320-214,A320,JATO,78000,172,2014,BRASIL,2
PRONZ,AVIÃO,AIRBUS,A320-214,A320,JATO,78000,170,0,BRASIL,2
PROOA,HELICÓPTERO,LEONARDO S.P.A,AW139,A139,TURBOEIXO,7000,NULL,2014,BRASIL,2
PROOC,HELICÓPTERO,LEONARDO S.P.A,AW139,A139,TURBOEIXO,7000,NULL,2018,BRASIL,2
PROOE,HELICÓPTERO,AIRBUS HELICOPTERS DEUTSCHLAND,EC135 T3,EC35,TURBOEIXO,2980,NULL,2020,BRASIL,2
PROOL,HELICÓPTERO,SIKORSKY AIRCRAFT,S-92A,S92,TURBOEIXO,12020,NULL,2015,BRASIL,2
PROON,HELICÓPTERO,LEONARDO S.P.A,AW189,A189,TURBOEIXO,8600,NULL,2019,BRASIL,2
PROOP,HELICÓPTERO,AIRBUS HELICOPTERS,EC175 B,EC75,TURBOEIXO,7800,NULL,2024,BRASIL,2
PROOQ,HELICÓPTERO,AIRBUS HELICOPTERS,EC175 B,EC75,TURBOEIXO,7800,NULL,NULL,BRASIL,2
PROOR,HELICÓPTERO,LEONARDO S.P.A,AW189,A189,TURBOEIXO,8600,NULL,2024,BRASIL,2
PROOS,HELICÓPTERO,LEONARDO S.P.A,AW139,A139,TURBOÉLICE,7000,NULL,2023,BRASIL,2
PROOT,HELICÓPTERO,LEONARDO S.P.A.,AW139,A139,TURBOEIXO,7000,NULL,2024,BRASIL,2
PROOU,HELICÓPTERO,LEONARDO S.P.A,AW139,A139,TURBOEIXO,7000,NULL,2024,BRASIL,2
PROOV,HELICÓPTERO,LEONARDO S.P.A,AW139,A139,TURBOEIXO,7000,NULL,2024,BRASIL,2
PROOW,HELICÓPTERO,LEONARDO S.P.A,AW189,A189,TURBOEIXO,8600,NULL,2024,BRASIL,2
PROPB,AVIÃO,BEECH AIRCRAFT,B200,BE20,TURBOÉLICE,5670,9,1987,BRASIL,2
PRORB,AVIÃO,TWIN COMMANDER,690B,AC90,TURBOÉLICE,4683,8,1979,BRASIL,2
PROSB,AVIÃO,PIPER AIRCRAFT,PA-34-220T,PA34,PISTÃO,2155,6,2006,BRASIL,2
PROSO,AVIÃO,BEECH AIRCRAFT,C90A,BE9L,TURBOÉLICE,4581,8,1991,BRASIL,2
PROSZ,AVIÃO,HAWKER BEECHCRAFT,G58,BE58,PISTÃO,2495,6,2008,BRASIL,2
PROTD,HELICÓPTERO,AIRBUS HELICOPTERS,EC175 B,EC75,TURBOEIXO,7800,18,2020,BRASIL,2
PROTF,HELICÓPTERO,LEONARDO S.P.A,AW139,A139,TURBOEIXO,7000,14,2021,BRASIL,2
PROTG,AVIÃO,HAWKER BEECHCRAFT,B300,B350,TURBOÉLICE,6804,11,2006,BRASIL,2
PROTH,HELICÓPTERO,LEONARDO S.P.A,AW139,A139,TURBOEIXO,7000,14,2021,BRASIL,2
PROTI,HELICÓPTERO,LEONARDO S.P.A,AW139,A139,TURBOEIXO,7000,NULL,2015,BRASIL,2
PROTN,HELICÓPTERO,AIRBUS HELICOPTERS,EC175 B,EC75,TURBOEIXO,7800,18,2019,BRASIL,2
PROTP,HELICÓPTERO,AIRBUS HELICOPTERS,EC175 B,EC75,TURBOEIXO,7800,NULL,2015,BRASIL,2
PROTQ,HELICÓPTERO,AIRBUS HELICOPTERS,EC175 B,EC75,TURBOEIXO,7800,NULL,2015,BRASIL,2
PROTS,HELICÓPTERO,AIRBUS HELICOPTERS,EC175 B,EC75,TURBOEIXO,7800,NULL,2021,BRASIL,2
PROTU,HELICÓPTERO,LEONARDO S.P.A,AW139,A139,TURBOEIXO,7000,NULL,2021,BRASIL,2
PROTV,AVIÃO,TEXTRON AVIATION,B200GT,BE30,TURBOÉLICE,5670,9,2016,BRASIL,2
PROTW,HELICÓPTERO,LEONARDO S.P.A,AW139,A139,TURBOEIXO,6800,NULL,2013,BRASIL,2
PROTX,HELICÓPTERO,LEONARDO S.P.A,AW139,A139,TURBOEIXO,6800,NULL,2013,BRASIL,2
PROVA,AVIÃO,BEECH AIRCRAFT,95-B55,BE55,PISTÃO,2268,4,1973,BRASIL,2
PRPAB,AVIÃO,CESSNA AIRCRAFT,550 BRAVO,C550,JATO,6713,11,2002,BRASIL,2
PRPBH,AVIÃO,EMBRAER,EMB-500,E50P,JATO,0,0,0,BRASIL,2
PRPDA,AVIÃO,AEROSPATIALE AND ALENIA,ATR-72-212A,AT72,TURBOÉLICE,23000,75,2012,BRASIL,2
PRPDB,AVIÃO,ATR - GIE AVIONS DE TRANSPORT RÉGIONAL,ATR-72-212A,AT72,TURBOÉLICE,23000,75,2012,BRASIL,2
PRPDC,AVIÃO,ATR - GIE AVIONS DE TRANSPORT RÉGIONAL,ATR-72-212A,AT72,TURBOÉLICE,23000,75,2012,BRASIL,2
PRPDD,AVIÃO,ATR - GIE AVIONS DE TRANSPORT RÉGIONAL,ATR-72-212A,AT72,TURBOÉLICE,22000,73,1998,BRASIL,2
PRPDE,AVIÃO,ATR - GIE AVIONS DE TRANSPORT RÉGIONAL,ATR-72-212A,AT72,TURBOÉLICE,22000,73,1998,BRASIL,2
PRPDI,AVIÃO,ATR - GIE AVIONS DE TRANSPORT RÉGIONAL,ATR-72-212A,AT72,TURBOÉLICE,23000,75,2012,BRASIL,2
PRPDJ,AVIÃO,ATR - GIE AVIONS DE TRANSPORT RÉGIONAL,ATR-72-212A,AT72,TURBOÉLICE,22500,73,1999,BRASIL,2
PRPDK,AVIÃO,ATR - GIE AVIONS DE TRANSPORT RÉGIONAL,ATR-72-212A,AT72,TURBOÉLICE,22500,73,1999,BRASIL,2
PRPDO,AVIÃO,ATR - GIE AVIONS DE TRANSPORT RÉGIONAL,ATR-72-212A,AT75,TURBOÉLICE,23000,75,0,BRASIL,2
PRPDP,NULL,ATR - GIE AVIONS DE TRANSPORT RÉGIONAL,ATR-42-500,AT45,TURBOÉLICE,18600,48,1999,BRASIL,2
PRPDS,AVIÃO,ATR - GIE AVIONS DE TRANSPORT RÉGIONAL,ATR-42-500,AT45,TURBOÉLICE,18600,52,1998,BRASIL,2
PRPDT,AVIÃO,ATR - GIE AVIONS DE TRANSPORT RÉGIONAL,ATR-72-212A (500),AT75,TURBOÉLICE,22800,77,2007,BRASIL,2
PRPDW,AVIÃO,ATR - GIE AVIONS DE TRANSPORT RÉGIONAL,ATR-72-212A,AT75,TURBOÉLICE,22500,77,2007,BRASIL,2
PRPDX,AVIÃO,ATR - GIE AVIONS DE TRANSPORT RÉGIONAL,ATR-72-212A,AT75,TURBOÉLICE,23000,73,2013,BRASIL,2
PRPDY,AVIÃO,ATR - GIE AVIONS DE TRANSPORT RÉGIONAL,ATR-72-212A,AT75,TURBOÉLICE,22500,77,2007,BRASIL,2
PRPDZ,AVIÃO,ATR - GIE AVIONS DE TRANSPORT RÉGIONAL,ATR-72-212A,AT75,TURBOÉLICE,23000,77,2013,BRASIL,2
PRPEC,AVIÃO,PIPER AIRCRAFT,PA-31-350,PA31,PISTÃO,3342,3,1981,BRASIL,2
PRPFD,AVIÃO,ATR - GIE AVIONS DE TRANSPORT RÉGIONAL,ATR-72-212A,AT76,TURBOÉLICE,23000,77,2015,BRASIL,2
PRPFN,AVIÃO,EMBRAER,EMB-145LR,E145,JATO,22000,54,1996,BRASIL,2
PRPFR,AVIÃO,PIPER AIRCRAFT,PA-34-200T,PA34,PISTÃO,2073,6,1979,BRASIL,2
PRPHE,AVIÃO,EMBRAER,EMB-500,E50P,JATO,4750,6,2010,BRASIL,2
PRPIN,HELICÓPTERO,AGUSTA,A109E,A109,TURBOEIXO,3000,7,2009,BRASIL,2
PRPJM,HELICÓPTERO,BELL HELICOPTER,429,B429,TURBOEIXO,3175,8,2013,BRASIL,2
PRPJN,AVIÃO,EMBRAER,ERJ 190-400,E295,JATO,61500,143,2019,BRASIL,2
PRPLL,HELICÓPTERO,EUROCOPTER FRANCE,EC 225 LP,EC25,TURBOEIXO,11000,21,2008,BRASIL,2
PRPLR,AVIÃO,EMBRAER,EMB-500,E50P,JATO,4800,NULL,NULL,BRASIL,2
PRPME,AVIÃO,PIPER AIRCRAFT,PA-34-220T,PA34,PISTÃO,2155,6,2011,BRASIL,2
PRPMK,AVIÃO,EMBRAER,EMB-500,E50P,JATO,4800,NULL,NULL,BRASIL,2
PRPMS,HELICÓPTERO,AGUSTA,AW139,A139,TURBOEIXO,6800,NULL,NULL,BRASIL,2
PRPMT,HELICÓPTERO,AGUSTA,A109E,A109,TURBOEIXO,2850,8,2000,BRASIL,2
PRPNM,AVIÃO,EMBRAER,EMB-500,E50P,JATO,4750,6,2010,BRASIL,2
PRPPG,AVIÃO,LEARJET,45 (LEARJET 40),LJ40,JATO,9525,NULL,NULL,BRASIL,2
PRPPL,AVIÃO,PIPER AIRCRAFT,PA-34-200T,PA34,PISTÃO,2073,6,1978,BRASIL,2
PRPRA,AVIÃO,RAYTHEON AIRCRAFT,390,PRM1,JATO,5670,8,2006,BRASIL,2
PRPRC,AVIÃO,HAWKER BEECHCRAFT,390,PRM1,JATO,5670,8,2008,BRASIL,2
PRPRE,AVIÃO,HAWKER BEECHCRAFT,390,PRM1,JATO,5670,8,2005,BRASIL,2
PRPRI,AVIÃO,BEECH AIRCRAFT,58,BE58,PISTÃO,2449,6,1980,BRASIL,2
PRPSD,AVIÃO,EMBRAER,EMB-120ER,E120,TURBOÉLICE,11990,34,1989,BRASIL,2
PRPSF,AVIÃO,EMBRAER,EMB-145EP,E145,JATO,20990,54,1997,BRASIL,2
PRPSG,AVIÃO,EMBRAER,EMB-145EP,E145,JATO,20990,54,1997,BRASIL,2
PRPSH,AVIÃO,EMBRAER,EMB-145LR,E145,JATO,22000,54,2002,BRASIL,2
PRPSJ,AVIÃO,EMBRAER,EMB-145LU,E145,JATO,21990,54,2000,BRASIL,2
PRPSK,AVIÃO,EMBRAER,EMB-145LR,E145,JATO,21990,54,2001,BRASIL,2
PRPSM,AVIÃO,EMBRAER,EMB-145LR,E145,JATO,22000,54,2000,BRASIL,2
PRPSQ,AVIÃO,EMBRAER,EMB-145MP,E145,JATO,20990,55,2000,BRASIL,2
PRPTA,AVIÃO,EMBRAER,EMB-500,E50P,JATO,4750,6,2009,BRASIL,2
PRPTG,AVIÃO,EMBRAER,EMB-135BJ,E135,JATO,22500,16,2007,BRASIL,2
PRPVS,AVIÃO,HAWKER BEECHCRAFT,G58,BE58,PISTÃO,2495,6,2012,BRASIL,2
PRRAU,AVIÃO,BEECH AIRCRAFT,58,BE58,PISTÃO,2449,6,1976,BRASIL,2
PRRCB,AVIÃO,CESSNA AIRCRAFT,680,C680,JATO,13744,11,2006,BRASIL,2
PRRCF,AVIÃO,TEXTRON AVIATION,525B,C25B,JATO,6291,10,NULL,BRASIL,2
PRRCS,AVIÃO,PIPER AIRCRAFT,PA-31-325,PA31,PISTÃO,2948,6,1976,BRASIL,2
PRRDM,AVIÃO,CESSNA AIRCRAFT,510,C510,JATO,3921,6,0,BRASIL,2
PRRFA,HELICÓPTERO,EUROCOPTER,EC 135T2+,EC35,TURBOEIXO,2910,7,2006,BRASIL,2
PRRFB,AVIÃO,RAYTHEON AIRCRAFT,C90A,BE9L,TURBOÉLICE,4581,8,1999,BRASIL,2
PRRFF,HELICÓPTERO,EUROCOPTER FRANCE,AS 365 N3,AS65,TURBOEIXO,4300,10,2007,BRASIL,2
PRRHF,AVIÃO,PIPER AIRCRAFT,PA-31,PA31,PISTÃO,2948,8,1969,BRASIL,2
PRRHG,AVIÃO,CESSNA AIRCRAFT,525A,C25A,JATO,5670,9,2006,BRASIL,2
PRRJJ,HELICÓPTERO,EUROCOPTER,AS 355 NP,AS55,TURBOEIXO,2600,6,2012,BRASIL,2
PRRLB,AVIÃO,BOEING COMPANY,737-3Q8,B733,JATO,61234,150,1987,BRASIL,2
PRRLY,AVIÃO,PIPER AIRCRAFT,PA-34-200,PA34,PISTÃO,1814,6,1973,BRASIL,2
PRRMA,AVIÃO,RAYTHEON AIRCRAFT,C90A,BE9L,TURBOÉLICE,4581,8,2003,BRASIL,2
PRRME,AVIÃO,MITSUBISHI AIRCRAFT,MU-2B-60,MU2,TURBOÉLICE,5250,10,1978,BRASIL,2
PRROD,AVIÃO,CESSNA AIRCRAFT,510,C510,JATO,3921,6,2010,BRASIL,2
PRROS,HELICÓPTERO,AGUSTA,AW109SP,A109,TURBOEIXO,3175,8,2011,BRASIL,2
PRRPL,AVIÃO,PIPER AIRCRAFT,PA-34-200T,PA34,PISTÃO,2073,6,1979,BRASIL,2
PRRPN,AVIÃO,HAWKER BEECHCRAFT,C90GTI,BE9L,TURBOÉLICE,4581,8,2009,BRASIL,2
PRRRN,AVIÃO,HAWKER BEECHCRAFT,390,PRM1,JATO,5670,8,2008,BRASIL,2
PRRSG,AVIÃO,EMBRAER,EMB-500,E50P,JATO,4850,0,2017,BRASIL,2
PRRSN,AVIÃO,HAWKER BEECHCRAFT,390,PRM1,JATO,5670,8,2008,BRASIL,2
PRRTL,AVIÃO,RAYTHEON AIRCRAFT,C90GT,BE9L,TURBOÉLICE,4581,NULL,2006,BRASIL,2
PRRTS,AVIÃO,CESSNA AIRCRAFT,560XL,C56X,JATO,9163,11,2009,BRASIL,2
PRRUS,HELICÓPTERO,MIL HELICOPTER,MI-171A1,MI8,TURBOEIXO,13000,30,2011,BRASIL,2
PRSAC,AVIÃO,BEECH AIRCRAFT,58,BE58,PISTÃO,2449,6,1992,BRASIL,2
PRSAD,AVIÃO,EMBRAER,EMB-505,E55P,JATO,8340,8,2014,BRASIL,2
PRSBA,AVIÃO,PIPER AIRCRAFT,PA-34-220T,PA34,PISTÃO,2155,6,2007,BRASIL,2
PRSBH,AVIÃO,CESSNA AIRCRAFT,510,C510,JATO,3921,6,2008,BRASIL,2
PRSBK,HELICÓPTERO,BELL HELICOPTER,429,NULL,TURBOEIXO,3402,6,2018,BRASIL,2
PRSBM,AVIÃO,HAWKER BEECHCRAFT,C90GTI,BE9L,TURBOÉLICE,4581,8,2008,BRASIL,2
PRSCJ,AVIÃO,BEECH AIRCRAFT,58,BE58,PISTÃO,2495,6,2001,BRASIL,2
PRSDA,AVIÃO,RAYTHEON AIRCRAFT,C90GT,BE9L,TURBOÉLICE,4581,8,2006,BRASIL,2
PRSDF,AVIÃO,BOEING COMPANY,737-3H6,B733,JATO,59193,8,0,BRASIL,2
PRSDG,AVIÃO,BOEING,737-33A,B733,JATO,62822,153,1991,BRASIL,2
PRSDH,AVIÃO,BOEING COMPANY,737-55D,B735,JATO,60237,60,1992,BRASIL,2
PRSDJ,AVIÃO,BOEING,737-4Y0,B734,JATO,68038,8,1991,BRASIL,2
PRSDL,AVIÃO,BOEING,737-3S3,B733,JATO,63276,6,1988,BRASIL,2
PRSDM,AVIÃO,BOEING COMPANY,737-4Y0,B734,JATO,68038,7,1990,BRASIL,2
PRSDQ,AVIÃO,BOEING,737-3M8,B733,JATO,63276,157,1989,BRASIL,2
PRSDT,AVIÃO,BOEING,737-4B6,B734,JATO,65990,NULL,1994,BRASIL,2
PRSDU,AVIÃO,BOEING,737-4B6,B734,JATO,68038,0,0,BRASIL,2
PRSDV,AVIÃO,BOEING,737-4Q8,B734,JATO,68038,NULL,NULL,BRASIL,2
PRSDW,AVIÃO,BOEING COMPANY,737-31L,B733,JATO,63276,152,1993,BRASIL,2
PRSEC,HELICÓPTERO,SIKORSKY,S-76C,S76,TURBOEIXO,5307,14,2003,BRASIL,2
PRSED,HELICÓPTERO,SIKORSKY,S-76C,S76,TURBOEIXO,5307,14,2003,BRASIL,2
PRSEE,HELICÓPTERO,SIKORSKY AIRCRAFT,S-76C,S76,TURBOEIXO,5307,14,2003,BRASIL,2
PRSEF,HELICÓPTERO,SIKORSKY,S-76C,S76,TURBOEIXO,5307,14,2003,BRASIL,2
PRSEG,HELICÓPTERO,EUROCOPTER FRANCE,AS 365 N3,AS65,TURBOEIXO,4250,13,2005,BRASIL,2
PRSEH,HELICÓPTERO,EUROCOPTER FRANCE,AS 365 N3,AS65,TURBOEIXO,4250,13,2005,BRASIL,2
PRSEI,HELICÓPTERO,EUROCOPTER FRANCE,AS 365 N3,AS65,TURBOEIXO,4250,13,2005,BRASIL,2
PRSEK,HELICÓPTERO,AGUSTA,AW139,A139,TURBOEIXO,6400,14,2007,BRASIL,2
PRSEO,HELICÓPTERO,AGUSTA,AW139,A139,TURBOEIXO,6800,14,2009,BRASIL,2
PRSES,HELICÓPTERO,AGUSTA,AW139,A139,TURBOEIXO,6800,14,2009,BRASIL,2
PRSEU,HELICÓPTERO,AGUSTA,AW139,A139,TURBOEIXO,6800,14,2009,BRASIL,2
PRSHE,AVIÃO,BOEING COMPANY,B737-5H6,B735,JATO,60000,0,1992,BRASIL,2
PRSHL,HELICÓPTERO,SIKORSKY,S-76C,S76,TURBOEIXO,5307,14,2008,BRASIL,2
PRSID,AVIÃO,BEECH AIRCRAFT,58,BE58,PISTÃO,2449,6,1975,BRASIL,2
PRSJE,AVIÃO,HAWKER BEECHCRAFT,C90GTI,BE9L,TURBOÉLICE,4581,8,2008,BRASIL,2
PRSJL,AVIÃO,RAYTHEON AIRCRAFT,C90A,BE9L,TURBOÉLICE,4581,NULL,2003,BRASIL,2
PRSKJ,AVIÃO,PIPER AIRCRAFT,PA-34-220T,PA34,PISTÃO,2155,7,1984,BRASIL,2
PRSKP,AVIÃO,PIPER AIRCRAFT,PA-34-200T,PA34,PISTÃO,2073,7,1978,BRASIL,2
PRSLA,AVIÃO,BOEING COMPANY,737-86N,B738,JATO,79000,197,2000,BRASIL,2
PRSLH,AVIÃO,BOEING COMPANY,737-86N,B738,JATO,79000,NULL,1999,BRASIL,2
PRSLI,AVIÃO,BOEING COMPANY,737-375,B733,JATO,63276,4,0,BRASIL,2
PRSLU,AVIÃO,BOEING,737-4Y0,B734,JATO,68038,5,1992,BRASIL,2
PRSMJ,AVIÃO,CESSNA AIRCRAFT,525,C525,JATO,4717,8,1998,BRASIL,2
PRSMK,AVIÃO,CESSNA AIRCRAFT,680,C680,JATO,13744,12,2008,BRASIL,2
PRSNV,AVIÃO,CESSNA AIRCRAFT,550,C550,JATO,6033,11,1993,BRASIL,2
PRSOM,AVIÃO,HAWKER BEECHCRAFT,C90GT,BE9L,TURBOÉLICE,4581,8,2006,BRASIL,2
PRSPJ,AVIÃO,EMBRAER,EMB-500,E50P,JATO,4750,6,2009,BRASIL,2
PRSPO,AVIÃO,CESSNA AIRCRAFT,525B,C25B,JATO,6291,10,2005,BRASIL,2
PRSPR,AVIÃO,CESSNA AIRCRAFT,680,C680,JATO,13744,11,2007,BRASIL,2
PRSRD,AVIÃO,BEECH AIRCRAFT,95-B55,BE55,PISTÃO,2314,4,1981,BRASIL,2
PRSSK,HELICÓPTERO,AGUSTA,A109E,A109,TURBOEIXO,3000,8,2006,BRASIL,2
PRSSP,AVIÃO,PIPER AIRCRAFT,PA-34-220T,PA34,PISTÃO,2155,6,2001,BRASIL,2
PRSTD,AVIÃO,MITSUBISHI AIRCRAFT,MU-2B-60,MU2,TURBOÉLICE,5250,11,1981,BRASIL,2
PRSTE,AVIÃO,EMBRAER,EMB-120ER,E120,TURBOÉLICE,11990,34,1995,BRASIL,2
PRSTJ,AVIÃO,ISRAEL AIRCRAFT,1124A,WW24,JATO,10660,8,1980,BRASIL,2
PRSTN,AVIÃO,AIRBUS,A300-B4-203,A300,JATO,165000,9,1985,BRASIL,2
PRSTP,AVIÃO,MITSUBISHI,MU-2B-60,MU2,TURBOÉLICE,5250,11,1980,BRASIL,2
PRSTV,AVIÃO,MITSUBISHI,MU-2B-60,MU2,TURBOÉLICE,5250,11,1981,BRASIL,2
PRSZA,AVIÃO,LEARJET,45,LJ45,JATO,9752,11,1999,BRASIL,2
PRTAH,AVIÃO,PIPER AIRCRAFT,PA-42-720,PAY3,TURBOÉLICE,5080,9,1984,BRASIL,2
PRTAP,AVIÃO,CESSNA AIRCRAFT,525A,C25A,JATO,5613,10,2003,BRASIL,2
PRTAX,AVIÃO,PIPER AIRCRAFT,PA-34-200,PA34,PISTÃO,1810,6,1984,BRASIL,2
PRTBL,AVIÃO,CESSNA AIRCRAFT,525B,C25B,JATO,6291,9,2008,BRASIL,2
PRTCT,AVIÃO,PIPER AIRCRAFT,PA-23-250,PA27,PISTÃO,2359,2,1976,BRASIL,2
PRTDM,AVIÃO,EMBRAER,EMB-500,E50P,JATO,4750,8,2013,BRASIL,2
PRTDV,AVIÃO,EMBRAER,EMB-500,E50P,JATO,4750,6,2011,BRASIL,2
PRTED,AVIÃO,EMBRAER,EMB-500,E50P,JATO,4750,6,2010,BRASIL,2
PRTEN,AVIÃO,CESSNA AIRCRAFT,560XL,C56X,JATO,9163,11,2008,BRASIL,2
PRTGG,AVIÃO,TEXTRON AVIATION,C90GTI,BE9L,TURBOÉLICE,4756,8,2017,BRASIL,2
PRTGT,AVIÃO,BEECH AIRCRAFT,B300,B350,TURBOÉLICE,6804,11,2004,BRASIL,2
PRTID,AVIÃO,BEECH AIRCRAFT,58,BE58,PISTÃO,2449,6,1984,BRASIL,2
PRTIN,AVIÃO,RAYTHEON AIRCRAFT,C90A,BE9L,TURBOÉLICE,4581,8,2001,BRASIL,2
PRTIO,AVIÃO,BEECH AIRCRAFT,58,BE58,PISTÃO,2449,6,1975,BRASIL,2
PRTJR,HELICÓPTERO,AGUSTA,A109E,A109,TURBOEIXO,3000,8,2009,BRASIL,2
PRTKA,AVIÃO,ATR - GIE AVIONS DE TRANSPORT RÉGIONAL,ATR-72-212A,AT72,TURBOÉLICE,22500,73,2010,BRASIL,2
PRTKB,AVIÃO,ATR - GIE AVIONS DE TRANSPORT RÉGIONAL,ATR-42-500,AT45,TURBOÉLICE,18600,50,2001,BRASIL,2
PRTKC,AVIÃO,AEROSPATIALE AND ALENIA,ATR-42-500,AT45,TURBOÉLICE,18600,50,2000,BRASIL,2
PRTKD,AVIÃO,ATR - GIE AVIONS DE TRANSPORT RÉGIONAL,ATR-42-500,AT45,TURBOÉLICE,18600,50,1999,BRASIL,2
PRTKE,AVIÃO,ATR - GIE AVIONS DE TRANSPORT RÉGIONAL,ATR-42-500,AT45,TURBOÉLICE,18600,52,1997,BRASIL,2
PRTKF,AVIÃO,ATR - GIE AVIONS DE TRANSPORT RÉGIONAL,ATR-42-500,AT45,TURBOÉLICE,18600,52,1999,BRASIL,2
PRTKH,AVIÃO,ATR - GIE AVIONS DE TRANSPORT RÉGIONAL,ATR-42-500,AT45,TURBOÉLICE,18600,52,1999,BRASIL,2
PRTKI,AVIÃO,ATR - GIE AVIONS DE TRANSPORT RÉGIONAL,ATR-72-212A (600),AT72,TURBOÉLICE,22800,73,2011,BRASIL,2
PRTKJ,AVIÃO,ATR - GIE AVIONS DE TRANSPORT RÉGIONAL,ATR-72-212A,AT72,TURBOÉLICE,22800,73,2011,BRASIL,2
PRTKK,AVIÃO,ATR - GIE AVIONS DE TRANSPORT RÉGIONAL,ATR-72-212A,AT72,TURBOÉLICE,22800,73,2012,BRASIL,2
PRTKL,AVIÃO,ATR - GIE AVIONS DE TRANSPORT RÉGIONAL,ATR-72-212A,AT72,TURBOÉLICE,22800,73,2012,BRASIL,2
PRTKM,AVIÃO,ATR - GIE AVIONS DE TRANSPORT RÉGIONAL,ATR-72-212A,AT72,TURBOÉLICE,22800,73,2012,BRASIL,2
PRTLI,AVIÃO,DIAMOND,DA 62,DA62,PISTÃO,2300,7,2017,BRASIL,2
PRTLM,AVIÃO,HAWKER BEECHCRAFT,C90GTI,BE9L,TURBOÉLICE,4581,8,2013,BRASIL,2
PRTLZ,AVIÃO,HONDA  AIRCRAFT COMPANY,HA-420,HDJT,JATO,4808,7,2017,BRASIL,2
PRTMB,AVIÃO,BEECH AIRCRAFT,C90A,BE9L,TURBOÉLICE,4377,8,1984,BRASIL,2
PRTNI,AVIÃO,PIPER AIRCRAFT,PA-34-220T,PA34,PISTÃO,2155,6,2015,BRASIL,2
PRTNP,AVIÃO,CESSNA AIRCRAFT,510,C510,JATO,3921,5,2007,BRASIL,2
PRTOG,AVIÃO,TEXTRON AVIATION,B300,B350,TURBOÉLICE,6804,11,2018,BRASIL,2
PRTQB,AVIÃO,AIRBUS,A320-214,A320,JATO,78000,0,2011,BRASIL,2
PRTQC,AVIÃO,AIRBUS S.A.S.,A320-214,A320,JATO,78000,0,2011,BRASIL,2
PRTRM,AVIÃO,BEECH AIRCRAFT,58,BE58,PISTÃO,2449,6,1974,BRASIL,2
PRTSJ,HELICÓPTERO,AGUSTA,A109E,A109,TURBOEIXO,2850,8,1998,BRASIL,2
PRTTE,AVIÃO,AEROSPATIALE AND ALENIA,ATR-42-300,AT43,TURBOÉLICE,16900,52,1995,BRASIL,2
PRTTF,AVIÃO,AEROSPATIALE AND ALENIA,ATR-42-320,AT43,TURBOÉLICE,16900,52,1986,BRASIL,2
PRTTG,AVIÃO,AEROSPATIALE AND ALENIA,ATR-42-320,AT43,TURBOÉLICE,16900,52,1986,BRASIL,2
PRTTH,AVIÃO,ATR - GIE AVIONS DE TRANSPORT RÉGIONAL,ATR-42-500,AT45,TURBOÉLICE,18600,52,1996,BRASIL,2
PRTTI,AVIÃO,AEROSPATIALE AND ALENIA,ATR-72-212,AT72,TURBOÉLICE,22000,71,1995,BRASIL,2
PRTTJ,AVIÃO,AEROSPATIALE AND ALENIA,ATR-72-212,AT72,TURBOÉLICE,22000,71,1995,BRASIL,2
PRTTK,AVIÃO,ATR - GIE AVIONS DE TRANSPORT RÉGIONAL,ATR-42-500,AT45,TURBOÉLICE,18600,52,1996,BRASIL,2
PRTTM,AVIÃO,ATR - GIE AVIONS DE TRANSPORT RÉGIONAL,ATR-42-500,AT45,TURBOÉLICE,18600,52,1997,BRASIL,2
PRTUH,AVIÃO,EMBRAER,EMB-120ER,E120,TURBOÉLICE,11990,34,1992,BRASIL,2
PRTYA,AVIÃO,AIRBUS,A320-214,A320,JATO,77000,184,2013,BRASIL,2
PRTYD,AVIÃO,AIRBUS,A320-214,A320,JATO,77000,184,2013,BRASIL,2
PRTYF,AVIÃO,AIRBUS,A320-214,A320,JATO,77000,184,2013,BRASIL,2
PRTYH,AVIÃO,AIRBUS,A320-214,A320,JATO,77000,182,2013,BRASIL,2
PRTYI,AVIÃO,AIRBUS S.A.S.,A320-214,A320,JATO,78000,189,2014,BRASIL,2
PRTYJ,AVIÃO,AIRBUS S.A.S.,A320-214,A320,JATO,78000,189,2014,BRASIL,2
PRTYK,AVIÃO,AIRBUS S.A.S.,A320-214,A320,JATO,78000,189,2015,BRASIL,2
PRTYL,AVIÃO,AIRBUS S.A.S.,A320-214,A320,JATO,78000,189,2015,BRASIL,2
PRTYM,AVIÃO,AIRBUS S.A.S.,A320-214,A320,JATO,78000,189,2015,BRASIL,2
PRTYN,AVIÃO,AIRBUS,A320-214,A320,JATO,78000,0,2015,BRASIL,2
PRTYO,AVIÃO,AIRBUS S.A.S.,A320-214,A320,JATO,78000,189,2015,BRASIL,2
PRTYP,AVIÃO,AIRBUS S.A.S.,A320-214,A320,JATO,78000,189,2015,BRASIL,2
PRTYQ,AVIÃO,AIRBUS S.A.S.,A320-214,A320,JATO,78000,189,2015,BRASIL,2
PRTYR,AVIÃO,AIRBUS,A320-214,A320,JATO,78000,180,2015,BRASIL,2
PRTYS,AVIÃO,AIRBUS S.A.S.,A320-214,A320,JATO,78000,189,2015,BRASIL,2
PRTYT,AVIÃO,AIRBUS,A320-214,A320,JATO,78000,0,2015,BRASIL,2
PRTYU,AVIÃO,AIRBUS S.A.S.,A320-214,A320,JATO,78000,189,2015,BRASIL,2
PRTYV,AVIÃO,AIRBUS S.A.S.,A320-214,A320,JATO,78000,189,2015,BRASIL,2
PRUEA,HELICÓPTERO,EUROCOPTER,BK 117 C-2,EC45,TURBOEIXO,3585,NULL,NULL,BRASIL,2
PRUGO,AVIÃO,EMBRAER,EMB-810C,PA34,PISTÃO,2073,6,1981,BRASIL,2
PRUHT,AVIÃO,EMBRAER,EMB-120ER,E120,TURBOÉLICE,11990,34,1993,BRASIL,2
PRUNI,AVIÃO,HAWKER BEECHCRAFT,B200GT,BE20,TURBOÉLICE,5670,10,2009,BRASIL,2
PRURN,AVIÃO,PIPER AIRCRAFT,PA-34-220T,PA34,PISTÃO,2155,6,2002,BRASIL,2
PRURS,AVIÃO,HAWKER BEECHCRAFT,C90GTI,BE9L,TURBOÉLICE,4581,8,2008,BRASIL,2
PRUST,AVIÃO,BEECH AIRCRAFT,58,BE58,PISTÃO,2449,6,1975,BRASIL,2
PRUUT,AVIÃO,EMBRAER,EMB-500,E50P,JATO,4750,6,2009,BRASIL,2
PRVBA,AVIÃO,BOEING COMPANY,737-8AS,B738,JATO,70533,194,1999,BRASIL,2
PRVBD,AVIÃO,BOEING COMPANY,737-8AS,B738,JATO,79015,194,1999,BRASIL,2
PRVBE,AVIÃO,BOEING COMPANY,737-8AS,B738,JATO,70533,194,1999,BRASIL,2
PRVBF,AVIÃO,BOEING,737-8EH,B738,JATO,79000,197,2008,BRASIL,2
PRVBG,AVIÃO,BOEING,737-8EH,B738,JATO,79000,197,2008,BRASIL,2
PRVBI,AVIÃO,BOEING,737-73V,B737,JATO,62595,152,2002,BRASIL,2
PRVBK,AVIÃO,BOEING,737-8EH,B738,JATO,79000,197,2007,BRASIL,2
PRVBL,AVIÃO,BOEING,737-8EH,B738,JATO,79000,197,2007,BRASIL,2
PRVBM,AVIÃO,BOEING,737-7EA,B737,JATO,66224,153,2001,BRASIL,2
PRVBN,AVIÃO,BOEING COMPANY,737-76N,B737,JATO,69399,153,1998,BRASIL,2
PRVBO,AVIÃO,BOEING,737-73V,B737,JATO,62595,152,2002,BRASIL,2
PRVBQ,AVIÃO,BOEING,737-76N,B737,JATO,61461,147,2002,BRASIL,2
PRVBU,AVIÃO,BOEING,737-76N,B737,JATO,70080,147,1999,BRASIL,2
PRVBW,AVIÃO,BOEING,737-7BX,B737,JATO,70080,154,2001,BRASIL,2
PRVBX,AVIÃO,BOEING,737-7BX,B737,JATO,70080,154,2000,BRASIL,2
PRVBY,AVIÃO,BOEING COMPANY,737-73A,B737,JATO,70080,153,1999,BRASIL,2
PRVCC,AVIÃO,BEECH AIRCRAFT,58,BE58,PISTÃO,2449,6,1982,BRASIL,2
PRVCF,AVIÃO,BEECH AIRCRAFT,58,BE58,PISTÃO,2449,6,1979,BRASIL,2
PRVCG,AVIÃO,BEECH AIRCRAFT,E55,BE55,PISTÃO,2404,6,1973,BRASIL,2
PRVCV,AVIÃO,PIPER AIRCRAFT,PA-34-200T,PA34,PISTÃO,2073,6,0,BRASIL,2
PRVDL,AVIÃO,CESSNA AIRCRAFT,510,C510,JATO,3921,6,2008,BRASIL,2
PRVDN,HELICÓPTERO,BELL HELICOPTER,429,B429,TURBOEIXO,3402,7,2012,BRASIL,2
PRVFC,AVIÃO,EMBRAER,EMB-500,E50P,JATO,4750,6,2011,BRASIL,2
PRVGS,AVIÃO,PIPER AIRCRAFT,PA-34-200T,PA34,PISTÃO,2073,6,1977,BRASIL,2
PRVIM,AVIÃO,RAYTHEON AIRCRAFT,C90A,BE9L,TURBOÉLICE,4377,8,2004,BRASIL,2
PRVIP,AVIÃO,BEECH AIRCRAFT,200,BE20,TURBOÉLICE,5670,10,1978,BRASIL,2
PRVLA,AVIÃO,LET AIRCRAFT INDUSTRIES,L410UVP-E20,L410,TURBOÉLICE,6600,21,1988,BRASIL,2
PRVLB,AVIÃO,BEECH AIRCRAFT,95-B55,BE55,PISTÃO,2268,6,1976,BRASIL,2
PRVLC,AVIÃO,BEECH AIRCRAFT,95-B55,BE55,PISTÃO,2313,6,1972,BRASIL,2
PRVLT,AVIÃO,CESSNA AIRCRAFT,310R,C310,PISTÃO,2495,6,1975,BRASIL,2
PRVMD,AVIÃO,RAYTHEON AIRCRAFT,390,PRM1,JATO,5670,8,2008,BRASIL,2
PRVOA,AVIÃO,EMBRAER,EMB-810C,PA34,PISTÃO,2073,7,1977,BRASIL,2
PRVOM,AVIÃO,PIPER AIRCRAFT,PA-34-200,PA34,PISTÃO,1905,6,0,BRASIL,2
PRVPJ,AVIÃO,EMBRAER,EMB-500,E50P,JATO,4750,7,2010,BRASIL,2
PRVRD,AVIÃO,CESSNA AIRCRAFT,560XL,C56X,JATO,9072,11,2001,BRASIL,2
PRVRR,AVIÃO,CESSNA AIRCRAFT,310G,C310,PISTÃO,2263,5,1961,BRASIL,2
PRVSA,HELICÓPTERO,EUROCOPTER,EC 155 B1,EC55,TURBOEIXO,4920,10,2010,BRASIL,2
PRVSJ,AVIÃO,DIAMOND,DA62,DA62,PISTÃO,2300,6,2017,BRASIL,2
PRVTN,AVIÃO,PIPER AIRCRAFT,PA-34-220T,PA34,PISTÃO,2155,6,0,BRASIL,2
PRVTT,AVIÃO,BEECH AIRCRAFT,58,BE58,PISTÃO,2449,6,1975,BRASIL,2
PRVVV,AVIÃO,RAYTHEON AIRCRAFT,58,BE58,PISTÃO,2494,6,1986,BRASIL,2
PRVZR,AVIÃO,GULFSTREAM,GIV-X,GLF4,JATO,33838,17,0,BRASIL,2
PRWBF,AVIÃO,PIPER AIRCRAFT,PA-34-220T,PA34,PISTÃO,2155,7,1990,BRASIL,2
PRWEE,AVIÃO,RAYTHEON AIRCRAFT,58,BE58,PISTÃO,2449,NULL,NULL,BRASIL,2
PRWFM,AVIÃO,BEECH AIRCRAFT,C90A,BE9L,TURBOÉLICE,4377,8,1992,BRASIL,2
PRWGO,AVIÃO,BEECH AIRCRAFT,58,BE58,PISTÃO,2494,6,1984,BRASIL,2
PRWJA,AVIÃO,BOEING COMPANY,737-322,B733,JATO,58967,156,1990,BRASIL,2
PRWJB,AVIÃO,BOEING COMPANY,737-341,B733,JATO,61235,156,1991,BRASIL,2
PRWJC,AVIÃO,BOEING COMPANY,737-341,B733,JATO,61234,156,1991,BRASIL,2
PRWJD,AVIÃO,BOEING COMPANY,737-3Y0,B733,JATO,62282,156,1988,BRASIL,2
PRWJE,AVIÃO,BOEING COMPANY,737-33A,B733,JATO,61234,155,1991,BRASIL,2
PRWJF,AVIÃO,BOEING COMPANY,737-341,B733,JATO,61235,156,1990,BRASIL,2
PRWJG,AVIÃO,BOEING COMPANY,737-322,B733,JATO,61234,156,1989,BRASIL,2
PRWJI,AVIÃO,BOEING COMPANY,737-341,B733,JATO,61234,156,1992,BRASIL,2
PRWJJ,AVIÃO,BOEING COMPANY,737-341,B733,JATO,61234,156,1990,BRASIL,2
PRWJK,AVIÃO,BOEING COMPANY,737-33A,B733,JATO,62822,156,1988,BRASIL,2
PRWJL,AVIÃO,BOEING COMPANY,737-36N,B733,JATO,62822,156,1999,BRASIL,2
PRWJM,AVIÃO,BOEING COMPANY,737-36Q,B733,JATO,63276,156,1997,BRASIL,2
PRWJO,AVIÃO,BOEING COMPANY,737-3Q8,B733,JATO,61234,156,1993,BRASIL,2
PRWJP,AVIÃO,BOEING COMPANY,737-3Q8,B733,JATO,63000,156,1994,BRASIL,2
PRWJQ,AVIÃO,BOEING COMPANY,737-3U3,B733,JATO,63276,156,1998,BRASIL,2
PRWJS,AVIÃO,BOEING COMPANY,737-3Y0,B733,JATO,61234,156,1989,BRASIL,2
PRWJU,AVIÃO,BOEING COMPANY,737-36N,B733,JATO,62822,156,1997,BRASIL,2
PRWJV,AVIÃO,BOEING COMPANY,737-36N,B733,JATO,62822,157,1997,BRASIL,2
PRWNA,AVIÃO,LEARJET,45,LJ45,JATO,9299,NULL,NULL,BRASIL,2
PRWOB,AVIÃO,CESSNA AIRCRAFT,525A,C25A,JATO,5613,9,2002,BRASIL,2
PRWRF,AVIÃO,PIPER AIRCRAFT,PA-34-220T,PA34,PISTÃO,2155,6,2002,BRASIL,2
PRWRO,AVIÃO,GULFSTREAM,GV-SP,GLF5,JATO,41277,20,2009,BRASIL,2
PRWSB,AVIÃO,LEARJET,45 (LEARJET 40),LJ40,JATO,9231,9,2003,BRASIL,2
PRWSG,HELICÓPTERO,AGUSTA,AW139,A139,TURBOEIXO,6800,17,2008,BRASIL,2
PRWSM,AVIÃO,DASSAULT,FALCON 2000,F2TH,JATO,16556,10,1995,BRASIL,2
PRWTA,AVIÃO,AIRBUS INDUSTRIE,A310-304,A310,JATO,157000,249,1989,BRASIL,2
PRWTR,AVIÃO,ISRAEL AIRCRAFT,GULFSTREAM 200,GALX,JATO,16080,12,1999,BRASIL,2
PRWUC,HELICÓPTERO,BELL HELICOPTER,429,B429,TURBOEIXO,3402,NULL,NULL,BRASIL,2
PRXBA,AVIÃO,AIRBUS,A320-271N,A320,JATO,79000,183,2019,BRASIL,2
PRXBB,AVIÃO,AIRBUS,A320-273N,A320,JATO,79000,183,2019,BRASIL,2
PRXBC,AVIÃO,AIRBUS,A320-273N,A320,JATO,79000,183,2019,BRASIL,2
PRXBD,AVIÃO,AIRBUS,A320-273N,A320,JATO,79000,183,2019,BRASIL,2
PRXBE,AVIÃO,AIRBUS,A320-273N,A20N,JATO,79000,183,2019,BRASIL,2
PRXBF,AVIÃO,AIRBUS S.A.S.,A320-271N,A20N,JATO,79000,182,2019,BRASIL,2
PRXBG,AVIÃO,AIRBUS,A320-271N,A20N,JATO,79000,189,2023,BRASIL,2
PRXBH,AVIÃO,AIRBUS,A320,A320-,JATO,79000,180,0,BRASIL,2
PRXBI,AVIÃO,AIRBUS,A320,A320,JATO,79000,0,2022,BRASIL,2
PRXBJ,AVIÃO,AIRBUS S.A.S.,A320-271N,A20N,JATO,79000,0,2022,BRASIL,2
PRXBK,AVIÃO,AIRBUS S.A.S.,A320-271N,A20N,JATO,79000,189,0,BRASIL,2
PRXBL,AVIÃO,AIRBUS S.A.S.,A320-271N,A20N,JATO,79000,182,0,BRASIL,2
PRXBM,AVIÃO,AIRBUS S.A.S.,A320-271N,A20N,JATO,79000,189,0,BRASIL,2
PRXBN,AVIÃO,AIRBUS S.A.S.,A320-271N,A20N,JATO,79000,189,0,BRASIL,2
PRXBO,AVIÃO,AIRBUS S.A.S.,A320-271N,A20N,JATO,79000,189,0,BRASIL,2
PRXBP,AVIÃO,AIRBUS S.A.S.,A320-271N,A20N,JATO,79000,189,0,BRASIL,2
PRXBQ,AVIÃO,AIRBUS S.A.S.,A320-271N,A20N,JATO,79000,189,0,BRASIL,2
PRXBR,AVIÃO,AIRBUS S.A.S.,A20N,A20N,JATO,79000,NULL,2023,BRASIL,2
PRXBS,AVIÃO,AIRBUS S.A.S.,A320-271N,A20N,JATO,79000,NULL,2024,BRASIL,2
PRXBT,AVIÃO,AIRBUS S.A.S.,A320-271N,A20N,JATO,79000,NULL,2024,BRASIL,2
PRXBU,AVIÃO,AIRBUS S.A.S.,A320-271N,A20N,JATO,79000,NULL,2024,BRASIL,2
PRXBV,AVIÃO,AIRBUS S.A.S.,A320-271N,A20N,JATO,79000,NULL,2025,BRASIL,2
PRXBW,AVIÃO,AIRBUS S.A.S.,A320-271N,A20N,JATO,79000,NULL,2025,BRASIL,2
PRXBX,AVIÃO,AIRBUS S.A.S.,A320-271N,A20N,JATO,79000,NULL,2025,BRASIL,2
PRXBZ,AVIÃO,AIRBUS S.A.S.,A320-271N,A20N,JATO,79000,NULL,2025,BRASIL,2
PRXCA,AVIÃO,BOEING,757-28A,B752,JATO,113398,4,NULL,BRASIL,2
PRXDY,AVIÃO,CESSNA AIRCRAFT,750,C750,JATO,16375,11,2000,BRASIL,2
PRXEF,AVIÃO,PIPER AIRCRAFT,PA-31T2,PAY2,TURBOÉLICE,4297,7,1981,BRASIL,2
PRXFR,NULL,CESSNA AIRCRAFT,401A,C402,PISTÃO,2858,8,1969,BRASIL,2
PRXGT,AVIÃO,HAWKER BEECHCRAFT,C90GT,BE9L,TURBOÉLICE,4581,8,2007,BRASIL,2
PRXLS,AVIÃO,CESSNA AIRCRAFT,560XL,C56X,JATO,9163,11,2006,BRASIL,2
PRXMA,AVIÃO,BOEING,737-8 MAX,B38M,JATO,82190,196,2018,BRASIL,2
PRXMB,AVIÃO,BOEING,737-8 MAX,B38M,JATO,82190,196,2018,BRASIL,2
PRXMC,AVIÃO,BOEING,737-8 MAX,B38M,JATO,82190,196,2018,BRASIL,2
PRXMD,AVIÃO,BOEING,737-8 MAX,B38M,JATO,82190,196,2018,BRASIL,2
PRXME,AVIÃO,BOEING,737-8 MAX,B38M,JATO,82190,196,2018,BRASIL,2
PRXMF,AVIÃO,BOEING,737-8 MAX,B38M,JATO,82190,196,2018,BRASIL,2
PRXMG,AVIÃO,BOEING,737-8 MAX,B38M,JATO,82190,196,2019,BRASIL,2
PRXMH,AVIÃO,BOEING COMPANY,B737-8MAX,B38M,JATO,82190,0,2022,BRASIL,2
PRXMI,AVIÃO,BOEING,737-8 MAX,B38M,JATO,82190,0,0,BRASIL,2
PRXMJ,AVIÃO,BOEING,737-8 MAX,B38M,JATO,82644,186,2021,BRASIL,2
PRXMK,AVIÃO,BOEING COMPANY,58,B38M,JATO,82190,0,2022,BRASIL,2
PRXML,AVIÃO,BOEING,737-8 MAX,B38M,JATO,82190,0,0,BRASIL,2
PRXMM,AVIÃO,BOEING,737-8 MAX,B38M,JATO,82644,0,2021,BRASIL,2
PRXMN,AVIÃO,BOEING,737-8 MAX,B38M,JATO,82644,0,2021,BRASIL,2
PRXMO,AVIÃO,BOEING,737-8 MAX,B38M,JATO,82190,0,2021,BRASIL,2
PRXMP,AVIÃO,BOEING,737-248C,B732,JATO,82190,0,2021,BRASIL,2
PRXMQ,AVIÃO,BOEING COMPANY,737-8 MAX,B38M,JATO,82644,0,2021,BRASIL,2
PRXMR,AVIÃO,BOEING,737-8 MAX,B38M,JATO,82644,0,2021,BRASIL,2
PRXMS,AVIÃO,BOEING COMPANY,737-8 MAX,B38M,JATO,82644,196,2022,BRASIL,2
PRXMT,AVIÃO,BOEING COMPANY,B737-8MAX,B738M,JATO,82645,0,2021,BRASIL,2
PRXMU,AVIÃO,BOEING,737-8 MAX,B38M,JATO,82644,196,2021,BRASIL,2
PRXMV,AVIÃO,BOEING,737-8 MAX,B38M,JATO,82644,0,2021,BRASIL,2
PRXMW,AVIÃO,BOEING COMPANY,737-8 MAX,B38M,JATO,82644,196,0,BRASIL,2
PRXMX,AVIÃO,BOEING COMPANY,737-8 MAX,B38M,JATO,82644,196,0,BRASIL,2
PRXMY,AVIÃO,BOEING COMPANY,737-8 MAX,B38M,JATO,82190,196,0,BRASIL,2
PRXMZ,AVIÃO,BOEING COMPANY,737-8 MAX,B38M,JATO,82190,196,0,BRASIL,2
PRXZB,AVIÃO,CESSNA AIRCRAFT,310R,C310,PISTÃO,2576,6,1975,BRASIL,2
PRYJA,AVIÃO,AIRBUS S.A.S.,A321-251NX,A21N,JATO,89000,223,2019,BRASIL,2
PRYJB,NULL,AIRBUS,A321-251NX,A21N,JATO,93500,214,NULL,BRASIL,2
PRYJC,AVIÃO,AIRBUS,A321-251NX,A21N,JATO,93500,NULL,2020,BRASIL,2
PRYJD,AVIÃO,AIRBUS,A321-251NX,A21N,JATO,93500,170,2021,BRASIL,2
PRYJE,AVIÃO,AIRBUS S.A.S.,A321-251NX,A21N,JATO,89000,223,2021,BRASIL,2
PRYJF,AVIÃO,AIRBUS S.A.S.,A321-251NX,A21N,JATO,89000,223,2021,BRASIL,2
PRYRA,AVIÃO,AIRBUS,A320-251N,A320,JATO,77000,183,2016,BRASIL,2
PRYRB,AVIÃO,AIRBUS,A320-251N,A320,JATO,77000,182,2016,BRASIL,2
PRYRC,AVIÃO,AIRBUS,A320-251N,A320,JATO,77000,183,2016,BRASIL,2
PRYRE,AVIÃO,AIRBUS,A320-251N,A320,JATO,77000,183,NULL,BRASIL,2
PRYRF,AVIÃO,AIRBUS,A320-251N,A320,JATO,77000,183,NULL,BRASIL,2
PRYRG,HELICÓPTERO,BELL HELICOPTER,430,B430,TURBOEIXO,4082,8,2001,BRASIL,2
PRYRH,AVIÃO,AIRBUS,A320-251N,A320,JATO,77000,183,2017,BRASIL,2
PRYRI,AVIÃO,AIRBUS,A320-251N,A320,JATO,77000,183,NULL,BRASIL,2
PRYRJ,AVIÃO,AIRBUS,A320-253N,A20N,JATO,79000,182,2017,BRASIL,2
PRYRK,AVIÃO,AIRBUS,Airbus A320-251N,A320,JATO,79000,NULL,NULL,BRASIL,2
PRYRL,AVIÃO,AIRBUS S.A.S.,A320-253N,A20N,JATO,77000,182,2017,BRASIL,2
PRYRN,AVIÃO,AIRBUS S.A.S.,A320-253N,A20N,JATO,77000,182,NULL,BRASIL,2
PRYRO,AVIÃO,AIRBUS,A320-253N,A20N,JATO,77000,182,2018,BRASIL,2
PRYRQ,AVIÃO,AIRBUS,A320-251N,A320,JATO,77000,170,0,BRASIL,2
PRYRR,AVIÃO,AIRBUS S.A.S.,A320-253N,A20N,JATO,77000,182,2018,BRASIL,2
PRYRS,AVIÃO,AIRBUS,A320-253N,A20N,JATO,77000,182,2018,BRASIL,2
PRYRT,AVIÃO,AIRBUS INDUSTRIE,A320-251N,A20N,JATO,79000,183,2018,BRASIL,2
PRYRU,AVIÃO,AIRBUS,A320-251N,A20N,JATO,79000,NULL,2018,BRASIL,2
PRYRV,AVIÃO,AIRBUS,A320-251N,A320,JATO,77000,160,0,BRASIL,2
PRYRW,AVIÃO,AIRBUS S.A.S.,A320-253N,A20N,JATO,77000,182,2018,BRASIL,2
PRYRX,AVIÃO,AIRBUS,A320-251N,A320,JATO,77000,NULL,2018,BRASIL,2
PRYRY,AVIÃO,AIRBUS S.A.S.,A320-251N,A20N,JATO,77000,182,2019,BRASIL,2
PRYRZ,AVIÃO,AIRBUS,A320-251N,A20N,JATO,77000,NULL,2019,BRASIL,2
PRYSA,AVIÃO,AIRBUS S.A.S.,A320-251N,A20N,JATO,77000,183,2019,BRASIL,2
PRYSB,AVIÃO,AIRBUS,A320-251N,A20N,JATO,77000,NULL,2019,BRASIL,2
PRYSC,AVIÃO,AIRBUS S.A.S.,A320-251N,A20N,JATO,77000,183,2019,BRASIL,2
PRYSD,AVIÃO,AIRBUS S.A.S.,A320-251N,A20N,JATO,77000,183,2019,BRASIL,2
PRYSE,AVIÃO,AIRBUS S.A.S.,A320-251N,A20N,JATO,77000,183,2019,BRASIL,2
PRYSF,AVIÃO,AIRBUS S.A.S.,A320-251N,A20N,JATO,77000,183,2019,BRASIL,2
PRYSG,AVIÃO,AIRBUS S.A.S.,A320-251N,A20N,JATO,77000,183,2020,BRASIL,2
PRYSH,AVIÃO,AIRBUS,A320-251N,A20N,JATO,77000,0,2021,BRASIL,2
PRYSI,AVIÃO,AIRBUS,A320-251N,A320,JATO,77000,NULL,2022,BRASIL,2
PRYSK,AVIÃO,AIRBUS S.A.S.,A320-251N,A20N,JATO,77000,183,2022,BRASIL,2
PRYSL,AVIÃO,AIRBUS S.A.S.,A320-251N,A20N,JATO,77000,183,2022,BRASIL,2
PRYSN,AVIÃO,AIRBUS,A320-251N,A20N,JATO,77000,NULL,2023,BRASIL,2
PRYSO,AVIÃO,AIRBUS S.A.S.,A320-251N,A20N,JATO,77000,183,2023,BRASIL,2
PRYSP,AVIÃO,AIRBUS,A320-251N,A20N,JATO,77000,183,2023,BRASIL,2
PRYSR,AVIÃO,AIRBUS S.A.S.,A320-251N,A20N,JATO,77000,183,2024,BRASIL,2
PRYXA,AVIÃO,ATR - GIE AVIONS DE TRANSPORT RÉGIONAL,ATR-72-212A (600),AT76,TURBOÉLICE,23000,NULL,2022,BRASIL,2
PRYXB,AVIÃO,ATR - GIE AVIONS DE TRANSPORT RÉGIONAL,ATR-72-212A (600),AT76,TURBOÉLICE,23000,77,2023,BRASIL,2
PRYXC,AVIÃO,ATR - GIE AVIONS DE TRANSPORT RÉGIONAL,ATR-72-212A (600),AT76,TURBOÉLICE,23000,77,2023,BRASIL,2
PRYXD,AVIÃO,ATR - GIE AVIONS DE TRANSPORT RÉGIONAL,ATR-72-212A (600),AT76,TURBOÉLICE,23000,77,2024,BRASIL,2
PRYXE,AVIÃO,ATR - GIE AVIONS DE TRANSPORT RÉGIONAL,ATR-72-212A (600),AT76,TURBOÉLICE,22000,NULL,2025,BRASIL,2
PRYXF,AVIÃO,ATR - GIE AVIONS DE TRANSPORT RÉGIONAL,ATR-72-212A (600),AT76,TURBOÉLICE,23000,NULL,2025,BRASIL,2
PRYXT,AVIÃO,ATR - GIE AVIONS DE TRANSPORT RÉGIONAL,ATR-72-212A (600),AT76,TURBOÉLICE,23000,77,2022,BRASIL,2
PRYYA,AVIÃO,AIRBUS,A320-251N,A320,JATO,79000,NULL,NULL,BRASIL,2
PRYYB,AVIÃO,AIRBUS S.A.S.,A320-251N,A20N,JATO,77000,172,NULL,BRASIL,2
PRYYC,NULL,AIRBUS,A320-251N,A320,JATO,79000,NULL,NULL,BRASIL,2
PRYYD,AVIÃO,AIRBUS,A320-251N,A20N,JATO,77000,173,2017,BRASIL,2
PRYYE,AVIÃO,AIRBUS S.A.S.,A320-251N,A20N,JATO,77000,173,2017,BRASIL,2
PRYYF,AVIÃO,AIRBUS S.A.S.,A320-251N,A20N,JATO,77000,173,2018,BRASIL,2
PRYYG,AVIÃO,AIRBUS,A320-251N,A20N,JATO,79000,NULL,2017,BRASIL,2
PRYYH,AVIÃO,AIRBUS,A320-251N,A20N,JATO,77000,NULL,2017,BRASIL,2
PRYYI,AVIÃO,AIRBUS,A320-251N,A20N,JATO,79000,172,2017,BRASIL,2
PRYYJ,AVIÃO,AIRBUS S.A.S.,A320-251N,A20N,JATO,77000,173,2017,BRASIL,2
PRYYK,AVIÃO,AIRBUS,A320-251N,A20N,JATO,77000,NULL,2016,BRASIL,2
PRYYL,AVIÃO,AIRBUS,A320-251N,A20N,JATO,79000,NULL,2016,BRASIL,2
PRYZW,AVIÃO,PIPER AIRCRAFT,PA-34-220T,PA34,PISTÃO,2155,6,1999,BRASIL,2
PRZPE,AVIÃO,PIPER AIRCRAFT,PA-34-220T,PA34,PISTÃO,2155,6,2002,BRASIL,2
PSAAS,AVIÃO,HAWKER BEECHCRAFT,C90GTI,BE9L,TURBOÉLICE,4756,NULL,2010,BRASIL,2
PSAAV,AVIÃO,GULFSTREAM,GV-SP,GLFS,JATO,41277,NULL,2007,BRASIL,2
PSADA,AVIÃO,EMBRAER,ERJ 190-400,E295,JATO,61200,143,2024,BRASIL,2
PSADB,AVIÃO,EMBRAER,ERJ 190-400,E295,JATO,61200,0,2025,BRASIL,2
PSADD,AVIÃO,EMBRAER,ERJ 190-400,E295,JATO,61200,0,2024,BRASIL,2
PSADE,AVIÃO,EMBRAER,ERJ 190-400,E295,JATO,61200,0,2025,BRASIL,2
PSADF,AVIÃO,EMBRAER,ERJ 190-400,E295,JATO,61200,0,2025,BRASIL,2
PSADG,AVIÃO,EMBRAER,ERJ 190-400,E295,JATO,61200,0,2025,BRASIL,2
PSADI,AVIÃO,EMBRAER,ERJ 190-400,E295,JATO,61200,0,2025,BRASIL,2
PSAEA,AVIÃO,EMBRAER,ERJ 190-400,E295,JATO,61500,148,2019,BRASIL,2
PSAEB,AVIÃO,EMBRAER,ERJ 190-400,E295,JATO,61500,148,2019,BRASIL,2
PSAEC,AVIÃO,EMBRAER,ERJ 190-400,E295,JATO,61200,143,2019,BRASIL,2
PSAED,AVIÃO,YABORA INDUSTRIA AERONAUTICA S.A.,ERJ 190-400,E295,JATO,61500,0,2020,BRASIL,2
PSAEE,AVIÃO,EMBRAER,ERJ 190-400,E295,JATO,61200,143,2020,BRASIL,2
PSAEF,AVIÃO,YABORA INDUSTRIA AERONAUTICA S.A.,ERJ 190-400,E295,JATO,61500,NULL,2020,BRASIL,2
PSAEG,AVIÃO,YABORA INDUSTRIA AERONAUTICA S.A.,ERJ 190-400,E295,JATO,61200,148,2020,BRASIL,2
PSAEH,AVIÃO,EMBRAER,ERJ 190-400,E295,JATO,61200,0,2020,BRASIL,2
PSAEI,AVIÃO,EMBRAER,ERJ 190-400,E295,JATO,61200,0,2022,BRASIL,2
PSAEJ,AVIÃO,EMBRAER,ERJ 190-400,E295,JATO,61200,0,2022,BRASIL,2
PSAEK,AVIÃO,EMBRAER,ERJ 190-400,E295,JATO,61200,136,2022,BRASIL,2
PSAEL,AVIÃO,EMBRAER,ERJ 190-400,E295,JATO,61200,143,2022,BRASIL,2
PSAEM,AVIÃO,EMBRAER,ERJ 190-400,E295,JATO,61500,143,2022,BRASIL,2
PSAEN,AVIÃO,EMBRAER,ERJ 190-400,E295,JATO,61200,0,2022,BRASIL,2
PSAEO,AVIÃO,EMBRAER,ERJ 190-400,E295,JATO,61200,143,2023,BRASIL,2
PSAEP,AVIÃO,EMBRAER,ERJ 190-400,E295,JATO,61200,0,2023,BRASIL,2
PSAEQ,AVIÃO,EMBRAER,ERJ 190-400,E295,JATO,61200,0,2023,BRASIL,2
PSAER,AVIÃO,EMBRAER,ERJ 190-400,E295,JATO,61200,0,2023,BRASIL,2
PSAES,AVIÃO,EMBRAER,ERJ 190-400,E295,JATO,61200,0,2023,BRASIL,2
PSAET,AVIÃO,EMBRAER,ERJ 190-400,E295,JATO,61200,0,2024,BRASIL,2
PSAEU,AVIÃO,EMBRAER,ERJ 190-400,E295,JATO,61200,0,2024,BRASIL,2
PSAEV,AVIÃO,EMBRAER,ERJ 190-400,E295,JATO,61200,0,2024,BRASIL,2
PSAEW,AVIÃO,EMBRAER,ERJ 190-400,E295,JATO,61200,NULL,2024,BRASIL,2
PSAEX,AVIÃO,EMBRAER,ERJ 190-400,E295,JATO,61200,0,2024,BRASIL,2
PSAEY,AVIÃO,EMBRAER,ERJ 190-400,E295,JATO,61200,0,2024,BRASIL,2
PSAEZ,AVIÃO,EMBRAER,ERJ 190-400,E295,JATO,61200,0,2024,BRASIL,2
PSAJB,AVIÃO,AIRBUS S.A.S.,A321-231,A321,JATO,89000,NULL,2006,BRASIL,2
PSAJG,AVIÃO,EMBRAER,EMB-505,E55P,JATO,8415,NULL,2023,BRASIL,2
PSALJ,AVIÃO,LEARJET,45,LJ45,JATO,9752,10,0,BRASIL,2
PSAMA,AVIÃO,PILATUS,PC-24,PC24,JATO,8300,8,2021,BRASIL,2
PSAMG,AVIÃO,HAWKER BEECHCRAFT,C90GT,BE9L,TURBOÉLICE,4581,NULL,2007,BRASIL,2
PSAPA,AVIÃO,HAWKER BEECHCRAFT,B200GT,BE20,TURBOÉLICE,5670,9,0,BRASIL,2
PSARI,AVIÃO,BEECH AIRCRAFT,E90,BE9L,TURBOÉLICE,4581,NULL,1978,BRASIL,2
PSARK,HELICÓPTERO,SIKORSKY AIRCRAFT,S-76C,S76,TURBOEIXO,5307,NULL,2006,BRASIL,2
PSARM,HELICÓPTERO,SIKORSKY,S-76C,S76,TURBOEIXO,5307,14,2004,BRASIL,2
PSAXE,AVIÃO,TEXTRON AVIATION,525C,C25C,JATO,7761,NULL,2025,BRASIL,2
PSAXM,HELICÓPTERO,AIRBUS HELICOPTERS,H160-B,H160,TURBOEIXO,6100,0,2022,BRASIL,2
PSBAS,AVIÃO,EMBRAER,EMB-505,E55P,JATO,8340,NULL,2011,BRASIL,2
PSBDB,AVIÃO,HONDA AIRCRAFT COMPANY,HA-420,HDJT,JATO,4853,NULL,2017,BRASIL,2
PSBDW,AVIÃO,BEECH AIRCRAFT,95-B55,BE55,PISTÃO,2268,NULL,1982,BRASIL,2
PSBLM,AVIÃO,RAYTHEON AIRCRAFT,C90GTI,BE9L,TURBOÉLICE,4581,NULL,2011,BRASIL,2
PSBOA,AVIÃO,BEECH AIRCRAFT,B200,BE20,TURBOÉLICE,5670,10,0,BRASIL,2
PSBRV,AVIÃO,PIPER AIRCRAFT,PA-31T,PAY2,TURBOÉLICE,4082,NULL,1979,BRASIL,2
PSBSZ,AVIÃO,PIPER AIRCRAFT,PA-42,PAY3,TURBOÉLICE,5080,NULL,1981,BRASIL,2
PSBTA,HELICÓPTERO,AGUSTA,AW139,A139,TURBOEIXO,7000,NULL,2013,BRASIL,2
PSBTB,HELICÓPTERO,AGUSTA,AW139,A139,TURBOEIXO,6800,NULL,2009,BRASIL,2
PSBTC,HELICÓPTERO,AGUSTA,AW139,A139,TURBOEIXO,6800,14,0,BRASIL,2
PSBTD,HELICÓPTERO,AGUSTA,AW139,A139,TURBOEIXO,6800,NULL,2009,BRASIL,2
PSBTF,HELICÓPTERO,AGUSTA,AW139,A139,TURBOEIXO,6800,NULL,2011,BRASIL,2
PSBTJ,HELICÓPTERO,AGUSTA,AW139,A139,TURBOEIXO,6800,NULL,2015,BRASIL,2
PSBTK,HELICÓPTERO,AGUSTA,AW139,A139,TURBOEIXO,7000,NULL,2013,BRASIL,2
PSBTL,HELICÓPTERO,AGUSTA,AW139,A139,TURBOEIXO,7000,NULL,2014,BRASIL,2
PSBTO,HELICÓPTERO,LEONARDO S.P.A,AW139,A139,TURBOEIXO,7000,NULL,2013,BRASIL,2
PSBTP,HELICÓPTERO,LEONARDO S.P.A,AW139,A139,TURBOEIXO,7000,NULL,2013,BRASIL,2
PSBTW,HELICÓPTERO,AGUSTA,AW139,A139,TURBOEIXO,6800,NULL,2010,BRASIL,2
PSBVA,AVIÃO,PIPER AIRCRAFT,PA-42,PAY3,TURBOÉLICE,5080,0,1981,BRASIL,2
PSBVI,AVIÃO,LEARJET,35A,LJ35,JATO,8301,2,1984,BRASIL,2
PSBVP,AVIÃO,TEXTRON AVIATION,B200GT,BE20,TURBOÉLICE,5670,NULL,2014,BRASIL,2
PSBYO,AVIÃO,EMBRAER,EMB-505,E55P,JATO,8415,NULL,2025,BRASIL,2
PSCBC,AVIÃO,EMBRAER,EMB-810C,PA34,NULL,2073,0,0,BRASIL,2
PSCCO,AVIÃO,LEARJET,45,LJ45,JATO,9752,NULL,2006,BRASIL,2
PSCDQ,HELICÓPTERO,SIKORSKY AIRCRAFT,S-76C,S76,TURBOEIXO,5307,14,0,BRASIL,2
PSCDT,HELICÓPTERO,AGUSTA,AW139,A139,TURBOEIXO,7000,NULL,2015,BRASIL,2
PSCDU,HELICÓPTERO,LEONARDO S.P.A,AW139,A139,TURBOEIXO,7000,14,0,BRASIL,2
PSCDV,HELICÓPTERO,LEONARDO S.P.A,AW139,A139,TURBOEIXO,7000,NULL,2015,BRASIL,2
PSCMP,AVIÃO,ISRAEL AIRCRAFT,G150,G150,JATO,11839,10,0,BRASIL,2
PSCRA,AVIÃO,DIAMOND AIRCRAFT,DA 62,DA62,PISTÃO,2300,0,2020,BRASIL,2
PSCSM,AVIÃO,TEXTRON AVIATION,B200GT,BE20,TURBOÉLICE,5670,8,2019,BRASIL,2
PSDAR,AVIÃO,EMBRAER,EMB-500,E50P,JATO,4750,NULL,2012,BRASIL,2
PSDHM,AVIÃO,RAYTHEON AIRCRAFT,400A,BE40,JATO,7394,NULL,2006,BRASIL,2
PSDOR,AVIÃO,EMBRAER,EMB-505,E55P,JATO,8415,0,2020,BRASIL,2
PSEBI,AVIÃO,DIAMOND,DA 62,DA62,PISTÃO,2300,NULL,2018,BRASIL,2
PSECB,AVIÃO,PILATUS,PC-24,PC24,JATO,8300,NULL,2021,BRASIL,2
PSENR,AVIÃO,EMBRAER,EMB-500,E50P,JATO,4750,NULL,2009,BRASIL,2
PSESP,AVIÃO,GULFSTREAM,GV-SP,GLF5,JATO,41277,22,0,BRASIL,2
PSFAZ,AVIÃO,BEECH AIRCRAFT,C90A,BE9L,TURBOÉLICE,4377,NULL,1993,BRASIL,2
PSFEM,AVIÃO,BEECH AIRCRAFT,F90,BE9T,TURBOÉLICE,4967,NULL,1981,BRASIL,2
PSFHT,AVIÃO,EMBRAER,EMB-505,E55P,JATO,8415,NULL,2022,BRASIL,2
PSFMG,AVIÃO,RAYTHEON AIRCRAFT,B200,BE20,TURBOÉLICE,5670,0,2005,BRASIL,2
PSFSW,AVIÃO,DASSAULT AVIATION,FALCON 2000,F2TH,JATO,16556,13,0,BRASIL,2
PSGAC,AVIÃO,HAWKER BEECHCRAFT,B200GT,BE20,TURBOÉLICE,5670,NULL,2009,BRASIL,2
PSGBP,AVIÃO,EMBRAER,EMB-110P1,E110,TURBOÉLICE,5670,NULL,1982,BRASIL,2
PSGCI,AVIÃO,EMBRAER,EMB-500,E50P,JATO,4750,NULL,2009,BRASIL,2
PSGFA,AVIÃO,BOEING COMPANY,737-800,B738,JATO,75214,8,0,BRASIL,2
PSGFC,AVIÃO,BOEING COMPANY,737-8EH,B738,JATO,75214,8,2007,BRASIL,2
PSGFD,AVIÃO,BOEING COMPANY,737-8EH,B738,JATO,75214,NULL,2008,BRASIL,2
PSGFE,AVIÃO,BOEING COMPANY,737-8EH,B738,JATO,75214,8,0,BRASIL,2
PSGFF,AVIÃO,BOEING COMPANY,737-8EH,B738,JATO,75214,NULL,2008,BRASIL,2
PSGFG,AVIÃO,BOEING COMPANY,737-8EH,B738,JATO,79015,NULL,2006,BRASIL,2
PSGJS,HELICÓPTERO,ROBINSON HELICOPTER,R44 II,BALL,TURBOÉLICE,1134,NULL,2010,BRASIL,2
PSGMF,AVIÃO,TEXTRON AVIATION,G58,BE58,PISTÃO,2495,0,2017,BRASIL,2
PSGMJ,AVIÃO,EMBRAER,EMB-505,E55P,JATO,8150,10,0,BRASIL,2
PSGOE,AVIÃO,DIAMOND AIRCRAFT,DA 62,DA62,PISTÃO,2300,NULL,2022,BRASIL,2
PSGOL,AVIÃO,BOEING COMPANY,737-8 MAX,B38M,JATO,82190,NULL,2024,BRASIL,2
PSGPA,AVIÃO,BOEING,737-8 MAX,B38M,JATO,82190,0,2018,BRASIL,2
PSGPB,AVIÃO,BOEING,737-8 MAX,B38M,JATO,78000,0,2018,BRASIL,2
PSGPC,AVIÃO,BOEING,737-8 MAX,B38M,JATO,82190,186,2018,BRASIL,2
PSGPD,AVIÃO,BOEING,737-8 MAX,737,JATO,82190,0,2018,BRASIL,2
PSGPE,AVIÃO,BOEING COMPANY,B737-8 MAX,B38M,JATO,78000,0,2018,BRASIL,2
PSGPF,AVIÃO,BOEING,737-8 MAX,B38M,JATO,82190,0,2018,BRASIL,2
PSGPG,AVIÃO,BOEING,737-8 MAX,B38M,JATO,82190,0,2018,BRASIL,2
PSGPH,AVIÃO,BOEING COMPANY,737-8 MAX,NULL,JATO,82644,NULL,2022,BRASIL,2
PSGPI,AVIÃO,BOEING,B737-800,B738,JATO,78000,196,2022,BRASIL,2
PSGPJ,AVIÃO,BOEING,737-8 MAX,B38M,JATO,82644,197,2022,BRASIL,2
PSGPK,AVIÃO,BOEING,737-8 MAX,B38M,JATO,82644,196,2022,BRASIL,2
PSGPL,AVIÃO,BOEING COMPANY,B737-8 MAX,B38M,JATO,82644,0,2022,BRASIL,2
PSGPM,AVIÃO,BOEING COMPANY,737-8 MAX,B38M,JATO,82644,198,0,BRASIL,2
PSGPN,AVIÃO,BOEING,737-8 MAX,B38,JATO,82644,0,2022,BRASIL,2
PSGPO,AVIÃO,BOEING COMPANY,B738,B738,JATO,82644,0,2023,BRASIL,2
PSGPP,AVIÃO,BOEING COMPANY,B737-8MAX,B38M,JATO,78000,0,2024,BRASIL,2
PSGPQ,AVIÃO,BOEING COMPANY,737-8 MAX,B38M,JATO,82644,185,2025,BRASIL,2
PSGRA,AVIÃO,BOEING COMPANY,B737-8 MAX,B38M,JATO,82190,NULL,2023,BRASIL,2
PSGRB,AVIÃO,BOEING,B737-8 MAX,B38M,JATO,82190,0,2023,BRASIL,2
PSGRC,AVIÃO,BOEING,737-8 MAX,B38M,JATO,82190,0,2023,BRASIL,2
PSGRE,AVIÃO,BOEING,737-8 MAX,B38M,JATO,82190,0,2024,BRASIL,2
PSGRF,AVIÃO,BOEING COMPANY,B737-8 MAX,B38M,JATO,82190,NULL,2024,BRASIL,2
PSGRG,AVIÃO,BOEING COMPANY,B737-8 MAX,B38M,JATO,82190,0,2024,BRASIL,2
PSGRI,AVIÃO,BOEING COMPANY,737-8 MAX,B38M,JATO,82190,0,2025,BRASIL,2
PSGRM,AVIÃO,BOEING COMPANY,737-8 MAX,B38M,JATO,82644,0,2025,BRASIL,2
PSGSB,AVIÃO,HAWKER BEECHCRAFT,C90GTI,BE9L,TURBOÉLICE,4581,8,0,BRASIL,2
PSHAI,HELICÓPTERO,AIRBUS HELICOPTERS,BK117 D-3,EC45,TURBOEIXO,3800,11,2021,BRASIL,2
PSHCS,AVIÃO,BEECH AIRCRAFT,200,BE20,TURBOÉLICE,5670,11,1978,BRASIL,2
PSHEV,AVIÃO,PIPER AIRCRAFT,PA-31T1,PAY1,TURBOÉLICE,3946,NULL,1981,BRASIL,2
PSHTA,AVIÃO,BEECH AIRCRAFT,E90,BE9L,TURBOÉLICE,4762,NULL,1974,BRASIL,2
PSIBD,HELICÓPTERO,AGUSTA,AW119MKII,A119,TURBOEIXO,2850,NULL,2013,BRASIL,2
PSILU,AVIÃO,RAYTHEON AIRCRAFT,400A,BE40,JATO,7394,NULL,2005,BRASIL,2
PSIME,AVIÃO,TEXTRON AVIATION,B300,B350,TURBOÉLICE,6804,13,2024,BRASIL,2
PSINA,AVIÃO,DIAMOND AIRCRAFT,DA 62,DA62,PISTÃO,2300,NULL,2024,BRASIL,2
PSIRS,AVIÃO,EMBRAER,EMB-545,E545,JATO,17040,NULL,2024,BRASIL,2
PSJCO,AVIÃO,TEXTRON AVIATION,C90GTI,BE9L,TURBOÉLICE,4581,8,0,BRASIL,2
PSJCP,AVIÃO,PIPER AIRCRAFT,PA-31T,PAY2,TURBOÉLICE,4082,NULL,1977,BRASIL,2
PSJEM,AVIÃO,EMBRAER,EMB-505,E55P,JATO,8415,0,2020,BRASIL,2
PSJFV,AVIÃO,LEARJET,45,LJ45,JATO,9299,11,1999,BRASIL,2
PSJNA,AVIÃO,BEECH AIRCRAFT,C90,BE9L,TURBOÉLICE,4377,7,0,BRASIL,2
PSJPA,AVIÃO,TEXTRON AVIATION,C90GTI,BE9L,TURBOÉLICE,4756,8,0,BRASIL,2
PSJPC,AVIÃO,HAWKER BEECHCRAFT,400A,BE40,JATO,7393,10,0,BRASIL,2
PSJVA,AVIÃO,BEECH AIRCRAFT,58,BE58,PISTÃO,2449,6,1977,BRASIL,2
PSKGA,AVIÃO,CESSNA AIRCRAFT,550,C550,JATO,6033,9,0,BRASIL,2
PSKMG,AVIÃO,HAWKER BEECHCRAFT,B200GT,BE20,TURBOÉLICE,5670,NULL,2012,BRASIL,2
PSKSA,AVIÃO,EMBRAER,ERJ 190-400,E295,JATO,62000,NULL,2024,BRASIL,2
PSKZA,AVIÃO,ECLIPSE AEROSPACE,EA500,EA50,JATO,2722,5,0,BRASIL,2
PSLBA,AVIÃO,AIRBUS S.A.S.,A321-271NX,A21N,JATO,89000,0,0,BRASIL,2
PSLBB,AVIÃO,AIRBUS S.A.S.,A321-271NX,A21N,JATO,89000,0,2023,BRASIL,2
PSLBC,AVIÃO,AIRBUS S.A.S.,A321-271NX,A21N,JATO,89000,0,2023,BRASIL,2
PSLBD,AVIÃO,AIRBUS S.A.S.,A321-271NX,A21N,JATO,89000,0,2024,BRASIL,2
PSLBE,AVIÃO,AIRBUS,A321-271NX,A21N,JATO,89000,234,2023,BRASIL,2
PSLBF,AVIÃO,AIRBUS INDUSTRIE,A321-271NX,A21N,JATO,89000,0,2023,BRASIL,2
PSLBG,AVIÃO,AIRBUS S.A.S.,A321-271NX,A21N,JATO,89000,0,2023,BRASIL,2
PSLBI,AVIÃO,AIRBUS INDUSTRIE,A321-271NX,A21N,JATO,89000,0,2023,BRASIL,2
PSLBJ,AVIÃO,AIRBUS INDUSTRIE,A321-271NX,A321,JATO,89000,0,2024,BRASIL,2
PSLBK,AVIÃO,AIRBUS S.A.S.,A321-271NX,A321,JATO,89000,0,2024,BRASIL,2
PSLBM,AVIÃO,AIRBUS S.A.S.,A321-271N,A21N,JATO,89000,NULL,2024,BRASIL,2
PSLBP,AVIÃO,AIRBUS S.A.S.,A321-271NX,A21N,JATO,89000,0,2025,BRASIL,2
PSLBQ,AVIÃO,AIRBUS S.A.S.,A321-271NX,A21N,JATO,89000,0,2025,BRASIL,2
PSLCA,AVIÃO,PILATUS,PC-24,PC24,JATO,8300,0,2022,BRASIL,2
PSLEI,AVIÃO,PIPER AIRCRAFT,PA-42-720,PAY3,TURBOÉLICE,5080,9,0,BRASIL,2
PSLEL,AVIÃO,CESSNA AIRCRAFT,680,C680,TURBOÉLICE,13744,NULL,2009,BRASIL,2
PSLEM,AVIÃO,PIPER AIRCRAFT,PA-31T1,PAY1,TURBOÉLICE,3946,7,0,BRASIL,2
PSLEV,AVIÃO,BEECH AIRCRAFT,C90,BE9L,TURBOÉLICE,4377,NULL,1981,BRASIL,2
PSLHC,AVIÃO,AIRBUS S.A.S.,A320-271N,A20N,JATO,79000,NULL,2025,BRASIL,2
PSLID,AVIÃO,LEARJET,45,LJ45,JATO,9752,11,2000,BRASIL,2
PSLIM,AVIÃO,PIPER AIRCRAFT,PA-31T,PAY2,TURBOÉLICE,4082,NULL,1981,BRASIL,2
PSLMP,AVIÃO,EMBRAER,ERJ 190-300,E290,JATO,56400,NULL,2019,BRASIL,2
PSLNL,AVIÃO,LEARJET,45,LJ45,JATO,9752,0,2007,BRASIL,2
PSLSP,AVIÃO,RAYTHEON AIRCRAFT,400A,BE40,JATO,7394,NULL,2005,BRASIL,2
PSLSS,AVIÃO,BEECH AIRCRAFT,B200,BE20,TURBOÉLICE,5670,10,0,BRASIL,2
PSLUC,AVIÃO,LEARJET,45,LJ40,JATO,9231,NULL,0,BRASIL,2
PSLVG,AVIÃO,RAYTHEON AIRCRAFT,400A,BE40,JATO,7393,NULL,2000,BRASIL,2
PSLVU,AVIÃO,AIRBUS S.A.S.,A321-212,A321,JATO,89000,NULL,1998,BRASIL,2
PSMAK,AVIÃO,BOMBARDIER,BD-700-1A10,GLEX,JATO,45132,NULL,2005,BRASIL,2
PSMDE,AVIÃO,CESSNA AIRCRAFT,525,C525,JATO,4853,NULL,2007,BRASIL,2
PSMEK,HELICÓPTERO,EUROCOPTER FRANCE,AS 365 N2,AS65,TURBOEIXO,4250,10,0,BRASIL,2
PSMGQ,AVIÃO,BEECH AIRCRAFT,E90,BE9L,TURBOÉLICE,4581,NULL,1972,BRASIL,2
PSMIX,AVIÃO,LEARJET,45 (LEARJET 40),LJ40,JATO,9231,9,0,BRASIL,2
PSMLZ,AVIÃO,DIAMOND AIRCRAFT,DA 62,DA62,PISTÃO,2300,7,0,BRASIL,2
PSMSA,AVIÃO,ISRAEL AIRCRAFT,G100,ASTR,JATO,11181,NULL,2002,BRASIL,2
PSMSV,HELICÓPTERO,SIKORSKY AIRCRAFT,S-92A,S92,TURBOEIXO,12020,NULL,2015,BRASIL,2
PSMZF,AVIÃO,TEXTRON AVIATION,B200GT,BE20,TURBOÉLICE,5670,NULL,2022,BRASIL,2
PSNCM,AVIÃO,HAWKER BEECHCRAFT,C90GTI,BE9L,TURBOÉLICE,4756,8,0,BRASIL,2
PSNTV,AVIÃO,HAWKER BEECHCRAFT,B200GT,BE20,TURBOÉLICE,5670,NULL,2007,BRASIL,2
PSOIG,AVIÃO,TEXTRON AVIATION,560XL,C56X,JATO,9072,9,1998,BRASIL,2
PSOTZ,AVIÃO,LEARJET,55,LJ55,JATO,9752,NULL,1982,BRASIL,2
PSPAC,AVIÃO,PIPER AIRCRAFT,PA-31T1,PAY1,TURBOÉLICE,3946,NULL,1978,BRASIL,2
PSPIN,AVIÃO,ISRAEL AIRCRAFT,GULFSTREAM 200,GLAX,JATO,16166,NULL,2006,BRASIL,2
PSRAD,AVIÃO,BEECH AIRCRAFT,95-C55,BE55,PISTÃO,2404,4,1967,BRASIL,2
PSRCM,AVIÃO,BEECH AIRCRAFT,95-A55,BE55,PISTÃO,2313,NULL,1961,BRASIL,2
PSREM,AVIÃO,MITSUBISHI,MU-300,MU30,JATO,6636,10,0,BRASIL,2
PSRNA,AVIÃO,TEXTRON AVIATION,525A,C25A,JATO,5613,NULL,2001,BRASIL,2
PSRVS,AVIÃO,EMBRAER,EMB-500,E50P,JATO,4750,NULL,2022,BRASIL,2
PSSEG,AVIÃO,PIPER AIRCRAF,PA-31T,PAY2,TURBOÉLICE,4082,0,1979,BRASIL,2
PSSEN,AVIÃO,PIPER AIRCRAFT,PA-34-220T,PA34,PISTÃO,2155,6,2001,BRASIL,2
PSSFC,AVIÃO,AIRBUS S.A.S.,A320-232,A320,JATO,77000,171,0,BRASIL,2
PSSIU,AVIÃO,EMBRAER,EMB-500,E50P,JATO,4855,NULL,2022,BRASIL,2
PSSJT,AVIÃO,BEECH AIRCRAFT,400A,BE40,JATO,7303,0,1997,BRASIL,2
PSSLT,AVIÃO,DIAMOND AIRCRAFT,DA 62,DA62,TURBOÉLICE,2300,NULL,2023,BRASIL,2
PSSPC,AVIÃO,RAYTHEON AIRCRAFT,400A,BE40,JATO,7393,10,2002,BRASIL,2
PSSPE,AVIÃO,HAWKER BEECHCRAFT,400A,BE40,JATO,7394,NULL,2007,BRASIL,2
PSSPJ,AVIÃO,AIRBUS,A320-232,A320,JATO,77000,162,0,BRASIL,2
PSSSH,AVIÃO,RAYTHEON AIRCRAFT,400A,BE40,JATO,7394,NULL,2004,BRASIL,2
PSSTE,AVIÃO,LEARJET,35A,LJ35,TURBOÉLICE,8300,NULL,1980,BRASIL,2
PSSZT,AVIÃO,EMBRAER,EMB-500,E50P,JATO,4750,NULL,2010,BRASIL,2
PSTAH,AVIÃO,HAWKER BEECHCRAFT,C90GTI,BE9L,TURBOÉLICE,4756,8,2008,BRASIL,2
PSTCS,AVIÃO,AIRBUS,A320-232,A320,JATO,73500,162,2004,BRASIL,2
PSTEO,AVIÃO,BEECH AIRCRAFT,400A,BE40,JATO,7393,NULL,1991,BRASIL,2
PSTJM,AVIÃO,CESSNA AIRCRAFT,680,C680,JATO,13744,NULL,2007,BRASIL,2
PSTLA,AVIÃO,BOEING,737-45D,B734,JATO,65090,0,1997,BRASIL,2
PSTLB,AVIÃO,BOEING COMPANY,B737-4Q8,B734,JATO,68038,NULL,1994,BRASIL,2
PSTOT,AVIÃO,BOEING COMPANY,737-330,B733,JATO,63276,NULL,1991,BRASIL,2
PSTXH,AVIÃO,BEECH AIRCRAFT,B200,BE20,TURBOÉLICE,5670,0,1985,BRASIL,2
PSVCR,HELICÓPTERO,AIRBUS HELICOPTERS DEUTSCHLAND,EC135 P3,EC35,TURBOEIXO,3100,8,2020,BRASIL,2
PSVDC,AVIÃO,CESSNA AIRCRAFT,560,C560,JATO,7212,NULL,1990,BRASIL,2
PSVES,AVIÃO,BEECH AIRCRAFT,B200,BE20,TURBOÉLICE,5670,10,0,BRASIL,2
PSVHZ,AVIÃO,DIAMOND AIRCRAFT,DA 62,DA62,PISTÃO,2300,NULL,2023,BRASIL,2
PSVIC,AVIÃO,PIPER AIRCRAFT,PA-31T1,PAY1,TURBOÉLICE,3946,7,1981,BRASIL,2
PSVMP,AVIÃO,DASSAULT AVIATION,FALCON 2000,F2TH,JATO,16556,NULL,2003,BRASIL,2
PSVON,AVIÃO,RAYTHEON AIRCRAFT,B200,BE20,TURBOÉLICE,5670,NULL,2003,BRASIL,2
PSVPA,AVIÃO,ATR - GIE AVIONS DE TRANSPORT RÉGIONAL,ATR-72-212A (600),AT76,TURBOÉLICE,23000,77,0,BRASIL,2
PSVPB,AVIÃO,ATR - GIE AVIONS DE TRANSPORT RÉGIONAL.,ATR 72-212A (500),AT75,TURBOÉLICE,22800,73,2010,BRASIL,2
PSVPE,AVIÃO,ATR - GIE AVIONS DE TRANSPORT RÉGIONAL,ATR-72-212A(600),AT76,TURBOÉLICE,23000,NULL,2013,BRASIL,2
PSYCH,AVIÃO,PIPER AIRCRAFT,PA-34-220T,PA34,PISTÃO,2155,NULL,1994,BRASIL,2
PSZAA,AVIÃO,HAWKER BEECHCRAFT,4000,HA4T,JATO,17917,NULL,2009,BRASIL,2
PTACC,AVIÃO,LEARJET,36A,LJ35,JATO,8890,8,1976,BRASIL,2
PTAFV,AVIÃO,BEECH AIRCRAFT,95-C55,BE55,PISTÃO,2404,6,1966,BRASIL,2
PTAJW,AVIÃO,BEECH AIRCRAFT,95-B55,BE55,PISTÃO,2268,6,1973,BRASIL,2
PTASN,AVIÃO,BEECH AIRCRAFT,F90,BE9T,TURBOÉLICE,4967,10,1985,BRASIL,2
PTASX,AVIÃO,CESSNA AIRCRAFT,525A,C25A,JATO,5613,9,2002,BRASIL,2
PTAZT,AVIÃO,PIPER AIRCRAFT,PA-23-250,PA27,PISTÃO,2359,6,1973,BRASIL,2
PTBBB,AVIÃO,LEARJET,31A,LJ31,JATO,7031,10,1995,BRASIL,2
PTBDY,AVIÃO,PIPER AIRCRAFT,PA-34-220T,PA34,PISTÃO,2155,6,1986,BRASIL,2
PTBET,AVIÃO,CESSNA AIRCRAFT,310B,C310,PISTÃO,2132,4,1958,BRASIL,2
PTBFA,AVIÃO,PIPER AIRCRAFT,PA-23-160,PA23,PISTÃO,1587,5,1959,BRASIL,2
PTBKI,AVIÃO,PIPER AIRCRAFT,PA-30,PA30,PISTÃO,1633,6,1969,BRASIL,2
PTCCU,AVIÃO,PIPER AIRCRAFT,PA-30,PA30,PISTÃO,1633,4,1964,BRASIL,2
PTCDW,AVIÃO,PIPER AIRCRAFT,PA-23-250,PA27,PISTÃO,2241,6,1969,BRASIL,2
PTCFG,AVIÃO,BEECH AIRCRAFT,95-B55,BE55,PISTÃO,2268,6,1965,BRASIL,2
PTCHT,AVIÃO,PIPER AIRCRAFT,PA-30,PA30,PISTÃO,1633,6,1966,BRASIL,2
PTCJX,AVIÃO,PIPER AIRCRAFT,PA-23-250,PA27,PISTÃO,2358,6,1966,BRASIL,2
PTCKJ,AVIÃO,PIPER AIRCRAFT,PA-31,PA31,PISTÃO,2948,8,1969,BRASIL,2
PTCKW,AVIÃO,PIPER AIRCRAFT,PA-31,PA31,PISTÃO,2948,4,1969,BRASIL,2
PTCMT,AVIÃO,BEECH AIRCRAFT,95-B55,BE55,PISTÃO,2310,6,1966,BRASIL,2
PTCRK,AVIÃO,CESSNA AIRCRAFT,310Q,C310,PISTÃO,2404,6,1972,BRASIL,2
PTCSY,AVIÃO,PIPER AIRCRAFT,PA-30,PA30,PISTÃO,1633,4,1968,BRASIL,2
PTCVP,AVIÃO,PIPER AIRCRAFT,PA-30,PA30,PISTÃO,1633,6,1966,BRASIL,2
PTDAK,AVIÃO,CESSNA AIRCRAFT,310N,C310,PISTÃO,2359,6,1968,BRASIL,2
PTDBM,AVIÃO,PIPER AIRCRAFT,PA-31,PA31,PISTÃO,2948,4,1970,BRASIL,2
PTDCG,AVIÃO,PIPER AIRCRAFT,PA-23-160,PA23,PISTÃO,1725,4,1960,BRASIL,2
PTDEU,AVIÃO,BEECH AIRCRAFT,B90,BE9L,TURBOÉLICE,4377,8,1968,BRASIL,2
PTDHU,AVIÃO,PIPER AIRCRAFT,PA-30,PA30,PISTÃO,1633,4,1967,BRASIL,2
PTDIQ,AVIÃO,BEECH AIRCRAFT,B90,BE9L,TURBOÉLICE,4377,6,1968,BRASIL,2
PTDIS,AVIÃO,PIPER AIRCRAFT,PA-30,PA30,PISTÃO,1633,6,1969,BRASIL,2
PTDKO,AVIÃO,BEECH AIRCRAFT,95-B55,BE55,PISTÃO,2268,6,1970,BRASIL,2
PTDQU,AVIÃO,PIPER AIRCRAFT,PA-31,PA31,PISTÃO,2948,8,1970,BRASIL,2
PTDRI,AVIÃO,BEECH AIRCRAFT,95-B55,BE55,PISTÃO,2268,6,1971,BRASIL,2
PTDRL,AVIÃO,CESSNA AIRCRAFT,421B,C421,PISTÃO,3379,8,1970,BRASIL,2
PTDRM,AVIÃO,BEECH AIRCRAFT,58,BE58,PISTÃO,2449,6,1971,BRASIL,2
PTDYK,AVIÃO,PIPER AIRCRAFT,PA-31,PA31,PISTÃO,2948,4,1974,BRASIL,2
PTDYL,AVIÃO,BRITTEN-NORMAN,BN-2A-7,BN2P,PISTÃO,2857,10,1973,BRASIL,2
PTDYZ,AVIÃO,PIPER AIRCRAFT,PA-34-200,PA34,PISTÃO,1814,6,1972,BRASIL,2
PTDZY,AVIÃO,PIPER AIRCRAFT,PA-31,PA31,PISTÃO,2948,7,1972,BRASIL,2
PTEAA,AVIÃO,EMBRAER,EMB-810C,PA34,PISTÃO,2073,7,1976,BRASIL,2
PTEAE,AVIÃO,EMBRAER,EMB-810C,PA34,PISTÃO,2073,6,1975,BRASIL,2
PTEBD,AVIÃO,EMBRAER,EMB-810C,PA34,PISTÃO,2073,6,1975,BRASIL,2
PTEBM,AVIÃO,EMBRAER,EMB-810C,PA34,PISTÃO,2073,7,1976,BRASIL,2
PTEBN,AVIÃO,EMBRAER,EMB-820C NAVAJO,PA31,PISTÃO,3175,10,1976,BRASIL,2
PTECI,AVIÃO,EMBRAER,EMB-810C,PA34,PISTÃO,2073,6,1976,BRASIL,2
PTECZ,AVIÃO,EMBRAER,EMB-810C,PA34,PISTÃO,2073,6,1976,BRASIL,2
PTEDC,AVIÃO,EMBRAER,EMB-820C NAVAJO,PA31,PISTÃO,3175,10,1976,BRASIL,2
PTEDF,AVIÃO,EMBRAER,EMB-820C NAVAJO,PA31,PISTÃO,3175,10,1978,BRASIL,2
PTEEI,AVIÃO,EMBRAER,EMB-810C,PA34,PISTÃO,2073,6,1977,BRASIL,2
PTEEK,AVIÃO,EMBRAER,EMB-810C,PA34,PISTÃO,2073,7,1976,BRASIL,2
PTEET,AVIÃO,EMBRAER,EMB-810C,PA34,PISTÃO,2073,6,1976,BRASIL,2
PTEEU,AVIÃO,EMBRAER,EMB-810C,PA34,PISTÃO,2073,3,1976,BRASIL,2
PTEFQ,AVIÃO,EMBRAER,EMB-820C NAVAJO,PA31,PISTÃO,3175,8,1976,BRASIL,2
PTEFS,AVIÃO,EMBRAER,EMB-810C,PA34,PISTÃO,2073,6,1977,BRASIL,2
PTEFX,AVIÃO,EMBRAER,EMB-820C CARAJA,PAT4,TURBOÉLICE,3651,7,1976,BRASIL,2
PTEFY,AVIÃO,EMBRAER,EMB-820C NAVAJO,PA31,PISTÃO,3175,8,1976,BRASIL,2
PTEGT,AVIÃO,EMBRAER,EMB-810C,PA34,PISTÃO,2073,4,1977,BRASIL,2
PTEGU,AVIÃO,EMBRAER,EMB-810C,PA34,PISTÃO,2073,6,1976,BRASIL,2
PTEHF,AVIÃO,EMBRAER,EMB-820C NAVAJO,PA31,PISTÃO,3175,10,1976,BRASIL,2
PTEHG,AVIÃO,EMBRAER,EMB-820C NAVAJO,PA31,PISTÃO,3175,10,1976,BRASIL,2
PTEHJ,AVIÃO,EMBRAER,EMB-820C NAVAJO,PA31,PISTÃO,3175,5,1977,BRASIL,2
PTEHU,AVIÃO,EMBRAER,EMB-810C,PA34,PISTÃO,2073,6,1976,BRASIL,2
PTEIR,AVIÃO,EMBRAER,EMB-810C,PA34,PISTÃO,2073,6,1976,BRASIL,2
PTEIU,AVIÃO,EMBRAER,EMB-810C,PA34,PISTÃO,2073,6,1977,BRASIL,2
PTEIW,AVIÃO,EMBRAER,EMB-810C,PA34,PISTÃO,2073,7,1977,BRASIL,2
PTEJF,AVIÃO,EMBRAER,EMB-810C,PA34,PISTÃO,2073,6,1977,BRASIL,2
PTEJY,AVIÃO,EMBRAER,EMB-820C NAVAJO,PA31,PISTÃO,3175,8,1977,BRASIL,2
PTELG,AVIÃO,EMBRAER,EMB-810C,PA34,PISTÃO,2073,6,1977,BRASIL,2
PTELW,AVIÃO,EMBRAER,EMB-820C CARAJA,PAT4,TURBOÉLICE,3629,10,1977,BRASIL,2
PTELY,AVIÃO,EMBRAER,EMB-820C NAVAJO,PA31,PISTÃO,3175,10,1976,BRASIL,2
PTEMR,AVIÃO,EMBRAER,EMB-810C,PA34,PISTÃO,2073,6,1977,BRASIL,2
PTEMT,AVIÃO,EMBRAER,EMB-810C,PA34,PISTÃO,2073,3,1977,BRASIL,2
PTENG,AVIÃO,EMBRAER,EMB-820C NAVAJO,PA31,TURBOÉLICE,3175,5,1977,BRASIL,2
PTENM,AVIÃO,EMBRAER,EMB-820C CARAJA,PAT4,TURBOÉLICE,3629,10,1990,BRASIL,2
PTENO,AVIÃO,EMBRAER,EMB-820C NAVAJO,PA31,PISTÃO,3175,10,1978,BRASIL,2
PTENY,AVIÃO,EMBRAER,EMB-810C,PA34,PISTÃO,2073,7,1978,BRASIL,2
PTENZ,AVIÃO,EMBRAER,EMB-810C,PA34,PISTÃO,2073,7,1977,BRASIL,2
PTEPN,AVIÃO,EMBRAER,EMB-810C,PA34,PISTÃO,2073,3,0,BRASIL,2
PTEPR,AVIÃO,EMBRAER,EMB-810C,PA34,PISTÃO,2073,6,1977,BRASIL,2
PTEPX,AVIÃO,EMBRAER,EMB-820C NAVAJO,PA31,PISTÃO,3175,8,1978,BRASIL,2
PTEPY,AVIÃO,EMBRAER,EMB-820C NAVAJO,PA31,PISTÃO,3175,5,1978,BRASIL,2
PTEQR,AVIÃO,EMBRAER,EMB-810C,PA34,PISTÃO,2073,6,1977,BRASIL,2
PTEQV,AVIÃO,EMBRAER,EMB-810C,PA34,PISTÃO,2073,6,1977,BRASIL,2
PTEQX,AVIÃO,EMBRAER,EMB-810C,PA34,PISTÃO,2073,7,1978,BRASIL,2
PTERB,AVIÃO,EMBRAER,EMB-810C,PA34,PISTÃO,2073,6,1978,BRASIL,2
PTERC,AVIÃO,EMBRAER,EMB-810C,PA34,PISTÃO,2073,6,1978,BRASIL,2
PTERD,AVIÃO,EMBRAER,EMB-810C,PA34,PISTÃO,2073,6,1977,BRASIL,2
PTERL,AVIÃO,EMBRAER,EMB-810C,PA34,PISTÃO,2073,7,1978,BRASIL,2
PTERY,AVIÃO,EMBRAER,EMB-810C,PA34,PISTÃO,2073,6,1978,BRASIL,2
PTESF,AVIÃO,EMBRAER,EMB-820C NAVAJO,PA31,PISTÃO,3175,8,1978,BRASIL,2
PTESG,AVIÃO,EMBRAER,EMB-820C NAVAJO,PA31,PISTÃO,3175,10,1979,BRASIL,2
PTESI,AVIÃO,EMBRAER,EMB-810C,PA34,PISTÃO,2075,6,1978,BRASIL,2
PTESJ,AVIÃO,EMBRAER,EMB-810C,PA34,PISTÃO,2073,6,1978,BRASIL,2
PTESM,AVIÃO,EMBRAER,EMB-810C,PA34,PISTÃO,2073,7,1978,BRASIL,2
PTESN,AVIÃO,EMBRAER,EMB-810C,PA34,PISTÃO,2073,6,1978,BRASIL,2
PTESS,AVIÃO,EMBRAER,EMB-810C,PA34,PISTÃO,2073,6,1978,BRASIL,2
PTEST,AVIÃO,EMBRAER,EMB-810C,PA34,PISTÃO,2073,6,1978,BRASIL,2
PTESV,AVIÃO,EMBRAER,EMB-810C,PA34,PISTÃO,2073,6,1978,BRASIL,2
PTETB,AVIÃO,EMBRAER,EMB-810C,PA34,PISTÃO,2073,6,1978,BRASIL,2
PTETJ,AVIÃO,EMBRAER,EMB-810C,PA34,PISTÃO,2073,7,1978,BRASIL,2
PTETZ,AVIÃO,EMBRAER,EMB-810C,PA34,PISTÃO,2073,7,1978,BRASIL,2
PTEUJ,AVIÃO,EMBRAER,EMB-810C,PA34,PISTÃO,2073,7,1979,BRASIL,2
PTEUK,AVIÃO,EMBRAER,EMB-810C,PA34,PISTÃO,2073,7,1979,BRASIL,2
PTEUN,AVIÃO,EMBRAER,EMB-810C,PA34,PISTÃO,2073,6,1979,BRASIL,2
PTEUP,AVIÃO,EMBRAER,EMB-810C,PA34,PISTÃO,2073,6,1979,BRASIL,2
PTEUR,AVIÃO,EMBRAER,EMB-810C,PA34,PISTÃO,2073,3,1979,BRASIL,2
PTEUT,AVIÃO,EMBRAER,EMB-810C,PA34,PISTÃO,2073,6,1979,BRASIL,2
PTEUV,AVIÃO,EMBRAER,EMB-810C,PA34,PISTÃO,2073,6,1978,BRASIL,2
PTEUW,AVIÃO,EMBRAER,EMB-810C,PA34,PISTÃO,2073,6,1979,BRASIL,2
PTEUX,AVIÃO,EMBRAER,EMB-820C CARAJA,PAT4,TURBOÉLICE,3630,7,1979,BRASIL,2
PTEVA,AVIÃO,EMBRAER,EMB-810C,PA34,PISTÃO,2073,6,1979,BRASIL,2
PTEVE,AVIÃO,EMBRAER,EMB-810C,PA34,PISTÃO,2073,6,1979,BRASIL,2
PTEVH,AVIÃO,EMBRAER,EMB-810C,PA34,PISTÃO,2073,7,1979,BRASIL,2
PTEVJ,AVIÃO,EMBRAER,EMB-810C,PA34,PISTÃO,2073,6,1979,BRASIL,2
PTEVN,AVIÃO,EMBRAER,EMB-810C,PA34,PISTÃO,2073,6,1979,BRASIL,2
PTEVP,AVIÃO,EMBRAER,EMB-810C,PA34,PISTÃO,2073,6,1979,BRASIL,2
PTEVU,AVIÃO,EMBRAER,EMB-820C NAVAJO,PA31,PISTÃO,3175,4,1979,BRASIL,2
PTEXD,AVIÃO,EMBRAER,EMB-810C,PA34,PISTÃO,2073,6,1979,BRASIL,2
PTEYA,AVIÃO,EMBRAER,EMB-810C,PA34,PISTÃO,2073,3,1979,BRASIL,2
PTEYB,AVIÃO,EMBRAER,EMB-810C,PA34,PISTÃO,2073,6,1979,BRASIL,2
PTEYC,AVIÃO,EMBRAER,EMB-810C,PA34,PISTÃO,2073,7,1979,BRASIL,2
PTEYD,AVIÃO,EMBRAER,EMB-810C,PA34,PISTÃO,2073,6,1980,BRASIL,2
PTEYU,AVIÃO,EMBRAER,EMB-810C,PA34,PISTÃO,2073,7,1979,BRASIL,2
PTEZA,AVIÃO,EMBRAER,EMB-810C,PA34,PISTÃO,2073,7,1979,BRASIL,2
PTEZD,AVIÃO,EMBRAER,EMB-810C,PA34,PISTÃO,2073,6,1979,BRASIL,2
PTEZN,AVIÃO,EMBRAER,EMB-820C NAVAJO,PA31,PISTÃO,3175,10,1979,BRASIL,2
PTEZO,AVIÃO,EMBRAER,EMB-810C,PA34,PISTÃO,2073,7,1979,BRASIL,2
PTEZQ,AVIÃO,EMBRAER,EMB-810C,PA34,PISTÃO,2073,6,1979,BRASIL,2
PTEZR,AVIÃO,EMBRAER,EMB-810C,PA34,PISTÃO,2073,7,1979,BRASIL,2
PTEZS,AVIÃO,EMBRAER,EMB-810C,PA34,PISTÃO,2073,7,1979,BRASIL,2
PTEZU,AVIÃO,EMBRAER,EMB-810C,PA34,PISTÃO,2073,7,1979,BRASIL,2
PTEZW,AVIÃO,EMBRAER,EMB-810C,PA34,PISTÃO,2073,7,1979,BRASIL,2
PTFAX,AVIÃO,EMBRAER,EMB-121A1,E121,TURBOÉLICE,5670,7,1982,BRASIL,2
PTFBU,AVIÃO,BRITTEN-NORMAN,BN-2A-9,BN2P,PISTÃO,2858,10,1971,BRASIL,2
PTFCC,AVIÃO,EMBRAER,EMB-500,E50P,JATO,4750,7,2009,BRASIL,2
PTFCM,AVIÃO,RAYTHEON AIRCRAFT,C90A,BE9L,TURBOÉLICE,4581,8,1997,BRASIL,2
PTFCS,AVIÃO,DASSAULT AVIATION,FALCON 2000EX,F2TH,JATO,19414,13,2007,BRASIL,2
PTFEG,AVIÃO,EMBRAER,EMB-121A1,E121,TURBOÉLICE,5670,7,1982,BRASIL,2
PTFEL,AVIÃO,CESSNA AIRCRAFT,525,C525,JATO,4717,NULL,1993,BRASIL,2
PTFIC,AVIÃO,PIPER AIRCRAFT,PA-34-220T,PA34,PISTÃO,2155,7,2000,BRASIL,2
PTFJA,AVIÃO,CESSNA AIRCRAFT,525,C525,JATO,4717,8,1999,BRASIL,2
PTFJM,HELICÓPTERO,AGUSTA,A109S,A109,TURBOEIXO,3175,7,2008,BRASIL,2
PTFJW,AVIÃO,RAYTHEON AIRCRAFT,58,BE58,PISTÃO,2449,6,2000,BRASIL,2
PTFKK,AVIÃO,EMBRAER,EMB-135BJ,E135,JATO,24300,18,2013,BRASIL,2
PTFLO,AVIÃO,CESSNA AIRCRAFT,510,C510,JATO,3921,6,2008,BRASIL,2
PTFLT,AVIÃO,TECNAM,P2006T,P06T,PISTÃO,1180,4,2011,BRASIL,2
PTFLY,AVIÃO,EMBRAER,EMB-120ER,E120,TURBOÉLICE,11990,32,1987,BRASIL,2
PTFNP,AVIÃO,CESSNA AIRCRAFT,525,C525,JATO,4717,8,1999,BRASIL,2
PTFOT,AVIÃO,PIPER AIRCRAFT,PA-34-200T,PA34,PISTÃO,2073,0,1977,BRASIL,2
PTFPG,AVIÃO,CESSNA AIRCRAFT,560XL,C56X,JATO,9072,11,2010,BRASIL,2
PTFPP,AVIÃO,CESSNA AIRCRAFT,560XL,C56X,JATO,9072,10,1998,BRASIL,2
PTFPS,HELICÓPTERO,AGUSTA,AW109SP,A109,TURBOEIXO,3175,8,2016,BRASIL,2
PTFSC,AVIÃO,BEECH AIRCRAFT,99,BE99,TURBOÉLICE,4717,11,1968,BRASIL,2
PTFST,AVIÃO,BEECH AIRCRAFT,G58,BE58,PISTÃO,2495,6,2008,BRASIL,2
PTFTB,AVIÃO,CESSNA AIRCRAFT,560,C560,JATO,7212,11,1990,BRASIL,2
PTFTC,AVIÃO,CESSNA AIRCRAFT,525A,C25A,JATO,5613,9,2001,BRASIL,2
PTFTE,AVIÃO,CESSNA AIRCRAFT,525A,C25A,JATO,5613,9,2001,BRASIL,2
PTFTG,AVIÃO,CESSNA AIRCRAFT,525A,C25A,JATO,5613,9,2002,BRASIL,2
PTFTZ,AVIÃO,PIPER AIRCRAFT,PA-31T2,PAY2,TURBOÉLICE,4297,8,1981,BRASIL,2
PTGAD,HELICÓPTERO,AIRBUS HELICOPTERS,EC135 T3,EC35,TURBOEIXO,2980,7,2018,BRASIL,2
PTGBF,AVIÃO,CESSNA AIRCRAFT,525B,C25B,JATO,6291,10,2012,BRASIL,2
PTGCC,AVIÃO,PIPER AIRCRAFT,PA-34-220T,PA34,PISTÃO,2155,6,1999,BRASIL,2
PTGJM,AVIÃO,HAWKER BEECHCRAFT,G58,BE58,PISTÃO,2495,6,2007,BRASIL,2
PTGKO,AVIÃO,EMBRAER,EMB-110E,E110,TURBOÉLICE,5600,17,1976,BRASIL,2
PTGKQ,AVIÃO,EMBRAER,EMB-110P,E110,TURBOÉLICE,5600,20,1976,BRASIL,2
PTGKX,AVIÃO,EMBRAER,EMB-110P,E110,TURBOÉLICE,5600,20,1977,BRASIL,2
PTGMA,AVIÃO,CESSNA AIRCRAFT,310R,C310,PISTÃO,2495,6,1977,BRASIL,2
PTHKV,HELICÓPTERO,BELL HELICOPTER,212,B212,TURBOEIXO,5080,15,1980,BRASIL,2
PTHNA,HELICÓPTERO,HELIBRAS,AS 355 F2,AS55,TURBOEIXO,2540,6,1988,BRASIL,2
PTHNH,HELICÓPTERO,HELIBRAS,AS 355 F2,AS55,TURBOEIXO,2540,6,1989,BRASIL,2
PTHOX,HELICÓPTERO,BELL HELICOPTER,212,B212,TURBOEIXO,5080,15,1981,BRASIL,2
PTHQG,HELICÓPTERO,BELL HELICOPTER,212,B212,TURBOEIXO,5080,15,1980,BRASIL,2
PTHRE,HELICÓPTERO,SIKORSKY AIRCRAFT,S-76A,S76,TURBOEIXO,4763,14,1982,BRASIL,2
PTHRH,HELICÓPTERO,BELL HELICOPTER,412,B412,TURBOEIXO,5262,13,1982,BRASIL,2
PTHSB,HELICÓPTERO,EUROCOPTER,AS 355 F2,AS55,TURBOEIXO,2540,6,1991,BRASIL,2
PTHSP,HELICÓPTERO,EUROCOPTER FRANCE,AS 355 F1,AS55,TURBOEIXO,2400,6,1981,BRASIL,2
PTHTP,HELICÓPTERO,BELL HELICOPTER,212,B212,TURBOEIXO,5080,15,1980,BRASIL,2
PTHTV,HELICÓPTERO,EUROCOPTER FRANCE,AS 355 F1,AS55,TURBOEIXO,2400,6,1982,BRASIL,2
PTHUJ,HELICÓPTERO,BELL HELICOPTER,412,B412,TURBOEIXO,5398,15,1987,BRASIL,2
PTHUW,HELICÓPTERO,BELL HELICOPTER,412,B412,TURBOEIXO,5398,15,1988,BRASIL,2
PTHVB,HELICÓPTERO,EUROCOPTER DEUTSCHLAND,BO-105S,B105,TURBOEIXO,2500,6,1988,BRASIL,2
PTHYA,HELICÓPTERO,HELIBRAS,AS 355 F2,AS55,TURBOEIXO,2540,6,1992,BRASIL,2
PTHZB,HELICÓPTERO,EUROCOPTER DEUTSCHLAND,BK 117 C-1,BK17,TURBOEIXO,3350,11,1993,BRASIL,2
PTIAT,AVIÃO,TWIN COMMANDER,500-S,AC50,PISTÃO,3062,7,1971,BRASIL,2
PTICD,AVIÃO,MITSUBISHI,MU-2B-20,MU2,TURBOÉLICE,4500,7,1972,BRASIL,2
PTICO,AVIÃO,PIPER AIRCRAFT,PA-31,PA31,PISTÃO,2948,8,1972,BRASIL,2
PTICR,AVIÃO,TWIN COMMANDER,500-S,AC50,PISTÃO,3062,7,1971,BRASIL,2
PTICT,AVIÃO,BEECH AIRCRAFT,58,BE58,PISTÃO,2449,6,1971,BRASIL,2
PTICU,AVIÃO,BEECH AIRCRAFT,58,BE58,PISTÃO,2449,6,1971,BRASIL,2
PTIDP,AVIÃO,CESSNA AIRCRAFT,310Q,C310,PISTÃO,2404,6,1971,BRASIL,2
PTIDY,AVIÃO,PIPER AIRCRAFT,PA-34-200,PA34,PISTÃO,1905,7,1972,BRASIL,2
PTIEC,AVIÃO,TWIN COMMANDER,681,AC80,TURBOÉLICE,4264,7,1972,BRASIL,2
PTIEU,AVIÃO,BEECH AIRCRAFT,95-B55,BE55,PISTÃO,2313,6,1973,BRASIL,2
PTIFS,AVIÃO,PIPER AIRCRAFT,PA-34-200,PA34,PISTÃO,1905,6,1972,BRASIL,2
PTIHE,AVIÃO,PIPER AIRCRAFT,PA-34-200,PA34,PISTÃO,1905,6,1972,BRASIL,2
PTIHI,AVIÃO,PIPER AIRCRAFT,PA-34-200,PA34,PISTÃO,1905,6,1972,BRASIL,2
PTIHJ,AVIÃO,BEECH AIRCRAFT,58,BE58,PISTÃO,2449,6,1973,BRASIL,2
PTIHS,AVIÃO,BEECH AIRCRAFT,95-B55,BE55,PISTÃO,2268,6,1972,BRASIL,2
PTIIJ,AVIÃO,PIPER AIRCRAFT,PA-23-250,PA27,PISTÃO,2241,6,1970,BRASIL,2
PTIIM,AVIÃO,CESSNA AIRCRAFT,310Q,C310,PISTÃO,2404,6,1973,BRASIL,2
PTIIU,AVIÃO,PIPER AIRCRAFT,PA-31,PA31,PISTÃO,2948,6,1972,BRASIL,2
PTIJH,AVIÃO,CESSNA AIRCRAFT,310Q,C310,PISTÃO,2404,6,1972,BRASIL,2
PTIMA,AVIÃO,CESSNA AIRCRAFT,310Q,C310,PISTÃO,2404,6,1973,BRASIL,2
PTIOH,AVIÃO,CESSNA AIRCRAFT,310Q,C310,PISTÃO,2404,6,1992,BRASIL,2
PTIOZ,AVIÃO,BEECH AIRCRAFT,E55,BE55,PISTÃO,2404,6,1973,BRASIL,2
PTIPO,AVIÃO,PIPER AIRCRAFT,PA-31,PA31,PISTÃO,2948,8,1973,BRASIL,2
PTIPR,AVIÃO,PIPER AIRCRAFT,PA-31,PA31,PISTÃO,2948,8,1973,BRASIL,2
PTISH,AVIÃO,PIPER AIRCRAFT,PA-34-200,PA34,PISTÃO,1905,7,1973,BRASIL,2
PTISO,AVIÃO,LEARJET,25C,LJ25,JATO,6804,7,1973,BRASIL,2
PTITK,AVIÃO,CESSNA AIRCRAFT,402B,C402,PISTÃO,2858,8,1973,BRASIL,2
PTITT,AVIÃO,PIPER AIRCRAFT,PA-31,PA31,PISTÃO,2948,8,1973,BRASIL,2
PTIUN,AVIÃO,PIPER AIRCRAFT,PA-39,PA30,PISTÃO,1633,6,1972,BRASIL,2
PTIUQ,AVIÃO,CESSNA AIRCRAFT,402B,C402,PISTÃO,2858,10,1973,BRASIL,2
PTIXC,AVIÃO,CESSNA AIRCRAFT,310Q,C310,PISTÃO,2404,6,1973,BRASIL,2
PTJAA,AVIÃO,RAYTHEON AIRCRAFT,BAE125-800B,H25B,JATO,12429,10,1990,BRASIL,2
PTJAY,AVIÃO,CESSNA AIRCRAFT,337G,C337,PISTÃO,2100,6,1973,BRASIL,2
PTJCP,AVIÃO,CESSNA AIRCRAFT,310Q,C310,PISTÃO,2404,6,1973,BRASIL,2
PTJCY,AVIÃO,CESSNA AIRCRAFT,310Q,C310,PISTÃO,2404,6,1973,BRASIL,2
PTJCZ,AVIÃO,CESSNA AIRCRAFT,310Q,C310,PISTÃO,2404,6,1973,BRASIL,2
PTJEH,AVIÃO,PIPER AIRCRAFT,PA-31-350,PA31,PISTÃO,3175,8,1973,BRASIL,2
PTJEP,AVIÃO,BEECH AIRCRAFT,95-B55,BE55,PISTÃO,2268,6,1973,BRASIL,2
PTJFJ,AVIÃO,BEECH AIRCRAFT,95-B55,BE55,PISTÃO,2313,6,1974,BRASIL,2
PTJGA,AVIÃO,MITSUBISHI AIRCRAFT,MU-2B-25,MU2,TURBOÉLICE,4500,8,1973,BRASIL,2
PTJGH,AVIÃO,CESSNA AIRCRAFT,402B,C402,PISTÃO,2858,8,1973,BRASIL,2
PTJGX,AVIÃO,CESSNA AIRCRAFT,310Q,C310,PISTÃO,2404,6,1974,BRASIL,2
PTJHN,AVIÃO,PIPER AIRCRAFT,PA-34-200,PA34,PISTÃO,1905,7,1974,BRASIL,2
PTJIZ,AVIÃO,CESSNA AIRCRAFT,402B,C402,PISTÃO,2858,8,1973,BRASIL,2
PTJJB,AVIÃO,CESSNA AIRCRAFT,402B,C402,PISTÃO,2858,8,1973,BRASIL,2
PTJJT,AVIÃO,PIPER AIRCRAFT,PA-31,PA31,PISTÃO,2948,8,1974,BRASIL,2
PTJJY,AVIÃO,CESSNA AIRCRAFT,310Q,C310,PISTÃO,2404,6,1974,BRASIL,2
PTJKY,AVIÃO,CESSNA AIRCRAFT,310Q,C310,PISTÃO,2404,6,1973,BRASIL,2
PTJPU,AVIÃO,PIPER AIRCRAFT,PA-31-350,PA31,PISTÃO,3175,5,1974,BRASIL,2
PTJPY,AVIÃO,BEECH AIRCRAFT,95-C55,BE55,PISTÃO,2263,6,1966,BRASIL,2
PTJQC,AVIÃO,CESSNA AIRCRAFT,310Q,C310,PISTÃO,2404,6,1974,BRASIL,2
PTJQJ,AVIÃO,PIPER AIRCRAFT,PA-34-200,PA34,PISTÃO,1905,4,1974,BRASIL,2
PTJRA,AVIÃO,PIPER AIRCRAFT,PA-34-200,PA34,PISTÃO,1905,7,1974,BRASIL,2
PTJRR,AVIÃO,CESSNA AIRCRAFT,402B,C402,PISTÃO,2858,8,1973,BRASIL,2
PTJRS,AVIÃO,CESSNA AIRCRAFT,402B,C402,PISTÃO,2858,7,1974,BRASIL,2
PTJSQ,AVIÃO,PIPER AIRCRAFT,PA-34-200,PA34,PISTÃO,1814,7,1974,BRASIL,2
PTJSX,AVIÃO,CESSNA AIRCRAFT,310Q,C310,PISTÃO,2404,6,1974,BRASIL,2
PTJTM,AVIÃO,BEECH AIRCRAFT,E55,BE55,PISTÃO,2404,6,1974,BRASIL,2
PTJTN,AVIÃO,BEECH AIRCRAFT,95-B55,BE55,PISTÃO,2310,6,1974,BRASIL,2
PTJTV,AVIÃO,PIPER AIRCRAFT,PA-34-200,PA34,PISTÃO,1905,6,1974,BRASIL,2
PTJUB,AVIÃO,BEECH AIRCRAFT,B200,BE20,TURBOÉLICE,5670,10,1993,BRASIL,2
PTJVL,AVIÃO,BEECH AIRCRAFT,95-B55,BE55,PISTÃO,2268,6,1974,BRASIL,2
PTJYK,AVIÃO,CESSNA AIRCRAFT,402B,C402,PISTÃO,2858,8,1974,BRASIL,2
PTKCH,AVIÃO,CESSNA AIRCRAFT,310Q,C310,PISTÃO,2404,6,1974,BRASIL,2
PTKDH,AVIÃO,PIPER AIRCRAFT,PA-34-200,PA34,PISTÃO,1814,6,1974,BRASIL,2
PTKEN,AVIÃO,CESSNA AIRCRAFT,310Q,C310,PISTÃO,2404,6,1974,BRASIL,2
PTKGH,AVIÃO,PIPER AIRCRAFT,PA-31,PA31,PISTÃO,2944,8,1975,BRASIL,2
PTKGK,AVIÃO,PIPER AIRCRAFT,PA-34-200,PA34,PISTÃO,1814,6,1974,BRASIL,2
PTKIL,AVIÃO,BEECH AIRCRAFT,95-B55,BE55,PISTÃO,2268,6,1974,BRASIL,2
PTKIW,AVIÃO,PIPER AIRCRAFT,PA-34-200,PA34,PISTÃO,1814,7,1974,BRASIL,2
PTKJD,AVIÃO,CESSNA AIRCRAFT,310Q,C310,PISTÃO,2404,6,1974,BRASIL,2
PTKJE,AVIÃO,CESSNA AIRCRAFT,310Q,C310,PISTÃO,2404,6,1974,BRASIL,2
PTKLS,AVIÃO,CESSNA AIRCRAFT,310Q,C310,PISTÃO,2404,6,1974,BRASIL,2
PTKOM,AVIÃO,PIPER AIRCRAFT,PA-31-350,PA31,PISTÃO,3175,8,1974,BRASIL,2
PTKPG,AVIÃO,BEECH AIRCRAFT,A56TC,BE56,PISTÃO,2717,6,1970,BRASIL,2
PTKRO,AVIÃO,BRITTEN-NORMAN,BN-2A-21,BN2P,PISTÃO,2994,10,1975,BRASIL,2
PTKTR,AVIÃO,BRITTEN-NORMAN,BN-2A-27,BN2P,PISTÃO,2885,10,1976,BRASIL,2
PTKUK,AVIÃO,TWIN COMMANDER,500-B,AC50,PISTÃO,3062,7,1961,BRASIL,2
PTKZR,AVIÃO,LEARJET,35A,LJ35,JATO,8165,10,1979,BRASIL,2
PTLBD,AVIÃO,BEECH AIRCRAFT,95-C55,BE55,PISTÃO,2260,6,1966,BRASIL,2
PTLBL,AVIÃO,EMBRAER,EMB-500,E50P,JATO,4750,6,2011,BRASIL,2
PTLCC,AVIÃO,CESSNA AIRCRAFT,500,C500,JATO,5375,7,1981,BRASIL,2
PTLCE,AVIÃO,BEECH AIRCRAFT,E90,BE9L,TURBOÉLICE,4581,8,1981,BRASIL,2
PTLDB,AVIÃO,PIPER AIRCRAFT,PA-31P,PA31,PISTÃO,3538,8,1973,BRASIL,2
PTLDC,AVIÃO,EMBRAER,EMB-820C NAVAJO,PA31,PISTÃO,3175,5,1976,BRASIL,2
PTLDY,AVIÃO,ISRAEL AIRCRAFT,1124,WW24,JATO,10364,10,1979,BRASIL,2
PTLEB,AVIÃO,LEARJET,35A,LJ35,JATO,8301,10,1982,BRASIL,2
PTLEU,AVIÃO,BEECH AIRCRAFT,95-B55,BE55,PISTÃO,2268,6,1973,BRASIL,2
PTLFO,AVIÃO,EMBRAER,EMB-820C NAVAJO,PA31,PISTÃO,3175,8,1977,BRASIL,2
PTLFV,AVIÃO,CESSNA AIRCRAFT,310K,C310,PISTÃO,2359,6,1966,BRASIL,2
PTLGW,AVIÃO,LEARJET,35A,LJ35,JATO,7711,10,1984,BRASIL,2
PTLHC,AVIÃO,CESSNA AIRCRAFT,650,C650,JATO,9530,10,1985,BRASIL,2
PTLHE,AVIÃO,PIPER AIRCRAFT,PA-31,PA31,PISTÃO,2948,8,1974,BRASIL,2
PTLHH,AVIÃO,MITSUBISHI AIRCRAFT,MU-2B-60,MU2,TURBOÉLICE,5250,10,1981,BRASIL,2
PTLHJ,AVIÃO,BEECH AIRCRAFT,C90,BE9L,TURBOÉLICE,4377,7,1981,BRASIL,2
PTLHO,AVIÃO,EMBRAER,EMB-820C NAVAJO,PA31,PISTÃO,3175,8,1980,BRASIL,2
PTLHR,AVIÃO,LEARJET,55,LJ55,JATO,8845,9,1982,BRASIL,2
PTLHT,AVIÃO,LEARJET,35A,LJ35,JATO,8300,10,1982,BRASIL,2
PTLHZ,AVIÃO,BEECH AIRCRAFT,E90,BE9L,TURBOÉLICE,4581,7,1975,BRASIL,2
PTLIF,AVIÃO,BEECH AIRCRAFT,F90,BE9T,TURBOÉLICE,4967,10,1984,BRASIL,2
PTLIT,AVIÃO,CESSNA AIRCRAFT,402C,C402,PISTÃO,3123,8,1980,BRASIL,2
PTLIV,AVIÃO,CESSNA AIRCRAFT,550,C550,JATO,6032,13,1984,BRASIL,2
PTLJB,AVIÃO,EMBRAER,EMB-810C,PA34,PISTÃO,2073,7,1979,BRASIL,2
PTLJJ,AVIÃO,CESSNA AIRCRAFT,550,C550,JATO,6033,10,1981,BRASIL,2
PTLJK,AVIÃO,LEARJET,35A,LJ35,JATO,8301,10,1981,BRASIL,2
PTLJN,AVIÃO,BEECH AIRCRAFT,A100,BE10,TURBOÉLICE,5216,11,1972,BRASIL,2
PTLJQ,AVIÃO,CESSNA AIRCRAFT,S550,C550,JATO,6849,9,1986,BRASIL,2
PTLJS,AVIÃO,MITSUBISHI AIRCRAFT,MU-2B-60,MU2,TURBOÉLICE,5250,11,1985,BRASIL,2
PTLJY,AVIÃO,BEECH AIRCRAFT,E55,BE55,PISTÃO,2404,6,1978,BRASIL,2
PTLKC,AVIÃO,CESSNA AIRCRAFT,402B,C402,PISTÃO,2858,8,1975,BRASIL,2
PTLKG,AVIÃO,BEECH AIRCRAFT,58,BE58,PISTÃO,2449,6,1982,BRASIL,2
PTLKS,AVIÃO,CESSNA AIRCRAFT,S550,C550,JATO,6850,7,1986,BRASIL,2
PTLKX,AVIÃO,EMBRAER,EMB-810C,PA34,PISTÃO,2073,7,1979,BRASIL,2
PTLLH,AVIÃO,BEECH AIRCRAFT,B60,BE60,PISTÃO,3073,6,1981,BRASIL,2
PTLLP,AVIÃO,BEECH AIRCRAFT,F90,BE9T,TURBOÉLICE,4967,8,1979,BRASIL,2
PTLLR,AVIÃO,BEECH AIRCRAFT,C90,BE9L,TURBOÉLICE,4377,10,1981,BRASIL,2
PTLLT,AVIÃO,CESSNA AIRCRAFT,550,C550,JATO,6033,9,1981,BRASIL,2
PTLLU,AVIÃO,CESSNA AIRCRAFT,550,C550,JATO,6033,11,1980,BRASIL,2
PTLLV,AVIÃO,BEECH AIRCRAFT,C90,BE9L,TURBOÉLICE,4377,8,1980,BRASIL,2
PTLME,AVIÃO,CESSNA AIRCRAFT,551,C551,JATO,5670,10,1980,BRASIL,2
PTLMU,AVIÃO,BEECH AIRCRAFT,58,BE58,PISTÃO,2449,6,1982,BRASIL,2
PTLNC,AVIÃO,CESSNA AIRCRAFT,550,C550,JATO,6033,11,1981,BRASIL,2
PTLNG,AVIÃO,PIPER AIRCRAFT,PA-31T,PAY2,TURBOÉLICE,4082,8,1982,BRASIL,2
PTLNO,AVIÃO,BEECH AIRCRAFT,58,BE58,PISTÃO,2449,6,1981,BRASIL,2
PTLNP,AVIÃO,BEECH AIRCRAFT,58,BE58,PISTÃO,2449,6,1981,BRASIL,2
PTLNW,AVIÃO,EMBRAER,EMB-110P1,E110,TURBOÉLICE,5670,20,1981,BRASIL,2
PTLOE,AVIÃO,LEARJET,35A,LJ35,JATO,8301,10,1981,BRASIL,2
PTLOU,AVIÃO,BEECH AIRCRAFT,95-B55,BE55,PISTÃO,2268,6,1982,BRASIL,2
PTLPG,AVIÃO,BEECH AIRCRAFT,B200,BE20,TURBOÉLICE,5670,10,1987,BRASIL,2
PTLPK,AVIÃO,CESSNA AIRCRAFT,550,C550,JATO,6033,10,1978,BRASIL,2
PTLPP,AVIÃO,CESSNA AIRCRAFT,550,C550,JATO,6033,10,1980,BRASIL,2
PTLPZ,AVIÃO,CESSNA AIRCRAFT,500,C500,JATO,4921,7,1972,BRASIL,2
PTLQA,AVIÃO,BEECH AIRCRAFT,58,BE58,PISTÃO,2449,6,1981,BRASIL,2
PTLQC,AVIÃO,BEECH AIRCRAFT,F90,BE9T,TURBOÉLICE,4967,7,1981,BRASIL,2
PTLQE,AVIÃO,BEECH AIRCRAFT,C90,BE9L,TURBOÉLICE,4377,8,1983,BRASIL,2
PTLQS,AVIÃO,BEECH AIRCRAFT,C90,BE9L,TURBOÉLICE,4377,8,1981,BRASIL,2
PTLQX,AVIÃO,BEECH AIRCRAFT,95-B55,BE55,PISTÃO,2313,6,1980,BRASIL,2
PTLQY,AVIÃO,CESSNA AIRCRAFT,310R,C310,PISTÃO,2495,6,1976,BRASIL,2
PTLRB,AVIÃO,EMBRAER,EMB-110P1,E110,TURBOÉLICE,5900,21,0,BRASIL,2
PTLRI,AVIÃO,BEECH AIRCRAFT,58,BE58,PISTÃO,2449,6,1982,BRASIL,2
PTLRM,AVIÃO,BEECH AIRCRAFT,95-B55,BE55,PISTÃO,2318,6,1982,BRASIL,2
PTLRP,AVIÃO,BEECH AIRCRAFT,58,BE58,PISTÃO,2449,6,1978,BRASIL,2
PTLRS,AVIÃO,BEECH AIRCRAFT,58,BE58,PISTÃO,2449,6,1974,BRASIL,2
PTLSH,AVIÃO,BEECH AIRCRAFT,F90,BE9T,TURBOÉLICE,4967,8,1981,BRASIL,2
PTLSJ,AVIÃO,LEARJET,35A,LJ35,JATO,8165,10,1978,BRASIL,2
PTLSO,AVIÃO,BEECH AIRCRAFT,C90,BE9L,TURBOÉLICE,4377,10,1978,BRASIL,2
PTLSP,AVIÃO,BEECH AIRCRAFT,F90,BE9T,TURBOÉLICE,4967,8,1982,BRASIL,2
PTLSS,AVIÃO,BEECH AIRCRAFT,E55,BE55,PISTÃO,2404,6,1980,BRASIL,2
PTLTE,AVIÃO,BEECH AIRCRAFT,58TC,BE58,PISTÃO,2766,6,0,BRASIL,2
PTLTH,AVIÃO,BEECH AIRCRAFT,58P,BE58,PISTÃO,2812,6,1984,BRASIL,2
PTLTJ,AVIÃO,CESSNA AIRCRAFT,550,C550,JATO,6033,11,1981,BRASIL,2
PTLTO,AVIÃO,BEECH AIRCRAFT,F90,BE9T,TURBOÉLICE,4967,10,1981,BRASIL,2
PTLTY,AVIÃO,BEECH AIRCRAFT,95-B55,BE55,PISTÃO,2268,2,1979,BRASIL,2
PTLUF,AVIÃO,BEECH AIRCRAFT,C90,BE9L,TURBOÉLICE,4377,8,1975,BRASIL,2
PTLUG,AVIÃO,LEARJET,35A,LJ35,JATO,8300,10,1980,BRASIL,2
PTLUV,AVIÃO,BEECH AIRCRAFT,95-B55,BE55,PISTÃO,2268,6,1981,BRASIL,2
PTLVA,AVIÃO,PIPER AIRCRAFT,PA-34-200,PA34,PISTÃO,1814,4,1973,BRASIL,2
PTLVI,AVIÃO,BEECH AIRCRAFT,C90,BE9L,TURBOÉLICE,4377,8,1979,BRASIL,2
PTLVZ,AVIÃO,BEECH AIRCRAFT,58,BE58,PISTÃO,2449,6,1982,BRASIL,2
PTLXD,AVIÃO,BEECH AIRCRAFT,58,BE58,PISTÃO,2495,6,1989,BRASIL,2
PTLXF,AVIÃO,BEECH AIRCRAFT,58,BE58,PISTÃO,2449,6,1983,BRASIL,2
PTLXN,AVIÃO,EMBRAER,EMB-120ER,E120,TURBOÉLICE,11990,34,1987,BRASIL,2
PTLXO,AVIÃO,LEARJET,55C,LJ55,JATO,9752,9,1988,BRASIL,2
PTLXY,AVIÃO,BEECH AIRCRAFT,F90,BE9T,TURBOÉLICE,4967,6,1982,BRASIL,2
PTLYG,AVIÃO,BEECH AIRCRAFT,95-B55,BE55,PISTÃO,2268,6,1982,BRASIL,2
PTLYM,AVIÃO,BEECH AIRCRAFT,F90,BE9T,TURBOÉLICE,4966,10,1982,BRASIL,2
PTLYU,AVIÃO,BEECH AIRCRAFT,58,BE58,PISTÃO,2495,6,1990,BRASIL,2
PTLYY,AVIÃO,BEECH AIRCRAFT,58,BE58,PISTÃO,2449,6,1983,BRASIL,2
PTMAB,AVIÃO,EMBRAER,EMB-121A1,E121,TURBOÉLICE,5670,7,1979,BRASIL,2
PTMAD,AVIÃO,EMBRAER,EMB-121A,E121,TURBOÉLICE,5670,7,1979,BRASIL,2
PTMAJ,AVIÃO,EMBRAER,EMB-121A1,E121,TURBOÉLICE,5670,8,1980,BRASIL,2
PTMAN,AVIÃO,EMBRAER,EMB-121A,E121,TURBOÉLICE,5670,9,1980,BRASIL,2
PTMAQ,AVIÃO,EMBRAER,EMB-121A1,E121,TURBOÉLICE,5670,7,1980,BRASIL,2
PTMAR,AVIÃO,EMBRAER,EMB-121A,E121,TURBOÉLICE,5670,7,1980,BRASIL,2
PTMBL,AVIÃO,BEECH AIRCRAFT,58,BE58,PISTÃO,2449,6,1978,BRASIL,2
PTMBU,AVIÃO,EMBRAER,EMB-121A1,E121,TURBOÉLICE,5670,6,1982,BRASIL,2
PTMBV,AVIÃO,EMBRAER,EMB-121A,E121,TURBOÉLICE,5670,7,1982,BRASIL,2
PTMCA,AVIÃO,EMBRAER,EMB-121A1,E121,TURBOÉLICE,5670,7,1982,BRASIL,2
PTMCC,AVIÃO,EMBRAER,EMB-121A1,E121,TURBOÉLICE,5670,8,1983,BRASIL,2
PTMCM,AVIÃO,BEECH AIRCRAFT,300,BE30,TURBOÉLICE,5700,11,1985,BRASIL,2
PTMCR,AVIÃO,HAWKER BEECHCRAFT,400A,BE40,JATO,7393,10,1995,BRASIL,2
PTMCS,AVIÃO,PIPER AIRCRAFT,PA-34-200T,PA34,PISTÃO,2073,6,1976,BRASIL,2
PTMCX,AVIÃO,PIPER AIRCRAFT,PA-34-200T,PA34,PISTÃO,2073,7,0,BRASIL,2
PTMFE,AVIÃO,ATR - GIE AVIONS DE TRANSPORT RÉGIONAL,ATR-42-300,AT43,TURBOÉLICE,16700,52,1993,BRASIL,2
PTMFJ,AVIÃO,AEROSPATIALE AND ALENIA,ATR-42-320,AT43,TURBOÉLICE,16700,50,1993,BRASIL,2
PTMFK,AVIÃO,AEROSPATIALE AND ALENIA,ATR-42-300,AT43,TURBOÉLICE,16700,50,1990,BRASIL,2
PTMFL,AVIÃO,PIPER AIRCRAFT,PA-42,PAY3,TURBOÉLICE,5080,9,1982,BRASIL,2
PTMFM,AVIÃO,AEROSPATIALE AND ALENIA,ATR-42-300,AT43,TURBOÉLICE,16700,50,1994,BRASIL,2
PTMFT,AVIÃO,AEROSPATIALE AND ALENIA,ATR-42-320,AT43,TURBOÉLICE,16700,50,1992,BRASIL,2
PTMFU,AVIÃO,AEROSPATIALE AND ALENIA,ATR-42-300,AT43,TURBOÉLICE,16700,50,1987,BRASIL,2
PTMFV,AVIÃO,AEROSPATIALE AND ALENIA,ATR-42-300,AT43,TURBOÉLICE,16700,49,1987,BRASIL,2
PTMFW,AVIÃO,PIPER AIRCRAFT,PA-31T2,PAY2,TURBOÉLICE,4297,7,1983,BRASIL,2
PTMGS,AVIÃO,CESSNA AIRCRAFT,650,C650,JATO,10433,11,1993,BRASIL,2
PTMGZ,AVIÃO,PIPER AIRCRAFT,PA-31T,PAY2,TURBOÉLICE,4082,6,1980,BRASIL,2
PTMIL,AVIÃO,CESSNA AIRCRAFT,525,C525,JATO,4717,8,1994,BRASIL,2
PTMJC,AVIÃO,CESSNA AIRCRAFT,525,C525,JATO,4717,8,1995,BRASIL,2
PTMJQ,AVIÃO,RAYTHEON AIRCRAFT,C90A,BE9L,TURBOÉLICE,4581,8,1999,BRASIL,2
PTMMP,AVIÃO,EMBRAER,EMB-500,E50P,JATO,4750,8,2011,BRASIL,2
PTMMV,AVIÃO,CESSNA AIRCRAFT,550 BRAVO,C550,JATO,6713,10,1997,BRASIL,2
PTMMX,AVIÃO,PIPER AIRCRAFT,PA-34-200T,PA34,PISTÃO,2073,7,1978,BRASIL,2
PTMOD,AVIÃO,BOEING COMPANY,767-316,B763,JATO,186880,235,2012,BRASIL,2
PTMOE,AVIÃO,BOEING,767-316,B763,JATO,186880,235,2013,BRASIL,2
PTMQA,AVIÃO,FOKKER,F28MK0100,F100,JATO,44450,115,1990,BRASIL,2
PTMQC,AVIÃO,FOKKER,F28MK0100,F100,JATO,44450,115,1991,BRASIL,2
PTMQL,AVIÃO,FOKKER,F28MK0100,F100,JATO,44450,115,1992,BRASIL,2
PTMQP,AVIÃO,FOKKER,F28MK0100,F100,JATO,44450,115,1993,BRASIL,2
PTMQS,AVIÃO,FOKKER,F28MK0100,F100,JATO,44450,115,1993,BRASIL,2
PTMQT,AVIÃO,FOKKER,F28MK0100,F100,JATO,44450,115,1993,BRASIL,2
PTMRB,AVIÃO,FOKKER,F28MK0100,F100,JATO,44450,115,1990,BRASIL,2
PTMRE,AVIÃO,FOKKER,F28MK0100,F100,JATO,44450,115,1991,BRASIL,2
PTMRG,AVIÃO,FOKKER,F28MK0100,F100,JATO,44450,115,1991,BRASIL,2
PTMRL,AVIÃO,FOKKER,F28MK0100,F100,JATO,44450,124,0,BRASIL,2
PTMRO,AVIÃO,FOKKER,F28MK0100,F100,JATO,44450,115,1994,BRASIL,2
PTMRP,AVIÃO,FOKKER,F28MK0100,F100,JATO,44450,115,1995,BRASIL,2
PTMRZ,AVIÃO,FOKKER,F28MK0100,F100,JATO,44450,115,0,BRASIL,2
PTMSK,AVIÃO,CESSNA AIRCRAFT,560XL,C56X,JATO,9072,11,2000,BRASIL,2
PTMSO,AVIÃO,BOEING,767-316,B763,JATO,186880,235,2012,BRASIL,2
PTMSP,AVIÃO,CESSNA AIRCRAFT,525,C525,JATO,4717,6,1998,BRASIL,2
PTMSR,AVIÃO,BOEING COMPANY,767-33A,B763,JATO,185065,217,1994,BRASIL,2
PTMSW,AVIÃO,BOEING,767-316,B763,JATO,186880,235,2012,BRASIL,2
PTMSX,AVIÃO,BOEING,767-316,B763,JATO,186880,235,2012,BRASIL,2
PTMSY,AVIÃO,BOEING,767-316,B763,JATO,186880,235,2012,BRASIL,2
PTMTA,AVIÃO,BOEING COMPANY,737-248C,B732,JATO,52389,121,1969,BRASIL,2
PTMTB,AVIÃO,BOEING COMPANY,737-230C,B732,JATO,54204,4,1970,BRASIL,2
PTMTL,AVIÃO,CESSNA AIRCRAFT,310R,C310,PISTÃO,2495,6,1975,BRASIL,2
PTMUA,AVIÃO,BOEING,777-32WER,B77W,JATO,346544,382,2008,BRASIL,2
PTMUB,AVIÃO,BOEING,777-32WER,B77W,JATO,346544,382,2008,BRASIL,2
PTMUC,AVIÃO,BOEING COMPANY,777-32WER,B77W,JATO,346544,382,2008,BRASIL,2
PTMUD,AVIÃO,BOEING,777-32WER,B77W,JATO,346544,382,2008,BRASIL,2
PTMUE,AVIÃO,BOEING,777-32WER,B77W,JATO,346544,384,2012,BRASIL,2
PTMUF,AVIÃO,BOEING,777-32WER,B77W,JATO,346544,384,2012,BRASIL,2
PTMUG,AVIÃO,BOEING,777-32WER,B77W,JATO,346544,384,2012,BRASIL,2
PTMUH,AVIÃO,BOEING,777-32WER,B77W,JATO,346544,384,2012,BRASIL,2
PTMUI,AVIÃO,BOEING,777-32WER,B77W,JATO,346544,384,2013,BRASIL,2
PTMVA,AVIÃO,AIRBUS INDUSTRIE,A330-223,A332,JATO,230000,243,1998,BRASIL,2
PTMVC,AVIÃO,AIRBUS INDUSTRIE,A330-223,A332,JATO,230000,243,1998,BRASIL,2
PTMVE,AVIÃO,AIRBUS INDUSTRIE,A330-223,A332,JATO,230000,243,2000,BRASIL,2
PTMVF,AVIÃO,AIRBUS INDUSTRIE,A330-203,A332,JATO,233000,242,2002,BRASIL,2
PTMVG,AVIÃO,AIRBUS INDUSTRIE,A330-203,A332,JATO,233000,242,2002,BRASIL,2
PTMVL,AVIÃO,AIRBUS INDUSTRIE,A330-203,A332,JATO,233000,242,2005,BRASIL,2
PTMVM,AVIÃO,AIRBUS INDUSTRIE,A330-223,A332,JATO,233000,240,2007,BRASIL,2
PTMVN,AVIÃO,AIRBUS INDUSTRIE,A330-223,A332,JATO,233000,240,2007,BRASIL,2
PTMVR,AVIÃO,AIRBUS INDUSTRIE,A330-223,A332,JATO,233000,240,2008,BRASIL,2
PTMVT,AVIÃO,AIRBUS INDUSTRIE,A330-223,A332,JATO,233000,240,2010,BRASIL,2
PTMVU,AVIÃO,AIRBUS INDUSTRIE,A330-223,A332,JATO,233000,240,2011,BRASIL,2
PTMVV,AVIÃO,AIRBUS INDUSTRIE,A330-223,A332,JATO,233000,240,2011,BRASIL,2
PTMXA,AVIÃO,AIRBUS,A321-231,A321,JATO,89000,232,2007,BRASIL,2
PTMXB,AVIÃO,AIRBUS,A321-231,A321,JATO,89000,232,2007,BRASIL,2
PTMXC,AVIÃO,AIRBUS,A321-231,A321,JATO,89000,232,2007,BRASIL,2
PTMXD,AVIÃO,AIRBUS,A321-231,A321,JATO,89000,232,2009,BRASIL,2
PTMXE,AVIÃO,AIRBUS INDUSTRIE,A321-231,A321,JATO,89000,232,2009,BRASIL,2
PTMXF,AVIÃO,AIRBUS,A321-231,A321,JATO,89000,232,2010,BRASIL,2
PTMXG,AVIÃO,AIRBUS,A321-231,A321,JATO,89000,232,2010,BRASIL,2
PTMXH,AVIÃO,AIRBUS,A321-231,A321,JATO,89000,232,2011,BRASIL,2
PTMXI,AVIÃO,AIRBUS,A321-231,A321,JATO,89000,232,2011,BRASIL,2
PTMXJ,AVIÃO,AIRBUS,A321-231,A321,JATO,89000,232,2013,BRASIL,2
PTMXL,AVIÃO,AIRBUS,A321-231,A321,JATO,89000,231,2014,BRASIL,2
PTMXM,AVIÃO,AIRBUS,A321-231,A321,JATO,89000,231,2014,BRASIL,2
PTMXN,AVIÃO,AIRBUS,A321-231,A321,JATO,89000,0,2014,BRASIL,2
PTMXO,AVIÃO,AIRBUS,A321-231,A321,JATO,89000,235,2014,BRASIL,2
PTMXP,AVIÃO,AIRBUS,A321-231,A321,JATO,89000,231,0,BRASIL,2
PTMXQ,AVIÃO,AIRBUS S.A.S.,A321-231,A321,JATO,89000,231,2014,BRASIL,2
PTMZA,AVIÃO,AIRBUS INDUSTRIE,A319-132,A319,JATO,64000,154,1999,BRASIL,2
PTMZB,AVIÃO,AIRBUS INDUSTRIE,A319-132,A319,JATO,64000,154,1999,BRASIL,2
PTMZC,AVIÃO,AIRBUS INDUSTRIE,A319-132,A319,JATO,64000,154,1999,BRASIL,2
PTMZD,AVIÃO,AIRBUS,A319-132,A319,JATO,64000,154,1999,BRASIL,2
PTMZE,AVIÃO,AIRBUS INDUSTRIE,A319-132,A319,JATO,64000,154,1999,BRASIL,2
PTMZF,AVIÃO,AIRBUS INDUSTRIE,A319-132,A319,JATO,64000,154,1999,BRASIL,2
PTMZG,AVIÃO,AIRBUS,A320-232,A320,JATO,70000,184,1999,BRASIL,2
PTMZH,AVIÃO,AIRBUS INDUSTRIE,A320-232,A320,JATO,70000,184,1999,BRASIL,2
PTMZI,AVIÃO,AIRBUS,A320-232,A320,JATO,77000,184,2000,BRASIL,2
PTMZJ,AVIÃO,AIRBUS INDUSTRIE,A320-232,A320,JATO,70000,184,2000,BRASIL,2
PTMZL,AVIÃO,AIRBUS,A320-232,A320,JATO,70000,184,2000,BRASIL,2
PTMZM,AVIÃO,AIRBUS INDUSTRIE,A320-232,A320,JATO,77000,183,1994,BRASIL,2
PTMZN,AVIÃO,AIRBUS INDUSTRIE,A320-231,A320,JATO,77000,183,1993,BRASIL,2
PTMZO,AVIÃO,AIRBUS INDUSTRIE,A320-231,A320,JATO,77000,183,1991,BRASIL,2
PTMZP,AVIÃO,AIRBUS INDUSTRIE,A320-231,A320,JATO,77000,183,1991,BRASIL,2
PTMZQ,AVIÃO,AIRBUS INDUSTRIE,A320-231,A320,JATO,77000,183,1992,BRASIL,2
PTMZR,AVIÃO,AIRBUS INDUSTRIE,A320-231,A320,JATO,77000,183,1992,BRASIL,2
PTMZS,AVIÃO,AIRBUS INDUSTRIE,A320-231,A320,JATO,77000,165,1991,BRASIL,2
PTMZT,AVIÃO,AIRBUS,A320-232,A320,JATO,77000,184,2001,BRASIL,2
PTMZU,AVIÃO,AIRBUS INDUSTRIE,A320-232,A320,JATO,77000,184,2001,BRASIL,2
PTMZV,AVIÃO,AIRBUS INDUSTRIE,A320-232,A320,JATO,77000,184,1997,BRASIL,2
PTMZW,AVIÃO,AIRBUS INDUSTRIE,A320-232,A320,JATO,77000,184,2004,BRASIL,2
PTMZX,AVIÃO,AIRBUS,A320-232,A320,JATO,70000,184,2001,BRASIL,2
PTMZY,AVIÃO,AIRBUS,A320-232,A320,JATO,70000,184,2001,BRASIL,2
PTMZZ,AVIÃO,AIRBUS,A320-232,A320,JATO,77000,184,2001,BRASIL,2
PTOAH,AVIÃO,BEECH AIRCRAFT,95-B55,BE55,PISTÃO,2313,6,1982,BRASIL,2
PTOAM,AVIÃO,PIPER AIRCRAFT,PA-31T,PAY2,TURBOÉLICE,4082,8,1990,BRASIL,2
PTOAO,AVIÃO,BEECH AIRCRAFT,95-B55,BE55,PISTÃO,2268,6,1981,BRASIL,2
PTOAY,AVIÃO,BEECH AIRCRAFT,95-B55,BE55,PISTÃO,2268,6,1979,BRASIL,2
PTOBL,AVIÃO,EMBRAER,EMB-810C,PA34,PISTÃO,2073,6,1976,BRASIL,2
PTOCC,AVIÃO,BEECH AIRCRAFT,C90,BE9L,TURBOÉLICE,4377,7,1981,BRASIL,2
PTOCD,AVIÃO,BEECH AIRCRAFT,58TC,BE58,PISTÃO,2767,6,1978,BRASIL,2
PTOCL,AVIÃO,PIPER AIRCRAFT,PA-31T,PAY2,TURBOÉLICE,4082,7,1980,BRASIL,2
PTOCV,AVIÃO,EMBRAER,EMB-110P1,E110,TURBOÉLICE,5670,21,1981,BRASIL,2
PTOCW,AVIÃO,EMBRAER,EMB-110P1,E110,TURBOÉLICE,5670,20,1980,BRASIL,2
PTOCY,AVIÃO,BEECH AIRCRAFT,C90,BE9L,TURBOÉLICE,4377,7,1979,BRASIL,2
PTODH,AVIÃO,BEECH AIRCRAFT,C90A,BE9L,TURBOÉLICE,4377,8,1986,BRASIL,2
PTODL,AVIÃO,CESSNA AIRCRAFT,550,C550,JATO,6396,13,1990,BRASIL,2
PTODR,AVIÃO,CHINCUL SACAIFI,PA-31T,PAY2,TURBOÉLICE,4082,7,1990,BRASIL,2
PTODU,AVIÃO,BEECH AIRCRAFT,58,BE58,PISTÃO,2449,6,1981,BRASIL,2
PTODY,AVIÃO,EMBRAER,EMB-110,E110,TURBOÉLICE,5600,17,1974,BRASIL,2
PTODZ,AVIÃO,CESSNA AIRCRAFT,550,C550,JATO,6396,10,1990,BRASIL,2
PTOEL,AVIÃO,BEECH AIRCRAFT,95-B55,BE55,PISTÃO,2313,6,1981,BRASIL,2
PTOES,AVIÃO,BEECH AIRCRAFT,95-B55,BE55,PISTÃO,2268,6,1980,BRASIL,2
PTOEW,AVIÃO,BEECH AIRCRAFT,58TC,BE58,PISTÃO,2813,6,1980,BRASIL,2
PTOFC,AVIÃO,BEECH AIRCRAFT,C90,BE9L,TURBOÉLICE,4377,8,1971,BRASIL,2
PTOFD,AVIÃO,BEECH AIRCRAFT,F90,BE9T,TURBOÉLICE,4967,8,1981,BRASIL,2
PTOID,AVIÃO,CESSNA AIRCRAFT,310R,C310,PISTÃO,2495,6,1976,BRASIL,2
PTOIF,AVIÃO,BEECH AIRCRAFT,F90,BE9T,TURBOÉLICE,4967,8,1980,BRASIL,2
PTOIN,AVIÃO,CESSNA AIRCRAFT,310R,C310,PISTÃO,2495,6,1980,BRASIL,2
PTOIU,AVIÃO,BEECH AIRCRAFT,C90,BE9L,TURBOÉLICE,4377,7,1972,BRASIL,2
PTOIY,AVIÃO,MITSUBISHI AIRCRAFT,MU-2B-40,MU2,TURBOÉLICE,4749,7,1981,BRASIL,2
PTOIZ,AVIÃO,BEECH AIRCRAFT,C90A,BE9L,TURBOÉLICE,4581,7,1988,BRASIL,2
PTOJA,AVIÃO,BEECH AIRCRAFT,C90,BE9L,TURBOÉLICE,4377,7,1981,BRASIL,2
PTOJE,AVIÃO,PIPER AIRCRAFT,PA-31T,PAY2,TURBOÉLICE,4082,8,1981,BRASIL,2
PTOKK,AVIÃO,BEECH AIRCRAFT,E55,BE55,PISTÃO,2260,6,1981,BRASIL,2
PTOKL,AVIÃO,PIPER AIRCRAFT,PA-42,PAY3,TURBOÉLICE,5080,9,1983,BRASIL,2
PTOKP,AVIÃO,CESSNA AIRCRAFT,550,C550,JATO,6033,9,1983,BRASIL,2
PTOKU,AVIÃO,BEECH AIRCRAFT,95-B55,BE55,PISTÃO,2268,6,1980,BRASIL,2
PTOLF,AVIÃO,PIPER AIRCRAFT,PA-31T1,PAY1,TURBOÉLICE,3946,7,1980,BRASIL,2
PTOLJ,AVIÃO,EMBRAER,EMB-810C,PA34,PISTÃO,2073,7,1980,BRASIL,2
PTOLL,AVIÃO,BEECH AIRCRAFT,58,BE58,PISTÃO,2449,6,1979,BRASIL,2
PTOLQ,AVIÃO,BEECH AIRCRAFT,C90,BE9L,TURBOÉLICE,4371,8,1980,BRASIL,2
PTOLZ,AVIÃO,PIPER AIRCRAFT,PA-31T,PAY2,TURBOÉLICE,4082,6,1981,BRASIL,2
PTOMT,AVIÃO,CESSNA AIRCRAFT,500,C500,JATO,5216,9,1974,BRASIL,2
PTOMU,AVIÃO,CESSNA AIRCRAFT,650,C650,JATO,9979,11,1991,BRASIL,2
PTONJ,AVIÃO,BEECH AIRCRAFT,C90A,BE9L,TURBOÉLICE,4377,7,1984,BRASIL,2
PTONO,AVIÃO,BEECH AIRCRAFT,F90,BE9T,TURBOÉLICE,4967,7,1981,BRASIL,2
PTONR,AVIÃO,BEECH AIRCRAFT,95-B55,BE55,PISTÃO,2268,4,1978,BRASIL,2
PTONW,AVIÃO,BEECH AIRCRAFT,58P,BE58,PISTÃO,2767,6,1981,BRASIL,2
PTONX,AVIÃO,CESSNA AIRCRAFT,310R,C310,PISTÃO,2495,6,1979,BRASIL,2
PTOOC,AVIÃO,EMBRAER,EMB-810D,PA34,PISTÃO,2155,6,1985,BRASIL,2
PTOOH,AVIÃO,BEECH AIRCRAFT,60,BE60,PISTÃO,3050,6,1969,BRASIL,2
PTOOJ,AVIÃO,BEECH AIRCRAFT,58,BE58,PISTÃO,2449,6,1978,BRASIL,2
PTOOL,AVIÃO,CESSNA AIRCRAFT,500,C500,JATO,4921,7,1973,BRASIL,2
PTOOQ,AVIÃO,BEECH AIRCRAFT,95-B55,BE55,PISTÃO,2318,6,1979,BRASIL,2
PTOOX,AVIÃO,BEECH AIRCRAFT,F90,BE9T,TURBOÉLICE,4967,8,1982,BRASIL,2
PTOPE,AVIÃO,BEECH AIRCRAFT,C90,BE9L,TURBOÉLICE,4377,7,1980,BRASIL,2
PTOPI,AVIÃO,CESSNA AIRCRAFT,402B,C402,PISTÃO,2858,8,1973,BRASIL,2
PTOPQ,AVIÃO,PIPER AIRCRAFT,PA-31T1,PAY1,TURBOÉLICE,3946,7,1980,BRASIL,2
PTOPR,AVIÃO,BEECH AIRCRAFT,C90,BE9L,TURBOÉLICE,4377,7,1979,BRASIL,2
PTOQB,AVIÃO,BEECH AIRCRAFT,58TC,BE58,PISTÃO,2767,6,1977,BRASIL,2
PTOQY,AVIÃO,TWIN COMMANDER,690D,AC90,TURBOÉLICE,4815,10,1985,BRASIL,2
PTORG,AVIÃO,BEECH AIRCRAFT,C90A,BE9L,TURBOÉLICE,4481,7,1992,BRASIL,2
PTOSD,AVIÃO,CESSNA AIRCRAFT,500,C500,JATO,5375,7,1976,BRASIL,2
PTOSM,AVIÃO,CESSNA AIRCRAFT,S550,C550,JATO,6849,10,1988,BRASIL,2
PTOSN,AVIÃO,BEECH AIRCRAFT,C90A,BE9L,TURBOÉLICE,4581,8,1990,BRASIL,2
PTOSO,AVIÃO,BEECH AIRCRAFT,C90,BE9L,TURBOÉLICE,4377,8,1981,BRASIL,2
PTOSR,AVIÃO,BEECH AIRCRAFT,200,BE20,TURBOÉLICE,5670,10,1981,BRASIL,2
PTOTC,AVIÃO,RAYTHEON AIRCRAFT,BAE125-800B,H25B,JATO,12429,11,1991,BRASIL,2
PTOTG,AVIÃO,BEECH AIRCRAFT,C90A,BE9L,TURBOÉLICE,4694,13,1985,BRASIL,2
PTOTV,AVIÃO,PIPER AIRCRAFT,PA-31T1,PAY1,TURBOÉLICE,3946,7,1981,BRASIL,2
PTOUF,AVIÃO,BEECH AIRCRAFT,E90,BE9L,TURBOÉLICE,4581,10,1981,BRASIL,2
PTOUZ,AVIÃO,BEECH AIRCRAFT,58,BE58,PISTÃO,2449,6,1993,BRASIL,2
PTOVA,AVIÃO,EMBRAER,EMB-810C,PA34,PISTÃO,2073,6,1981,BRASIL,2
PTOVB,AVIÃO,PIPER AIRCRAFT,PA-31T1,PAY1,TURBOÉLICE,3946,6,1981,BRASIL,2
PTOVC,AVIÃO,LEARJET,35A,LJ35,JATO,8301,10,1981,BRASIL,2
PTOVE,AVIÃO,PIPER AIRCRAFT,PA-31T1,PAY1,TURBOÉLICE,3946,7,1980,BRASIL,2
PTOVL,AVIÃO,EMBRAER,EMB-810C,PA34,PISTÃO,2073,6,1981,BRASIL,2
PTOXQ,AVIÃO,PIPER AIRCRAFT,PA-34-220T,PA34,PISTÃO,2155,6,1994,BRASIL,2
PTOYS,AVIÃO,BEECH AIRCRAFT,58,BE58,PISTÃO,2449,6,1979,BRASIL,2
PTOZI,AVIÃO,PIPER AIRCRAFT,PA-34-220T,PA34,PISTÃO,2155,6,1994,BRASIL,2
PTOZL,AVIÃO,BEECH AIRCRAFT,C90A,BE9L,TURBOÉLICE,4581,8,1993,BRASIL,2
PTOZN,AVIÃO,PIPER AIRCRAFT,PA-31T,PAY2,TURBOÉLICE,4082,8,1980,BRASIL,2
PTPAC,AVIÃO,RAYTHEON AIRCRAFT,C90A,BE9L,TURBOÉLICE,4581,8,1999,BRASIL,2
PTPCO,AVIÃO,PIPER AIRCRAFT,PA-34-220T,PA34,PISTÃO,2155,6,2001,BRASIL,2
PTPTL,AVIÃO,CESSNA AIRCRAFT,750,C750,JATO,16194,10,1999,BRASIL,2
PTPVH,AVIÃO,EMBRAER,EMB-505,E55P,JATO,8150,8,2010,BRASIL,2
PTRAC,AVIÃO,EMBRAER,EMB-810C,PA34,PISTÃO,2073,6,1980,BRASIL,2
PTRAS,AVIÃO,EMBRAER,EMB-820C NAVAJO,PA31,PISTÃO,3175,7,1979,BRASIL,2
PTRAT,AVIÃO,EMBRAER,EMB-820C NAVAJO,PA31,PISTÃO,3175,10,1980,BRASIL,2
PTRAY,AVIÃO,EMBRAER,EMB-820C NAVAJO,PA31,PISTÃO,3175,5,1980,BRASIL,2
PTRBC,AVIÃO,EMBRAER,EMB-810C,PA34,PISTÃO,2073,6,1979,BRASIL,2
PTRBD,AVIÃO,EMBRAER,EMB-810C,PA34,PISTÃO,2073,6,1980,BRASIL,2
PTRBK,AVIÃO,EMBRAER,EMB-810C,PA34,PISTÃO,2073,7,1979,BRASIL,2
PTRBM,AVIÃO,EMBRAER,EMB-810C,PA34,PISTÃO,2073,6,1980,BRASIL,2
PTRBN,AVIÃO,EMBRAER,EMB-810C,PA34,PISTÃO,2073,6,1980,BRASIL,2
PTRBQ,AVIÃO,EMBRAER,EMB-810C,PA34,PISTÃO,2073,7,1980,BRASIL,2
PTRBS,AVIÃO,EMBRAER,EMB-810C,PA34,PISTÃO,2073,6,1980,BRASIL,2
PTRBW,AVIÃO,EMBRAER,EMB-810C,PA34,PISTÃO,2073,6,1980,BRASIL,2
PTRCA,AVIÃO,EMBRAER,EMB-810C,PA34,PISTÃO,2073,7,1980,BRASIL,2
PTRCB,AVIÃO,EMBRAER,EMB-810C,PA34,PISTÃO,2073,6,1981,BRASIL,2
PTRCC,AVIÃO,EMBRAER,EMB-810C,PA34,PISTÃO,2073,6,1980,BRASIL,2
PTRCG,AVIÃO,EMBRAER,EMB-810C,PA34,PISTÃO,2073,7,0,BRASIL,2
PTRCV,AVIÃO,EMBRAER,EMB-810C,PA34,PISTÃO,2073,6,1980,BRASIL,2
PTRCX,AVIÃO,EMBRAER,EMB-810C,PA34,PISTÃO,2073,7,1980,BRASIL,2
PTRCY,AVIÃO,EMBRAER,EMB-810C,PA34,PISTÃO,2073,7,1980,BRASIL,2
PTRDA,AVIÃO,EMBRAER,EMB-810C,PA34,PISTÃO,2073,2,1980,BRASIL,2
PTRDG,AVIÃO,EMBRAER,EMB-810C,PA34,PISTÃO,2073,6,1980,BRASIL,2
PTRDL,AVIÃO,EMBRAER,EMB-810C,PA34,PISTÃO,2073,6,1980,BRASIL,2
PTRDP,AVIÃO,EMBRAER,EMB-810C,PA34,PISTÃO,2073,7,1980,BRASIL,2
PTREQ,AVIÃO,EMBRAER,EMB-810C,PA34,PISTÃO,2073,6,1980,BRASIL,2
PTRET,AVIÃO,EMBRAER,EMB-810C,PA34,PISTÃO,2073,7,1980,BRASIL,2
PTREX,AVIÃO,EMBRAER,EMB-810C,PA34,PISTÃO,2073,6,1980,BRASIL,2
PTREY,AVIÃO,EMBRAER,EMB-810C,PA34,PISTÃO,2073,6,1980,BRASIL,2
PTRFC,AVIÃO,EMBRAER,EMB-810C,PA34,PISTÃO,2073,6,1980,BRASIL,2
PTRFJ,AVIÃO,EMBRAER,EMB-810C,PA34,PISTÃO,2073,7,1980,BRASIL,2
PTRFK,AVIÃO,EMBRAER,EMB-810C,PA34,PISTÃO,2073,6,1981,BRASIL,2
PTRFR,AVIÃO,EMBRAER,EMB-820C CARAJA,PAT4,TURBOÉLICE,3630,10,1986,BRASIL,2
PTRFT,AVIÃO,EMBRAER,EMB-820C CARAJA,PAT4,TURBOÉLICE,3629,8,1983,BRASIL,2
PTRFU,AVIÃO,EMBRAER,EMB-810C,PA34,PISTÃO,2073,6,1980,BRASIL,2
PTRFY,AVIÃO,EMBRAER,EMB-810C,PA34,PISTÃO,2073,7,1981,BRASIL,2
PTRFZ,AVIÃO,EMBRAER,EMB-810C,PA34,PISTÃO,2073,6,1979,BRASIL,2
PTRGA,AVIÃO,EMBRAER,EMB-810C,PA34,PISTÃO,2155,6,1980,BRASIL,2
PTRGG,AVIÃO,EMBRAER,EMB-810C,PA34,PISTÃO,2073,6,1981,BRASIL,2
PTRGV,AVIÃO,EMBRAER,EMB-820C CARAJA,PAT4,TURBOÉLICE,3629,10,1985,BRASIL,2
PTRGY,AVIÃO,EMBRAER,EMB-810C,PA34,PISTÃO,2073,6,1982,BRASIL,2
PTRGZ,AVIÃO,EMBRAER,EMB-810C,PA34,PISTÃO,2073,6,1981,BRASIL,2
PTRMB,AVIÃO,CESSNA AIRCRAFT,650,C650,JATO,10433,NULL,NULL,BRASIL,2
PTRMG,AVIÃO,EMBRAER,EMB-810C,PA34,PISTÃO,2073,6,1981,BRASIL,2
PTRMI,AVIÃO,EMBRAER,EMB-500,E50P,JATO,4750,8,2013,BRASIL,2
PTRMN,AVIÃO,EMBRAER,EMB-810C,PA34,PISTÃO,2073,7,1982,BRASIL,2
PTRMP,AVIÃO,EMBRAER,EMB-810C,PA34,PISTÃO,2073,7,1982,BRASIL,2
PTRMX,AVIÃO,EMBRAER,EMB-810C,PA34,PISTÃO,2073,6,1982,BRASIL,2
PTRQA,AVIÃO,EMBRAER,EMB-810C,PA34,PISTÃO,2073,4,1982,BRASIL,2
PTRQE,AVIÃO,EMBRAER,EMB-810C,PA34,PISTÃO,2073,7,1982,BRASIL,2
PTRQI,AVIÃO,NEIVA,EMB-810D,PA34,PISTÃO,2155,7,1982,BRASIL,2
PTRQJ,AVIÃO,EMBRAER,EMB-810D,PA34,PISTÃO,2155,6,1982,BRASIL,2
PTRQK,AVIÃO,EMBRAER,EMB-810D,PA34,PISTÃO,2155,6,1982,BRASIL,2
PTRQP,AVIÃO,EMBRAER,EMB-810D,PA34,PISTÃO,2155,6,1982,BRASIL,2
PTRQQ,AVIÃO,EMBRAER,EMB-810D,PA34,PISTÃO,2155,6,1982,BRASIL,2
PTRQY,AVIÃO,EMBRAER,EMB-810D,PA34,PISTÃO,2155,6,1982,BRASIL,2
PTRSI,AVIÃO,EMBRAER,EMB-810D,PA34,PISTÃO,2155,7,1982,BRASIL,2
PTRSJ,AVIÃO,NEIVA,EMB-810D,PA34,PISTÃO,2155,6,1982,BRASIL,2
PTRSL,AVIÃO,EMBRAER,EMB-810D,PA34,PISTÃO,2155,6,1982,BRASIL,2
PTRSN,AVIÃO,NEIVA,EMB-810D,PA34,PISTÃO,2155,6,1984,BRASIL,2
PTRSO,AVIÃO,EMBRAER,EMB-810D,PA34,PISTÃO,2155,7,1982,BRASIL,2
PTRSP,AVIÃO,NEIVA,EMB-810D,PA34,PISTÃO,2155,7,1982,BRASIL,2
PTRSR,AVIÃO,EMBRAER,EMB-810D,PA34,PISTÃO,2155,6,1983,BRASIL,2
PTRTB,AVIÃO,NEIVA,EMB-810D,PA34,PISTÃO,2155,6,1982,BRASIL,2
PTRTG,AVIÃO,NEIVA INDUSTRIA AERONAUTICA,EMB-810D,PA34,PISTÃO,2155,7,1983,BRASIL,2
PTRTH,AVIÃO,EMBRAER,EMB-810D,PA34,PISTÃO,2155,6,1983,BRASIL,2
PTRTO,AVIÃO,EMBRAER,EMB-810D,PA34,PISTÃO,2155,6,1983,BRASIL,2
PTRTP,AVIÃO,NEIVA,EMB-810D,PA34,PISTÃO,2155,7,1983,BRASIL,2
PTRTV,AVIÃO,NEIVA,EMB-810D,PA34,PISTÃO,2155,7,1983,BRASIL,2
PTRTW,AVIÃO,NEIVA INDUSTRIA AERONAUTICA,EMB-810D,PA34,PISTÃO,2155,6,1983,BRASIL,2
PTRTY,AVIÃO,NEIVA,EMB-810D,PA34,PISTÃO,2155,6,1983,BRASIL,2
PTRTZ,AVIÃO,EMBRAER,EMB-810D,PA34,PISTÃO,2155,6,1983,BRASIL,2
PTRUB,AVIÃO,NEIVA,EMB-810D,PA34,PISTÃO,2155,6,1983,BRASIL,2
PTRUF,AVIÃO,NEIVA,EMB-810D,PA34,PISTÃO,2155,6,1983,BRASIL,2
PTRUG,AVIÃO,NEIVA INDUSTRIA AERONAUTICA,EMB-810D,PA34,PISTÃO,2155,6,1983,BRASIL,2
PTRUH,AVIÃO,NEIVA,EMB-810D,PA34,PISTÃO,2155,6,1983,BRASIL,2
PTRUK,AVIÃO,NEIVA,EMB-810D,PA34,PISTÃO,2155,7,1984,BRASIL,2
PTRUO,AVIÃO,EMBRAER,EMB-810D,PA34,PISTÃO,2155,7,1984,BRASIL,2
PTRUS,AVIÃO,NEIVA,EMB-810D,PA34,PISTÃO,2155,6,1984,BRASIL,2
PTRUZ,AVIÃO,NEIVA INDUSTRIA AERONAUTICA,EMB-810D,PA34,PISTÃO,2155,7,1984,BRASIL,2
PTRVA,AVIÃO,NEIVA,EMB-810D,PA34,PISTÃO,2155,6,1984,BRASIL,2
PTRVH,AVIÃO,EMBRAER,EMB-810D,PA34,PISTÃO,2155,7,1984,BRASIL,2
PTRVI,AVIÃO,NEIVA INDUSTRIA AERONAUTICA,EMB-810D,PA34,PISTÃO,2155,7,1985,BRASIL,2
PTRVJ,AVIÃO,NEIVA,EMB-810D,PA34,PISTÃO,2155,7,1984,BRASIL,2
PTRVK,AVIÃO,NEIVA INDUSTRIA AERONAUTICA,EMB-810D,PA34,PISTÃO,2155,7,1984,BRASIL,2
PTRVM,AVIÃO,NEIVA,EMB-810D,PA34,PISTÃO,2155,6,1985,BRASIL,2
PTRVP,AVIÃO,NEIVA INDUSTRIA AERONAUTICA,EMB-810D,PA34,PISTÃO,2155,7,1984,BRASIL,2
PTRVQ,AVIÃO,NEIVA,EMB-810D,PA34,PISTÃO,2155,7,1985,BRASIL,2
PTRVT,AVIÃO,EMBRAER,EMB-820C CARAJA,PAT4,TURBOÉLICE,3629,10,1985,BRASIL,2
PTRXP,AVIÃO,NEIVA,EMB-810D,PA34,PISTÃO,2155,6,1985,BRASIL,2
PTRXQ,AVIÃO,NEIVA,EMB-810D,PA34,PISTÃO,2155,7,1985,BRASIL,2
PTRYO,AVIÃO,NEIVA,EMB-810D,PA34,PISTÃO,2155,6,1985,BRASIL,2
PTRYP,AVIÃO,NEIVA,EMB-810D,PA34,PISTÃO,2155,6,1985,BRASIL,2
PTRYQ,AVIÃO,NEIVA,EMB-810D,PA34,PISTÃO,2155,6,1985,BRASIL,2
PTRYS,AVIÃO,NEIVA,EMB-810D,PA34,PISTÃO,2155,6,1985,BRASIL,2
PTRZZ,AVIÃO,EMBRAER,EMB-810D,PA34,PISTÃO,2155,7,1985,BRASIL,2
PTSAF,AVIÃO,LEARJET,45,LJ45,JATO,9752,11,2010,BRASIL,2
PTSAU,AVIÃO,PIPER AIRCRAFT,PA-34-200T,PA34,PISTÃO,2073,6,NULL,BRASIL,2
PTSDB,AVIÃO,EMBRAER,EMB-110P1,E110,TURBOÉLICE,5670,19,1981,BRASIL,2
PTSEA,AVIÃO,EMBRAER,EMB-110P1,E110,TURBOÉLICE,5670,21,1981,BRASIL,2
PTSFS,AVIÃO,EMBRAER,EMB-110P2,E110,TURBOÉLICE,5670,20,1982,BRASIL,2
PTSGM,AVIÃO,EMBRAER,EMB-110P1,E110,TURBOÉLICE,5670,20,1982,BRASIL,2
PTSHN,AVIÃO,EMBRAER,EMB-110P1,E110,TURBOÉLICE,5670,21,1985,BRASIL,2
PTSHP,AVIÃO,EMBRAER,EMB-110P1,E110,TURBOÉLICE,5670,12,1986,BRASIL,2
PTSHU,AVIÃO,EMBRAER,EMB-110P1,E110,TURBOÉLICE,5670,21,1987,BRASIL,2
PTSHY,AVIÃO,EMBRAER,EMB-110P1,E110,TURBOÉLICE,5670,19,1987,BRASIL,2
PTSLD,AVIÃO,EMBRAER,EMB-120ER,E120,TURBOÉLICE,11990,34,1989,BRASIL,2
PTSLE,AVIÃO,EMBRAER,EMB-120ER,E120,TURBOÉLICE,11990,34,1989,BRASIL,2
PTSNC,AVIÃO,PIPER AIRCRAFT,PA-34-220T,PA34,PISTÃO,0,NULL,NULL,BRASIL,2
PTSOF,AVIÃO,EMBRAER,EMB-110P1,E110,TURBOÉLICE,5670,20,1990,BRASIL,2
PTSOG,AVIÃO,EMBRAER,EMB-110P1,E110,TURBOÉLICE,5670,20,1991,BRASIL,2
PTSOK,AVIÃO,EMBRAER,EMB-120QC,E120,TURBOÉLICE,11990,34,2004,BRASIL,2
PTSPC,AVIÃO,EMBRAER,EMB-145ER,E145,JATO,20600,55,1997,BRASIL,2
PTSPD,AVIÃO,EMBRAER,EMB-145ER,E145,JATO,20800,55,1997,BRASIL,2
PTSPG,AVIÃO,EMBRAER,EMB-145ER,E145,JATO,20600,55,1997,BRASIL,2
PTSPJ,AVIÃO,EMBRAER,EMB-145ER,E145,JATO,20600,55,1998,BRASIL,2
PTSPK,AVIÃO,EMBRAER,EMB-145ER,E145,JATO,20600,55,0,BRASIL,2
PTSPM,AVIÃO,EMBRAER,EMB-145EP,E145,JATO,20990,55,1999,BRASIL,2
PTSPO,AVIÃO,EMBRAER,EMB-145ER,E145,JATO,20600,55,1999,BRASIL,2
PTSRE,AVIÃO,EMBRAER,EMB-120ER,E120,TURBOÉLICE,11990,34,1997,BRASIL,2
PTSSB,AVIÃO,BOEING COMPANY,737-5Q8,B735,JATO,54432,125,0,BRASIL,2
PTSSI,AVIÃO,BOEING COMPANY,737-53A,B735,JATO,54432,124,1990,BRASIL,2
PTSSK,AVIÃO,BOEING COMPANY,737-3Y0,B733,JATO,62282,144,1988,BRASIL,2
PTSTA,AVIÃO,PIPER AIRCRAFT,PA-34-200T,PA34,PISTÃO,2073,6,1976,BRASIL,2
PTSTO,AVIÃO,BEECH AIRCRAFT,58,BE58,PISTÃO,2449,6,1975,BRASIL,2
PTSUN,AVIÃO,PIPER AIRCRAFT,PA-34-220T,PA34,PISTÃO,2155,6,1996,BRASIL,2
PTSVB,HELICÓPTERO,AGUSTA,A109E,A109,TURBOEIXO,3000,8,2009,BRASIL,2
PTSXP,AVIÃO,EMBRAER,EMB-120ER,E120,TURBOÉLICE,11990,34,1996,BRASIL,2
PTTAF,AVIÃO,EMBRAER,EMB-110,E110,TURBOÉLICE,5600,1,1976,BRASIL,2
PTTAT,AVIÃO,EMBRAER,EMB-500,E50P,JATO,4750,6,2012,BRASIL,2
PTTAW,AVIÃO,EMBRAER,EMB-110P1,E110,TURBOÉLICE,5670,20,1980,BRASIL,2
PTTDK,AVIÃO,RAYTHEON AIRCRAFT,58,BE58,PISTÃO,2449,6,1998,BRASIL,2
PTTEF,AVIÃO,BOEING COMPANY,737-3Q4,B733,JATO,61235,151,0,BRASIL,2
PTTEN,AVIÃO,BOEING COMPANY,737-4Y0,B734,JATO,64637,180,0,BRASIL,2
PTTEU,AVIÃO,BOEING COMPANY,737-3K9,B733,JATO,63276,151,1987,BRASIL,2
PTTIC,AVIÃO,PIAGGIO AERO INDUSTRIES,P.180,P180,TURBOÉLICE,5239,10,2011,BRASIL,2
PTTJB,AVIÃO,LEARJET,45,LJ45,JATO,9163,11,1999,BRASIL,2
PTTJS,AVIÃO,CESSNA AIRCRAFT,525B,C25B,JATO,6291,10,2007,BRASIL,2
PTTMA,AVIÃO,AIRBUS,A319-132,A319,JATO,75500,154,2009,BRASIL,2
PTTMB,AVIÃO,AIRBUS,A319-132,A319,JATO,75500,154,2010,BRASIL,2
PTTMC,AVIÃO,AIRBUS,A319-132,A319,JATO,75500,154,2010,BRASIL,2
PTTMD,AVIÃO,AIRBUS,A319-132,A319,JATO,75500,154,2010,BRASIL,2
PTTME,AVIÃO,AIRBUS,A319-132,A319,JATO,75500,154,2010,BRASIL,2
PTTMF,AVIÃO,AIRBUS INDUSTRIE,A319-132,A319,JATO,75500,152,2005,BRASIL,2
PTTMG,AVIÃO,AIRBUS,A319-132,A319,JATO,75500,154,2011,BRASIL,2
PTTMI,AVIÃO,AIRBUS,A319-132,A319,JATO,75500,153,2012,BRASIL,2
PTTML,AVIÃO,AIRBUS S.A.S.,A319-132,A319,JATO,70000,153,0,BRASIL,2
PTTMO,AVIÃO,AIRBUS,A319-132,A319,JATO,70000,0,2011,BRASIL,2
PTTMT,AVIÃO,AIRBUS S.A.S.,A319-132,A319,JATO,70000,153,2004,BRASIL,2
PTTNF,AVIÃO,EMBRAER,EMB-505,E55P,JATO,8150,0,2011,BRASIL,2
PTTOY,HELICÓPTERO,AGUSTA,A109E,A109,TURBOEIXO,2850,7,2005,BRASIL,2
PTTPA,AVIÃO,AIRBUS S.A.S.,A319-112,A319,JATO,75500,153,0,BRASIL,2
PTTPB,AVIÃO,AIRBUS INDUSTRIE,A319-112,A319,JATO,75500,NULL,2012,BRASIL,2
PTTPY,AVIÃO,EMBRAER,EMB-500,E50P,JATO,4750,0,2012,BRASIL,2
PTTRA,AVIÃO,BEECH AIRCRAFT,400A,BE40,JATO,7303,10,2001,BRASIL,2
PTTRW,AVIÃO,EMBRAER,EMB-505,E55P,JATO,8150,0,2012,BRASIL,2
PTTSR,AVIÃO,BEECH AIRCRAFT,B300,B350,TURBOÉLICE,6804,NULL,NULL,BRASIL,2
PTTTL,AVIÃO,AEROSPATIALE AND ALENIA,ATR-42-300,AT43,TURBOÉLICE,16900,52,1990,BRASIL,2
PTVAE,AVIÃO,EMBRAER,EMB-810D,PA34,PISTÃO,2155,6,1985,BRASIL,2
PTVAF,AVIÃO,EMBRAER,EMB-810D,PA34,PISTÃO,2155,7,1985,BRASIL,2
PTVAH,AVIÃO,NEIVA INDUSTRIA AERONAUTICA,EMB-810D,PA34,PISTÃO,2155,6,1985,BRASIL,2
PTVAI,AVIÃO,NEIVA INDUSTRIA AERONAUTICA,EMB-810D,PA34,PISTÃO,2155,6,1985,BRASIL,2
PTVAN,AVIÃO,EMBRAER,EMB-810D,PA34,PISTÃO,2155,7,1985,BRASIL,2
PTVAQ,AVIÃO,EMBRAER,EMB-820C CARAJA,PAT4,TURBOÉLICE,3629,10,1986,BRASIL,2
PTVAU,AVIÃO,NEIVA,EMB-810D,PA34,PISTÃO,2155,6,1986,BRASIL,2
PTVAX,AVIÃO,NEIVA INDUSTRIA AERONAUTICA,EMB-810D,PA34,PISTÃO,2155,6,1986,BRASIL,2
PTVAZ,AVIÃO,NEIVA,EMB-810D,PA34,PISTÃO,2155,6,1986,BRASIL,2
PTVBA,AVIÃO,NEIVA INDUSTRIA AERONAUTICA,EMB-810D,PA34,PISTÃO,2155,3,1986,BRASIL,2
PTVBE,AVIÃO,EMBRAER,EMB-810D,PA34,PISTÃO,2155,6,1986,BRASIL,2
PTVBI,AVIÃO,NEIVA,EMB-810D,PA34,PISTÃO,2155,6,1986,BRASIL,2
PTVCH,AVIÃO,EMBRAER,EMB-820C CARAJA,PAT4,TURBOÉLICE,3629,10,1986,BRASIL,2
PTVCI,AVIÃO,NEIVA INDUSTRIA AERONAUTICA,NE-821,PAT4,TURBOÉLICE,3629,9,1986,BRASIL,2
PTVDA,AVIÃO,NEIVA INDUSTRIA AERONAUTICA,EMB-810D,PA34,PISTÃO,2155,6,1986,BRASIL,2
PTVDD,AVIÃO,EMBRAER,EMB-810D,PA34,PISTÃO,2155,6,1986,BRASIL,2
PTVDE,AVIÃO,NEIVA INDUSTRIA AERONAUTICA,EMB-810D,PA34,PISTÃO,2155,6,1986,BRASIL,2
PTVDF,AVIÃO,EMBRAER,EMB-810D,PA34,PISTÃO,2155,6,1986,BRASIL,2
PTVDG,AVIÃO,EMBRAER,EMB-810D,PA34,PISTÃO,2155,6,1986,BRASIL,2
PTVDH,AVIÃO,EMBRAER,EMB-810D,PA34,PISTÃO,2155,7,1986,BRASIL,2
PTVDJ,AVIÃO,NEIVA INDUSTRIA AERONAUTICA,EMB-810D,PA34,PISTÃO,2155,6,1986,BRASIL,2
PTVDL,AVIÃO,NEIVA INDUSTRIA AERONAUTICA,EMB-810D,PA34,PISTÃO,2155,6,1986,BRASIL,2
PTVDQ,AVIÃO,NEIVA,EMB-810D,PA34,PISTÃO,2155,7,1987,BRASIL,2
PTVDT,AVIÃO,EMBRAER,EMB-820C CARAJA,PAT4,TURBOÉLICE,3629,4,1987,BRASIL,2
PTVEB,AVIÃO,NEIVA,EMB-810D,PA34,PISTÃO,2155,6,1988,BRASIL,2
PTVEE,AVIÃO,NEIVA INDUSTRIA AERONAUTICA,EMB-810D,PA34,PISTÃO,2155,6,1987,BRASIL,2
PTVEF,AVIÃO,NEIVA,EMB-810D,PA34,PISTÃO,2155,6,1987,BRASIL,2
PTVEH,AVIÃO,NEIVA,EMB-810D,PA34,PISTÃO,2155,6,1987,BRASIL,2
PTVEN,AVIÃO,EMBRAER,EMB-810D,PA34,PISTÃO,2155,6,1987,BRASIL,2
PTVEQ,AVIÃO,EMBRAER,EMB-810D,PA34,PISTÃO,2155,6,1987,BRASIL,2
PTVEU,AVIÃO,NEIVA INDUSTRIA AERONAUTICA,EMB-810D,PA34,PISTÃO,2155,6,1987,BRASIL,2
PTVEV,AVIÃO,EMBRAER,EMB-820C CARAJA,PAT4,TURBOÉLICE,3629,6,1987,BRASIL,2
PTVEZ,AVIÃO,EMBRAER,EMB-820C CARAJA,PAT4,TURBOÉLICE,3629,8,1988,BRASIL,2
PTVGD,AVIÃO,NEIVA INDUSTRIA AERONAUTICA,EMB-810D,PA34,PISTÃO,2155,6,1987,BRASIL,2
PTVGF,AVIÃO,NEIVA,EMB-810D,PA34,PISTÃO,2155,6,1987,BRASIL,2
PTVGI,AVIÃO,NEIVA,EMB-810D,PA34,PISTÃO,2155,6,1987,BRASIL,2
PTVGO,AVIÃO,EMBRAER,EMB-810D,PA34,PISTÃO,2154,6,1987,BRASIL,2
PTVGQ,AVIÃO,NEIVA,EMB-810D,PA34,PISTÃO,2155,6,1988,BRASIL,2
PTVGR,AVIÃO,NEIVA,EMB-810D,PA34,PISTÃO,2155,6,1987,BRASIL,2
PTVGT,AVIÃO,NEIVA INDUSTRIA AERONAUTICA,EMB-810D,PA34,PISTÃO,2155,6,1988,BRASIL,2
PTVGV,AVIÃO,EMBRAER,EMB-810D,PA34,PISTÃO,2155,6,1988,BRASIL,2
PTVGZ,AVIÃO,EMBRAER,EMB-820C CARAJA,PAT4,TURBOÉLICE,3624,10,1987,BRASIL,2
PTVIR,AVIÃO,NEIVA INDUSTRIA AERONAUTICA,EMB-810D,PA34,PISTÃO,2155,6,1988,BRASIL,2
PTVIT,AVIÃO,NEIVA INDUSTRIA AERONAUTICA,EMB-810D,PA34,PISTÃO,2155,7,1989,BRASIL,2
PTVIU,AVIÃO,EMBRAER,EMB-810D,PA34,PISTÃO,2155,7,1989,BRASIL,2
PTVIX,AVIÃO,NEIVA,EMB-810D,PA34,PISTÃO,2155,6,1988,BRASIL,2
PTVIY,AVIÃO,NEIVA,EMB-810D,PA34,PISTÃO,2155,7,1989,BRASIL,2
PTVIZ,AVIÃO,NEIVA,EMB-810D,PA34,PISTÃO,2155,6,1988,BRASIL,2
PTVJC,AVIÃO,EMBRAER,EMB-810D,PA34,PISTÃO,2047,6,1988,BRASIL,2
PTVJF,AVIÃO,NEIVA INDUSTRIA AERONAUTICA,EMB-810D,PA34,PISTÃO,2155,6,1988,BRASIL,2
PTVJH,AVIÃO,EMBRAER,EMB-810D,PA34,PISTÃO,2155,6,1989,BRASIL,2
PTVJN,AVIÃO,EMBRAER,EMB-810D,PA34,PISTÃO,2073,6,1989,BRASIL,2
PTVJP,AVIÃO,EMBRAER,EMB-810D,PA34,PISTÃO,2155,6,1989,BRASIL,2
PTVJQ,AVIÃO,NEIVA INDUSTRIA AERONAUTICA,EMB-810D,PA34,PISTÃO,2155,6,1989,BRASIL,2
PTVJT,AVIÃO,NEIVA,EMB-810D,PA34,PISTÃO,2155,6,1989,BRASIL,2
PTVJV,AVIÃO,NEIVA,EMB-810D,PA34,PISTÃO,2155,7,1989,BRASIL,2
PTVJX,AVIÃO,NEIVA INDUSTRIA AERONAUTICA,EMB-810D,PA34,PISTÃO,2155,7,1989,BRASIL,2
PTVJZ,AVIÃO,EMBRAER,EMB-820C CARAJA,PAT4,TURBOÉLICE,3629,8,1988,BRASIL,2
PTVKA,AVIÃO,EMBRAER,EMB-820C CARAJA,PAT4,TURBOÉLICE,3629,7,1988,BRASIL,2
PTVKB,AVIÃO,EMBRAER,EMB-820C CARAJA,PAT4,TURBOÉLICE,3175,10,1988,BRASIL,2
PTVKC,AVIÃO,EMBRAER,EMB-820C CARAJA,PAT4,TURBOÉLICE,3629,8,1988,BRASIL,2
PTVKD,AVIÃO,EMBRAER,EMB-820C CARAJA,PAT4,TURBOÉLICE,3629,9,1988,BRASIL,2
PTVKG,AVIÃO,EMBRAER,EMB-820C CARAJA,PAT4,TURBOÉLICE,3629,8,1989,BRASIL,2
PTVKJ,AVIÃO,EMBRAER,EMB-820C CARAJA,PAT4,TURBOÉLICE,3629,8,1988,BRASIL,2
PTVKV,AVIÃO,NEIVA,EMB-810D,PA34,PISTÃO,2155,7,1989,BRASIL,2
PTVKY,AVIÃO,NEIVA,EMB-810D,PA34,PISTÃO,2155,7,1989,BRASIL,2
PTVKZ,AVIÃO,NEIVA INDUSTRIA AERONAUTICA,EMB-810D,PA34,PISTÃO,2155,6,1989,BRASIL,2
PTVLA,AVIÃO,NEIVA INDUSTRIA AERONAUTICA,EMB-810D,PA34,PISTÃO,2155,6,1989,BRASIL,2
PTVLC,AVIÃO,EMBRAER,EMB-810D,PA34,PISTÃO,2155,7,1989,BRASIL,2
PTVLF,AVIÃO,EMBRAER,EMB-810D,PA34,PISTÃO,2155,6,1989,BRASIL,2
PTVLH,AVIÃO,NEIVA,EMB-810D,PA34,PISTÃO,2155,6,1989,BRASIL,2
PTVLI,AVIÃO,NEIVA,EMB-810D,PA34,PISTÃO,2155,7,1989,BRASIL,2
PTVLM,AVIÃO,NEIVA,EMB-810D,PA34,PISTÃO,2155,6,1989,BRASIL,2
PTVLO,AVIÃO,EMBRAER,EMB-810D,PA34,PISTÃO,2155,6,1990,BRASIL,2
PTVLP,AVIÃO,NEIVA,EMB-810D,PA34,PISTÃO,2155,6,1990,BRASIL,2
PTVLU,AVIÃO,NEIVA INDUSTRIA AERONAUTICA,EMB-810D,PA34,PISTÃO,2155,6,1990,BRASIL,2
PTVLV,AVIÃO,EMBRAER,EMB-820C CARAJA,PAT4,TURBOÉLICE,3630,NULL,NULL,BRASIL,2
PTVLX,AVIÃO,EMBRAER,EMB-820C CARAJA,PAT4,TURBOÉLICE,3629,7,1989,BRASIL,2
PTVMA,AVIÃO,NEIVA,EMB-810D,PA34,PISTÃO,2155,7,1990,BRASIL,2
PTVMB,AVIÃO,NEIVA,EMB-810D,PA34,PISTÃO,2155,4,1990,BRASIL,2
PTVMF,AVIÃO,NEIVA,EMB-810D,PA34,PISTÃO,2155,7,1990,BRASIL,2
PTVNI,AVIÃO,EMBRAER,EMB-810D,PA34,PISTÃO,2155,6,1990,BRASIL,2
PTVNJ,AVIÃO,NEIVA INDUSTRIA AERONAUTICA,EMB-810D,PA34,PISTÃO,2155,6,1990,BRASIL,2
PTVNK,AVIÃO,NEIVA INDUSTRIA AERONAUTICA,EMB-810D,PA34,PISTÃO,2155,6,1990,BRASIL,2
PTVNO,AVIÃO,NEIVA INDUSTRIA AERONAUTICA,EMB-810D,PA34,PISTÃO,2155,6,1990,BRASIL,2
PTVNR,AVIÃO,NEIVA,EMB-810D,PA34,PISTÃO,2155,6,1990,BRASIL,2
PTVNT,AVIÃO,EMBRAER,EMB-810D,PA34,PISTÃO,2155,6,1990,BRASIL,2
PTVNU,AVIÃO,NEIVA INDUSTRIA AERONAUTICA,EMB-810D,PA34,PISTÃO,2155,6,1990,BRASIL,2
PTVNZ,AVIÃO,NEIVA,EMB-810D,PA34,PISTÃO,2155,6,1991,BRASIL,2
PTVOB,AVIÃO,NEIVA,EMB-810D,PA34,PISTÃO,2155,6,1991,BRASIL,2
PTVOF,AVIÃO,EMBRAER,EMB-810D,PA34,PISTÃO,2155,6,1991,BRASIL,2
PTVOG,AVIÃO,NEIVA,EMB-810D,PA34,PISTÃO,2155,6,1991,BRASIL,2
PTVOJ,AVIÃO,NEIVA INDUSTRIA AERONAUTICA,EMB-810D,PA34,PISTÃO,2155,6,1991,BRASIL,2
PTVOM,AVIÃO,NEIVA,EMB-810D,PA34,PISTÃO,2155,6,1991,BRASIL,2
PTVOP,AVIÃO,NEIVA,EMB-810D,PA34,PISTÃO,2155,6,1991,BRASIL,2
PTVOV,AVIÃO,NEIVA INDUSTRIA AERONAUTICA,EMB-810D,PA34,PISTÃO,2155,6,1991,BRASIL,2
PTVOX,AVIÃO,NEIVA,EMB-810D,PA34,PISTÃO,2155,6,1991,BRASIL,2
PTVOY,AVIÃO,NEIVA,EMB-810D,PA34,PISTÃO,2155,6,1991,BRASIL,2
PTVOZ,AVIÃO,NEIVA,EMB-810D,PA34,PISTÃO,2155,6,1992,BRASIL,2
PTVPB,AVIÃO,EMBRAER,EMB-810D,PA34,PISTÃO,2155,6,1992,BRASIL,2
PTVPC,AVIÃO,NEIVA INDUSTRIA AERONAUTICA,EMB-810D,PA34,PISTÃO,2155,6,1992,BRASIL,2
PTVPH,AVIÃO,NEIVA,EMB-810D,PA34,PISTÃO,2155,6,1992,BRASIL,2
PTVPI,AVIÃO,NEIVA,EMB-810D,PA34,PISTÃO,2155,6,1992,BRASIL,2
PTVQF,AVIÃO,EMBRAER,EMB-810D,PA34,PISTÃO,2155,6,1992,BRASIL,2
PTVQJ,AVIÃO,EMBRAER,EMB-810D,PA34,PISTÃO,2155,6,1993,BRASIL,2
PTVQL,AVIÃO,NEIVA INDUSTRIA AERONAUTICA,EMB-810D,PA34,PISTÃO,2155,6,1993,BRASIL,2
PTVQO,AVIÃO,EMBRAER,EMB-810D,PA34,PISTÃO,2155,6,1993,BRASIL,2
PTVQQ,AVIÃO,EMBRAER,EMB-810D,PA34,PISTÃO,2155,6,1993,BRASIL,2
PTVQS,AVIÃO,EMBRAER,EMB-810D,PA34,PISTÃO,2155,7,1993,BRASIL,2
PTVQV,AVIÃO,EMBRAER,EMB-810D,PA34,PISTÃO,2155,7,1993,BRASIL,2
PTVQW,AVIÃO,NEIVA INDUSTRIA AERONAUTICA,EMB-810D,PA34,PISTÃO,2155,6,1993,BRASIL,2
PTVQY,AVIÃO,EMBRAER,EMB-810D,PA34,PISTÃO,2155,6,1993,BRASIL,2
PTVRA,AVIÃO,EMBRAER,EMB-810D,PA34,PISTÃO,2155,6,1993,BRASIL,2
PTVRD,AVIÃO,NEIVA INDUSTRIA AERONAUTICA,EMB-810D,PA34,PISTÃO,2155,6,1994,BRASIL,2
PTVRF,AVIÃO,EMBRAER,EMB-810D,PA34,PISTÃO,2155,7,1994,BRASIL,2
PTVRG,AVIÃO,NEIVA INDUSTRIA AERONAUTICA,EMB-810D,PA34,PISTÃO,2155,6,1994,BRASIL,2
PTVRM,AVIÃO,NEIVA INDUSTRIA AERONAUTICA,EMB-810D,PA34,PISTÃO,2155,6,1994,BRASIL,2
PTVRQ,AVIÃO,NEIVA INDUSTRIA AERONAUTICA,EMB-810D,PA34,PISTÃO,2155,7,1995,BRASIL,2
PTVRS,AVIÃO,NEIVA INDUSTRIA AERONAUTICA,EMB-810D,PA34,PISTÃO,2155,6,1995,BRASIL,2
PTVRV,AVIÃO,NEIVA INDUSTRIA AERONAUTICA,EMB-810D,PA34,PISTÃO,2155,6,1995,BRASIL,2
PTVSB,AVIÃO,NEIVA INDUSTRIA AERONAUTICA,EMB-810D,PA34,PISTÃO,2155,6,1995,BRASIL,2
PTVSD,AVIÃO,NEIVA,EMB-810D,PA34,PISTÃO,2155,6,1995,BRASIL,2
PTVSG,AVIÃO,EMBRAER,EMB-810D,PA34,PISTÃO,2155,6,1995,BRASIL,2
PTVSJ,AVIÃO,EMBRAER,EMB-810D,PA34,PISTÃO,2155,6,1996,BRASIL,2
PTVSL,AVIÃO,NEIVA,EMB-810D,PA34,PISTÃO,2155,6,1996,BRASIL,2
PTVSM,AVIÃO,NEIVA,EMB-810D,PA34,PISTÃO,2155,6,1996,BRASIL,2
PTVSN,AVIÃO,NEIVA,EMB-810D,PA34,PISTÃO,2155,6,1996,BRASIL,2
PTVSR,AVIÃO,EMBRAER,EMB-810D,PA34,PISTÃO,2155,6,1997,BRASIL,2
PTVSS,AVIÃO,NEIVA,EMB-810D,PA34,PISTÃO,2155,6,1997,BRASIL,2
PTVSX,AVIÃO,NEIVA INDUSTRIA AERONAUTICA,EMB-810D,PA34,PISTÃO,2155,6,1998,BRASIL,2
PTVTC,AVIÃO,EMBRAER,EMB-810D,PA34,PISTÃO,2155,6,1999,BRASIL,2
PTVTD,AVIÃO,NEIVA INDUSTRIA AERONAUTICA,EMB-810D,PA34,PISTÃO,2155,6,1999,BRASIL,2
PTVTE,AVIÃO,NEIVA,EMB-810D,PA34,PISTÃO,2155,7,1999,BRASIL,2
PTVTG,AVIÃO,NEIVA,EMB-810D,PA34,PISTÃO,2155,6,2000,BRASIL,2
PTWAH,AVIÃO,BEECH AIRCRAFT,C90A,BE9L,TURBOÉLICE,4581,8,1990,BRASIL,2
PTWAW,AVIÃO,EMBRAER,EMB-110,E110,TURBOÉLICE,5600,17,1976,BRASIL,2
PTWBQ,AVIÃO,BEECH AIRCRAFT,B90,BE9L,TURBOÉLICE,4377,7,1969,BRASIL,2
PTWBY,AVIÃO,CESSNA AIRCRAFT,500,C500,JATO,4922,7,1972,BRASIL,2
PTWBZ,AVIÃO,EMBRAER,EMB-810C,PA34,PISTÃO,2073,7,1980,BRASIL,2
PTWCM,AVIÃO,EMBRAER,EMB-110,E110,TURBOÉLICE,5600,17,1974,BRASIL,2
PTWCS,AVIÃO,BEECH AIRCRAFT,C90A,BE9L,TURBOÉLICE,4581,8,1994,BRASIL,2
PTWCW,AVIÃO,BEECH AIRCRAFT,58,BE58,PISTÃO,2449,6,1981,BRASIL,2
PTWDB,AVIÃO,EMBRAER,EMB-110C,E110,TURBOÉLICE,5600,17,1975,BRASIL,2
PTWEH,AVIÃO,CESSNA AIRCRAFT,401,C402,PISTÃO,2858,7,1968,BRASIL,2
PTWEX,AVIÃO,NEIVA,EMB-810D,PA34,PISTÃO,2155,7,1988,BRASIL,2
PTWFB,AVIÃO,PIPER AIRCRAFT,PA-31T,PAY2,TURBOÉLICE,4082,7,1980,BRASIL,2
PTWFH,AVIÃO,BEECH AIRCRAFT,95-55,BE55,PISTÃO,2213,6,1980,BRASIL,2
PTWFK,AVIÃO,PIPER AIRCRAFT,PA-34-220T,PA34,PISTÃO,2155,6,1995,BRASIL,2
PTWFN,AVIÃO,BEECH AIRCRAFT,C90A,BE9L,TURBOÉLICE,4791,7,1993,BRASIL,2
PTWFO,AVIÃO,BEECH AIRCRAFT,58,BE58,PISTÃO,2449,6,1980,BRASIL,2
PTWFQ,AVIÃO,PIPER AIRCRAFT,PA-31T,PAY2,TURBOÉLICE,4082,6,1978,BRASIL,2
PTWGE,AVIÃO,EMBRAER,EMB-120,E120,TURBOÉLICE,11500,34,1986,BRASIL,2
PTWGF,AVIÃO,LEARJET,35A,LJ35,JATO,7711,10,1980,BRASIL,2
PTWGG,AVIÃO,BEECH AIRCRAFT,E55,BE55,PISTÃO,2404,6,1979,BRASIL,2
PTWHC,AVIÃO,BEECH AIRCRAFT,400A,BE40,JATO,7303,10,1992,BRASIL,2
PTWHD,AVIÃO,BEECH AIRCRAFT,400A,BE40,JATO,7303,10,1993,BRASIL,2
PTWHE,AVIÃO,BEECH AIRCRAFT,400A,BE40,JATO,7303,10,1993,BRASIL,2
PTWHF,AVIÃO,BEECH AIRCRAFT,400A,BE40,JATO,7303,10,1993,BRASIL,2
PTWHG,AVIÃO,RAYTHEON AIRCRAFT,400A,BE40,JATO,7303,10,1992,BRASIL,2
PTWHJ,AVIÃO,EMBRAER,EMB-810C,PA34,PISTÃO,2073,6,1977,BRASIL,2
PTWHQ,AVIÃO,EMBRAER,EMB-810C,PA34,PISTÃO,2073,7,1977,BRASIL,2
PTWHV,AVIÃO,EMBRAER,EMB-810C,PA34,PISTÃO,2073,6,1977,BRASIL,2
PTWIB,AVIÃO,CESSNA AIRCRAFT,S550,C550,JATO,6849,11,1987,BRASIL,2
PTWIC,AVIÃO,TWIN COMMANDER,690C,AC90,TURBOÉLICE,4683,8,1980,BRASIL,2
PTWID,AVIÃO,EMBRAER,EMB-810C,PA34,PISTÃO,2073,7,1977,BRASIL,2
PTWIE,AVIÃO,EMBRAER,EMB-810C,PA34,PISTÃO,2073,6,1981,BRASIL,2
PTWIG,AVIÃO,EMBRAER,EMB-810C,PA34,PISTÃO,2073,7,1981,BRASIL,2
PTWIP,AVIÃO,NEIVA,EMB-810D,PA34,PISTÃO,2155,6,1989,BRASIL,2
PTWIR,AVIÃO,CESSNA AIRCRAFT,337A,C337,PISTÃO,1905,6,1966,BRASIL,2
PTWIS,AVIÃO,EMBRAER,EMB-810C,PA34,PISTÃO,2073,7,1980,BRASIL,2
PTWIX,AVIÃO,MITSUBISHI,MU-2B-20,MU2,TURBOÉLICE,4500,7,1972,BRASIL,2
PTWJA,AVIÃO,EMBRAER,EMB-110P1,E110,TURBOÉLICE,5670,21,1980,BRASIL,2
PTWJD,AVIÃO,BEECH AIRCRAFT,C90A,BE9L,TURBOÉLICE,4581,8,1996,BRASIL,2
PTWJL,AVIÃO,PIPER AIRCRAFT,PA-34-220T,PA34,PISTÃO,2155,7,1996,BRASIL,2
PTWJS,AVIÃO,RAYTHEON AIRCRAFT,400A,BE40,JATO,7303,11,1996,BRASIL,2
PTWJW,AVIÃO,PIPER AIRCRAFT,PA-30,PA30,PISTÃO,1633,6,1968,BRASIL,2
PTWJZ,AVIÃO,CESSNA AIRCRAFT,550,C550,JATO,6063,10,1981,BRASIL,2
PTWKJ,AVIÃO,BEECH AIRCRAFT,95-B55,BE55,PISTÃO,2314,6,1977,BRASIL,2
PTWKQ,AVIÃO,CESSNA AIRCRAFT,550,C550,JATO,6033,7,1991,BRASIL,2
PTWKY,AVIÃO,BEECH AIRCRAFT,95-A55,BE55,PISTÃO,2213,6,1962,BRASIL,2
PTWKZ,AVIÃO,EMBRAER,EMB-810C,PA34,PISTÃO,2073,7,1981,BRASIL,2
PTWLD,AVIÃO,TWIN COMMANDER,690D,AC90,TURBOÉLICE,4888,9,1983,BRASIL,2
PTWLJ,AVIÃO,PIPER AIRCRAFT,PA-31T,PAY2,TURBOÉLICE,4082,8,1981,BRASIL,2
PTWLP,AVIÃO,PIPER AIRCRAFT,PA-34-220T,PA34,PISTÃO,2155,6,1995,BRASIL,2
PTWMF,AVIÃO,PIPER AIRCRAFT,PA-34-220T,PA34,PISTÃO,2155,6,1995,BRASIL,2
PTWMM,AVIÃO,BEECH AIRCRAFT,58,BE58,PISTÃO,2449,6,1984,BRASIL,2
PTWMX,AVIÃO,PIPER AIRCRAFT,PA-31T1,PAY1,TURBOÉLICE,3946,7,1981,BRASIL,2
PTWMY,AVIÃO,BRITTEN-NORMAN,BN-2A-3,BN2P,PISTÃO,2858,10,1973,BRASIL,2
PTWNG,AVIÃO,PIPER AIRCRAFT,PA-31T2,PAY2,TURBOÉLICE,4297,8,1982,BRASIL,2
PTWNM,AVIÃO,BEECH AIRCRAFT,58,BE58,PISTÃO,2449,6,1974,BRASIL,2
PTWNQ,AVIÃO,RAYTHEON AIRCRAFT,B200,BE20,TURBOÉLICE,5670,10,1997,BRASIL,2
PTWNS,AVIÃO,MITSUBISHI AIRCRAFT,MU-2B-60,MU2,TURBOÉLICE,5250,8,1980,BRASIL,2
PTWNW,AVIÃO,BEECH AIRCRAFT,C90A,BE9L,TURBOÉLICE,4377,8,1985,BRASIL,2
PTWOE,AVIÃO,NEIVA,EMB-810D,PA34,PISTÃO,2155,6,1993,BRASIL,2
PTWOF,AVIÃO,BEECH AIRCRAFT,B200,BE20,TURBOÉLICE,5670,10,1982,BRASIL,2
PTWOO,AVIÃO,PIPER AIRCRAFT,PA-34-220T,PA34,PISTÃO,2155,6,1997,BRASIL,2
PTWOR,AVIÃO,PIPER AIRCRAFT,PA-31T,PAY2,TURBOÉLICE,4082,8,1981,BRASIL,2
PTWOT,AVIÃO,PIPER AIRCRAFT,PA-31,PA31,PISTÃO,2948,3,1979,BRASIL,2
PTWOU,AVIÃO,BRITTEN-NORMAN,BN-2A-3,BN2P,PISTÃO,2858,10,1973,BRASIL,2
PTWPD,AVIÃO,PIPER AIRCRAFT,PA-34-220T,PA34,PISTÃO,2155,6,1997,BRASIL,2
PTWPN,AVIÃO,BEECH AIRCRAFT,C90A,BE9L,TURBOÉLICE,4581,8,1991,BRASIL,2
PTWPV,AVIÃO,BEECH AIRCRAFT,B100,BE10,TURBOÉLICE,5357,10,1978,BRASIL,2
PTWPZ,AVIÃO,BEECH AIRCRAFT,58,BE58,PISTÃO,2449,6,1994,BRASIL,2
PTWQH,AVIÃO,CESSNA AIRCRAFT,650,C650,JATO,10433,10,1998,BRASIL,2
PTWRE,AVIÃO,NEIVA,EMB-810D,PA34,PISTÃO,2155,6,1985,BRASIL,2
PTWRG,AVIÃO,BEECH AIRCRAFT,E55,BE55,PISTÃO,2404,6,1979,BRASIL,2
PTWRL,AVIÃO,EMBRAER,EMB-810C,PA34,PISTÃO,2073,7,1977,BRASIL,2
PTWRQ,AVIÃO,EMBRAER,EMB-120ER,E120,TURBOÉLICE,11990,34,1987,BRASIL,2
PTWRS,AVIÃO,PIPER AIRCRAFT,PA-34-220T,PA34,PISTÃO,2155,6,1997,BRASIL,2
PTWRV,AVIÃO,PIPER AIRCRAFT,PA-34-220T,PA34,PISTÃO,2155,6,1998,BRASIL,2
PTWSA,AVIÃO,BEECH AIRCRAFT,58,BE58,PISTÃO,2449,6,1972,BRASIL,2
PTWSB,AVIÃO,LEARJET,31A,LJ31,JATO,7711,10,1997,BRASIL,2
PTWSI,AVIÃO,RAYTHEON AIRCRAFT,B300,B350,TURBOÉLICE,6804,11,1997,BRASIL,2
PTWSJ,AVIÃO,RAYTHEON AIRCRAFT,B300,B350,TURBOÉLICE,6804,11,1996,BRASIL,2
PTWST,AVIÃO,MITSUBISHI,MU-2B-36A,MU2,TURBOÉLICE,5250,11,1978,BRASIL,2
PTWSV,AVIÃO,PIPER AIRCRAFT,PA-34-220T,PA34,PISTÃO,2155,6,1997,BRASIL,2
PTWTL,AVIÃO,EMBRAER,EMB-110,E110,TURBOÉLICE,5600,17,1976,BRASIL,2
PTWTM,AVIÃO,EMBRAER,EMB-810C,PA34,PISTÃO,2073,6,1976,BRASIL,2
PTWTN,AVIÃO,BEECH AIRCRAFT,B90,BE9L,TURBOÉLICE,4378,8,1978,BRASIL,2
PTWTT,AVIÃO,BEECH AIRCRAFT,58,BE58,PISTÃO,2449,6,1974,BRASIL,2
PTWTU,AVIÃO,RAYTHEON AIRCRAFT,C90A,BE9L,TURBOÉLICE,4581,8,1997,BRASIL,2
PTWUG,AVIÃO,BEECH AIRCRAFT,C90A,BE9L,TURBOÉLICE,4377,8,0,BRASIL,2
PTWUM,AVIÃO,CESSNA AIRCRAFT,750,C750,JATO,16194,10,1999,BRASIL,2
PTWVG,AVIÃO,RAYTHEON AIRCRAFT,HAWKER 800XP,H25B,JATO,12701,10,1998,BRASIL,2
PTWYD,AVIÃO,CESSNA AIRCRAFT,310R,C310,PISTÃO,2495,6,1979,BRASIL,2
PTWYQ,AVIÃO,NEIVA,EMB-810D,PA34,PISTÃO,2155,7,1983,BRASIL,2
PTWYT,AVIÃO,MITSUBISHI AIRCRAFT,MU-2B-36A,MU2,TURBOÉLICE,5250,11,1978,BRASIL,2
PTWZA,AVIÃO,EMBRAER,EMB-820C NAVAJO,PA31,PISTÃO,3175,10,1976,BRASIL,2
PTWZC,AVIÃO,RAYTHEON AIRCRAFT,C90A,BE9L,TURBOÉLICE,4377,7,1998,BRASIL,2
PTXAC,AVIÃO,CESSNA AIRCRAFT,525,C525,JATO,4717,8,1998,BRASIL,2
PTXBM,AVIÃO,RAYTHEON AIRCRAFT,58,BE58,PISTÃO,2495,6,2000,BRASIL,2
PTXDN,AVIÃO,LEARJET,45 (LEARJET 40),LJ40,JATO,9231,9,2006,BRASIL,2
PTXFG,AVIÃO,CESSNA AIRCRAFT,650,C650,JATO,10433,11,1999,BRASIL,2
PTXFN,AVIÃO,BEECH AIRCRAFT,65-B80,BE80,PISTÃO,3992,8,1968,BRASIL,2
PTXIB,AVIÃO,CESSNA AIRCRAFT,560XL,C56X,JATO,9072,10,1999,BRASIL,2
PTXLI,AVIÃO,LEARJET,35A,LJ35,JATO,7711,10,1980,BRASIL,2
PTXPA,AVIÃO,AIRBUS,A321-211,A321,JATO,89000,NULL,2014,BRASIL,2
PTXPB,AVIÃO,AIRBUS,A321-211,A321,JATO,89000,NULL,2014,BRASIL,2
PTXPC,AVIÃO,AIRBUS,A321-211,A321,JATO,89000,NULL,NULL,BRASIL,2
PTXPD,AVIÃO,AIRBUS,A321-211,A321,JATO,89000,NULL,NULL,BRASIL,2
PTXPE,AVIÃO,AIRBUS,A321-211,A321,JATO,89000,NULL,NULL,BRASIL,2
PTXPF,AVIÃO,AIRBUS,A321-211,A321,JATO,89000,NULL,NULL,BRASIL,2
PTXPG,AVIÃO,AIRBUS,A321-211,A321,JATO,89000,NULL,NULL,BRASIL,2
PTXPH,AVIÃO,AIRBUS,A321-111,A321,JATO,89000,NULL,NULL,BRASIL,2
PTXPI,AVIÃO,AIRBUS,A321-211,A321,JATO,89000,NULL,NULL,BRASIL,2
PTXPJ,AVIÃO,AIRBUS S.A.S.,A321-211,A321,JATO,89000,235,2015,BRASIL,2
PTXPL,AVIÃO,AIRBUS S.A.S.,A321-211,A321,JATO,89000,235,2015,BRASIL,2
PTXPM,AVIÃO,AIRBUS,A321-211,A321,JATO,89000,220,2016,BRASIL,2
PTXPN,AVIÃO,AIRBUS S.A.S.,A321-211,A321,JATO,89000,235,2016,BRASIL,2
PTXPO,AVIÃO,AIRBUS,A321-211,A321,JATO,89000,231,NULL,BRASIL,2
PTXPQ,AVIÃO,AIRBUS,A321-211,A321,JATO,89000,NULL,2016,BRASIL,2
PTXSX,AVIÃO,CESSNA AIRCRAFT,550,C550,JATO,6487,9,1999,BRASIL,2
PTXTX,AVIÃO,BEECH AIRCRAFT,C90,BE9L,TURBOÉLICE,4377,NULL,1981,BRASIL,2
PTXVV,AVIÃO,PIPER AIRCRAFT,PA-34-220T,PA34,PISTÃO,2155,6,2001,BRASIL,2
PTXXX4,AVIÃO,ROCKWELL,685,NULL,TURBOÉLICE,3890,NULL,0,BRASIL,2
PTYAU,HELICÓPTERO,SIKORSKY AIRCRAFT,S-76A,S76,TURBOEIXO,4672,14,1981,BRASIL,2
PTYAX,HELICÓPTERO,SIKORSKY AIRCRAFT,S-76A,S76,TURBOEIXO,4672,14,1981,BRASIL,2
PTYAY,HELICÓPTERO,SIKORSKY AIRCRAFT,S-76A,S76,TURBOEIXO,4763,14,1984,BRASIL,2
PTYAZ,HELICÓPTERO,SIKORSKY AIRCRAFT,S-76A,S76,TURBOEIXO,4763,7,1983,BRASIL,2
PTYDI,HELICÓPTERO,SIKORSKY AIRCRAFT,S-76A,S76,TURBOEIXO,4763,14,1980,BRASIL,2
PTYDL,HELICÓPTERO,SIKORSKY,S-76A,S76,TURBOEIXO,4763,14,1981,BRASIL,2
PTYEK,HELICÓPTERO,SIKORSKY AIRCRAFT,S-61N,S61,TURBOEIXO,8618,41,1980,BRASIL,2
PTYFP,HELICÓPTERO,AGUSTA,A109C,A109,TURBOEIXO,2720,8,1990,BRASIL,2
PTYGM,HELICÓPTERO,SIKORSKY AIRCRAFT,S-76A,S76,TURBOEIXO,4763,14,1980,BRASIL,2
PTYND,HELICÓPTERO,AGUSTA,A109E,A109,TURBOEIXO,2850,8,1999,BRASIL,2
PTYSB,HELICÓPTERO,EUROCOPTER FRANCE,AS 365 N2,AS65,TURBOEIXO,4250,9,1997,BRASIL,2
PTYSD,HELICÓPTERO,EUROCOPTER FRANCE,AS 365 N3,AS65,TURBOEIXO,4300,15,1999,BRASIL,2
PTYSK,HELICÓPTERO,AGUSTA,A109E,A109,TURBOEIXO,2850,8,1998,BRASIL,2
PTYSM,HELICÓPTERO,SIKORSKY AIRCRAFT,S-76A,S76,TURBOEIXO,4763,14,1981,BRASIL,2
PTYUL,HELICÓPTERO,BELL HELICOPTER,430,B430,TURBOEIXO,4218,8,1997,BRASIL,2
PTZIS,AVIÃO,NULL,FOUGA MAGISTER,ZZZZ,JATO,3892,2,1966,BRASIL,2
PTZNF,NULL,EMBRAER,EMB-390 KC,KC39,JATO,74400,0,0,BRASIL,2
TCLGR,AVIÃO,AIRBUS S.A.S,A350-941,A359,JATO,283000,0,0,TURQUIA,2
TCLJM,AVIÃO,BOEING,B777-300,NULL,JATO,775000,0,0,TURQUIA,2
TFFIJ,AVIÃO,DESCONHECIDO,BOEING 757 200,NULL,JATO,0,0,1993,NÃO IDENTIFICADO,2
YV2937,AVIÃO,BOEING,737-2Y5,B737,JATO,52390,108,1987,NÃO IDENTIFICADO,2
ZPCRT,AVIÃO,BOMBARDIER,BD-100-1A10,NULL,JATO,17460,0,0,PARAGUAI,2
ZPTTL,AVIÃO,BEECH AIRCRAFT,58,BE58,PISTÃO,0,0,0,PARAGUAI,2
ZS-SXJ,AVIÃO,AIRBUS S.A.S.,A330-343,NULL,JATO,0,NULL,NULL,BRASIL,2
ZSSXY,AVIÃO,AIRBUS INDUSTRIE,A330-243,A332,JATO,230000,0,0,ÁFRICA DO SUL,2
BALAO,BALÃO,NULL,NULL,BL,DESCONHECIDO,1,2,2014,BRASIL,1
BRXXX1,AVIÃO,CESSNA AIRCRAFT,R182,NULL,PISTÃO,1406,4,0,BRASIL,1
CP2609,AVIÃO,CESSNA AIRCRAFT,210K,NULL,PISTÃO,1814,6,1969,BOLÍVIA,1
CP2615,AVIÃO,CESSNA AIRCRAFT,210L,C210,PISTÃO,1724,NULL,NULL,BOLÍVIA,1
CP2662,AVIÃO,CESSNA AIRCRAFT,U206C,NULL,PISTÃO,0,0,1968,BOLÍVIA,1
CP2905,DESCONHECIDO,DESCONHECIDO,DESCONHECIDO,Desco,DESCONHECIDO,0,NULL,NULL,BOLÍVIA,1
CP3205,AVIÃO,PILATUS,PC-12,PC12,TURBOÉLICE,4100,0,0,BOLÍVIA,1
CP-3842,DESCONHECIDO,NULL,NULL,NULL,DESCONHECIDO,0,NULL,NULL,BRASIL,1
ECJIC,AVIÃO,AIR TRACTOR,AT-802AF,NULL,TURBOÉLICE,0,0,0,ESPANHA,1
ECLSB,AVIÃO,AIR TRACTOR,AT-802,AT8T,TURBOÉLICE,7355,2,2012,NÃO IDENTIFICADO,1
FAB5933,AVIÃO,EMBRAER,A29B,NULL,TURBOÉLICE,5400,2,0,BRASIL,1
N1001R,AVIÃO,AIR TRACTOR,AT-602,NULL,TURBOÉLICE,5670,1,2016,ESTADOS UNIDOS,1
N114U,AVIÃO,ROCKWELL,114,NULL,NULL,1424,0,0,ESTADOS UNIDOS,1
N154KQ,AVIÃO,QUEST AIRCRAFT,KODIAC 100,KODI,TURBOÉLICE,3291,0,2015,NÃO IDENTIFICADO,1
N2015S,AVIÃO,CESSNA AIRCRAFT,T210L,C210,PISTÃO,1724,0,1975,ESTADOS UNIDOS,1
N209B,AVIÃO,CESSNA AIRCRAFT,206,C206,PISTÃO,1496,6,1963,ESTADOS UNIDOS,1
N2214R,AVIÃO,CESSNA AIRCRAFT,T210H,T210,PISTÃO,0,0,1968,ESTADOS UNIDOS,1
N25283,AVIÃO,CESSNA AIRCRAFT,152,NULL,PISTÃO,1724,0,1978,ESTADOS UNIDOS,1
N29507,AVIÃO,CESSNA AIRCRAFT,210,NULL,PISTÃO,1723,0,0,ESTADOS UNIDOS,1
N3045P,HELICÓPTERO,ROBINSON HELICOPTER,R44 II,R44,TURBOEIXO,0,0,2007,ESTADOS UNIDOS,1
N315CV,AVIÃO,CIRRUS,SF50,SF50,JATO,2722,0,0,ESTADOS UNIDOS,1
N3286Q,AVIÃO,HAWKER BEECHCRAFT,G36,NULL,PISTÃO,0,0,2009,ESTADOS UNIDOS,1
N360TR,AVIÃO,ROGERS THOMAS,RV-7,NULL,NULL,0,0,2003,ESTADOS UNIDOS,1
N381AE,HELICÓPTERO,BELL HELICOPTER,206L-3,NULL,TURBOEIXO,0,0,0,ESTADOS UNIDOS,1
N4709C,AVIÃO,CESSNA AIRCRAFT,210N,C210,PISTÃO,1724,0,1979,ESTADOS UNIDOS,1
N53EX,AVIÃO,EXTRA-FLUGZEUGBAU,EA 300/L,NULL,PISTÃO,630,1,2006,ESTADOS UNIDOS,1
N5527L,AVIÃO,CESSNA AIRCRAFT,152,NULL,PISTÃO,0,0,1980,ESTADOS UNIDOS,1
N6038P,AVIÃO,CESSNA AIRCRAFT,182T,NULL,PISTÃO,0,0,2006,ESTADOS UNIDOS,1
N8540A,AVIÃO,BEECH AIRCRAFT,A35,BE35,PISTÃO,1202,0,1949,ESTADOS UNIDOS,1
N9285R,AVIÃO,PIPER AIRCRAFT,PA-32R-301,NULL,PISTÃO,1640,0,0,ESTADOS UNIDOS,1
PPAAM,AVIÃO,PIPER AIRCRAFT,PA-46-350P,PA46,PISTÃO,1950,6,2009,BRASIL,1
PPAAP,AVIÃO,CESSNA AIRCRAFT,T206H,C206,PISTÃO,1633,6,2008,BRASIL,1
PPAAX,AVIÃO,AIR TRACTOR,AT-402A,AT3T,TURBOÉLICE,3175,1,2018,BRASIL,1
PPABP,AVIÃO,CESSNA AIRCRAFT,172S,C172,PISTÃO,1157,4,2009,BRASIL,1
PPABW,HELICÓPTERO,ROBINSON HELICOPTER,R22 BETA,R22,PISTÃO,621,2,2005,BRASIL,1
PPABX,AVIÃO,CESSNA AIRCRAFT,152,C152,PISTÃO,757,2,1978,BRASIL,1
PPACO,AVIÃO,CESSNA AIRCRAFT,152,C152,PISTÃO,757,2,1981,BRASIL,1
PPACR,AVIÃO,TEXTRON AVIATION,172S,C172,PISTÃO,1157,4,2017,BRASIL,1
PPACS,AVIÃO,CESSNA AIRCRAFT,172S,C172,PISTÃO,1157,4,2000,BRASIL,1
PPAFK,AVIÃO,CIRRUS DESIGN,SR22,SR22,PISTÃO,1633,NULL,2015,BRASIL,1
PPAFP,AVIÃO,CESSNA AIRCRAFT,208B,C208,TURBOÉLICE,3969,7,2013,BRASIL,1
PPAGP,AVIÃO,CESSNA AIRCRAFT,208B,C208,TURBOÉLICE,3969,6,2011,BRASIL,1
PPAIJ,HELICÓPTERO,ROBINSON HELICOPTER,R44 II,R44,PISTÃO,1134,4,2009,BRASIL,1
PPAIR,HELICÓPTERO,ROBINSON HELICOPTER,R44 II,R44,PISTÃO,1134,4,2006,BRASIL,1
PPALV,AVIÃO,CESSNA AIRCRAFT,T210R,C210,PISTÃO,1746,6,1985,BRASIL,1
PPAMI,HELICÓPTERO,AGUSTA,AW119MKII,A119,TURBOEIXO,2850,6,2008,BRASIL,1
PPAMM,HELICÓPTERO,ROBINSON HELICOPTER,R44 II,R44,PISTÃO,1134,4,2006,BRASIL,1
PPAMV,AVIÃO,CESSNA AIRCRAFT,208B,C208,TURBOÉLICE,3969,11,2010,BRASIL,1
PPAMX,AVIÃO,CESSNA AIRCRAFT,208B,C208,TURBOÉLICE,3969,11,2011,BRASIL,1
PPARL,AVIÃO,CESSNA AIRCRAFT,T206H,C206,PISTÃO,1633,6,2004,BRASIL,1
PPARX,AVIÃO,CIRRUS DESIGN,SR22,SR22,PISTÃO,1633,5,0,BRASIL,1
PPASA,HELICÓPTERO,ROBINSON HELICOPTER,R44,R44,PISTÃO,1088,4,2004,BRASIL,1
PPASE,AVIÃO,PILATUS,PC-12/47E,PC12,TURBOÉLICE,4740,8,2010,BRASIL,1
PPASI,AVIÃO,CESSNA AIRCRAFT,150M,C150,PISTÃO,726,2,1976,BRASIL,1
PPAYB,AVIÃO,CESSNA AIRCRAFT,152,C152,PISTÃO,757,2,1978,BRASIL,1
PPBAM,HELICÓPTERO,HELIBRAS,AS 350 B3,AS50,TURBOEIXO,2250,6,2007,BRASIL,1
PPBAN,HELICÓPTERO,ROBINSON HELICOPTER,R44 II,R44,PISTÃO,1134,3,2013,BRASIL,1
PPBAO,HELICÓPTERO,ROBINSON HELICOPTER,R44 II,R44,PISTÃO,1134,4,2010,BRASIL,1
PPBAR,AVIÃO,BEECH AIRCRAFT,A36,BE36,PISTÃO,1633,6,1979,BRASIL,1
PPBAZ,AVIÃO,AIR TRACTOR,AT-502B,AT5T,TURBOÉLICE,3629,NULL,NULL,BRASIL,1
PPBBC,AVIÃO,CESSNA AIRCRAFT,152,C152,PISTÃO,753,2,1980,BRASIL,1
PPBBH,AVIÃO,AIR TRACTOR,AT-502B,AT5T,TURBOÉLICE,3629,NULL,NULL,BRASIL,1
PPBBZ,AVIÃO,AIR TRACTOR,AT-502B,AT5T,TURBOÉLICE,3629,1,2016,BRASIL,1
PPBDL,HELICÓPTERO,BELL HELICOPTER,407,B407,TURBOEIXO,2381,0,2013,BRASIL,1
PPBIL,AVIÃO,BEECH AIRCRAFT,A36,BE36,PISTÃO,1656,0,0,BRASIL,1
PPBJO,AVIÃO,CESSNA AIRCRAFT,210N,C210,PISTÃO,1724,6,1980,BRASIL,1
PPBJP,AVIÃO,THRUSH AIRCRAFT,S2R-H80,L1T,TURBOÉLICE,4763,1,2016,BRASIL,1
PPBLH,HELICÓPTERO,ROBINSON HELICOPTER,R66,R66,TURBOEIXO,1225,5,2013,BRASIL,1
PPBLU,HELICÓPTERO,ROBINSON HELICOPTER,R44 II,R44,PISTÃO,1134,4,2011,BRASIL,1
PPBLV,AVIÃO,CIRRUS DESIGN,SR22,SR22,PISTÃO,1633,5,2013,BRASIL,1
PPBLZ,AVIÃO,PIPER AIRCRAFT,PA-32R-301T,PA32,PISTÃO,1633,NULL,NULL,BRASIL,1
PPBMT,AVIÃO,AIR TRACTOR,AT-802,AT8T,TURBOÉLICE,7258,2,2013,BRASIL,1
PPBOZ,AVIÃO,CESSNA AIRCRAFT,182F,C182,PISTÃO,1273,1,1963,BRASIL,1
PPBRJ,HELICÓPTERO,HELIBRAS,AS 350 B3,AS50,TURBOEIXO,2250,6,2008,BRASIL,1
PPBSA,HELICÓPTERO,ROBINSON HELICOPTER,R44 II,R44,PISTÃO,1134,4,2007,BRASIL,1
PPBSB,HELICÓPTERO,ROBINSON HELICOPTER,R44 II,R44,PISTÃO,1134,4,2012,BRASIL,1
PPBUS,AVIÃO,CIRRUS,SR22,SR22,PISTÃO,1542,4,2010,BRASIL,1
PPCBM,HELICÓPTERO,HELIBRAS,AS 350 B2,AS50,TURBOEIXO,2250,6,2006,BRASIL,1
PPCGO,HELICÓPTERO,AGUSTA,AW119MKII,A119,TURBOEIXO,2850,8,2010,BRASIL,1
PPCHB,AVIÃO,CESSNA AIRCRAFT,152,C152,PISTÃO,757,2,1977,BRASIL,1
PPCHD,AVIÃO,CESSNA AIRCRAFT,152,C152,PISTÃO,757,2,1981,BRASIL,1
PPCIC,AVIÃO,CIRRUS,SR22,SR22,PISTÃO,1542,4,2010,BRASIL,1
PPCID,AVIÃO,CIRRUS,SR22,SR22,PISTÃO,1542,4,2010,BRASIL,1
PPCIE,AVIÃO,CIRRUS,SR20,SR20,PISTÃO,1315,4,2000,BRASIL,1
PPCIG,AVIÃO,CIRRUS DESIGN,SR22,SR22,PISTÃO,1542,4,2010,BRASIL,1
PPCIO,AVIÃO,CIRRUS,SR22,SR22,PISTÃO,1542,4,2011,BRASIL,1
PPCIR,AVIÃO,CIRRUS DESIGN,SR22,SR22,PISTÃO,1542,4,2011,BRASIL,1
PPCIS,AVIÃO,CIRRUS,SR22,SR22,PISTÃO,1542,4,2011,BRASIL,1
PPCLD,HELICÓPTERO,ROBINSON HELICOPTER,R44 II,R44,PISTÃO,1134,4,2009,BRASIL,1
PPCLE,HELICÓPTERO,ROBINSON HELICOPTER,R44 II,R44,PISTÃO,1134,4,2010,BRASIL,1
PPCLR,AVIÃO,CESSNA AIRCRAFT,152,C152,PISTÃO,757,2,1978,BRASIL,1
PPCLS,HELICÓPTERO,HELIBRAS,AS 350 B2,AS50,TURBOEIXO,2250,6,2012,BRASIL,1
PPCMD,AVIÃO,PILATUS,PC-12/47E,PC12,PISTÃO,4740,0,2013,BRASIL,1
PPCMH,AVIÃO,CESSNA AIRCRAFT,152,C152,PISTÃO,757,2,1980,BRASIL,1
PPCMI,HELICÓPTERO,HELIBRAS,AS 350 B2,AS50,TURBOEIXO,2250,6,2011,BRASIL,1
PPCPA,AVIÃO,CIRRUS,SR22,SR22,PISTÃO,1633,5,2013,BRASIL,1
PPCPB,HELICÓPTERO,HELIBRAS,AS 350 B3,AS50,TURBOEIXO,2250,6,2018,BRASIL,1
PPCRA,AVIÃO,THRUSH AIRCRAFT,S2R-H80,SS2T,TURBOÉLICE,4763,1,0,BRASIL,1
PPCRE,AVIÃO,AIR TRACTOR,AT-402B,AT3T,TURBOÉLICE,3175,1,2019,BRASIL,1
PPCTD,AVIÃO,PIPER AIRCRAFT,PA-25-235,PA25,PISTÃO,1315,1,1965,BRASIL,1
PPCVJ,AVIÃO,RAYTHEON AIRCRAFT,A36,BE36,PISTÃO,1633,6,1999,BRASIL,1
PPDFM,AVIÃO,CESSNA AIRCRAFT,120,C120,PISTÃO,658,2,0,BRASIL,1
PPDFN,AVIÃO,CESSNA AIRCRAFT,140,C140,PISTÃO,658,2,1946,BRASIL,1
PPDFW,AVIÃO,CESSNA AIRCRAFT,140,C140,PISTÃO,658,2,1946,BRASIL,1
PPDIL,HELICÓPTERO,ROBINSON HELICOPTER,R44 II,R44,PISTÃO,1134,4,2010,BRASIL,1
PPDJG,AVIÃO,BEECH AIRCRAFT,35,BE35,PISTÃO,1157,4,1947,BRASIL,1
PPDJS,AVIÃO,PIPER AIRCRAFT,PA-12,PA12,PISTÃO,794,2,1947,BRASIL,1
PPDLF,AVIÃO,CIA AERONAUTICA PAULISTA,CAP-4,PAUL,PISTÃO,587,2,1947,BRASIL,1
PPDMP,HELICÓPTERO,HELIBRAS,AS 350 B3,AS50,TURBOEIXO,2250,6,2013,BRASIL,1
PPDOB,AVIÃO,CIA AERONAUTICA PAULISTA,CAP-4,PAUL,PISTÃO,587,2,0,BRASIL,1
PPDOG,AVIÃO,CESSNA AIRCRAFT,152,C152,PISTÃO,757,2,1978,BRASIL,1
PPDPD,AVIÃO,CESSNA AIRCRAFT,210N,C210,PISTÃO,1724,6,1979,BRASIL,1
PPDQH,AVIÃO,PIPER AIRCRAFT,J3C-65,J3,PISTÃO,553,2,1947,BRASIL,1
PPDQK,AVIÃO,CIA AERONAUTICA PAULISTA,CAP-4,PAUL,PISTÃO,587,2,1948,BRASIL,1
PPDSX,AVIÃO,CESSNA AIRCRAFT,170,C170,PISTÃO,998,4,1948,BRASIL,1
PPDSZ,AVIÃO,CESSNA AIRCRAFT,170,C170,PISTÃO,998,4,0,BRASIL,1
PPDTT,AVIÃO,CESSNA AIRCRAFT,170,C170,PISTÃO,998,1,1948,BRASIL,1
PPDUN,AVIÃO,PIPER AIRCRAFT,PA-46-500TP,P46T,TURBOÉLICE,2310,6,2012,BRASIL,1
PPDXR,AVIÃO,CESSNA AIRCRAFT,170A,C170,PISTÃO,862,1,1949,BRASIL,1
PPECF,HELICÓPTERO,HELIBRAS,AS 350 BA,AS50,TURBOEIXO,2100,6,1998,BRASIL,1
PPEFM,HELICÓPTERO,HELIBRAS,AS 350 B2,AS50,TURBOEIXO,2250,6,2001,BRASIL,1
PPEGB,AVIÃO,EXTRA FLUGZEUGPRODUKTIONS-UND VERTRIEBS,EA 300/L,E300,PISTÃO,950,0,1997,BRASIL,1
PPEHO,HELICÓPTERO,HELIBRAS,HB-350B,AS50,TURBOEIXO,1950,6,1981,BRASIL,1
PPEHY,HELICÓPTERO,HELIBRAS,HB-350B,AS50,TURBOEIXO,1950,6,1982,BRASIL,1
PPEID,HELICÓPTERO,EUROCOPTER,AS 350 BA,AS50,TURBOEIXO,2100,6,1983,BRASIL,1
PPEIH,HELICÓPTERO,EUROCOPTER FRANCE,AS 350 BA,AS50,TURBOEIXO,2100,6,1983,BRASIL,1
PPEIO,HELICÓPTERO,HELIBRAS,AS 350 BA,AS50,TURBOEIXO,2100,6,1986,BRASIL,1
PPEJF,HELICÓPTERO,BELL HELICOPTER,206B,B06,TURBOEIXO,1452,5,1986,BRASIL,1
PPEJH,HELICÓPTERO,BELL HELICOPTER,206B,B06,TURBOEIXO,1451,5,1992,BRASIL,1
PPEJJ,HELICÓPTERO,HELIBRAS,AS 350 B2,AS50,TURBOEIXO,2250,6,1996,BRASIL,1
PPEJK,HELICÓPTERO,HELIBRAS,AS 350 B2,AS50,TURBOEIXO,2250,6,1997,BRASIL,1
PPEJN,HELICÓPTERO,HELIBRAS,AS 350 B2,AS50,TURBOEIXO,2250,6,1998,BRASIL,1
PPEJP,AVIÃO,NEIVA,EMB-721C,P32R,PISTÃO,1633,6,1976,BRASIL,1
PPELA,HELICÓPTERO,BELL HELICOPTER,206L-3,B06,TURBOEIXO,1882,7,1991,BRASIL,1
PPEMF,AVIÃO,CESSNA AIRCRAFT,152,C152,PISTÃO,757,2,1977,BRASIL,1
PPEMH,HELICÓPTERO,EUROCOPTER,AS 350 B2,AS50,TURBOEIXO,2250,6,1998,BRASIL,1
PPENM,HELICÓPTERO,EUROCOPTER,AS 350 B2,AS50,TURBOEIXO,2250,6,2001,BRASIL,1
PPEOD,HELICÓPTERO,EUROCOPTER,AS 350 B2,AS50,TURBOEIXO,2250,6,1992,BRASIL,1
PPEOE,HELICÓPTERO,EUROCOPTER,AS 350 BA,AS50,TURBOEIXO,2100,6,1992,BRASIL,1
PPEOQ,AVIÃO,NEIVA,EMB-201A,IPAN,PISTÃO,1800,1,1991,BRASIL,1
PPEOS,HELICÓPTERO,HELIBRAS,AS 350 B2,AS50,TURBOEIXO,2250,6,2000,BRASIL,1
PPEOW,HELICÓPTERO,HELIBRAS,AS 350 B2,AS50,TURBOEIXO,2250,6,1999,BRASIL,1
PPEOX,HELICÓPTERO,HELIBRAS,AS 350 B2,AS50,TURBOEIXO,2250,6,1999,BRASIL,1
PPEOY,HELICÓPTERO,HELIBRAS,AS 350 B2,AS50,TURBOEIXO,2250,6,1999,BRASIL,1
PPEOZ,HELICÓPTERO,HELIBRAS,AS 350 B2,AS50,TURBOEIXO,2250,6,1999,BRASIL,1
PPEPN,HELICÓPTERO,HELIBRAS,AS 350 B2,AS50,TURBOEIXO,2250,6,2002,BRASIL,1
PPEPT,AVIÃO,CESSNA AIRCRAFT,208B,C208,TURBOÉLICE,3995,NULL,2015,BRASIL,1
PPEPV,AVIÃO,CESSNA AIRCRAFT,208B,C208,TURBOÉLICE,3969,11,2000,BRASIL,1
PPERA,AVIÃO,CESSNA AIRCRAFT,152,C152,PISTÃO,757,NULL,NULL,BRASIL,1
PPERB,AVIÃO,CESSNA AIRCRAFT,T210L,C210,PISTÃO,1724,6,NULL,BRASIL,1
PPERJ,HELICÓPTERO,HELIBRAS,HB-350B,AS50,TURBOEIXO,1950,6,1990,BRASIL,1
PPESN,HELICÓPTERO,HELIBRAS,AS 350 B3,AS50,TURBOEIXO,2250,6,2018,BRASIL,1
PPEVC,HELICÓPTERO,HELIBRAS,AS 350 BA,AS50,TURBOEIXO,2100,6,1993,BRASIL,1
PPEVO,AVIÃO,PIPER AIRCRAFT,PA-16,PA16,PISTÃO,748,4,1949,BRASIL,1
PPEVX,AVIÃO,CESSNA AIRCRAFT,152,C152,PISTÃO,757,2,1978,BRASIL,1
PPFAX,AVIÃO,AERO BOERO,AB-115,AB11,PISTÃO,770,3,1993,BRASIL,1
PPFAY,AVIÃO,AERO BOERO,AB-115,AB11,PISTÃO,770,2,0,BRASIL,1
PPFAZ,AVIÃO,AERO BOERO,AB-115,AB11,PISTÃO,770,2,1987,BRASIL,1
PPFBY,AVIÃO,AERO BOERO,AB-115,AB11,PISTÃO,770,2,1987,BRASIL,1
PPFFH,AVIÃO,PIPER AIRCRAFT,PA-18-150,PA18,PISTÃO,794,2,1974,BRASIL,1
PPFFK,AVIÃO,PIPER AIRCRAFT,PA-18-150,PA18,PISTÃO,794,2,1974,BRASIL,1
PPFFL,AVIÃO,PIPER AIRCRAFT,PA-18-150,PA18,PISTÃO,793,2,1974,BRASIL,1
PPFFR,AVIÃO,CESSNA AIRCRAFT,U206G,C206,PISTÃO,1633,6,1979,BRASIL,1
PPFFU,AVIÃO,CESSNA AIRCRAFT,210M,C210,PISTÃO,1724,6,1977,BRASIL,1
PPFGC,AVIÃO,AERO BOERO,AB-115,AB11,PISTÃO,770,3,1988,BRASIL,1
PPFGD,AVIÃO,AERO BOERO,AB-115,AB11,PISTÃO,770,2,1988,BRASIL,1
PPFGH,AVIÃO,AERO BOERO,AB-115,AB11,PISTÃO,770,3,1988,BRASIL,1
PPFGI,AVIÃO,AERO BOERO,AB-115,AB11,PISTÃO,770,2,0,BRASIL,1
PPFGK,AVIÃO,AERO BOERO,AB-115,AB11,PISTÃO,770,3,1988,BRASIL,1
PPFGM,AVIÃO,AERO BOERO,AB-115,AB11,PISTÃO,770,3,1988,BRASIL,1
PPFGQ,AVIÃO,AERO BOERO,AB-115,AB11,PISTÃO,770,2,1988,BRASIL,1
PPFGR,AVIÃO,AERO BOERO,AB-115,AB11,PISTÃO,770,2,1988,BRASIL,1
PPFGZ,AVIÃO,AERO BOERO,AB-115,AB11,PISTÃO,770,2,0,BRASIL,1
PPFHN,AVIÃO,AERO BOERO,AB-115,AB11,PISTÃO,770,2,1988,BRASIL,1
PPFHP,AVIÃO,AERO BOERO,AB-115,AB11,PISTÃO,770,2,1988,BRASIL,1
PPFHT,AVIÃO,AERO BOERO,AB-115,AB11,PISTÃO,770,2,1989,BRASIL,1
PPFJC,HELICÓPTERO,HELIBRAS,AS 350 BA,AS50,TURBOEIXO,2100,6,1988,BRASIL,1
PPFKI,AVIÃO,AERO BOERO,AB-115,AB11,PISTÃO,770,2,1990,BRASIL,1
PPFKP,AVIÃO,AERO BOERO,AB-115,AB11,PISTÃO,770,2,1990,BRASIL,1
PPFKV,AVIÃO,AERO BOERO,AB-115,AB11,PISTÃO,770,2,1990,BRASIL,1
PPFKW,AVIÃO,AERO BOERO,AB-115,AB11,PISTÃO,770,2,1990,BRASIL,1
PPFKX,AVIÃO,AERO BOERO,AB-115,AB11,PISTÃO,770,3,1990,BRASIL,1
PPFKY,AVIÃO,AERO BOERO,AB-115,AB11,PISTÃO,770,2,1990,BRASIL,1
PPFKZ,AVIÃO,AERO BOERO,AB-115,AB11,PISTÃO,770,3,1990,BRASIL,1
PPFLD,AVIÃO,AERO BOERO,AB-115,AB11,PISTÃO,770,2,1990,BRASIL,1
PPFLE,AVIÃO,AERO BOERO,AB-115,AB11,PISTÃO,770,3,1990,BRASIL,1
PPFLF,AVIÃO,AERO BOERO,AB-115,AB11,PISTÃO,770,3,1990,BRASIL,1
PPFLH,AVIÃO,AERO BOERO,AB-115,AB11,PISTÃO,770,2,1990,BRASIL,1
PPFLJ,AVIÃO,AERO BOERO,AB-115,AB11,PISTÃO,770,3,1990,BRASIL,1
PPFLK,AVIÃO,AERO BOERO,AB-115,AB11,PISTÃO,770,2,1990,BRASIL,1
PPFLL,AVIÃO,AERO BOERO,AB-115,AB11,PISTÃO,770,2,1990,BRASIL,1
PPFLR,AVIÃO,AERO BOERO,AB-180,AB18,PISTÃO,844,2,1990,BRASIL,1
PPFLS,AVIÃO,AERO BOERO,AB-180,AB18,PISTÃO,844,3,1990,BRASIL,1
PPFLT,AVIÃO,AERO BOERO,AB-180,AB18,PISTÃO,844,3,1990,BRASIL,1
PPFLU,AVIÃO,AERO BOERO,AB-180,AB18,PISTÃO,844,3,1990,BRASIL,1
PPFLX,AVIÃO,AERO BOERO,AB-115,AB11,PISTÃO,770,3,1990,BRASIL,1
PPFLY,AVIÃO,AERO BOERO,AB-115,AB11,PISTÃO,770,2,1990,BRASIL,1
PPFLZ,AVIÃO,AERO BOERO,AB-115,AB11,PISTÃO,770,3,1990,BRASIL,1
PPFOX,AVIÃO,CESSNA AIRCRAFT,150M,C150,PISTÃO,726,2,1977,BRASIL,1
PPFPO,AVIÃO,NEIVA INDUSTRIA AERONAUTICA,EMB-712,P28A,PISTÃO,1157,4,1979,BRASIL,1
PPFUL,AVIÃO,PIPER AIRCRAFT,PA-46R-350T,PA46,PISTÃO,1969,6,2011,BRASIL,1
PPFXG,AVIÃO,NEIVA INDUSTRIA AERONAUTICA,EMB-711ST,P28T,PISTÃO,1315,4,1988,BRASIL,1
PPFXH,AVIÃO,NEIVA,EMB-711ST,P28T,PISTÃO,1315,4,1988,BRASIL,1
PPFYB,AVIÃO,AERO BOERO,AB-180,AB18,PISTÃO,844,2,1989,BRASIL,1
PPGAA,AVIÃO,AERO BOERO,AB-115,AB11,PISTÃO,770,3,1990,BRASIL,1
PPGAF,AVIÃO,AERO BOERO,AB-115,AB11,PISTÃO,770,3,1990,BRASIL,1
PPGAG,AVIÃO,AERO BOERO,AB-180,AB18,PISTÃO,844,3,1990,BRASIL,1
PPGAM,AVIÃO,AERO BOERO,AB-180,AB18,PISTÃO,844,3,1991,BRASIL,1
PPGAP,AVIÃO,AERO BOERO,AB-180,AB18,PISTÃO,844,2,1991,BRASIL,1
PPGAS,AVIÃO,AERO BOERO,AB-115,AB11,PISTÃO,770,2,1991,BRASIL,1
PPGAX,AVIÃO,AERO BOERO,AB-115,AB11,PISTÃO,770,2,1992,BRASIL,1
PPGBC,AVIÃO,AERO BOERO,AB-115,AB11,PISTÃO,770,2,1991,BRASIL,1
PPGBK,AVIÃO,AERO BOERO,AB-115,AB11,PISTÃO,770,2,1991,BRASIL,1
PPGBL,AVIÃO,AERO BOERO,AB-180,AB18,PISTÃO,844,2,1991,BRASIL,1
PPGBM,AVIÃO,AERO BOERO,AB-180,AB18,PISTÃO,844,2,1991,BRASIL,1
PPGBP,AVIÃO,AERO BOERO,AB-115,AB11,PISTÃO,770,2,0,BRASIL,1
PPGBR,AVIÃO,AERO BOERO,AB-115,AB11,PISTÃO,770,3,1991,BRASIL,1
PPGBW,AVIÃO,AERO BOERO,AB-115,AB11,PISTÃO,770,2,1991,BRASIL,1
PPGBY,AVIÃO,AERO BOERO,AB-180,AB18,PISTÃO,844,2,1991,BRASIL,1
PPGBZ,AVIÃO,AERO BOERO,AB-180,AB18,PISTÃO,844,2,1991,BRASIL,1
PPGCJ,AVIÃO,AERO BOERO,AB-180,AB18,PISTÃO,844,2,1991,BRASIL,1
PPGCL,AVIÃO,AERO BOERO,AB-180,AB18,PISTÃO,844,2,1991,BRASIL,1
PPGCN,AVIÃO,AERO BOERO,AB-115,AB11,PISTÃO,770,3,1991,BRASIL,1
PPGCO,AVIÃO,AERO BOERO,AB-115,AB11,PISTÃO,770,2,0,BRASIL,1
PPGCT,AVIÃO,AERO BOERO,AB-115,AB11,PISTÃO,770,2,1991,BRASIL,1
PPGCW,AVIÃO,AERO BOERO,AB-180,AB18,PISTÃO,844,2,1991,BRASIL,1
PPGDO,AVIÃO,CIA AERONAUTICA PAULISTA,CAP-4,PAUL,PISTÃO,587,2,1948,BRASIL,1
PPGDS,AVIÃO,AERO BOERO,AB-115,AB11,PISTÃO,770,2,1991,BRASIL,1
PPGEE,AVIÃO,AERO BOERO,AB-115,AB11,PISTÃO,770,2,1991,BRASIL,1
PPGEH,AVIÃO,AERO BOERO,AB-115,AB11,PISTÃO,770,3,1991,BRASIL,1
PPGEJ,AVIÃO,AERO BOERO,AB-115,AB11,PISTÃO,770,3,1991,BRASIL,1
PPGEM,AVIÃO,AERO BOERO,AB-115,AB11,PISTÃO,770,2,1991,BRASIL,1
PPGEO,AVIÃO,AERO BOERO,AB-115,AB11,PISTÃO,770,2,1991,BRASIL,1
PPGEV,AVIÃO,AERO BOERO,AB-115,AB11,PISTÃO,770,3,1992,BRASIL,1
PPGEZ,AVIÃO,AERO BOERO,AB-115,AB11,PISTÃO,770,2,1992,BRASIL,1
PPGFC,AVIÃO,AERO BOERO,AB-115,AB11,PISTÃO,770,3,1992,BRASIL,1
PPGFD,AVIÃO,AERO BOERO,AB-115,AB11,PISTÃO,770,2,1992,BRASIL,1
PPGFK,AVIÃO,AERO BOERO,AB-115,AB11,PISTÃO,770,2,1992,BRASIL,1
PPGFN,AVIÃO,AERO BOERO,AB-180,AB18,PISTÃO,844,2,1992,BRASIL,1
PPGGC,AVIÃO,AERO BOERO,AB-115,AB11,PISTÃO,770,3,1992,BRASIL,1
PPGGF,AVIÃO,AERO BOERO,AB-115,AB11,PISTÃO,770,2,1992,BRASIL,1
PPGGG,AVIÃO,AERO BOERO,AB-115,AB11,PISTÃO,770,2,1992,BRASIL,1
PPGGH,AVIÃO,AERO BOERO,AB-115,AB11,PISTÃO,770,2,1992,BRASIL,1
PPGGK,AVIÃO,AERO BOERO,AB-115,AB11,PISTÃO,770,2,1992,BRASIL,1
PPGGR,AVIÃO,AERO BOERO,AB-115,AB11,PISTÃO,770,2,1992,BRASIL,1
PPGGV,AVIÃO,AERO BOERO,AB-115,AB11,PISTÃO,770,2,1992,BRASIL,1
PPGHE,AVIÃO,AERO BOERO,AB-115,AB11,PISTÃO,770,2,1992,BRASIL,1
PPGHG,AVIÃO,AERO BOERO,AB-115,AB11,PISTÃO,770,2,1992,BRASIL,1
PPGID,AVIÃO,AERO BOERO,AB-115,AB11,PISTÃO,770,2,1992,BRASIL,1
PPGIH,AVIÃO,PIPER AIRCRAFT,PA-18,PA18,PISTÃO,680,2,1950,BRASIL,1
PPGIJ,AVIÃO,AERO BOERO,AB-180,AB18,PISTÃO,844,3,1992,BRASIL,1
PPGIO,AVIÃO,AERO BOERO,AB-115,AB11,PISTÃO,770,3,1992,BRASIL,1
PPGIV,AVIÃO,AERO BOERO,AB-115,AB11,PISTÃO,770,2,1992,BRASIL,1
PPGIX,AVIÃO,AERO BOERO,AB-115,AB11,PISTÃO,770,3,1993,BRASIL,1
PPGJA,AVIÃO,PIPER AIRCRAFT,PA-18,PA18,PISTÃO,680,2,1982,BRASIL,1
PPGJC,AVIÃO,AERO BOERO,AB-115,AB11,PISTÃO,770,2,1992,BRASIL,1
PPGJG,AVIÃO,PIPER AIRCRAFT,PA-18,PA18,PISTÃO,680,2,1950,BRASIL,1
PPGJH,AVIÃO,PIPER AIRCRAFT,PA-18,PA18,PISTÃO,680,2,1950,BRASIL,1
PPGJI,AVIÃO,PIPER AIRCRAFT,PA-18,PA18,PISTÃO,680,2,1950,BRASIL,1
PPGJK,AVIÃO,AERO BOERO,AB-115,AB11,PISTÃO,770,3,1992,BRASIL,1
PPGJO,AVIÃO,AERO BOERO,AB-115,AB11,PISTÃO,770,3,1990,BRASIL,1
PPGJV,AVIÃO,PIPER AIRCRAFT,PA-18,PA18,PISTÃO,680,2,1950,BRASIL,1
PPGJZ,AVIÃO,AERO BOERO,AB-115,AB11,PISTÃO,770,2,1992,BRASIL,1
PPGKA,AVIÃO,PIPER AIRCRAFT,PA-18-150,PA18,PISTÃO,680,2,1951,BRASIL,1
PPGKB,AVIÃO,AERO BOERO,AB-115,AB11,PISTÃO,770,2,1992,BRASIL,1
PPGKG,AVIÃO,PIPER AIRCRAFT,PA-18,PA18,PISTÃO,680,2,1950,BRASIL,1
PPGKJ,AVIÃO,AERO BOERO,AB-115,AB11,PISTÃO,770,2,1992,BRASIL,1
PPGKM,AVIÃO,PIPER AIRCRAFT,PA-18,PA18,PISTÃO,680,2,0,BRASIL,1
PPGKQ,AVIÃO,PIPER AIRCRAFT,PA-18,PA18,PISTÃO,680,2,1950,BRASIL,1
PPGKX,AVIÃO,PIPER AIRCRAFT,PA-18,PA18,PISTÃO,680,2,1951,BRASIL,1
PPGKY,AVIÃO,AERO BOERO,AB-115,AB11,PISTÃO,770,3,1992,BRASIL,1
PPGLA,AVIÃO,AERO BOERO,AB-115,AB11,PISTÃO,770,3,1992,BRASIL,1
PPGLE,AVIÃO,AERO BOERO,AB-115,AB11,PISTÃO,770,2,1992,BRASIL,1
PPGLH,AVIÃO,AERO BOERO,AB-115,AB11,PISTÃO,770,2,1992,BRASIL,1
PPGLI,AVIÃO,AERO BOERO,AB-180,AB18,PISTÃO,844,2,1992,BRASIL,1
PPGLJ,AVIÃO,AERO BOERO,AB-180,AB18,PISTÃO,844,3,1992,BRASIL,1
PPGLK,AVIÃO,AERO BOERO,AB-115,AB11,PISTÃO,770,3,1992,BRASIL,1
PPGLQ,AVIÃO,AERO BOERO,AB-115,AB11,PISTÃO,770,2,1992,BRASIL,1
PPGLS,AVIÃO,AERO BOERO,AB-115,AB11,PISTÃO,770,3,1992,BRASIL,1
PPGLX,AVIÃO,AERO BOERO,AB-115,AB11,PISTÃO,770,2,1992,BRASIL,1
PPGMA,AVIÃO,AERO BOERO,AB-115,AB11,PISTÃO,770,2,1992,BRASIL,1
PPGMB,AVIÃO,AERO BOERO,AB-115,AB11,PISTÃO,770,3,1992,BRASIL,1
PPGMC,AVIÃO,AERO BOERO,AB-115,AB11,PISTÃO,770,2,1992,BRASIL,1
PPGMD,AVIÃO,AERO BOERO,AB-115,AB11,PISTÃO,770,2,0,BRASIL,1
PPGME,AVIÃO,AERO BOERO,AB-115,AB11,PISTÃO,770,3,1992,BRASIL,1
PPGMG,AVIÃO,AERO BOERO,AB-115,AB11,PISTÃO,770,2,1992,BRASIL,1
PPGMH,AVIÃO,AERO BOERO,AB-115,AB11,PISTÃO,770,2,1992,BRASIL,1
PPGMI,AVIÃO,AERO BOERO,AB-115,AB11,PISTÃO,770,2,1992,BRASIL,1
PPGMM,AVIÃO,AERO BOERO,AB-115,AB11,PISTÃO,770,3,1992,BRASIL,1
PPGMQ,AVIÃO,AERO BOERO,AB-115,AB11,PISTÃO,770,2,1992,BRASIL,1
PPGMR,AVIÃO,AERO BOERO,AB-115,AB11,PISTÃO,770,2,1992,BRASIL,1
PPGMT,AVIÃO,AERO BOERO,AB-115,AB11,PISTÃO,770,2,1992,BRASIL,1
PPGMV,AVIÃO,AERO BOERO,AB-115,AB11,PISTÃO,770,2,1992,BRASIL,1
PPGMY,AVIÃO,AERO BOERO,AB-115,AB11,PISTÃO,770,2,1993,BRASIL,1
PPGNI,AVIÃO,AERO BOERO,AB-115,AB11,PISTÃO,770,3,1993,BRASIL,1
PPGNJ,AVIÃO,AERO BOERO,AB-115,AB11,PISTÃO,770,2,1993,BRASIL,1
PPGNO,AVIÃO,AERO BOERO,AB-115,AB11,PISTÃO,770,2,1993,BRASIL,1
PPGNQ,AVIÃO,AERO BOERO,AB-180,AB18,PISTÃO,844,2,1993,BRASIL,1
PPGNT,AVIÃO,AERO BOERO,AB-115,AB11,PISTÃO,770,2,1993,BRASIL,1
PPGNU,AVIÃO,AERO BOERO,AB-115,AB11,PISTÃO,770,2,1985,BRASIL,1
PPGNY,AVIÃO,AERO BOERO,AB-115,AB11,PISTÃO,770,2,1993,BRASIL,1
PPGOA,AVIÃO,AERO BOERO,AB-115,AB11,PISTÃO,770,2,1993,BRASIL,1
PPGOB,AVIÃO,AERO BOERO,AB-115,AB11,PISTÃO,770,2,1993,BRASIL,1
PPGOI,AVIÃO,AERO BOERO,AB-115,AB11,PISTÃO,770,2,1993,BRASIL,1
PPGOJ,AVIÃO,AERO BOERO,AB-115,AB11,PISTÃO,770,2,1993,BRASIL,1
PPGOL,AVIÃO,AERO BOERO,AB-115,AB11,PISTÃO,770,2,1993,BRASIL,1
PPGON,AVIÃO,AERO BOERO,AB-115,AB11,PISTÃO,770,3,1993,BRASIL,1
PPGOR,AVIÃO,AERO BOERO,AB-115,AB11,PISTÃO,770,3,1993,BRASIL,1
PPGOT,AVIÃO,AERO BOERO,AB-115,AB11,PISTÃO,770,2,1993,BRASIL,1
PPGOU,AVIÃO,AERO BOERO,AB-115,AB11,PISTÃO,770,2,1993,BRASIL,1
PPGOW,AVIÃO,AERO BOERO,AB-115,AB11,PISTÃO,770,2,1993,BRASIL,1
PPGOZ,AVIÃO,AERO BOERO,AB-115,AB11,PISTÃO,770,3,1993,BRASIL,1
PPGPC,AVIÃO,AERO BOERO,AB-115,AB11,PISTÃO,770,2,1993,BRASIL,1
PPGPM,AVIÃO,AERO BOERO,AB-115,AB11,PISTÃO,770,2,1993,BRASIL,1
PPGQA,AVIÃO,AERO BOERO,AB-115,AB11,PISTÃO,770,2,1993,BRASIL,1
PPGQF,AVIÃO,AERO BOERO,AB-115,AB11,PISTÃO,770,2,1993,BRASIL,1
PPGQJ,AVIÃO,AERO BOERO,AB-115,AB11,PISTÃO,770,3,1993,BRASIL,1
PPGQM,AVIÃO,AERO BOERO,AB-115,AB11,PISTÃO,770,3,1993,BRASIL,1
PPGQV,AVIÃO,AERO BOERO,AB-115,AB11,PISTÃO,770,2,1993,BRASIL,1
PPGQW,AVIÃO,AERO BOERO,AB-115,AB11,PISTÃO,770,2,1993,BRASIL,1
PPGQY,AVIÃO,AERO BOERO,AB-115,AB11,PISTÃO,770,3,1993,BRASIL,1
PPGRB,AVIÃO,AERO BOERO,AB-115,AB11,PISTÃO,770,2,1993,BRASIL,1
PPGRF,AVIÃO,AERO BOERO,AB-115,AB11,PISTÃO,770,2,1993,BRASIL,1
PPGRJ,AVIÃO,AERO BOERO,AB-115,AB11,PISTÃO,770,2,1993,BRASIL,1
PPGRN,AVIÃO,AERO BOERO,AB-115,AB11,PISTÃO,770,2,1993,BRASIL,1
PPGRQ,AVIÃO,AERO BOERO,AB-115,AB11,PISTÃO,770,2,1993,BRASIL,1
PPGRR,AVIÃO,NEIVA,56-C,PAUL,PISTÃO,660,2,1959,BRASIL,1
PPGRU,AVIÃO,AERO BOERO,AB-115,AB11,PISTÃO,770,2,1993,BRASIL,1
PPGRZ,AVIÃO,AERO BOERO,AB-115,AB11,PISTÃO,770,2,1993,BRASIL,1
PPGSD,AVIÃO,AERO BOERO,AB-180,AB18,PISTÃO,844,2,1993,BRASIL,1
PPGSE,AVIÃO,AERO BOERO,AB-180,AB18,PISTÃO,844,2,1993,BRASIL,1
PPGSG,AVIÃO,AERO BOERO,AB-115,AB11,PISTÃO,770,2,1994,BRASIL,1
PPGSK,AVIÃO,PIPER AIRCRAFT,PA-18,PA18,PISTÃO,680,2,1950,BRASIL,1
PPGSV,AVIÃO,NEIVA,56-C,PAUL,PISTÃO,660,2,1960,BRASIL,1
PPGSY,AVIÃO,NEIVA,56-C,PAUL,PISTÃO,660,2,1960,BRASIL,1
PPGSZ,AVIÃO,NEIVA,56-C,PAUL,PISTÃO,660,2,1960,BRASIL,1
PPGTG,AVIÃO,NEIVA,56-C,PAUL,PISTÃO,660,2,1961,BRASIL,1
PPGTI,AVIÃO,NEIVA INDUSTRIA AERONAUTICA,56-C,PAUL,PISTÃO,660,2,1960,BRASIL,1
PPGTR,AVIÃO,NEIVA INDUSTRIA AERONAUTICA,56-C,PAUL,PISTÃO,660,2,1960,BRASIL,1
PPGUJ,AVIÃO,CIA AERONAUTICA PAULISTA,CAP-4,PAUL,PISTÃO,587,2,1946,BRASIL,1
PPGUR,AVIÃO,NEIVA INDUSTRIA AERONAUTICA,56-C,PAUL,PISTÃO,660,2,1960,BRASIL,1
PPGUT,AVIÃO,NEIVA INDUSTRIA AERONAUTICA,56-C,PAUL,PISTÃO,660,2,1961,BRASIL,1
PPGUU,AVIÃO,NEIVA,56-C,PAUL,PISTÃO,660,2,1962,BRASIL,1
PPGUV,AVIÃO,NEIVA INDUSTRIA AERONAUTICA,56-C,PAUL,PISTÃO,660,2,1961,BRASIL,1
PPGUX,AVIÃO,NEIVA INDUSTRIA AERONAUTICA,56-C,PAUL,PISTÃO,660,2,1961,BRASIL,1
PPGVH,AVIÃO,NEIVA INDUSTRIA AERONAUTICA,56-C,PAUL,PISTÃO,660,2,1961,BRASIL,1
PPGVN,AVIÃO,NEIVA,56-C,PAUL,PISTÃO,660,2,1961,BRASIL,1
PPGVQ,AVIÃO,NEIVA,56-C,PAUL,PISTÃO,660,2,1961,BRASIL,1
PPGXB,AVIÃO,NEIVA,56-C,PAUL,PISTÃO,660,2,1962,BRASIL,1
PPGXD,AVIÃO,NEIVA INDUSTRIA AERONAUTICA,56-C,PAUL,PISTÃO,660,2,0,BRASIL,1
PPGXE,AVIÃO,NEIVA INDUSTRIA AERONAUTICA,56-C,PAUL,PISTÃO,660,2,1962,BRASIL,1
PPGXN,AVIÃO,NEIVA,56-C,PAUL,PISTÃO,660,2,1961,BRASIL,1
PPGXR,AVIÃO,NEIVA INDUSTRIA AERONAUTICA,56-C,PAUL,PISTÃO,660,2,1962,BRASIL,1
PPGXU,AVIÃO,NEIVA INDUSTRIA AERONAUTICA,56-C,PAUL,PISTÃO,660,2,1960,BRASIL,1
PPGYB,AVIÃO,NEIVA,56-B,PAUL,PISTÃO,660,2,1963,BRASIL,1
PPGYD,AVIÃO,NEIVA,56-B,PAUL,PISTÃO,660,2,1950,BRASIL,1
PPGYE,AVIÃO,NEIVA INDUSTRIA AERONAUTICA,56-B-1,PAUL,PISTÃO,660,2,1964,BRASIL,1
PPGYK,AVIÃO,XAVANTE,A-122-B,A122,PISTÃO,840,2,1974,BRASIL,1
PPGYW,AVIÃO,CESSNA AIRCRAFT,305A,O1,PISTÃO,953,2,1955,BRASIL,1
PPGZX,AVIÃO,NEIVA,56-B,PAUL,PISTÃO,660,2,1959,BRASIL,1
PPHAT,AVIÃO,CIA AERONAUTICA PAULISTA,CAP-4,PAUL,PISTÃO,587,2,1948,BRASIL,1
PPHBK,AVIÃO,CIA AERONAUTICA PAULISTA,CAP-4,PAUL,PISTÃO,587,2,1946,BRASIL,1
PPHBL,AVIÃO,CIA AERONAUTICA PAULISTA,CAP-4,PAUL,PISTÃO,587,2,1948,BRASIL,1
PPHCP,AVIÃO,CIA AERONAUTICA PAULISTA,CAP-4,PAUL,PISTÃO,587,2,1947,BRASIL,1
PPHGB,AVIÃO,CIA AERONAUTICA PAULISTA,CAP-4,PAUL,PISTÃO,587,2,1947,BRASIL,1
PPHIY,AVIÃO,CIA AERONAUTICA PAULISTA,CAP-4,PAUL,PISTÃO,587,2,1948,BRASIL,1
PPHJA,AVIÃO,CIA AERONAUTICA PAULISTA,CAP-4,PAUL,PISTÃO,587,2,1948,BRASIL,1
PPHJF,AVIÃO,CIA AERONAUTICA PAULISTA,CAP-4,PAUL,PISTÃO,587,2,1950,BRASIL,1
PPHJQ,AVIÃO,CIA AERONAUTICA PAULISTA,CAP-4,PAUL,PISTÃO,587,2,1947,BRASIL,1
PPHKS,AVIÃO,AEROTEC,A-122-B,A122,PISTÃO,840,2,0,BRASIL,1
PPHKX,AVIÃO,XAVANTE,A-122-A,A122,PISTÃO,840,2,1970,BRASIL,1
PPHLH,AVIÃO,NEIVA,56-C,PAUL,PISTÃO,660,2,1961,BRASIL,1
PPHLI,HELICÓPTERO,ROBINSON HELICOPTER,R44 II,R44,PISTÃO,1134,3,2003,BRASIL,1
PPHLJ,AVIÃO,NEIVA,56-C,PAUL,PISTÃO,660,2,1962,BRASIL,1
PPHLS,AVIÃO,NEIVA,56-C,PAUL,PISTÃO,660,2,0,BRASIL,1
PPHLV,AVIÃO,NEIVA INDUSTRIA AERONAUTICA,56-C-1,PAUL,PISTÃO,660,2,1962,BRASIL,1
PPHLX,AVIÃO,NEIVA INDUSTRIA AERONAUTICA,56-C-1,PAUL,PISTÃO,660,2,1962,BRASIL,1
PPHMF,AVIÃO,NEIVA INDUSTRIA AERONAUTICA,56-C-1REBOCADOR,PAUL,PISTÃO,520,1,1962,BRASIL,1
PPHMM,AVIÃO,NEIVA,56-C-1,PAUL,PISTÃO,660,2,1962,BRASIL,1
PPHMS,AVIÃO,NEIVA INDUSTRIA AERONAUTICA,56-C-1,PAUL,PISTÃO,660,2,1962,BRASIL,1
PPHOG,AVIÃO,NEIVA,56-B-1,PAUL,PISTÃO,660,2,1961,BRASIL,1
PPHOJ,AVIÃO,NEIVA,56-B-1,PAUL,PISTÃO,587,2,1962,BRASIL,1
PPHOR,AVIÃO,NEIVA INDUSTRIA AERONAUTICA,56-C-1,PAUL,PISTÃO,660,2,1962,BRASIL,1
PPHPA,AVIÃO,NEIVA,56-C-1,PAUL,PISTÃO,660,2,1963,BRASIL,1
PPHPB,AVIÃO,NEIVA INDUSTRIA AERONAUTICA,56-C-1,PAUL,PISTÃO,660,2,1963,BRASIL,1
PPHPD,AVIÃO,NEIVA INDUSTRIA AERONAUTICA,56-C-1,PAUL,PISTÃO,660,2,1963,BRASIL,1
PPHPI,AVIÃO,NEIVA INDUSTRIA AERONAUTICA,56-C-1,PAUL,PISTÃO,660,2,1962,BRASIL,1
PPHPL,AVIÃO,NEIVA,56-C-1,PAUL,PISTÃO,587,2,1963,BRASIL,1
PPHPT,AVIÃO,NEIVA,56-C-1,PAUL,PISTÃO,660,2,1963,BRASIL,1
PPHQU,AVIÃO,NEIVA,56-C-1,PAUL,PISTÃO,660,2,1950,BRASIL,1
PPHRE,AVIÃO,NEIVA,56-C-1,PAUL,PISTÃO,660,2,1960,BRASIL,1
PPHRF,AVIÃO,NEIVA,56-C-1,PAUL,PISTÃO,660,2,1962,BRASIL,1
PPHRH,AVIÃO,NEIVA,56-C-1,PAUL,PISTÃO,587,2,1964,BRASIL,1
PPHRS,AVIÃO,NEIVA,56-C-1,PAUL,PISTÃO,630,2,1969,BRASIL,1
PPHSU,AVIÃO,AERO BOERO,AB-180,AB18,PISTÃO,844,2,1987,BRASIL,1
PPHSW,AVIÃO,AERO BOERO,AB-180,AB18,PISTÃO,844,3,1986,BRASIL,1
PPHSX,AVIÃO,AERO BOERO,AB-180,AB18,PISTÃO,844,3,1986,BRASIL,1
PPHSY,AVIÃO,AERO BOERO,AB-180,AB18,PISTÃO,844,2,1987,BRASIL,1
PPIAI,AVIÃO,PIPER AIRCRAFT,PA-25-260,PA25,PISTÃO,1315,1,1968,BRASIL,1
PPIAL,AVIÃO,BEECH AIRCRAFT,35-B33,BE33,PISTÃO,1360,4,1962,BRASIL,1
PPIEF,HELICÓPTERO,HELIBRAS,AS 350 B2,AS50,TURBOEIXO,2250,6,1997,BRASIL,1
PPIEG,HELICÓPTERO,HELIBRAS,AS 350 B2,AS50,TURBOEIXO,2250,6,2006,BRASIL,1
PPIFC,AVIÃO,PA,PA-46-500TP,P46T,TURBOÉLICE,2310,6,2018,BRASIL,1
PPIGM,AVIÃO,CESSNA AIRCRAFT,150G,C150,PISTÃO,726,2,1967,BRASIL,1
PPIMA,AVIÃO,CESSNA AIRCRAFT,206H,C206,PISTÃO,1633,6,2001,BRASIL,1
PPINF,AVIÃO,PIPER AIRCRAFT,PA-46-500TP,P46T,TURBOÉLICE,2310,NULL,2015,BRASIL,1
PPINQ,AVIÃO,SOCATA,TBM700N,TBM7,TURBOÉLICE,3354,6,2010,BRASIL,1
PPIPM,AVIÃO,BEECH AIRCRAFT,C35,BE35,PISTÃO,1225,6,1954,BRASIL,1
PPIRA,AVIÃO,PIPER AIRCRAFT,PA-28R-201,P28R,PISTÃO,1247,4,1989,BRASIL,1
PPIRC,AVIÃO,AIR TRACTOR,AT-502A,AT5T,TURBOÉLICE,3629,1,2017,BRASIL,1
PPITY,AVIÃO,CESSNA AIRCRAFT,208B,C208,TURBOÉLICE,3969,11,1996,BRASIL,1
PPITZ,AVIÃO,CESSNA AIRCRAFT,208B,C208,TURBOÉLICE,3969,11,1996,BRASIL,1
PPIVF,AVIÃO,DIAMOND,DA 40,DA40,PISTÃO,1150,NULL,2005,BRASIL,1
PPIVO,HELICÓPTERO,HELIBRAS,AS 350 B2,AS50,TURBOEIXO,2250,6,2008,BRASIL,1
PPJAJ,HELICÓPTERO,HELIBRAS,AS 350 B2,AS50,TURBOEIXO,2250,6,2010,BRASIL,1
PPJAT,AVIÃO,SOCATA,TBM700N,TBM7,TURBOÉLICE,3354,6,2012,BRASIL,1
PPJBB,HELICÓPTERO,HELIBRAS,AS 350 B2,AS50,TURBOEIXO,2250,6,2011,BRASIL,1
PPJCS,AVIÃO,CESSNA AIRCRAFT,210L,C210,PISTÃO,1724,6,1975,BRASIL,1
PPJDL,AVIÃO,PIPER AIRCRAFT,PA-32R-301,P32R,PISTÃO,1633,6,1994,BRASIL,1
PPJFF,AVIÃO,PIPER AIRCRAFT,PA-46-500TP,P46T,TURBOÉLICE,2310,NULL,NULL,BRASIL,1
PPJFO,HELICÓPTERO,HELIBRAS,AS 350 B3,AS50,TURBOEIXO,2250,6,2013,BRASIL,1
PPJFR,HELICÓPTERO,BELL HELICOPTER,206L-4,B06,TURBOEIXO,2018,7,2009,BRASIL,1
PPJGE,HELICÓPTERO,AGUSTA,A119,A119,TURBOEIXO,2720,8,2006,BRASIL,1
PPJGJ,AVIÃO,AIR TRACTOR,AT-502B,AT5T,TURBOÉLICE,3629,NULL,2025,BRASIL,1
PPJIB,AVIÃO,TEXTRON AVIATION,208B,C208,TURBOÉLICE,3969,NULL,2024,BRASIL,1
PPJJC,AVIÃO,THRUSH AIRCRAFT,S2R-T34,SS2T,TURBOÉLICE,2722,1,2012,BRASIL,1
PPJJJ,HELICÓPTERO,HELIBRAS,AS 350 B2,AS50,TURBOEIXO,2250,6,2010,BRASIL,1
PPJLB,HELICÓPTERO,ROBINSON HELICOPTER,R22 BETA,R22,PISTÃO,621,2,2008,BRASIL,1
PPJMB,HELICÓPTERO,ROBINSON HELICOPTER,R66,R66,TURBOEIXO,1225,5,2012,BRASIL,1
PPJMC,AVIÃO,CIRRUS,SR22,SR22,PISTÃO,1542,5,2012,BRASIL,1
PPJNW,AVIÃO,PIPER AIRCRAFT,PA-46-350P,PA46,PISTÃO,1950,6,1997,BRASIL,1
PPJON,AVIÃO,CESSNA AIRCRAFT,T182T,C182,PISTÃO,1406,4,2001,BRASIL,1
PPJPS,AVIÃO,PIPER AIRCRAFT,PA-46-350P,PA46,TURBOÉLICE,1950,NULL,1998,BRASIL,1
PPJRC,AVIÃO,CIRRUS,SR22,SR22,PISTÃO,1542,4,2011,BRASIL,1
PPJRL,HELICÓPTERO,ROBINSON HELICOPTER,R22 BETA,R22,PISTÃO,621,2,2012,BRASIL,1
PPJVD,AVIÃO,AIR TRACTOR,AT-502B,AT5T,TURBOÉLICE,3629,1,2013,BRASIL,1
PPKBG,AVIÃO,XAVANTE,A-122-B,A122,PISTÃO,840,2,1977,BRASIL,1
PPKBJ,AVIÃO,XAVANTE,A-122-B,A122,PISTÃO,840,2,1976,BRASIL,1
PPKBK,AVIÃO,XAVANTE,A-122-B,A122,PISTÃO,840,2,1976,BRASIL,1
PPKBO,AVIÃO,XAVANTE,A-122-B,A122,PISTÃO,840,2,1978,BRASIL,1
PPKBP,AVIÃO,XAVANTE,A-122-B,A122,PISTÃO,840,2,1978,BRASIL,1
PPKBS,AVIÃO,XAVANTE,A-122-B,A122,PISTÃO,840,2,1978,BRASIL,1
PPKBU,AVIÃO,XAVANTE,A-122-A,A122,PISTÃO,840,2,1971,BRASIL,1
PPKCA,AVIÃO,AEROMOT,AMT-100,RF10,PISTÃO,800,2,1986,BRASIL,1
PPKDW,AVIÃO,AEROMOT,AMT-200,RF10,PISTÃO,850,2,1998,BRASIL,1
PPKDX,AVIÃO,AEROMOT,AMT-200,RF10,PISTÃO,850,2,1999,BRASIL,1
PPKDZ,AVIÃO,AMERICAN CHAMPION,8KCAB,BL8,PISTÃO,816,2,1997,BRASIL,1
PPKFC,AVIÃO,AEROMOT,AMT-200,RF10,PISTÃO,850,2,2000,BRASIL,1
PPLGB,AVIÃO,CIRRUS,SR22,SR22,PISTÃO,1542,4,2007,BRASIL,1
PPLIG,AVIÃO,SOCATA,TBM700N,TBM7,TURBOÉLICE,3354,NULL,2015,BRASIL,1
PPLJM,AVIÃO,CESSNA AIRCRAFT,A188B,C188,PISTÃO,1497,1,1976,BRASIL,1
PPLJV,AVIÃO,CESSNA AIRCRAFT,152,C152,PISTÃO,757,2,1977,BRASIL,1
PPLMF,HELICÓPTERO,HELIBRAS,AS 350 B2,AS50,TURBOEIXO,2250,6,2012,BRASIL,1
PPLMP,AVIÃO,CESSNA AIRCRAFT,150J,C150,PISTÃO,726,2,1964,BRASIL,1
PPLMT,AVIÃO,CIRRUS,SR22,SR22,PISTÃO,1633,5,2013,BRASIL,1
PPLOC,HELICÓPTERO,EUROCOPTER FRANCE,AS 350 B2,AS50,TURBOEIXO,2250,6,2010,BRASIL,1
PPLRA,AVIÃO,CESSNA AIRCRAFT,152,C152,PISTÃO,757,2,1978,BRASIL,1
PPLTO,AVIÃO,AIR TRACTOR,AT-502B,AT5T,TURBOÉLICE,3629,NULL,2022,BRASIL,1
PPLUI,AVIÃO,THRUSH AIRCRAFT,S2R-H80,SS2T,TURBOÉLICE,4763,1,2018,BRASIL,1
PPLUK,HELICÓPTERO,ROBINSON HELICOPTER,R44 II,R44,PISTÃO,1134,4,2011,BRASIL,1
PPMAC,HELICÓPTERO,BELL HELICOPTER,206B,B06,TURBOEIXO,1451,5,1999,BRASIL,1
PPMAM,HELICÓPTERO,ROBINSON HELICOPTER,R44,R44,PISTÃO,1088,4,1998,BRASIL,1
PPMAQ,HELICÓPTERO,ROBINSON HELICOPTER,R22 BETA,R22,PISTÃO,621,2,1995,BRASIL,1
PPMAW,HELICÓPTERO,HELIBRAS,AS 350 B3,AS50,TURBOEIXO,2250,7,1999,BRASIL,1
PPMAX,AVIÃO,PIPER AIRCRAFT,PA-46-350P,PA46,PISTÃO,1950,6,2004,BRASIL,1
PPMBM,HELICÓPTERO,HELIBRAS,AS 350 B2,AS50,TURBOEIXO,2250,6,2013,BRASIL,1
PPMBN,HELICÓPTERO,EUROCOPTER,AS 350 B,AS50,TURBOEIXO,1950,6,1991,BRASIL,1
PPMCE,HELICÓPTERO,ROBINSON HELICOPTER,R44,R44,PISTÃO,1088,4,2001,BRASIL,1
PPMCF,HELICÓPTERO,ROBINSON HELICOPTER,R44,R44,PISTÃO,1088,4,2001,BRASIL,1
PPMCI,HELICÓPTERO,ROBINSON HELICOPTER,R44,R44,PISTÃO,1088,4,2001,BRASIL,1
PPMCJ,HELICÓPTERO,BELL HELICOPTER,206B,B06,TURBOEIXO,1519,5,2001,BRASIL,1
PPMDK,AVIÃO,SEAMAX AIRCRAFT LTDA.,SEAMAX M-22,SMAX,TURBOÉLICE,600,2,2022,BRASIL,1
PPMDS,HELICÓPTERO,ROBINSON HELICOPTER,R44,R44,PISTÃO,1088,4,2000,BRASIL,1
PPMEJ,HELICÓPTERO,ROBINSON HELICOPTER,R22,R22,PISTÃO,590,2,2001,BRASIL,1
PPMEL,AVIÃO,CIRRUS,SR22,SR22,PISTÃO,1542,4,2005,BRASIL,1
PPMES,HELICÓPTERO,HELIBRAS,AS 350 B2,AS50,TURBOEIXO,2250,6,2008,BRASIL,1
PPMEU,HELICÓPTERO,EUROCOPTER,EC 120 B,EC20,TURBOEIXO,1715,5,1999,BRASIL,1
PPMHB,HELICÓPTERO,EUROCOPTER FRANCE,EC 120 B,EC20,TURBOEIXO,1715,5,2000,BRASIL,1
PPMHD,HELICÓPTERO,EUROCOPTER FRANCE,AS 350 B3,AS50,TURBOEIXO,2250,6,2000,BRASIL,1
PPMHJ,HELICÓPTERO,PZL-SWIDNIK,PZL-SW4,PSW4,TURBOEIXO,1800,5,2011,BRASIL,1
PPMIE,HELICÓPTERO,ROBINSON HELICOPTER,R44,R44,PISTÃO,1089,4,2000,BRASIL,1
PPMIG,HELICÓPTERO,HELIBRAS,AS 350 B2,AS50,TURBOEIXO,2250,6,2000,BRASIL,1
PPMJF,AVIÃO,CESSNA AIRCRAFT,152,C152,PISTÃO,757,2,1977,BRASIL,1
PPMJQ,HELICÓPTERO,ROBINSON HELICOPTER,R44,R44,PISTÃO,1088,4,2000,BRASIL,1
PPMJT,AVIÃO,PIPER AIRCRAFT,PA-32R-301T,PA32,PISTÃO,1633,7,2004,BRASIL,1
PPMJV,HELICÓPTERO,EUROCOPTER FRANCE,EC 120 B,EC20,TURBOEIXO,1715,5,2000,BRASIL,1
PPMMA,HELICÓPTERO,EUROCOPTER,EC 120 B,EC20,TURBOEIXO,1715,5,2009,BRASIL,1
PPMMG,HELICÓPTERO,HELIBRAS,AS 350 B3,AS50,TURBOEIXO,2250,6,2011,BRASIL,1
PPMMJ,AVIÃO,BEECH AIRCRAFT,B36TC,BE36,PISTÃO,1746,6,1994,BRASIL,1
PPMMN,AVIÃO,PIPER AIRCRAFT,PA-46R-350T,PA46,PISTÃO,1969,6,2008,BRASIL,1
PPMMR,AVIÃO,CESSNA AIRCRAFT,210L,C210,PISTÃO,1724,6,1976,BRASIL,1
PPMMS,AVIÃO,CESSNA AIRCRAFT,208B,C208,TURBOÉLICE,3969,8,2004,BRASIL,1
PPMNP,HELICÓPTERO,ROBINSON HELICOPTER,R44,R44,PISTÃO,1088,4,1999,BRASIL,1
PPMOF,HELICÓPTERO,ROBINSON HELICOPTER,R44,R44,TURBOEIXO,1088,4,2000,BRASIL,1
PPMPR,HELICÓPTERO,ROBINSON HELICOPTER,R44,R44,PISTÃO,1089,4,2000,BRASIL,1
PPMRA,HELICÓPTERO,HELIBRAS,AS 350 B3,AS50,TURBOEIXO,2250,6,2000,BRASIL,1
PPMRH,HELICÓPTERO,HELIBRAS,AS 350 B2,AS50,TURBOEIXO,2250,6,2011,BRASIL,1
PPMRT,AVIÃO,PZL-OKECIE,PZL-106BT-601,PZ6T,TURBOÉLICE,3500,2,1998,BRASIL,1
PPMSA,HELICÓPTERO,BELL HELICOPTER,206B,B06,TURBOEIXO,1451,5,2002,BRASIL,1
PPMSD,HELICÓPTERO,ROBINSON HELICOPTER,R44,R44,PISTÃO,1088,4,2001,BRASIL,1
PPMTR,HELICÓPTERO,ROBINSON HELICOPTER,R44,R44,PISTÃO,1088,4,2001,BRASIL,1
PPMVC,AVIÃO,AIR TRACTOR,AT-502B,AT5T,TURBOÉLICE,3629,1,2017,BRASIL,1
PPMVM,AVIÃO,CESSNA AIRCRAFT,172S,C172,PISTÃO,1157,4,2007,BRASIL,1
PPMVP,AVIÃO,FLYER INDUSTRIA AERONAUTICA LTDA,RV-10 LSA,ZZZZ,PISTÃO,1224,NULL,2026,BRASIL,1
PPMVS,HELICÓPTERO,ROBINSON HELICOPTER,R22 BETA,R22,PISTÃO,621,2,2001,BRASIL,1
PPMVT,AVIÃO,PILATUS,PC-12/47E,PC12,TURBOÉLICE,4740,10,2008,BRASIL,1
PPNBS,AVIÃO,AIR TRACTOR,AT-802,AT8T,TURBOÉLICE,7258,2,2011,BRASIL,1
PPNBZ,AVIÃO,AIR TRACTOR,AT-802,AT8T,TURBOÉLICE,7258,2,2011,BRASIL,1
PPNCG,AVIÃO,PIPER AIRCRAFT,PA-46-350P,PA46,TURBOÉLICE,1950,6,1990,BRASIL,1
PPNET,AVIÃO,CESSNA AIRCRAFT,152,C152,PISTÃO,757,2,1980,BRASIL,1
PPNEW,AVIÃO,CESSNA AIRCRAFT,LC41-550FG,COL4,PISTÃO,1634,4,2008,BRASIL,1
PPNEX,AVIÃO,PIPER AIRCRAFT,PA-28-161,P28A,PISTÃO,1107,4,1985,BRASIL,1
PPNIK,ANFÍBIO,CESSNA AIRCRAFT,A185E,C185,PISTÃO,1481,6,1969,BRASIL,1
PPOBL,AVIÃO,AIR TRACTOR,AT-502A,AT5T,TURBOÉLICE,3629,1,2019,BRASIL,1
PPOBM,HELICÓPTERO,HELIBRAS,AS 350 B3,AS50,TURBOEIXO,2250,6,2018,BRASIL,1
PPODB,AVIÃO,AIR TRACTOR,AT-402B,AT3T,TURBOÉLICE,3175,1,2016,BRASIL,1
PPOFF,AVIÃO,CIRRUS DESIGN,SR22,SR22,PISTÃO,1542,4,2010,BRASIL,1
PPOGT,ANFÍBIO,CESSNA AIRCRAFT,208 ANFIBIO,C208,TURBOÉLICE,3968,10,2013,BRASIL,1
PPOKK,AVIÃO,SOCATA,TBM700N,TBM7,TURBOÉLICE,3354,NULL,NULL,BRASIL,1
PPOSL,AVIÃO,CESSNA AIRCRAFT,208B,C208,TURBOÉLICE,3969,11,2011,BRASIL,1
PPOSP,AVIÃO,CESSNA AIRCRAFT,208B,C208,TURBOÉLICE,3969,11,2010,BRASIL,1
PPPAF,AVIÃO,SOCATA,TBM700N,TBM7,TURBOÉLICE,3354,6,2007,BRASIL,1
PPPEG,AVIÃO,BEECH AIRCRAFT,F33A,BE33,PISTÃO,1542,NULL,NULL,BRASIL,1
PPPEM,HELICÓPTERO,BELL HELICOPTER,407,B407,TURBOEIXO,2381,7,2010,BRASIL,1
PPPFC,HELICÓPTERO,ROBINSON HELICOPTER,R44 II,R44,PISTÃO,1134,4,2010,BRASIL,1
PPPFR,AVIÃO,PIPER AIRCRAFT,PA-46-500TP,P46T,TURBOÉLICE,2310,6,0,BRASIL,1
PPPIT,HELICÓPTERO,HELIBRAS,AS 350 B2,AS50,TURBOEIXO,2250,6,2010,BRASIL,1
PPPLR,AVIÃO,AIR TRACTOR,AT-602,AT6T,TURBOÉLICE,5670,NULL,2024,BRASIL,1
PPPMC,AVIÃO,CESSNA AIRCRAFT,TU206G,C206,PISTÃO,1633,6,1981,BRASIL,1
PPPML,HELICÓPTERO,BELL HELICOPTER,505,B505,TURBOEIXO,1670,5,2018,BRASIL,1
PPPMT,AVIÃO,BEECH AIRCRAFT,V35B,BE35,PISTÃO,1542,5,1982,BRASIL,1
PPPNM,AVIÃO,AIR TRACTOR,AT-502B,AT5T,TURBOÉLICE,3629,1,2012,BRASIL,1
PPPRD,AVIÃO,THRUSH AIRCRAFT,S2R-H80,SS2T,TURBOÉLICE,4763,1,2017,BRASIL,1
PPPSO,AVIÃO,PIPER AIRCRAFT,PA-32-301FT,PA32,PISTÃO,1633,6,2005,BRASIL,1
PPPVC,HELICÓPTERO,ROBINSON HELICOPTER,R44 II,R44,PISTÃO,1134,NULL,NULL,BRASIL,1
PPRBJ,AVIÃO,AEROMOT,AMT-100,RF10,PISTÃO,800,2,0,BRASIL,1
PPRDJ,AVIÃO,CIA AERONAUTICA PAULISTA,CAP-4,PAUL,PISTÃO,587,2,0,BRASIL,1
PPRQY,AVIÃO,CIA AERONAUTICA PAULISTA,CAP-4,PAUL,PISTÃO,587,2,1946,BRASIL,1
PPRRY,AVIÃO,CIA AERONAUTICA PAULISTA,CAP-4,PAUL,PISTÃO,587,2,1946,BRASIL,1
PPRSI,AVIÃO,PIPER AIRCRAFT,J3C-65,J3,PISTÃO,553,2,1945,BRASIL,1
PPRTO,AVIÃO,CIA AERONAUTICA PAULISTA,CAP-4,PAUL,PISTÃO,587,2,1946,BRASIL,1
PPRTX,AVIÃO,CIA AERONAUTICA PAULISTA,CAP-4,PAUL,PISTÃO,587,2,1946,BRASIL,1
PPSAM,AVIÃO,PILATUS,PC-12/47,PC12,TURBOÉLICE,4760,8,2007,BRASIL,1
PPSAT,AVIÃO,AIR TRACTOR,AT-502B,AT5T,TURBOÉLICE,3629,1,2009,BRASIL,1
PPSAU,HELICÓPTERO,HELIBRAS,AS 350 B2,AS50,TURBOEIXO,2250,NULL,NULL,BRASIL,1
PPSAV,HELICÓPTERO,HELIBRAS,AS 350 B3,AS50,TURBOÉLICE,2250,6,2017,BRASIL,1
PPSBM,AVIÃO,CIRRUS DESIGN,SR22,SR22,PISTÃO,1633,5,2013,BRASIL,1
PPSCS,AVIÃO,AIR TRACTOR,AT-402B,AT3T,TURBOÉLICE,3175,1,2016,BRASIL,1
PPSEK,HELICÓPTERO,ROBINSON HELICOPTER,R44 II,R44,PISTÃO,1134,4,2007,BRASIL,1
PPSEL,AVIÃO,CESSNA AIRCRAFT,182Q,C182,PISTÃO,1338,NULL,NULL,BRASIL,1
PPSGB,AVIÃO,CIRRUS,SR20,SR20,PISTÃO,1315,4,2002,BRASIL,1
PPSGO,AVIÃO,AIR TRACTOR,AT-502B,AT5T,TURBOÉLICE,3629,1,2012,BRASIL,1
PPSID,AVIÃO,MOONEY AIRCRAFT,M20B,M20P,PISTÃO,1111,4,1961,BRASIL,1
PPSIX,AVIÃO,CESSNA AIRCRAFT,R182,C82R,PISTÃO,1406,4,1983,BRASIL,1
PPSKT,AVIÃO,CESSNA AIRCRAFT,208B,C208,TURBOÉLICE,3969,11,1997,BRASIL,1
PPSLM,AVIÃO,BEECH AIRCRAFT,G36,BE36,PISTÃO,1656,6,2008,BRASIL,1
PPSSP,HELICÓPTERO,ROBINSON HELICOPTER,R22 BETA,R22,PISTÃO,621,2,2013,BRASIL,1
PPSTF,AVIÃO,CESSNA AIRCRAFT,172N,C172,PISTÃO,1043,4,1977,BRASIL,1
PPTKL,AVIÃO,STINSON AIRCRAFT,10A,S10,PISTÃO,748,3,0,BRASIL,1
PPTZV,AVIÃO,AMERICAN CHAMPION,8KCAB,BL8,PISTÃO,816,2,1997,BRASIL,1
PPVFM,AVIÃO,BEECH AIRCRAFT,M35,BE35,PISTÃO,1338,4,1960,BRASIL,1
PPVIC,AVIÃO,CESSNA AIRCRAFT,208B,C208,TURBOÉLICE,4110,10,2007,BRASIL,1
PPVIT,AVIÃO,BEECH AIRCRAFT,M35,BE35,PISTÃO,1338,4,1960,BRASIL,1
PPVIU,AVIÃO,CESSNA AIRCRAFT,152,C152,PISTÃO,757,2,1978,BRASIL,1
PPVRM,AVIÃO,PIPER AIRCRAFT,PA-46R-350T,PA46,PISTÃO,1969,NULL,NULL,BRASIL,1
PPWFM,HELICÓPTERO,ROBINSON HELICOPTER,R44,R44,PISTÃO,1089,4,2000,BRASIL,1
PPWII,AVIÃO,PIPER AIRCRAFT,PA-46R-350T,PA46,PISTÃO,1969,6,2008,BRASIL,1
PPWVR,HELICÓPTERO,ROBINSON HELICOPTER,R44 II,R44,PISTÃO,1134,4,2010,BRASIL,1
PPXBG,ULTRALEVE,DESCONHECIDO,EXEC 162 F,ULAC,PISTÃO,681,2,1998,BRASIL,1
PPXCE,ULTRALEVE,DESCONHECIDO,KR-2S,ULAC,PISTÃO,480,2,1999,BRASIL,1
PPXCW,AVIÃO,HENRY L. GORGAS,RV-8,ZZZZ,PISTÃO,850,2,1999,BRASIL,1
PPXDB,AVIÃO,EUROPA AVIATION,EUROPA,ZZZZ,PISTÃO,621,2,1999,BRASIL,1
PPXDC,ANFÍBIO,SNA INC,SEA WIND,ZZZZ,PISTÃO,1542,0,1999,BRASIL,1
PPXDO,AVIÃO,INDETERMINADO,ANSSEC180 AVIAO,ZZZZ,PISTÃO,1110,2,0,BRASIL,1
PPXDZ,AVIÃO,NULL,FALCAO AG-22,ZZZZ,PISTÃO,1000,1,2000,BRASIL,1
PPXEP,ULTRALEVE,NULL,KR 2,ULAC,PISTÃO,450,2,2000,BRASIL,1
PPXEX,AVIÃO,DESCONHECIDO,LANCAIR 320 FB,ZZZZ,PISTÃO,820,2,2002,BRASIL,1
PPXFT,ULTRALEVE,DESCONHECIDO,GESPI-2000,ULAC,PISTÃO,550,2,2001,BRASIL,1
PPXGQ,AVIÃO,GUSTAVO LUIZ SCUSSEL,AC-12,ZZZZ,PISTÃO,760,2,2005,BRASIL,1
PPXHQ,AVIÃO,NULL,EMB-202 IPANEMA,ZZZZ,PISTÃO,1800,1,1998,BRASIL,1
PPXID,AVIÃO,NEIVA,N-592-420,ZZZZ,PISTÃO,1040,4,1968,BRASIL,1
PPXIG,AVIÃO,NULL,N-592-420,ZZZZ,PISTÃO,1040,4,1968,BRASIL,1
PPXKK,AVIÃO,DESCONHECIDO,SEDAN,ZZZZ,PISTÃO,930,4,2004,BRASIL,1
PPXLD,AVIÃO,DESCONHECIDO,COMP AIR,ZZZZ,TURBOÉLICE,2727,7,2004,BRASIL,1
PPXLI,AVIÃO,DESCONHECIDO,K-51,ZZZZ,PISTÃO,950,1,1998,BRASIL,1
PPXLR,ANFÍBIO,JOHN SEELY,COMPAIR 8 ANFHIBIAN,ZZZZ,PISTÃO,3084,8,2006,BRASIL,1
PPXMM,AVIÃO,DESCONHECIDO,ESQUALO,ZZZZ,PISTÃO,980,2,2003,BRASIL,1
PPXNB,ULTRALEVE,NULL,ACRO SPORT 2,ULAC,PISTÃO,748,2,1999,BRASIL,1
PPXNL,AVIÃO,NULL,RV-10,ZZZZ,PISTÃO,1224,4,2007,BRASIL,1
PPXNZ,AVIÃO,FABRICACAO PROPRIA,CMA,ZZZZ,PISTÃO,600,1,0,BRASIL,1
PPXOC,AVIÃO,DESCONHECIDO,PARADISE,ZZZZ,PISTÃO,980,4,2006,BRASIL,1
PPXRB,AVIÃO,NULL,ACROBATA,ZZZZ,PISTÃO,1467,2,2007,BRASIL,1
PPXRC,ULTRALEVE,DESCONHECIDO,RV-7A,ULAC,PISTÃO,725,2,2007,BRASIL,1
PPXRF,AVIÃO,DESCONHECIDO,RV-10,ZZZZ,PISTÃO,1224,4,2009,BRASIL,1
PPXRK,AVIÃO,NULL,BUMERANGUE EX27,ZZZZ,PISTÃO,1194,4,2008,BRASIL,1
PPXRW,ULTRALEVE,NULL,RV-7,ULAC,PISTÃO,725,2,2006,BRASIL,1
PPXTC,AVIÃO,NULL,NEW CONQUEST,ZZZZ,PISTÃO,760,NULL,NULL,BRASIL,1
PPXUV,AVIÃO,KELLERMAN HERBERTO,VELOCITY 173 RG,ZZZZ,PISTÃO,1045,4,0,BRASIL,1
PPXYL,AVIÃO,RODRIGO DE QUEIROZ R. COSTA,RV-10,ZZZZ,PISTÃO,1224,4,2010,BRASIL,1
PPYES,HELICÓPTERO,BELL HELICOPTER,206B,B06,TURBOEIXO,1451,5,2004,BRASIL,1
PPYGO,AVIÃO,CESSNA AIRCRAFT,T210N,C210,PISTÃO,1814,NULL,NULL,BRASIL,1
PPZAV,AVIÃO,NILSON SULZBACH PERES,KIT FOX,ZZZZ,PISTÃO,530,2,1989,BRASIL,1
PPZBI,ULTRALEVE,NULL,EAGLE II,ULAC,PISTÃO,525,2,1987,BRASIL,1
PPZCA,AVIÃO,IVAN CESAR ROSSONI,RV-7A,ZZZZ,PISTÃO,816,2,2010,BRASIL,1
PPZCG,AVIÃO,DESCONHECIDO,P56,NULL,PISTÃO,660,0,0,BRASIL,1
PPZDG,AVIÃO,DESCONHECIDO,RV-10,ZZZZ,PISTÃO,1224,4,2009,BRASIL,1
PPZDH,AVIÃO,DN DISTRIBUIDORA E REPRESENTACOES LTDA,RV-10,ZZZZ,PISTÃO,1224,4,2010,BRASIL,1
PPZDS,AVIÃO,AILTON MARTINS DE OLIVEIRA,RV-10,RV10,PISTÃO,1224,4,2010,BRASIL,1
PPZED,AVIÃO,LUCIANO LOBAO,RV-10,ZZZZ,PISTÃO,1220,4,2009,BRASIL,1
PPZEZ,ULTRALEVE,PARTICULAR,LONG-EZ,ULAC,PISTÃO,601,2,1993,BRASIL,1
PPZFE,AVIÃO,NORTH AMERICAN,TROJAN T-28B,ZZZZ,PISTÃO,3056,2,1955,BRASIL,1
PPZFO,AVIÃO,F.C. OLIVEIRA & CIA LTDA,RV-10,ZZZZ,PISTÃO,1224,4,2011,BRASIL,1
PPZFV,AVIÃO,DESCONHECIDO,CONQUEST 180,ZZZZ,PISTÃO,760,NULL,NULL,BRASIL,1
PPZGA,AVIÃO,HELIO APARECIDO GARDINI,RV-10,ZZZZ,PISTÃO,1224,4,2009,BRASIL,1
PPZGI,AVIÃO,GEORGE DE REZENDE IPLINSKY,RV-10,ZZZZ,PISTÃO,1224,4,2011,BRASIL,1
PPZGR,AVIÃO,ANDRE LUIZ PULS CASELATO,RV-7,ZZZZ,PISTÃO,817,2,2013,BRASIL,1
PPZGV,AVIÃO,IVAN MOLCHAN,GV-2,ZZZZ,PISTÃO,430,2,1985,BRASIL,1
PPZJA,AVIÃO,MARCIO DE CASTRO VALADARES,RV-10,ZZZZ,PISTÃO,1230,4,2010,BRASIL,1
PPZJG,AVIÃO,ROBERTO VENICIO LIMA DANTAS,RV-10,ZZZZ,PISTÃO,1224,4,2010,BRASIL,1
PPZJH,AVIÃO,DESCONHECIDO,ZODIAC CH-640,ZZZZ,PISTÃO,1000,2,2009,BRASIL,1
PPZJJ,AVIÃO,Jader Gomes Chaves,RV-10,ZZZZ,PISTÃO,1225,4,0,BRASIL,1
PPZJM,AVIÃO,JOSÉ CARLOS MARTINS,COMPAIR CA-8,ZZZZ,TURBOÉLICE,2727,6,2008,BRASIL,1
PPZNA,AVIÃO,ADILSON CARMO E SILVA,RV-10,ZZZZ,PISTÃO,1224,4,2012,BRASIL,1
PPZOE,AVIÃO,JULIO CESAR MANDELLI,EXCEL,ZZZZ,PISTÃO,970,3,2010,BRASIL,1
PPZOJ,AVIÃO,FLYER INDÚSTRIA AERONÁUTICA LTDA.,RV-10,ZZZZ,PISTÃO,1224,4,2016,BRASIL,1
PPZOQ,AVIÃO,FLYER INDUSTRIA AERONAUTICA LTDA,RV6,ZZZZ,PISTÃO,800,0,0,BRASIL,1
PPZRS,AVIÃO,NULL,CHRISTEN EAGLE,ZZZZ,PISTÃO,725,2,1989,BRASIL,1
PPZVF,HELICÓPTERO,Vinicius Marini Ferreira,TALON A600,ZZZZ,PISTÃO,680,2,NULL,BRASIL,1
PPZVI,AVIÃO,ELDO COELHO DE CASTRO,P-56C,ZZZZ,PISTÃO,660,2,1985,BRASIL,1
PPZVK,AVIÃO,FABRICACAO PROPRIA,NULL,ZZZZ,PISTÃO,0,1,0,BRASIL,1
PPZWA,AVIÃO,DESCONHECIDO,YPIRANGA,ZZZZ,PISTÃO,520,1,1984,BRASIL,1
PPZXY,AVIÃO,WACO AIRCRAFT,QCF-2,ZZZZ,PISTÃO,1043,2,1931,BRASIL,1
PPZZE,AVIÃO,IBRAEX COMÉRCIO E IMPORT AERONAVES LTDA,RV-10,ZZZZ,PISTÃO,1225,4,0,BRASIL,1
PPZZK,AVIÃO,ALEXANDRE HENRIQUE DE BARROS,AKB-18,ZZZZ,PISTÃO,794,2,2017,BRASIL,1
PPZZX,AVIÃO,FLYER,RV-10,ZZZZ,PISTÃO,1224,4,2018,BRASIL,1
PPZZZ,AVIÃO,FABRICACAO PROPRIA,RANS S-10-AVIAO,ZZZZ,PISTÃO,0,0,0,BRASIL,1
PRAAB,AVIÃO,CESSNA AIRCRAFT,208B,C208,TURBOÉLICE,3969,11,2001,BRASIL,1
PRAAC,AVIÃO,CESSNA AIRCRAFT,208B,C208,TURBOÉLICE,3969,11,2001,BRASIL,1
PRAAH,AVIÃO,AIR TRACTOR,AT-401B,AT3P,PISTÃO,0,1,2003,BRASIL,1
PRAAK,AVIÃO,CESSNA AIRCRAFT,A188B,C188,PISTÃO,1497,1,1977,BRASIL,1
PRAAM,AVIÃO,CESSNA AIRCRAFT,A188B,C188,PISTÃO,1905,1,1976,BRASIL,1
PRAAN,AVIÃO,CESSNA AIRCRAFT,A188B,C188,PISTÃO,1905,1,1977,BRASIL,1
PRAAT,AVIÃO,PIPER AIRCRAFT,PA-25-235,PA25,PISTÃO,1315,1,1968,BRASIL,1
PRAAV,AVIÃO,PIPER AIRCRAFT,PA-25-235,PA25,PISTÃO,1315,1,1966,BRASIL,1
PRAAY,AVIÃO,CESSNA AIRCRAFT,A188B,C188,PISTÃO,1497,1,1976,BRASIL,1
PRABE,AVIÃO,PIPER AIRCRAFT,PA-25-235,PA25,PISTÃO,1315,1,1969,BRASIL,1
PRABF,AVIÃO,PIPER AIRCRAFT,PA-25-235,PA25,PISTÃO,1315,1,1969,BRASIL,1
PRABI,AVIÃO,CESSNA AIRCRAFT,A188B,C188,PISTÃO,1905,1,1974,BRASIL,1
PRABM,AVIÃO,CESSNA AIRCRAFT,210L,NULL,PISTÃO,1724,0,0,BRASIL,1
PRABN,AVIÃO,PIPER AIRCRAFT,PA-25-235,PA25,PISTÃO,1315,1,1963,BRASIL,1
PRABO,HELICÓPTERO,EUROCOPTER,EC 120 B,EC20,TURBOEIXO,1715,5,2007,BRASIL,1
PRABQ,HELICÓPTERO,HELIBRAS,AS 350 B3,AS50,TURBOEIXO,2250,7,2008,BRASIL,1
PRABR,AVIÃO,CESSNA AIRCRAFT,152,C152,PISTÃO,757,2,1984,BRASIL,1
PRACB,AVIÃO,CESSNA AIRCRAFT,150M,C150,PISTÃO,727,2,1977,BRASIL,1
PRACE,AVIÃO,PIPER AIRCRAFT,PA-25-235,PA25,PISTÃO,1315,1,1965,BRASIL,1
PRACF,HELICÓPTERO,ROBINSON HELICOPTER,R22 BETA,R22,PISTÃO,621,2,2004,BRASIL,1
PRACH,AVIÃO,PIPER AIRCRAFT,PA-25-235,PA25,PISTÃO,1315,1,1965,BRASIL,1
PRACK,AVIÃO,CESSNA AIRCRAFT,A188B,C188,PISTÃO,1905,1,1975,BRASIL,1
PRACM,AVIÃO,CESSNA AIRCRAFT,T188C,C188,PISTÃO,1995,1,1981,BRASIL,1
PRACP,AVIÃO,CESSNA AIRCRAFT,152,C152,PISTÃO,757,2,1977,BRASIL,1
PRADD,AVIÃO,CESSNA AIRCRAFT,152,C152,PISTÃO,757,2,1978,BRASIL,1
PRADI,AVIÃO,PIPER AIRCRAFT,PA-32R-301T,PA32,PISTÃO,1633,6,2007,BRASIL,1
PRADK,AVIÃO,CESSNA AIRCRAFT,A188B,C188,PISTÃO,1905,1,1975,BRASIL,1
PRAEB,AVIÃO,PIPER AIRCRAFT,PA-36-375,PA36,PISTÃO,2177,1,1978,BRASIL,1
PRAEC,AVIÃO,PIPER AIRCRAFT,PA-36-375,PA36,PISTÃO,1769,1,1980,BRASIL,1
PRAEJ,AVIÃO,AIR TRACTOR,AT-502B,AT5T,TURBOÉLICE,3629,1,2013,BRASIL,1
PRAEN,AVIÃO,CESSNA AIRCRAFT,T182T,C182,PISTÃO,1406,4,2012,BRASIL,1
PRAER,AVIÃO,AIR TRACTOR,AT-502,AT5T,TURBOÉLICE,3629,1,1993,BRASIL,1
PRAEW,AVIÃO,AIR TRACTOR,AT-502B,AT5T,TURBOÉLICE,3629,1,2013,BRASIL,1
PRAFT,AVIÃO,AIR TRACTOR,AT-802A,AT8T,TURBOÉLICE,7258,1,2008,BRASIL,1
PRAFW,AVIÃO,CESSNA AIRCRAFT,150K,C150,PISTÃO,726,2,1970,BRASIL,1
PRAGA,AVIÃO,CESSNA AIRCRAFT,A188B,C188,PISTÃO,1905,1,1974,BRASIL,1
PRAGB,AVIÃO,PIPER AIRCRAFT,PA-36-300,PA36,PISTÃO,1996,1,1977,BRASIL,1
PRAGE,AVIÃO,PIPER AIRCRAFT,PA-46-500TP,P46T,TURBOÉLICE,2310,6,2009,BRASIL,1
PRAGI,AVIÃO,AIR TRACTOR,AT-502B,AT5T,TURBOÉLICE,3629,1,2013,BRASIL,1
PRAGM,AVIÃO,PILATUS,PC-12/45,PC12,TURBOÉLICE,4500,10,2005,BRASIL,1
PRAGT,AVIÃO,SOCATA,TBM700B,TBM7,TURBOÉLICE,2984,6,2002,BRASIL,1
PRAHZ,AVIÃO,CESSNA AIRCRAFT,152,C152,PISTÃO,757,2,1977,BRASIL,1
PRAIM,AVIÃO,CIRRUS DESIGN,SR22,SR22,PISTÃO,1542,4,2006,BRASIL,1
PRAJF,AVIÃO,AIR TRACTOR,AT-502B,AT5T,TURBOÉLICE,3629,1,2012,BRASIL,1
PRAJJ,AVIÃO,PILATUS,PC-6/B2-H4,PC6T,TURBOÉLICE,2800,8,2011,BRASIL,1
PRAJL,AVIÃO,BEECH AIRCRAFT,A36,BE36,PISTÃO,1633,6,1997,BRASIL,1
PRAJM,AVIÃO,AYRES CORPORATION,S-2R,SS2P,PISTÃO,2722,1,1988,BRASIL,1
PRAJR,AVIÃO,PIPER AIRCRAFT,PA-32R-301,P32R,PISTÃO,1633,7,1993,BRASIL,1
PRALA,AVIÃO,PIPER AIRCRAFT,PA-25-235,PA25,PISTÃO,1315,1,0,BRASIL,1
PRALI,AVIÃO,PIPER AIRCRAFT,PA-46-350P,PA46,PISTÃO,1950,6,2008,BRASIL,1
PRALK,HELICÓPTERO,ROBINSON HELICOPTER,R44 II,R44,PISTÃO,1134,4,2012,BRASIL,1
PRALX,HELICÓPTERO,ROBINSON HELICOPTER,R44 II,R44,PISTÃO,1134,4,2006,BRASIL,1
PRAME,AVIÃO,CIRRUS,SR22,SR22,PISTÃO,1633,5,2013,BRASIL,1
PRAPB,AVIÃO,CESSNA AIRCRAFT,172RG,C72R,PISTÃO,1202,4,0,BRASIL,1
PRAPG,AVIÃO,CESSNA AIRCRAFT,210L,C210,PISTÃO,1724,6,1973,BRASIL,1
PRAPH,AVIÃO,PIPER AIRCRAFT,PA-32-300,PA32,PISTÃO,1542,7,1979,BRASIL,1
PRAPM,AVIÃO,AEROMOT,AMT-200SO,RF10,PISTÃO,1050,2,2007,BRASIL,1
PRAPN,HELICÓPTERO,ROBINSON HELICOPTER,R44 II,R44,PISTÃO,1134,4,2008,BRASIL,1
PRAPV,AVIÃO,CESSNA AIRCRAFT,A188A,C188,PISTÃO,1814,1,1970,BRASIL,1
PRARH,AVIÃO,AIR TRACTOR,AT-402B,AT3T,TURBOÉLICE,3175,1,2016,BRASIL,1
PRARJ,AVIÃO,PIPER AIRCRAFT,PA-32R-301,P32R,PISTÃO,1633,7,1988,BRASIL,1
PRARV,AVIÃO,CESSNA AIRCRAFT,A185F,C185,PISTÃO,1520,4,1984,BRASIL,1
PRARY,AVIÃO,CESSNA AIRCRAFT,150M,C150,PISTÃO,726,0,0,BRASIL,1
PRARZ,AVIÃO,CESSNA AIRCRAFT,208B,C208,TURBOÉLICE,3968,11,2003,BRASIL,1
PRASE,AVIÃO,CESSNA AIRCRAFT,150L,C150,PISTÃO,726,0,1973,BRASIL,1
PRASN,AVIÃO,AIR TRACTOR,AT-402B,AT3T,TURBOÉLICE,3175,1,2010,BRASIL,1
PRASP,AVIÃO,DIAMOND,DA20-C1,DV20,PISTÃO,800,2,2011,BRASIL,1
PRATA,AVIÃO,CESSNA AIRCRAFT,208B,C208,TURBOÉLICE,3969,10,2001,BRASIL,1
PRATD,AVIÃO,CESSNA AIRCRAFT,A188B,C188,PISTÃO,1900,1,1977,BRASIL,1
PRATF,AVIÃO,CESSNA AIRCRAFT,T210N,C210,PISTÃO,1814,6,1981,BRASIL,1
PRATM,AVIÃO,CESSNA AIRCRAFT,172RG,C72R,PISTÃO,1202,4,1981,BRASIL,1
PRATN,AVIÃO,CESSNA AIRCRAFT,172RG,C72R,PISTÃO,1202,4,1981,BRASIL,1
PRATX,AVIÃO,CESSNA AIRCRAFT,A188B,C188,PISTÃO,1497,1,1975,BRASIL,1
PRAUG,AVIÃO,CIRRUS,SR22,SR22,PISTÃO,1542,4,2007,BRASIL,1
PRAVF,HELICÓPTERO,ROBINSON HELICOPTER,R44 II,R44,PISTÃO,1134,4,2009,BRASIL,1
PRAVN,AVIÃO,PIPER AIRCRAFT,PA-28R-201T,P28R,PISTÃO,1315,4,1977,BRASIL,1
PRAZU,AVIÃO,CIRRUS DESIGN,SR22,SR22,PISTÃO,1542,4,2006,BRASIL,1
PRBAB,AVIÃO,CIRRUS DESIGN,SR22,NULL,PISTÃO,1633,0,NULL,BRASIL,1
PRBAP,AVIÃO,CESSNA AIRCRAFT,210N,C210,PISTÃO,1724,6,1979,BRASIL,1
PRBAR,HELICÓPTERO,ROBINSON HELICOPTER,R44 II,R44,PISTÃO,1134,4,2006,BRASIL,1
PRBAT,AVIÃO,CESSNA AIRCRAFT,208B,C208,TURBOÉLICE,3969,4,2010,BRASIL,1
PRBBE,AVIÃO,CESSNA AIRCRAFT,152,C152,PISTÃO,757,2,1977,BRASIL,1
PRBBJ,HELICÓPTERO,ROBINSON HELICOPTER,R44 II,R44,PISTÃO,1134,4,2012,BRASIL,1
PRBDF,AVIÃO,PIPER AIRCRAFT,PA-46R-350T,NULL,PISTÃO,0,0,0,BRASIL,1
PRBEA,AVIÃO,CESSNA AIRCRAFT,152,C152,PISTÃO,757,NULL,1979,BRASIL,1
PRBEK,AVIÃO,AIR TRACTOR,AT-502B,AT5T,TURBOÉLICE,3629,1,2021,BRASIL,1
PRBEM,AVIÃO,CESSNA AIRCRAFT,LC42-550FG,COL3,PISTÃO,1542,4,2003,BRASIL,1
PRBEN,HELICÓPTERO,ROBINSON HELICOPTER,R44 II,R44,PISTÃO,1134,4,2009,BRASIL,1
PRBGF,HELICÓPTERO,EUROCOPTER,EC 120 B,EC20,TURBOEIXO,1715,5,2000,BRASIL,1
PRBHF,AVIÃO,BEECH AIRCRAFT,F33A,BE33,PISTÃO,1542,NULL,1993,BRASIL,1
PRBHZ,AVIÃO,PIPER AIRCRAFT,PA-46-500TP,P46T,TURBOÉLICE,2310,6,2019,BRASIL,1
PRBIB,AVIÃO,CESSNA AIRCRAFT,C150L,C150,PISTÃO,726,0,1972,BRASIL,1
PRBIC,AVIÃO,PIPER AIRCRAFT,PA-46R-350T,PA46,PISTÃO,1969,6,2009,BRASIL,1
PRBIG,AVIÃO,CIRRUS DESIGN,SR22,SR22,PISTÃO,1542,4,2008,BRASIL,1
PRBIS,AVIÃO,BEECH AIRCRAFT,B35,BE35,PISTÃO,1202,4,1950,BRASIL,1
PRBKP,AVIÃO,CIRRUS,SR22,SR22,PISTÃO,1542,4,2010,BRASIL,1
PRBLF,HELICÓPTERO,ROBINSON HELICOPTER,R22 BETA,R22,PISTÃO,621,2,0,BRASIL,1
PRBLO,AVIÃO,CESSNA AIRCRAFT,150L,C150,PISTÃO,726,2,1974,BRASIL,1
PRBLR,HELICÓPTERO,ROBINSON HELICOPTER,R22,R22,PISTÃO,621,2,2005,BRASIL,1
PRBLZ,HELICÓPTERO,ROBINSON HELICOPTER,R44 II,R44,PISTÃO,1134,4,2012,BRASIL,1
PRBMG,AVIÃO,PIPER AIRCRAFT,PA-46-350P,PA46,PISTÃO,1970,6,2011,BRASIL,1
PRBMJ,AVIÃO,PIPER AIRCRAFT,PA-25-260,PA25,PISTÃO,1315,1,1975,BRASIL,1
PRBMM,AVIÃO,CIRRUS DESIGN,SR22,SR22,PISTÃO,1542,4,2004,BRASIL,1
PRBMS,AVIÃO,AIR TRACTOR,AT-402A,AT3T,TURBOÉLICE,3175,1,2004,BRASIL,1
PRBNU,HELICÓPTERO,HELIBRAS,AS 350 B2,AS50,TURBOEIXO,2250,6,2016,BRASIL,1
PRBOA,HELICÓPTERO,HELIBRAS,AS 350 B2,AS50,TURBOEIXO,2250,6,2007,BRASIL,1
PRBOP,HELICÓPTERO,EUROCOPTER,EC 130 B4,EC30,TURBOEIXO,2427,7,2010,BRASIL,1
PRBOS,AVIÃO,CESSNA AIRCRAFT,152,C152,PISTÃO,757,2,NULL,BRASIL,1
PRBPM,AVIÃO,AEROMOT,AMT-200SO,RF10,PISTÃO,1050,2,2007,BRASIL,1
PRBRM,AVIÃO,CESSNA AIRCRAFT,152,C152,PISTÃO,757,2,1977,BRASIL,1
PRBRO,AVIÃO,CESSNA AIRCRAFT,152,C152,PISTÃO,757,2,1981,BRASIL,1
PRBRP,AVIÃO,CESSNA AIRCRAFT,150L,C150,PISTÃO,726,2,1973,BRASIL,1
PRBSL,AVIÃO,CESSNA AIRCRAFT,A188B,C188,PISTÃO,1905,1,1975,BRASIL,1
PRBSO,AVIÃO,PIPER AIRCRAFT,PA-28R-201T,PA28,PISTÃO,1315,4,NULL,BRASIL,1
PRBSR,AVIÃO,AIR TRACTOR,AT-502B,AT5T,TURBOÉLICE,3629,1,2013,BRASIL,1
PRBTB,AVIÃO,CESSNA AIRCRAFT,152,C152,PISTÃO,757,NULL,NULL,BRASIL,1
PRBTH,AVIÃO,DIAMOND,DA20-C1,DV20,PISTÃO,800,2,2012,BRASIL,1
PRBTO,HELICÓPTERO,ROBINSON HELICOPTER,R44 II,R44,PISTÃO,1134,4,2011,BRASIL,1
PRBUB,AVIÃO,PIPER AIRCRAFT,PA-25-235,PA25,PISTÃO,1315,1,1966,BRASIL,1
PRBVG,AVIÃO,CESSNA AIRCRAFT,172S,C172,PISTÃO,1157,4,2003,BRASIL,1
PRBZE,AVIÃO,PILATUS,PC-12/45,PC12,TURBOÉLICE,4500,10,2004,BRASIL,1
PRCAC,AVIÃO,PIPER AIRCRAFT,PA-46-350P,PA46,PISTÃO,1950,6,1999,BRASIL,1
PRCAL,AVIÃO,CIRRUS,SR22,SR22,PISTÃO,1542,4,2005,BRASIL,1
PRCAT,HELICÓPTERO,HELIBRAS,AS 350 B3,AS50,TURBOEIXO,2250,6,2008,BRASIL,1
PRCAW,AVIÃO,CESSNA AIRCRAFT,LC41-550FG,COL4,PISTÃO,1634,4,2005,BRASIL,1
PRCBB,HELICÓPTERO,BELL HELICOPTER,407,B407,TURBOEIXO,2268,7,2009,BRASIL,1
PRCBE,AVIÃO,CIRRUS,SR22,SR22,PISTÃO,1542,5,2013,BRASIL,1
PRCBG,HELICÓPTERO,AGUSTA,AW119MKII,A119,TURBOEIXO,2850,8,2010,BRASIL,1
PRCBH,HELICÓPTERO,EUROCOPTER,EC 130 B4,EC30,TURBOEIXO,2427,8,2009,BRASIL,1
PRCBJ,AVIÃO,PILATUS,PC-12/47E,PC12,TURBOÉLICE,4740,10,2016,BRASIL,1
PRCBR,AVIÃO,CIRRUS DESIGN,SR22,SR22,PISTÃO,1542,4,2002,BRASIL,1
PRCCO,HELICÓPTERO,ROBINSON HELICOPTER,R44 II,R44,PISTÃO,1134,4,2005,BRASIL,1
PRCCT,AVIÃO,CIRRUS,SR22,SR22,PISTÃO,1542,4,2008,BRASIL,1
PRCDI,AVIÃO,CESSNA AIRCRAFT,152,C152,PISTÃO,757,NULL,NULL,BRASIL,1
PRCDJ,AVIÃO,CESSNA AIRCRAFT,172M,C172,PISTÃO,1043,4,1973,BRASIL,1
PRCDO,AVIÃO,CESSNA AIRCRAFT,152,C152,PISTÃO,757,2,1980,BRASIL,1
PRCEC,HELICÓPTERO,ROBINSON HELICOPTER,R44 II,R44,PISTÃO,1134,4,2008,BRASIL,1
PRCEO,AVIÃO,CIRRUS DESIGN,SR22,SR22,PISTÃO,1542,4,2006,BRASIL,1
PRCEU,HELICÓPTERO,SCHWEIZER,269C-1,H269,PISTÃO,794,2,2007,BRASIL,1
PRCEV,AVIÃO,PIPER AIRCRAFT,PA-32R-301T,PA32,PISTÃO,1633,6,2001,BRASIL,1
PRCFJ,AVIÃO,CESSNA AIRCRAFT,208B,C208,TURBOÉLICE,3969,2,2006,BRASIL,1
PRCGL,AVIÃO,CIRRUS,SR22,SR22,PISTÃO,1542,4,2006,BRASIL,1
PRCGQ,AVIÃO,PIPER AIRCRAFT,PA-46-350P,PA46,PISTÃO,1970,6,2004,BRASIL,1
PRCHF,AVIÃO,CESSNA AIRCRAFT,152,C152,PISTÃO,757,2,1980,BRASIL,1
PRCIG,HELICÓPTERO,ROBINSON HELICOPTER,R44 II,R44,PISTÃO,1134,4,2012,BRASIL,1
PRCJD,HELICÓPTERO,HELIBRAS,AS 350 B2,AS50,TURBOEIXO,2250,6,2009,BRASIL,1
PRCJZ,AVIÃO,CESSNA AIRCRAFT,A150K,C150,PISTÃO,726,NULL,NULL,BRASIL,1
PRCLI,AVIÃO,CIRRUS DESIGN,SR22,SR22,PISTÃO,1542,4,2010,BRASIL,1
PRCLJ,AVIÃO,BEECH AIRCRAFT,H35,BE35,PISTÃO,1315,4,1957,BRASIL,1
PRCLR,HELICÓPTERO,EUROCOPTER FRANCE,AS 350 B2,AS50,TURBOEIXO,2250,6,2010,BRASIL,1
PRCMC,AVIÃO,PIPER AIRCRAFT,PA-32R-301T,PA32,PISTÃO,1633,6,2004,BRASIL,1
PRCMD,AVIÃO,CESSNA AIRCRAFT,208B,C208,TURBOÉLICE,3969,11,2004,BRASIL,1
PRCMJ,AVIÃO,PIPER AIRCRAFT,PA-46-500TP,P46T,TURBOÉLICE,2310,6,0,BRASIL,1
PRCML,AVIÃO,PIPER AIRCRAFT,PA-32R-301T,PA32,PISTÃO,1633,6,2005,BRASIL,1
PRCMO,AVIÃO,CESSNA AIRCRAFT,172RG,C72R,PISTÃO,1202,4,1981,BRASIL,1
PRCMZ,AVIÃO,THRUSH AIRCRAFT,S2R-H80,SS2T,TURBOÉLICE,4763,NULL,NULL,BRASIL,1
PRCNT,AVIÃO,AIR TRACTOR,AT-502B,AT5T,TURBOÉLICE,3629,1,2012,BRASIL,1
PRCOB,AVIÃO,CESSNA AIRCRAFT,210L,C210,PISTÃO,1724,6,1974,BRASIL,1
PRCOC,AVIÃO,PIPER AIRCRAFT,PA-46-350P,PA46,PISTÃO,1950,6,1992,BRASIL,1
PRCOL,AVIÃO,CIRRUS,SR22,SR22,PISTÃO,1542,4,2008,BRASIL,1
PRCOR,AVIÃO,CIRRUS,SR22,SR22,PISTÃO,1542,4,2007,BRASIL,1
PRCOT,AVIÃO,CESSNA AIRCRAFT,172P,C172,PISTÃO,1089,4,1984,BRASIL,1
PRCOW,AVIÃO,CESSNA AIRCRAFT,210M,C210,PISTÃO,1724,6,1978,BRASIL,1
PRCPP,AVIÃO,CIRRUS DESIGN,SR22,SR22,PISTÃO,1542,5,2012,BRASIL,1
PRCPS,AVIÃO,CESSNA AIRCRAFT,152,C152,PISTÃO,757,2,1978,BRASIL,1
PRCRF,AVIÃO,CESSNA AIRCRAFT,208B,C208,TURBOÉLICE,3969,11,2010,BRASIL,1
PRCRL,AVIÃO,CESSNA AIRCRAFT,152,C152,PISTÃO,757,2,1978,BRASIL,1
PRCRR,AVIÃO,CESSNA AIRCRAFT,T206H,C206,PISTÃO,1633,6,2008,BRASIL,1
PRCRS,AVIÃO,CESSNA AIRCRAFT,150L,C150,PISTÃO,726,2,1971,BRASIL,1
PRCSL,HELICÓPTERO,ROBINSON HELICOPTER,R44 II,R44,PISTÃO,1134,4,2005,BRASIL,1
PRCST,AVIÃO,PIPER AIRCRAFT,PA-46-350P,PA46,PISTÃO,1968,NULL,NULL,BRASIL,1
PRCTD,AVIÃO,LAVIASA,PA-25-235,PA25,PISTÃO,1315,1,1966,BRASIL,1
PRCTG,AVIÃO,THRUSH AIRCRAFT,S2R-H80,SS2T,TURBOÉLICE,4763,1,2013,BRASIL,1
PRCTM,AVIÃO,PIPER AIRCRAFT,PA-46-350P,PA46,PISTÃO,1969,6,2007,BRASIL,1
PRCTU,AVIÃO,CESSNA AIRCRAFT,152,C152,PISTÃO,757,2,1978,BRASIL,1
PRCVJ,AVIÃO,CIRRUS DESIGN,SR20,SR20,PISTÃO,1315,4,2002,BRASIL,1
PRCVL,AVIÃO,AIR TRACTOR,AT-402B,AT3T,TURBOÉLICE,3175,1,2009,BRASIL,1
PRDAL,AVIÃO,CESSNA AIRCRAFT,150G,C150,PISTÃO,726,2,1967,BRASIL,1
PRDAN,HELICÓPTERO,ROBINSON HELICOPTER,R44 II,R44,PISTÃO,1134,4,2009,BRASIL,1
PRDAT,AVIÃO,PIPER AIRCRAFT,PA-25-235,PA25,PISTÃO,1315,1,1964,BRASIL,1
PRDBO,AVIÃO,CESSNA AIRCRAFT,A188B,C188,PISTÃO,1905,1,1974,BRASIL,1
PRDCA,AVIÃO,AEROMOT,AMT-600,GURI,PISTÃO,900,2,2005,BRASIL,1
PRDCM,HELICÓPTERO,ROBINSON HELICOPTER,R44 II,R44,PISTÃO,1134,4,2010,BRASIL,1
PRDDB,AVIÃO,DIAMOND,DA20-C1,DV20,PISTÃO,800,2,2009,BRASIL,1
PRDDM,HELICÓPTERO,ROBINSON HELICOPTER,R44 II,R44,PISTÃO,1134,4,2009,BRASIL,1
PRDDN,AVIÃO,CIRRUS,SR22T,SR22,PISTÃO,1633,5,2018,BRASIL,1
PRDEM,HELICÓPTERO,ROBINSON HELICOPTER,R44 II,R44,PISTÃO,1134,4,2012,BRASIL,1
PRDEP,AVIÃO,CIRRUS DESIGN,SR22,SR22,PISTÃO,1542,4,2008,BRASIL,1
PRDER,AVIÃO,CESSNA AIRCRAFT,172RG,C72R,PISTÃO,1202,4,1980,BRASIL,1
PRDFA,AVIÃO,AIR TRACTOR,AT-402B,AT3T,TURBOÉLICE,3175,1,2013,BRASIL,1
PRDFJ,HELICÓPTERO,HELIBRAS,AS 350 B2,AS50,TURBOEIXO,2250,7,2009,BRASIL,1
PRDHG,AVIÃO,PIPER AIRCRAFT,PA-46-500TP,P46T,TURBOÉLICE,2310,6,2011,BRASIL,1
PRDHL,HELICÓPTERO,EUROCOPTER,EC 130 B4,EC30,TURBOEIXO,2427,7,2008,BRASIL,1
PRDII,AVIÃO,PIPER AIRCRAFT,PA-32R-301T,PA32,PISTÃO,1633,NULL,NULL,BRASIL,1
PRDIV,HELICÓPTERO,ROBINSON HELICOPTER,R44 II,R44,PISTÃO,1134,4,2010,BRASIL,1
PRDJC,HELICÓPTERO,EUROCOPTER FRANCE,EC 130 B4,EC30,TURBOEIXO,2427,7,2003,BRASIL,1
PRDJR,AVIÃO,PIPER AIRCRAFT,PA-28RT-201T,P28T,PISTÃO,1315,4,1979,BRASIL,1
PRDKK,HELICÓPTERO,EUROCOPTER FRANCE,EC 130 B4,EC30,TURBOEIXO,2427,7,2012,BRASIL,1
PRDMG,HELICÓPTERO,EUROCOPTER FRANCE,AS 350 B2,AS50,TURBOEIXO,2250,6,2009,BRASIL,1
PRDMK,AVIÃO,CESSNA AIRCRAFT,R182,C82R,PISTÃO,1406,4,1981,BRASIL,1
PRDMT,AVIÃO,CESSNA AIRCRAFT,150H,C150,PISTÃO,726,2,1968,BRASIL,1
PRDMV,AVIÃO,CIRRUS,SR22,SR22,PISTÃO,1542,4,2005,BRASIL,1
PRDNA,AVIÃO,CESSNA AIRCRAFT,208B,C208,TURBOÉLICE,3969,11,2010,BRASIL,1
PRDNY,AVIÃO,CIRRUS DESIGN,SR20,SR20,PISTÃO,1383,4,2008,BRASIL,1
PRDOA,AVIÃO,CESSNA AIRCRAFT,208B,C208,TURBOÉLICE,3969,11,2013,BRASIL,1
PRDOK,AVIÃO,PIPER AIRCRAFT,PA-46-350P,PA46,TURBOÉLICE,1950,NULL,1997,BRASIL,1
PRDOM,HELICÓPTERO,BELL HELICOPTER,407,B407,TURBOEIXO,2268,7,2010,BRASIL,1
PRDOQ,AVIÃO,STEMME,S10-VT,S10S,PISTÃO,850,2,1998,BRASIL,1
PRDPM,HELICÓPTERO,HELIBRAS,AS 350 B2,AS50,TURBOEIXO,2250,6,2006,BRASIL,1
PRDPR,AVIÃO,SOCATA,TBM700N,TBM7,TURBOÉLICE,3354,6,2008,BRASIL,1
PRDRD,HELICÓPTERO,ROBINSON HELICOPTER,R44 II,R44,PISTÃO,1134,4,2007,BRASIL,1
PRDRL,HELICÓPTERO,ROBINSON HELICOPTER,R44 II,R44,PISTÃO,1134,4,2009,BRASIL,1
PRDSA,AVIÃO,BEECH AIRCRAFT,A36TC,BE36,PISTÃO,1656,6,1981,BRASIL,1
PRDSC,AVIÃO,CIRRUS,SR22,SR22,PISTÃO,1542,4,2007,BRASIL,1
PRDSF,HELICÓPTERO,ROBINSON HELICOPTER,R44 II,R44,PISTÃO,1134,4,2006,BRASIL,1
PRDTK,AVIÃO,CESSNA AIRCRAFT,150M,C150,PISTÃO,726,2,1975,BRASIL,1
PRDTV,HELICÓPTERO,ROBINSON HELICOPTER,R44 II,R44,PISTÃO,1134,3,2012,BRASIL,1
PRDTX,AVIÃO,CESSNA AIRCRAFT,A188B,C188,PISTÃO,1497,1,1976,BRASIL,1
PRDTY,AVIÃO,PIPER AIRCRAFT,PA-25-260,PA25,PISTÃO,1315,1,0,BRASIL,1
PRDUB,HELICÓPTERO,ROBINSON HELICOPTER,R66,R66,TURBOEIXO,1225,5,2011,BRASIL,1
PRDUH,HELICÓPTERO,ROBINSON HELICOPTER,R44 II,R44,PISTÃO,1134,4,2011,BRASIL,1
PRDVD,AVIÃO,CIRRUS,SR22,SR22,PISTÃO,1542,4,2008,BRASIL,1
PRDVE,AVIÃO,CIRRUS,SR22,SR22,PISTÃO,1540,4,2007,BRASIL,1
PRDVG,AVIÃO,CIRRUS,SR22,SR22,PISTÃO,1542,4,2007,BRASIL,1
PRDVR,AVIÃO,CESSNA AIRCRAFT,T210N,C210,PISTÃO,1814,6,1979,BRASIL,1
PRDYD,HELICÓPTERO,ROBINSON HELICOPTER,R44,R44,PISTÃO,1088,4,2000,BRASIL,1
PREAA,ANFÍBIO,MAULE AIRCRAFT,M-7-235B ANFIBIO,M7,PISTÃO,1247,4,2003,BRASIL,1
PREAB,AVIÃO,HAWKER BEECHCRAFT,G36,BE36,PISTÃO,1656,6,2009,BRASIL,1
PREAI,AVIÃO,CESSNA AIRCRAFT,152,C152,PISTÃO,757,2,0,BRASIL,1
PREAJ,AVIÃO,CESSNA AIRCRAFT,152,C152,PISTÃO,757,2,1980,BRASIL,1
PREAM,HELICÓPTERO,HELIBRAS,AS 350 B3,AS50,TURBOEIXO,2250,6,2009,BRASIL,1
PREAN,HELICÓPTERO,HELIBRAS,AS 350 B3,AS50,TURBOEIXO,2250,6,2010,BRASIL,1
PREBB,AVIÃO,CESSNA AIRCRAFT,172S,C172,PISTÃO,1157,NULL,NULL,BRASIL,1
PREBH,HELICÓPTERO,EUROCOPTER,AS 350 B2,AS50,TURBOEIXO,2250,6,2011,BRASIL,1
PREBJ,AVIÃO,CESSNA AIRCRAFT,152,C152,PISTÃO,757,2,0,BRASIL,1
PREBM,AVIÃO,AIR TRACTOR,AT-802,AT8T,TURBOÉLICE,7258,2,2003,BRASIL,1
PREBQ,HELICÓPTERO,HELIBRAS,AS 350 B2,AS50,TURBOEIXO,2250,6,2005,BRASIL,1
PRECB,HELICÓPTERO,EUROCOPTER,EC 130 B4,EC30,TURBOEIXO,2427,7,2009,BRASIL,1
PRECG,AVIÃO,AIR TRACTOR,AT-502B,AT5T,TURBOÉLICE,3629,1,2008,BRASIL,1
PRECK,AVIÃO,CESSNA AIRCRAFT,172N,C172,PISTÃO,1043,4,1976,BRASIL,1
PRECO,HELICÓPTERO,EUROCOPTER,EC 130 B4,EC30,TURBOEIXO,2400,7,2005,BRASIL,1
PREDL,HELICÓPTERO,ROBINSON HELICOPTER,R66,R66,TURBOEIXO,1225,5,2012,BRASIL,1
PREDR,AVIÃO,CESSNA AIRCRAFT,A188B,C188,PISTÃO,1497,1,1976,BRASIL,1
PREDY,AVIÃO,CESSNA AIRCRAFT,152,C152,PISTÃO,757,2,1981,BRASIL,1
PREEE,AVIÃO,CIRRUS DESIGN,SR20,SR20,PISTÃO,1361,4,2007,BRASIL,1
PREFA,HELICÓPTERO,SCHWEIZER,269C-1,H269,PISTÃO,794,2,1999,BRASIL,1
PREFC,HELICÓPTERO,GUIMBAL,CABRI G2,G2CA,PISTÃO,700,2,2015,BRASIL,1
PREFH,AVIÃO,PIPER AIRCRAFT,PA-46-500TP,P46T,TURBOÉLICE,2310,NULL,NULL,BRASIL,1
PREFJ,AVIÃO,AIR TRACTOR,AT-802A,AT8T,TURBOÉLICE,7258,2,2008,BRASIL,1
PREFS,AVIÃO,MOONEY AIRCRAFT,M20E,M20P,PISTÃO,1168,4,1965,BRASIL,1
PREGD,HELICÓPTERO,ROBINSON HELICOPTER,R44 II,R44,PISTÃO,1134,4,2007,BRASIL,1
PREGG,AVIÃO,PIPER AIRCRAFT,PA-46-500TP,P46T,TURBOÉLICE,2310,5,2013,BRASIL,1
PREGL,AVIÃO,CIRRUS,SR22,SR22,PISTÃO,1633,5,2013,BRASIL,1
PREGU,AVIÃO,PIPER AIRCRAFT,PA-36-300,PA36,PISTÃO,1996,NULL,NULL,BRASIL,1
PREIO,AVIÃO,AIR TRACTOR,AT-502,AT5T,TURBOÉLICE,2948,1,1988,BRASIL,1
PREJB,AVIÃO,CESSNA AIRCRAFT,152,C152,PISTÃO,758,2,1982,BRASIL,1
PREJF,AVIÃO,CESSNA AIRCRAFT,A188B,C188,PISTÃO,1485,1,1977,BRASIL,1
PREJI,AVIÃO,CESSNA AIRCRAFT,152,C152,PISTÃO,759,2,1980,BRASIL,1
PREJJ,AVIÃO,CESSNA AIRCRAFT,152,C152,PISTÃO,760,2,1982,BRASIL,1
PREJK,AVIÃO,CESSNA AIRCRAFT,152,C152,PISTÃO,757,2,1979,BRASIL,1
PREJM,AVIÃO,CESSNA AIRCRAFT,152,C152,PISTÃO,757,2,1985,BRASIL,1
PREJN,AVIÃO,CESSNA AIRCRAFT,152,C152,PISTÃO,759,2,1984,BRASIL,1
PREJO,AVIÃO,CESSNA AIRCRAFT,A152,C152,PISTÃO,757,2,1984,BRASIL,1
PREJP,AVIÃO,CESSNA AIRCRAFT,152,C152,PISTÃO,757,2,1978,BRASIL,1
PREJQ,AVIÃO,CESSNA AIRCRAFT,152,C152,PISTÃO,757,2,1982,BRASIL,1
PREJR,AVIÃO,CESSNA AIRCRAFT,152,C152,PISTÃO,757,2,1983,BRASIL,1
PREJV,AVIÃO,CESSNA AIRCRAFT,152,C152,PISTÃO,757,2,1980,BRASIL,1
PREJW,AVIÃO,CESSNA AIRCRAFT,152,C152,PISTÃO,757,2,1979,BRASIL,1
PREJX,AVIÃO,CESSNA AIRCRAFT,152,C152,PISTÃO,757,2,1979,BRASIL,1
PREJZ,AVIÃO,CESSNA AIRCRAFT,152,C152,PISTÃO,757,2,1977,BRASIL,1
PRELI,AVIÃO,CIRRUS,SR20,SR20,PISTÃO,1315,4,2008,BRASIL,1
PRELO,HELICÓPTERO,EUROCOPTER FRANCE,AS 350 B2,AS50,TURBOEIXO,2250,6,2009,BRASIL,1
PRELP,HELICÓPTERO,ROBINSON HELICOPTER,R66,R66,TURBOEIXO,1225,5,2011,BRASIL,1
PREMC,AVIÃO,CIRRUS DESIGN,SR22,SR22,PISTÃO,1542,4,2006,BRASIL,1
PREMI,AVIÃO,CIRRUS,SR22,SR22,PISTÃO,1542,4,2003,BRASIL,1
PREMJ,AVIÃO,CESSNA AIRCRAFT,150M,C150,PISTÃO,726,2,1976,BRASIL,1
PREND,AVIÃO,CESSNA AIRCRAFT,152,C152,PISTÃO,757,2,1981,BRASIL,1
PRENM,AVIÃO,CESSNA AIRCRAFT,T182T,C182,PISTÃO,1406,4,2006,BRASIL,1
PRENT,HELICÓPTERO,HELIBRAS,AS 350 B3,AS50,TURBOEIXO,2250,6,2013,BRASIL,1
PRENZ,AVIÃO,AIR TRACTOR,AT-502B,AT5T,PISTÃO,2722,1,2010,BRASIL,1
PREOR,AVIÃO,PIPER AIRCRAFT,PA-32R-301T,PA32,PISTÃO,1633,NULL,NULL,BRASIL,1
PREPA,AVIÃO,CESSNA AIRCRAFT,172N,C172,PISTÃO,1043,4,1979,BRASIL,1
PREPE,HELICÓPTERO,HELIBRAS,AS 350 B2,AS50,TURBOEIXO,2250,6,0,BRASIL,1
PREPH,AVIÃO,CESSNA AIRCRAFT,210N,C210,PISTÃO,1724,6,1981,BRASIL,1
PREPI,AVIÃO,PIPER AIRCRAFT,PA-32R-301,P32R,PISTÃO,1633,6,1996,BRASIL,1
PREPJ,AVIÃO,CESSNA AIRCRAFT,172S,C172,PISTÃO,1157,4,2006,BRASIL,1
PRERA,AVIÃO,CIRRUS DESIGN,SR22,SR22,PISTÃO,1542,4,2008,BRASIL,1
PRERC,HELICÓPTERO,HELIBRAS,AS 350 B3,AS50,TURBOEIXO,2250,6,2009,BRASIL,1
PRERL,AVIÃO,CESSNA AIRCRAFT,A188B,C188,PISTÃO,1905,1,1975,BRASIL,1
PRERO,AVIÃO,BEECH AIRCRAFT,A36,BE36,PISTÃO,1633,6,1976,BRASIL,1
PRESE,HELICÓPTERO,HELIBRAS,AS 350 B3,AS50,TURBOEIXO,2370,NULL,NULL,BRASIL,1
PRESJ,AVIÃO,CESSNA AIRCRAFT,172S,C172,PISTÃO,1157,4,2005,BRASIL,1
PRESK,HELICÓPTERO,ROBINSON HELICOPTER,R44,R44,PISTÃO,1088,4,2005,BRASIL,1
PRETJ,AVIÃO,CIRRUS,SR20,SR20,PISTÃO,1360,4,2007,BRASIL,1
PRETO,HELICÓPTERO,ROBINSON HELICOPTER,R44 II,R44,PISTÃO,1134,4,2006,BRASIL,1
PRETX,AVIÃO,CESSNA AIRCRAFT,A188B,C188,PISTÃO,1497,1,1975,BRASIL,1
PREUJ,AVIÃO,CESSNA AIRCRAFT,172S,C172,PISTÃO,1157,4,2006,BRASIL,1
PREVJ,AVIÃO,CESSNA AIRCRAFT,172S,C172,PISTÃO,1157,4,2006,BRASIL,1
PREVP,AVIÃO,AIR TRACTOR,AT-402B,AT3T,TURBOÉLICE,3175,1,2018,BRASIL,1
PREYJ,AVIÃO,CESSNA AIRCRAFT,172S,C172,PISTÃO,1157,4,2007,BRASIL,1
PREZJ,AVIÃO,CESSNA AIRCRAFT,172S,C172,PISTÃO,1157,4,2006,BRASIL,1
PRFAA,AVIÃO,PIPER AIRCRAFT,PA-25-235,PA25,PISTÃO,1315,1,1966,BRASIL,1
PRFAK,AVIÃO,CESSNA AIRCRAFT,208B,C208,TURBOÉLICE,4110,4,2004,BRASIL,1
PRFAN,AVIÃO,NEIVA INDUSTRIA AERONAUTICA,EMB-721C,P32R,PISTÃO,1633,7,1977,BRASIL,1
PRFBA,AVIÃO,PIPER AIRCRAFT,PA-25-235,PA25,PISTÃO,1315,1,1976,BRASIL,1
PRFBC,AVIÃO,HAWKER BEECHCRAFT,G36,BE36,PISTÃO,1656,6,2007,BRASIL,1
PRFBE,AVIÃO,PIPER AIRCRAFT,PA-46R-350T,PA46,PISTÃO,1969,6,2008,BRASIL,1
PRFCJ,AVIÃO,CESSNA AIRCRAFT,T182T,C182,PISTÃO,1406,4,2005,BRASIL,1
PRFCX,AVIÃO,CESSNA AIRCRAFT,206H,C206,PISTÃO,1633,6,2011,BRASIL,1
PRFDM,AVIÃO,AIR TRACTOR,AT-502B,AT5T,TURBOÉLICE,3629,1,2010,BRASIL,1
PRFEK,AVIÃO,CESSNA AIRCRAFT,188B,C188,PISTÃO,1814,1,1972,BRASIL,1
PRFEL,AVIÃO,CIRRUS,SR22,SR22,PISTÃO,1542,4,2007,BRASIL,1
PRFFC,AVIÃO,CESSNA AIRCRAFT,152,C152,PISTÃO,757,2,1979,BRASIL,1
PRFFD,AVIÃO,CESSNA AIRCRAFT,152,C152,PISTÃO,757,2,1981,BRASIL,1
PRFFE,AVIÃO,CESSNA AIRCRAFT,152,C152,PISTÃO,757,2,1982,BRASIL,1
PRFFG,AVIÃO,CESSNA AIRCRAFT,A188B,C188,PISTÃO,1905,1,1979,BRASIL,1
PRFFI,AVIÃO,PIPER AIRCRAFT,PA-28-161,P28A,PISTÃO,1107,4,1979,BRASIL,1
PRFFN,AVIÃO,CESSNA AIRCRAFT,152,C152,PISTÃO,757,2,1977,BRASIL,1
PRFFS,AVIÃO,CESSNA AIRCRAFT,152,C152,PISTÃO,757,2,1978,BRASIL,1
PRFFT,AVIÃO,CESSNA AIRCRAFT,152,C152,PISTÃO,757,2,1977,BRASIL,1
PRFGM,AVIÃO,CESSNA AIRCRAFT,152,C152,PISTÃO,757,2,1977,BRASIL,1
PRFHA,AVIÃO,CIRRUS,SR22,SR22,PISTÃO,1542,4,2008,BRASIL,1
PRFIM,AVIÃO,THRUSH AIRCRAFT,S2R-T34,SS2T,TURBOÉLICE,2722,1,2011,BRASIL,1
PRFIN,HELICÓPTERO,ROBINSON HELICOPTER,R44 II,R44,PISTÃO,1134,4,2009,BRASIL,1
PRFJV,AVIÃO,PIPER AIRCRAFT,PA-46-500TP,P46T,TURBOÉLICE,2310,6,2018,BRASIL,1
PRFKA,HELICÓPTERO,LEONARDO S.P.A,AW119MKII,A119,TURBOEIXO,2850,NULL,2020,BRASIL,1
PRFKB,HELICÓPTERO,LEONARDO S.P.A,AW119MKII,A119,TURBOEIXO,2850,0,2021,BRASIL,1
PRFKC,HELICÓPTERO,LEONARDO,AW119MKII,A119,TURBOEIXO,2850,0,0,BRASIL,1
PRFKF,HELICÓPTERO,LEONARDO,AW119MKII,A119,TURBOEIXO,2850,0,2022,BRASIL,1
PRFKJ,AVIÃO,PIPER AIRCRAFT,PA-32-301,PA32,PISTÃO,1633,NULL,NULL,BRASIL,1
PRFKU,AVIÃO,AIR TRACTOR,AT-502,AT5T,TURBOÉLICE,2948,1,1991,BRASIL,1
PRFLD,AVIÃO,CESSNA AIRCRAFT,152,C152,PISTÃO,760,2,1979,BRASIL,1
PRFLE,AVIÃO,CESSNA AIRCRAFT,152,C152,PISTÃO,760,2,1980,BRASIL,1
PRFLF,AVIÃO,CIRRUS,SR22,SR22,PISTÃO,1542,4,2003,BRASIL,1
PRFLN,AVIÃO,CESSNA AIRCRAFT,152,C152,PISTÃO,757,2,1978,BRASIL,1
PRFLP,AVIÃO,CESSNA AIRCRAFT,152,C152,PISTÃO,757,2,1980,BRASIL,1
PRFLR,AVIÃO,AIR TRACTOR,AT-402B,AT3T,TURBOÉLICE,3175,1,2007,BRASIL,1
PRFMM,AVIÃO,AIR TRACTOR,AT-502B,AT5T,TURBOÉLICE,3629,1,2002,BRASIL,1
PRFMP,AVIÃO,CESSNA AIRCRAFT,210K,C210,PISTÃO,1724,6,1970,BRASIL,1
PRFNC,AVIÃO,CESSNA AIRCRAFT,A188B,C188,PISTÃO,1915,1,1975,BRASIL,1
PRFNH,AVIÃO,BEECH AIRCRAFT,A36,BE36,PISTÃO,1633,6,1983,BRASIL,1
PRFNO,AVIÃO,AIR TRACTOR,AT-502B,AT5T,TURBOÉLICE,3629,1,2010,BRASIL,1
PRFOG,AVIÃO,AIR TRACTOR,AT-802,AT8T,TURBOÉLICE,7258,2,2007,BRASIL,1
PRFOT,AVIÃO,CESSNA AIRCRAFT,206,C206,PISTÃO,1497,6,1963,BRASIL,1
PRFPE,HELICÓPTERO,ROBINSON HELICOPTER,R44 II,R44,PISTÃO,1134,4,2011,BRASIL,1
PRFPL,HELICÓPTERO,EUROCOPTER,EC 120 B,EC20,TURBOEIXO,1715,5,2002,BRASIL,1
PRFPM,HELICÓPTERO,EUROCOPTER,EC 120 B,EC20,TURBOEIXO,1715,5,2002,BRASIL,1
PRFPN,HELICÓPTERO,EUROCOPTER,EC 120 B,EC20,TURBOEIXO,1715,5,2001,BRASIL,1
PRFPO,HELICÓPTERO,EUROCOPTER,EC 120 B,EC20,TURBOEIXO,1715,5,2001,BRASIL,1
PRFPR,AVIÃO,CESSNA AIRCRAFT,210N,C210,PISTÃO,1724,6,1981,BRASIL,1
PRFRO,HELICÓPTERO,HELIBRAS,AS 350 B3,AS50,TURBOEIXO,2250,6,2012,BRASIL,1
PRFRS,AVIÃO,MOONEY AIRCRAFT,M20K,M20T,PISTÃO,1317,4,1985,BRASIL,1
PRFSF,AVIÃO,AIR TRACTOR,AT-502B,AT5T,TURBOÉLICE,2948,1,2007,BRASIL,1
PRFSI,AVIÃO,AIR TRACTOR,AT-502B,AT5T,TURBOÉLICE,3629,1,2012,BRASIL,1
PRFTE,AVIÃO,CESSNA AIRCRAFT,152,C152,PISTÃO,757,2,1979,BRASIL,1
PRFTF,AVIÃO,CESSNA AIRCRAFT,210N,C210,PISTÃO,1724,6,1981,BRASIL,1
PRFTZ,AVIÃO,CIRRUS DESIGN,SR22,SR22,PISTÃO,1542,4,2007,BRASIL,1
PRGAB,AVIÃO,SOCATA,TBM700N,TBM7,TURBOÉLICE,3354,6,2007,BRASIL,1
PRGAT,AVIÃO,THRUSH AIRCRAFT,S2R-T34,SS2T,TURBOÉLICE,2722,2,2012,BRASIL,1
PRGBV,AVIÃO,AIR TRACTOR,AT-402B,AT3T,TURBOÉLICE,3175,NULL,NULL,BRASIL,1
PRGCB,AVIÃO,CIRRUS,SR22,SR22,PISTÃO,1542,4,2010,BRASIL,1
PRGCI,HELICÓPTERO,BELL HELICOPTER,505,B505,TURBOEIXO,1670,5,2019,BRASIL,1
PRGCO,HELICÓPTERO,ROBINSON HELICOPTER,R44 II,R44,PISTÃO,1134,4,2010,BRASIL,1
PRGDA,AVIÃO,SOCATA,TBM700N,TBM7,TURBOÉLICE,3350,0,2013,BRASIL,1
PRGDV,AVIÃO,CIRRUS,SR22,SR22,PISTÃO,1542,4,2004,BRASIL,1
PRGER,AVIÃO,CESSNA AIRCRAFT,150L,C150,PISTÃO,726,2,1973,BRASIL,1
PRGFC,AVIÃO,PIPER AIRCRAFT,PA-32R-301,P32R,PISTÃO,1633,6,1985,BRASIL,1
PRGFD,AVIÃO,CESSNA AIRCRAFT,172N,C172,PISTÃO,1043,0,1979,BRASIL,1
PRGFL,HELICÓPTERO,ROBINSON HELICOPTER,R22 BETA,R22,PISTÃO,621,2,2007,BRASIL,1
PRGJE,AVIÃO,PIPER AIRCRAFT,PA-28R-201T,P28R,PISTÃO,1315,4,1978,BRASIL,1
PRGKG,HELICÓPTERO,ROBINSON HELICOPTER,R44 II,R44,PISTÃO,1134,4,2007,BRASIL,1
PRGKK,HELICÓPTERO,ROBINSON HELICOPTER,R44 II,R44,PISTÃO,1134,4,2007,BRASIL,1
PRGLP,AVIÃO,PIPER AIRCRAFT,PA-25-235,PA25,PISTÃO,1315,1,1975,BRASIL,1
PRGME,HELICÓPTERO,ROBINSON HELICOPTER,R44 II,R44,PISTÃO,1134,4,2009,BRASIL,1
PRGMG,AVIÃO,AIR TRACTOR,AT-502B,AT5T,TURBOÉLICE,3629,1,2012,BRASIL,1
PRGNI,AVIÃO,CESSNA AIRCRAFT,208B,C208,TURBOÉLICE,3969,9,2019,BRASIL,1
PRGPB,AVIÃO,CESSNA AIRCRAFT,210L,C210,PISTÃO,1724,6,1976,BRASIL,1
PRGPG,AVIÃO,CESSNA AIRCRAFT,210L,C210,PISTÃO,1724,6,1976,BRASIL,1
PRGPI,AVIÃO,CESSNA AIRCRAFT,U206F,C206,PISTÃO,1633,6,1976,BRASIL,1
PRGPJ,AVIÃO,CESSNA AIRCRAFT,152,C152,PISTÃO,757,2,1977,BRASIL,1
PRGPM,HELICÓPTERO,HELIBRAS,AS 350 B2,AS50,TURBOEIXO,2250,6,2006,BRASIL,1
PRGPN,AVIÃO,PIPER AIRCRAFT,PA-28R-201T,P28R,PISTÃO,1315,NULL,NULL,BRASIL,1
PRGPU,AVIÃO,PIPER AIRCRAFT,PA-28R-201T,P28R,PISTÃO,1315,0,1977,BRASIL,1
PRGRB,AVIÃO,PILATUS,PC-12/47,PC12,TURBOÉLICE,4740,10,2007,BRASIL,1
PRGRR,AVIÃO,AEROMOT,AMT-200S,RF10,PISTÃO,850,2,2004,BRASIL,1
PRGRS,AVIÃO,CESSNA AIRCRAFT,172S,C172,PISTÃO,1160,4,2001,BRASIL,1
PRGRV,AVIÃO,AIR TRACTOR,AT-402B,AT3T,TURBOÉLICE,3175,1,2007,BRASIL,1
PRGSJ,AVIÃO,AEROMOT,AMT-200S,RF10,PISTÃO,850,2,2004,BRASIL,1
PRGSM,AVIÃO,PILATUS,PC-12/47E,PC12,TURBOÉLICE,4740,10,2009,BRASIL,1
PRGSR,AVIÃO,AIR TRACTOR,AT-502B,AT5T,TURBOÉLICE,3629,1,0,BRASIL,1
PRGUS,AVIÃO,CESSNA AIRCRAFT,172R,C172,PISTÃO,1111,4,2001,BRASIL,1
PRGYS,AVIÃO,CIRRUS,SR22,SR22,PISTÃO,1542,5,2012,BRASIL,1
PRGZP,HELICÓPTERO,ROBINSON HELICOPTER,R66,R66,TURBOEIXO,1225,5,2011,BRASIL,1
PRHAC,AVIÃO,CESSNA AIRCRAFT,210L,C210,PISTÃO,1724,6,1975,BRASIL,1
PRHAE,HELICÓPTERO,HELIBRAS,AS 350 B3,AS50,TURBOEIXO,2250,6,2012,BRASIL,1
PRHAZ,AVIÃO,BEECH AIRCRAFT,G36,BE36,PISTÃO,1656,6,2008,BRASIL,1
PRHBB,HELICÓPTERO,BELL HELICOPTER,206B,B06,TURBOEIXO,1451,5,2010,BRASIL,1
PRHBM,AVIÃO,CESSNA AIRCRAFT,172S,C172,PISTÃO,1157,4,2001,BRASIL,1
PRHBZ,HELICÓPTERO,EUROCOPTER,EC 130 B4,EC30,TURBOEIXO,2427,8,2012,BRASIL,1
PRHCB,AVIÃO,CESSNA AIRCRAFT,A188B,C188,PISTÃO,1905,1,1973,BRASIL,1
PRHCM,HELICÓPTERO,ROBINSON HELICOPTER,R44 II,R44,PISTÃO,1134,4,2006,BRASIL,1
PRHCT,HELICÓPTERO,HELIBRAS,AS 350 B2,AS50,TURBOEIXO,2250,6,2012,BRASIL,1
PRHDB,HELICÓPTERO,ROBINSON HELICOPTER,R44,R44,PISTÃO,1088,4,2001,BRASIL,1
PRHDD,HELICÓPTERO,ROBINSON HELICOPTER,R44,R44,PISTÃO,1088,4,2001,BRASIL,1
PRHEB,HELICÓPTERO,BELL HELICOPTER,206L-4,B06,TURBOEIXO,2018,7,2008,BRASIL,1
PRHEL,HELICÓPTERO,SCHWEIZER,269C-1,H269,PISTÃO,794,2,2007,BRASIL,1
PRHFA,HELICÓPTERO,EUROCOPTER,AS 350 B2,AS50,TURBOEIXO,2250,6,2002,BRASIL,1
PRHFE,AVIÃO,CESSNA AIRCRAFT,152,C152,PISTÃO,757,2,1979,BRASIL,1
PRHFI,HELICÓPTERO,HELIBRAS,AS 350 B2,AS50,TURBOEIXO,2250,6,2012,BRASIL,1
PRHGH,HELICÓPTERO,EUROCOPTER,AS 350 B2,AS50,TURBOEIXO,2250,6,2001,BRASIL,1
PRHGL,HELICÓPTERO,HELIBRAS,AS 350 B3,AS50,TURBOEIXO,2250,6,2013,BRASIL,1
PRHHG,HELICÓPTERO,ROBINSON HELICOPTER,R66,R66,TURBOEIXO,1225,5,2013,BRASIL,1
PRHHH,HELICÓPTERO,ROBINSON HELICOPTER,R44 II,R44,PISTÃO,1134,3,2008,BRASIL,1
PRHIB,HELICÓPTERO,BELL HELICOPTER,206L-4,B06,TURBOEIXO,2018,7,2010,BRASIL,1
PRHID,AVIÃO,SOCATA,TBM700N,TBM7,TURBOÉLICE,3354,6,2015,BRASIL,1
PRHLB,HELICÓPTERO,BELL HELICOPTER,206L-4,B06,TURBOEIXO,2018,7,1995,BRASIL,1
PRHLS,HELICÓPTERO,MD HELICOPTERS,600N,MD60,TURBOEIXO,1860,8,2007,BRASIL,1
PRHLU,HELICÓPTERO,HELIBRAS,AS 350 B2,AS50,TURBOEIXO,2250,0,2014,BRASIL,1
PRHMA,HELICÓPTERO,BELL HELICOPTER,206L-4,B06,TURBOEIXO,2018,7,2010,BRASIL,1
PRHMB,AVIÃO,CIRRUS,SR22,SR22,PISTÃO,1542,4,2004,BRASIL,1
PRHMJ,AVIÃO,THRUSH AIRCRAFT,S2R-T34,SS2T,TURBOÉLICE,2722,2,2011,BRASIL,1
PRHMR,HELICÓPTERO,ROBINSON HELICOPTER,R66,R66,TURBOEIXO,1225,6,2011,BRASIL,1
PRHNE,HELICÓPTERO,ROBINSON HELICOPTER,R22 BETA,R22,PISTÃO,621,2,2013,BRASIL,1
PRHOA,HELICÓPTERO,ROBINSON HELICOPTER,R44,R44,PISTÃO,1088,4,1999,BRASIL,1
PRHPM,HELICÓPTERO,HELIBRAS,AS 350 B2,AS50,TURBOEIXO,2250,6,2010,BRASIL,1
PRHPR,HELICÓPTERO,ROBINSON HELICOPTER,R44 II,R44,PISTÃO,1134,4,2006,BRASIL,1
PRHQB,HELICÓPTERO,BELL HELICOPTER,206B,B06,TURBOEIXO,1451,5,1969,BRASIL,1
PRHRC,HELICÓPTERO,HELIBRAS,AS 350 B2,AS50,TURBOEIXO,2250,6,2005,BRASIL,1
PRHRI,AVIÃO,CESSNA AIRCRAFT,206H,C206,PISTÃO,1633,6,1999,BRASIL,1
PRHSC,HELICÓPTERO,HELIBRAS,AS 350 B2,AS50,TURBOEIXO,2250,7,2010,BRASIL,1
PRHSF,AVIÃO,CESSNA AIRCRAFT,T182T,C182,PISTÃO,1406,4,2001,BRASIL,1
PRHSM,AVIÃO,CESSNA AIRCRAFT,210M,C210,PISTÃO,1724,6,1977,BRASIL,1
PRHTA,HELICÓPTERO,HELIBRAS,AS 350 B2,AS50,TURBOEIXO,2250,6,2002,BRASIL,1
PRHTG,HELICÓPTERO,ROBINSON HELICOPTER,R44 II,R44,PISTÃO,1134,3,2008,BRASIL,1
PRHXH,HELICÓPTERO,ROBINSON HELICOPTER,R66,R66,TURBOEIXO,1225,5,2012,BRASIL,1
PRIAB,AVIÃO,CESSNA AIRCRAFT,A185F,C185,PISTÃO,1520,6,1975,BRASIL,1
PRIAO,AVIÃO,CIRRUS DESIGN,SR22,SR22,PISTÃO,1542,4,2007,BRASIL,1
PRIBD,AVIÃO,AIR TRACTOR,AT-502B,AT5T,TURBOÉLICE,3629,1,2013,BRASIL,1
PRIDC,AVIÃO,PIPER AIRCRAFT,PA-46-500TP,P46T,TURBOÉLICE,2310,6,2010,BRASIL,1
PRIDE,AVIÃO,CESSNA AIRCRAFT,152,C152,PISTÃO,757,2,1981,BRASIL,1
PRIDR,HELICÓPTERO,HELIBRAS,AS 350 B3,AS50,TURBOEIXO,2250,6,2009,BRASIL,1
PRIFY,AVIÃO,CESSNA AIRCRAFT,T188C,C188,PISTÃO,1995,1,1980,BRASIL,1
PRIHP,AVIÃO,CESSNA AIRCRAFT,208B,C208,TURBOÉLICE,3969,4,2009,BRASIL,1
PRIJU,HELICÓPTERO,ROBINSON HELICOPTER,R22 BETA,R22,PISTÃO,622,2,2011,BRASIL,1
PRIMD,AVIÃO,CESSNA AIRCRAFT,210,NULL,PISTÃO,1814,0,0,BRASIL,1
PRIMP,HELICÓPTERO,HELIBRAS,AS 350 B2,AS50,TURBOEIXO,2250,6,2013,BRASIL,1
PRINA,AVIÃO,CESSNA AIRCRAFT,150L,C150,PISTÃO,726,2,1972,BRASIL,1
PRINC,AVIÃO,CIRRUS DESIGN,SR22,SR22,PISTÃO,1542,4,2007,BRASIL,1
PRINR,HELICÓPTERO,ROBINSON HELICOPTER,R44 II,R44,PISTÃO,1134,4,2006,BRASIL,1
PRINS,AVIÃO,CESSNA AIRCRAFT,T188C,C188,PISTÃO,1996,1,1979,BRASIL,1
PRIOP,AVIÃO,CESSNA AIRCRAFT,172RG,C72R,PISTÃO,1202,4,1980,BRASIL,1
PRIPD,AVIÃO,CESSNA AIRCRAFT,U206G,C206,PISTÃO,1633,7,1979,BRASIL,1
PRIPM,AVIÃO,CESSNA AIRCRAFT,208B,C208,TURBOÉLICE,3969,11,2012,BRASIL,1
PRISK,AVIÃO,CESSNA AIRCRAFT,152,C152,PISTÃO,757,2,1981,BRASIL,1
PRISM,AVIÃO,ROBINSON HELICOPTER,R22 BETA,R22,PISTÃO,621,2,2003,BRASIL,1
PRITO,AVIÃO,CESSNA AIRCRAFT,210D,C210,PISTÃO,1406,6,1964,BRASIL,1
PRITQ,AVIÃO,AIR TRACTOR,AT-502B,AT5T,TURBOÉLICE,3629,1,2011,BRASIL,1
PRIUG,HELICÓPTERO,ROBINSON HELICOPTER,R44 II,R44,PISTÃO,1134,4,2013,BRASIL,1
PRIVE,HELICÓPTERO,EUROCOPTER FRANCE,EC 120 B,EC20,TURBOEIXO,1715,5,2007,BRASIL,1
PRIYI,AVIÃO,CESSNA AIRCRAFT,R182,C82R,PISTÃO,1406,4,1979,BRASIL,1
PRIZE,HELICÓPTERO,ROBINSON HELICOPTER,R66,R66,TURBOEIXO,1225,5,2013,BRASIL,1
PRJAC,HELICÓPTERO,ROBINSON HELICOPTER,R44,R44,PISTÃO,1088,4,2005,BRASIL,1
PRJAH,HELICÓPTERO,ROBINSON HELICOPTER,R44 II,R44,PISTÃO,1134,4,2011,BRASIL,1
PRJAO,AVIÃO,CESSNA AIRCRAFT,T188C,C188,PISTÃO,1996,1,1980,BRASIL,1
PRJBA,AVIÃO,CESSNA AIRCRAFT,152,C152,PISTÃO,757,2,1979,BRASIL,1
PRJBB,AVIÃO,CESSNA AIRCRAFT,152,C152,PISTÃO,757,2,1983,BRASIL,1
PRJBD,AVIÃO,CESSNA AIRCRAFT,152,C152,PISTÃO,757,2,1980,BRASIL,1
PRJBJ,HELICÓPTERO,HELIBRAS,AS 350 B3,AS50,TURBOEIXO,2250,6,2013,BRASIL,1
PRJBL,HELICÓPTERO,ROBINSON HELICOPTER,R66,R66,TURBOEIXO,1225,5,2012,BRASIL,1
PRJBM,AVIÃO,CESSNA AIRCRAFT,150L,C150,PISTÃO,726,2,1972,BRASIL,1
PRJBN,HELICÓPTERO,BELL HELICOPTER,206B,B06,TURBOEIXO,1451,5,2008,BRASIL,1
PRJCK,AVIÃO,AIR TRACTOR,AT-502B,AT5T,TURBOÉLICE,3629,1,2017,BRASIL,1
PRJCR,AVIÃO,BEECH AIRCRAFT,A36,BE36,PISTÃO,1633,6,1986,BRASIL,1
PRJCS,AVIÃO,CESSNA AIRCRAFT,T210N,C210,PISTÃO,1814,6,1984,BRASIL,1
PRJCW,AVIÃO,CIRRUS DESIGN,SR22,SR22,PISTÃO,1542,4,2009,BRASIL,1
PRJDV,AVIÃO,CESSNA AIRCRAFT,T210R,C210,PISTÃO,1860,6,1985,BRASIL,1
PRJEA,AVIÃO,CESSNA AIRCRAFT,150M,C150,PISTÃO,726,2,1975,BRASIL,1
PRJEE,AVIÃO,CESSNA AIRCRAFT,210N,C210,PISTÃO,1724,6,1980,BRASIL,1
PRJFA,AVIÃO,CESSNA AIRCRAFT,152,C152,PISTÃO,758,2,1978,BRASIL,1
PRJFS,AVIÃO,AEROMOT,AMT-600,GURI,PISTÃO,900,2,2006,BRASIL,1
PRJGA,AVIÃO,PIPER AIRCRAFT,PA-28RT-201T,P28T,PISTÃO,1315,0,1982,BRASIL,1
PRJGJ,AVIÃO,AIR TRACTOR,AT-502B,AT5T,TURBOÉLICE,3629,1,2013,BRASIL,1
PRJGM,HELICÓPTERO,HELIBRAS,AS 350 B2,AS50,TURBOEIXO,2250,6,2011,BRASIL,1
PRJHR,AVIÃO,CIRRUS,SR22,SR22,PISTÃO,1542,4,2008,BRASIL,1
PRJJC,AVIÃO,CIRRUS,SR22,SR22,PISTÃO,1633,NULL,NULL,BRASIL,1
PRJJZ,AVIÃO,CIRRUS DESIGN,SR22,SR22,PISTÃO,1542,4,2007,BRASIL,1
PRJKA,AVIÃO,AYRES CORPORATION,S-2R,SS2P,PISTÃO,2722,1,1987,BRASIL,1
PRJLA,AVIÃO,CESSNA AIRCRAFT,T188C,C188,PISTÃO,1996,1,1979,BRASIL,1
PRJLD,AVIÃO,CESSNA AIRCRAFT,A188B,C188,PISTÃO,1905,1,1976,BRASIL,1
PRJLL,HELICÓPTERO,HELIBRAS,AS 350 B2,AS50,TURBOEIXO,2250,6,2006,BRASIL,1
PRJMJ,AVIÃO,PIPER AIRCRAFT,PA-46R-350T,PA46,PISTÃO,1969,6,2010,BRASIL,1
PRJMM,HELICÓPTERO,EUROCOPTER FRANCE,EC 120 B,EC20,TURBOEIXO,1715,5,2009,BRASIL,1
PRJMP,HELICÓPTERO,ROBINSON HELICOPTER,R44 II,R44,PISTÃO,1134,4,2006,BRASIL,1
PRJMS,AVIÃO,AEROMOT,AMT-600,GURI,PISTÃO,900,2,2005,BRASIL,1
PRJNY,HELICÓPTERO,ROBINSON HELICOPTER,R44 II,R44,PISTÃO,1134,4,2010,BRASIL,1
PRJOI,AVIÃO,CESSNA AIRCRAFT,206H,C206,PISTÃO,1633,6,2000,BRASIL,1
PRJOS,AVIÃO,CESSNA AIRCRAFT,208B,C208,TURBOÉLICE,3969,2,1987,BRASIL,1
PRJPB,AVIÃO,AIR TRACTOR,AT-402B,AT3T,TURBOÉLICE,3175,1,2013,BRASIL,1
PRJPC,HELICÓPTERO,LEONARDO S.P.A,AW119MKII,A119,TURBOEIXO,2850,NULL,2020,BRASIL,1
PRJPM,AVIÃO,PIPER AIRCRAFT,PA-46R-350T,PA46,PISTÃO,1969,6,0,BRASIL,1
PRJPR,AVIÃO,CESSNA AIRCRAFT,A188B,C188,PISTÃO,1497,1,1973,BRASIL,1
PRJPY,AVIÃO,AIR TRACTOR,AT-402B,AT3T,TURBOÉLICE,3175,1,2016,BRASIL,1
PRJRG,HELICÓPTERO,ROBINSON HELICOPTER,R22 BETA,R22,PISTÃO,621,2,2004,BRASIL,1
PRJRJ,HELICÓPTERO,ROBINSON HELICOPTER,R22 BETA,R22,PISTÃO,621,2,2005,BRASIL,1
PRJRL,HELICÓPTERO,ROBINSON HELICOPTER,R44 II,R44,PISTÃO,1134,4,2008,BRASIL,1
PRJRS,AVIÃO,AIR TRACTOR,AT-402B,AT3T,TURBOÉLICE,3175,1,0,BRASIL,1
PRJSA,AVIÃO,CESSNA AIRCRAFT,U206G,C206,PISTÃO,1633,6,1980,BRASIL,1
PRJSM,AVIÃO,AIR TRACTOR,AT-502,AT5T,TURBOÉLICE,3629,1,1992,BRASIL,1
PRJTA,AVIÃO,CESSNA AIRCRAFT,T207A,C207,PISTÃO,1724,7,1978,BRASIL,1
PRJTP,AVIÃO,CIRRUS,SR22,SR22,PISTÃO,1542,4,2011,BRASIL,1
PRJTR,AVIÃO,AEROMOT,AMT-600,GURI,PISTÃO,900,2,2008,BRASIL,1
PRJVB,AVIÃO,BEECH AIRCRAFT,A36,BE36,PISTÃO,1633,6,1991,BRASIL,1
PRKAM,AVIÃO,PIPER AIRCRAFT,PA-46R-350T,PA46,PISTÃO,1969,6,2008,BRASIL,1
PRKAR,AVIÃO,CIRRUS DESIGN,SR20,SR20,PISTÃO,1383,4,2008,BRASIL,1
PRKBB,AVIÃO,CESSNA AIRCRAFT,210L,C210,PISTÃO,1724,6,1976,BRASIL,1
PRKDT,AVIÃO,PIPER AIRCRAFT,PA-28-161,P28A,PISTÃO,1107,4,1992,BRASIL,1
PRKEX,AVIÃO,HAWKER BEECHCRAFT,G36,BE36,PISTÃO,1656,6,2006,BRASIL,1
PRKIM,HELICÓPTERO,ROBINSON HELICOPTER,R44 II,R44,PISTÃO,1134,4,2005,BRASIL,1
PRKKR,AVIÃO,CESSNA AIRCRAFT,T210R,C210,PISTÃO,1860,6,1985,BRASIL,1
PRKLA,HELICÓPTERO,ROBINSON HELICOPTER,R44 II,R44,PISTÃO,1134,4,2011,BRASIL,1
PRKLG,AVIÃO,CESSNA AIRCRAFT,152,C152,PISTÃO,757,2,1982,BRASIL,1
PRKLI,HELICÓPTERO,HELIBRAS,AS 350 B2,AS50,TURBOEIXO,2250,6,2008,BRASIL,1
PRKLK,AVIÃO,CESSNA AIRCRAFT,C152,C152,PISTÃO,757,NULL,1977,BRASIL,1
PRKLP,AVIÃO,CESSNA AIRCRAFT,172L,C172,PISTÃO,1043,4,1971,BRASIL,1
PRKNA,AVIÃO,CESSNA AIRCRAFT,152,C152,PISTÃO,757,2,1979,BRASIL,1
PRKNB,AVIÃO,CESSNA AIRCRAFT,152,C152,PISTÃO,757,2,1977,BRASIL,1
PRKNE,AVIÃO,CESSNA AIRCRAFT,152,C152,PISTÃO,757,2,1978,BRASIL,1
PRKNM,HELICÓPTERO,SCHWEIZER,269C-1,H269,PISTÃO,794,2,2008,BRASIL,1
PRKPC,AVIÃO,AIR TRACTOR,AT-402B,AT3T,TURBOÉLICE,3175,1,2007,BRASIL,1
PRKPJ,AVIÃO,EXTRA FLUGZEUGPRODUKTIONS-UND VERTRIEBS,EA 300/SC,E300,PISTÃO,870,NULL,2021,BRASIL,1
PRKPS,AVIÃO,THRUSH AIRCRAFT,S2R-H80,SS2T,TURBOÉLICE,4763,1,2018,BRASIL,1
PRKRU,AVIÃO,CESSNA AIRCRAFT,A152,C152,PISTÃO,757,2,1978,BRASIL,1
PRKSF,AVIÃO,CESSNA AIRCRAFT,188B,C188,PISTÃO,1497,1,0,BRASIL,1
PRKVB,AVIÃO,CESSNA AIRCRAFT,172N,C172,PISTÃO,1043,NULL,1979,BRASIL,1
PRLAC,AVIÃO,CESSNA AIRCRAFT,T182T,C182,PISTÃO,1406,4,2007,BRASIL,1
PRLAE,AVIÃO,CIRRUS,SR22,SR22,PISTÃO,1542,4,2007,BRASIL,1
PRLAL,AVIÃO,CESSNA AIRCRAFT,A152,C152,PISTÃO,758,2,1978,BRASIL,1
PRLAX,AVIÃO,PIPER AIRCRAFT,PA-46-500TP,P46T,TURBOÉLICE,2310,6,2012,BRASIL,1
PRLAZ,AVIÃO,CIRRUS,SR22,SR22,PISTÃO,1542,4,2005,BRASIL,1
PRLBC,AVIÃO,PIPER AIRCRAFT,PA-28R-201T,P28R,PISTÃO,1315,4,1978,BRASIL,1
PRLBR,HELICÓPTERO,ROBINSON HELICOPTER,R44 II,R44,PISTÃO,1134,4,2010,BRASIL,1
PRLDL,HELICÓPTERO,ROBINSON HELICOPTER,R44 II,R44,PISTÃO,1134,4,2011,BRASIL,1
PRLDO,AVIÃO,HAWKER BEECHCRAFT,G36,BE36,PISTÃO,1656,6,2009,BRASIL,1
PRLEF,AVIÃO,CESSNA AIRCRAFT,182N,C182,PISTÃO,1338,4,0,BRASIL,1
PRLEH,ANFÍBIO,LAKE AIRCRAFT,LA-4-200,LA4,PISTÃO,1220,4,1980,BRASIL,1
PRLFA,AVIÃO,CESSNA AIRCRAFT,A188B,C188,PISTÃO,1905,1,1976,BRASIL,1
PRLFF,AVIÃO,CIRRUS,SR22,SR22,PISTÃO,1542,4,2001,BRASIL,1
PRLGA,AVIÃO,CESSNA AIRCRAFT,A188B,C188,PISTÃO,1497,1,1977,BRASIL,1
PRLGP,AVIÃO,CESSNA AIRCRAFT,210R,C210,PISTÃO,1746,6,1985,BRASIL,1
PRLGT,HELICÓPTERO,ROBINSON HELICOPTER,R22,R22,PISTÃO,621,2,2005,BRASIL,1
PRLHN,AVIÃO,CESSNA AIRCRAFT,210L,C210,PISTÃO,1975,6,0,BRASIL,1
PRLII,AVIÃO,CESSNA AIRCRAFT,210L,C210,PISTÃO,1724,6,1975,BRASIL,1
PRLIT,AVIÃO,CESSNA AIRCRAFT,210L,C210,PISTÃO,1724,6,1976,BRASIL,1
PRLIV,AVIÃO,CESSNA AIRCRAFT,210N,C210,PISTÃO,1724,0,1979,BRASIL,1
PRLJI,AVIÃO,CESSNA AIRCRAFT,210L,C210,PISTÃO,1724,6,1975,BRASIL,1
PRLJL,AVIÃO,CIRRUS DESIGN,SR20,SR20,PISTÃO,1383,4,2008,BRASIL,1
PRLJR,AVIÃO,PILATUS,PC-12/47,PC12,TURBOÉLICE,4740,10,2006,BRASIL,1
PRLJS,AVIÃO,CIRRUS DESIGN,SR22,SR22,PISTÃO,1542,4,2006,BRASIL,1
PRLKA,AVIÃO,CESSNA AIRCRAFT,A188B,C188,PISTÃO,1498,1,1975,BRASIL,1
PRLLJ,AVIÃO,CIRRUS DESIGN,SR22,SR22,PISTÃO,1542,4,2008,BRASIL,1
PRLLW,AVIÃO,CIRRUS,SR22,SR22,PISTÃO,1542,4,2006,BRASIL,1
PRLMB,AVIÃO,CESSNA AIRCRAFT,152,C152,PISTÃO,759,2,1981,BRASIL,1
PRLMC,AVIÃO,CESSNA AIRCRAFT,A188B,C188,PISTÃO,1905,1,1976,BRASIL,1
PRLNL,HELICÓPTERO,ROBINSON HELICOPTER,R44 II,R44,PISTÃO,1134,4,2007,BRASIL,1
PRLOC,HELICÓPTERO,ROBINSON HELICOPTER,R44 II,R44,PISTÃO,1134,4,2007,BRASIL,1
PRLOR,AVIÃO,CESSNA AIRCRAFT,210R,C210,PISTÃO,1747,6,1985,BRASIL,1
PRLPE,AVIÃO,CESSNA AIRCRAFT,210N,C210,PISTÃO,1724,6,1979,BRASIL,1
PRLPO,AVIÃO,CESSNA AIRCRAFT,210M,C210,PISTÃO,1724,6,1978,BRASIL,1
PRLPT,AVIÃO,BEECH AIRCRAFT,A36,BE36,PISTÃO,1633,6,1977,BRASIL,1
PRLPW,AVIÃO,CESSNA AIRCRAFT,172N,C172,PISTÃO,1043,4,1980,BRASIL,1
PRLRM,AVIÃO,CESSNA AIRCRAFT,172S,C172,PISTÃO,1157,4,2000,BRASIL,1
PRLSC,AVIÃO,CESSNA AIRCRAFT,150L,C150,PISTÃO,726,2,0,BRASIL,1
PRLSE,AVIÃO,BEECH AIRCRAFT,A36,BE36,PISTÃO,1656,6,1984,BRASIL,1
PRLSM,AVIÃO,CESSNA AIRCRAFT,210M,C210,PISTÃO,1724,6,1978,BRASIL,1
PRLSO,AVIÃO,CESSNA AIRCRAFT,210L,C210,PISTÃO,1724,6,0,BRASIL,1
PRLTB,AVIÃO,CESSNA AIRCRAFT,150L,C150,PISTÃO,726,2,1972,BRASIL,1
PRLTL,AVIÃO,COMMANDER,114,AC11,PISTÃO,1633,4,0,BRASIL,1
PRLUK,AVIÃO,CESSNA AIRCRAFT,T210R,C210,PISTÃO,1746,NULL,NULL,BRASIL,1
PRLVB,AVIÃO,CIRRUS DESIGN,SR22,SR22,PISTÃO,1542,4,2008,BRASIL,1
PRLYC,AVIÃO,CESSNA AIRCRAFT,152,C152,PISTÃO,757,2,2008,BRASIL,1
PRLYD,AVIÃO,CESSNA AIRCRAFT,T210L,C210,PISTÃO,1724,6,1975,BRASIL,1
PRMAU,AVIÃO,CESSNA AIRCRAFT,208B,C208,TURBOÉLICE,3969,11,1997,BRASIL,1
PRMCA,AVIÃO,CESSNA AIRCRAFT,T188C,C188,PISTÃO,1997,1,1979,BRASIL,1
PRMCJ,AVIÃO,CESSNA AIRCRAFT,172N,C172,PISTÃO,1043,4,1977,BRASIL,1
PRMCK,AVIÃO,PIPER AIRCRAFT,PA-46-350P,PA46,PISTÃO,1969,6,0,BRASIL,1
PRMCM,AVIÃO,CESSNA AIRCRAFT,172S,C172,PISTÃO,1157,4,1999,BRASIL,1
PRMCS,AVIÃO,AEROMOT,AMT-600,GURI,PISTÃO,900,2,2008,BRASIL,1
PRMDT,AVIÃO,CIRRUS,SR22,SR22,PISTÃO,1542,4,2011,BRASIL,1
PRMES,HELICÓPTERO,EUROCOPTER FRANCE,AS 350 B2,AS50,TURBOEIXO,2250,7,2005,BRASIL,1
PRMFM,AVIÃO,AIR TRACTOR,AT-802A,AT8T,TURBOÉLICE,7258,1,2006,BRASIL,1
PRMFP,AVIÃO,PIPER AIRCRAFT,PA-46R-350T,PA46,PISTÃO,1969,6,2011,BRASIL,1
PRMFR,AVIÃO,CESSNA AIRCRAFT,210M,C210,PISTÃO,1723,6,1977,BRASIL,1
PRMGI,AVIÃO,AIR TRACTOR,AT-402B,AT5T,TURBOÉLICE,3175,0,0,BRASIL,1
PRMGM,AVIÃO,PILATUS,PC-12/47E,PC12,TURBOÉLICE,4740,10,2009,BRASIL,1
PRMGO,AVIÃO,CESSNA AIRCRAFT,150F,C150,PISTÃO,726,2,NULL,BRASIL,1
PRMGR,AVIÃO,CESSNA AIRCRAFT,210L,C210,PISTÃO,1724,6,1974,BRASIL,1
PRMGX,AVIÃO,CESSNA AIRCRAFT,172M,C172,PISTÃO,1043,3,1972,BRASIL,1
PRMIL,HELICÓPTERO,SCHWEIZER,269C-1,H269,PISTÃO,794,2,2007,BRASIL,1
PRMIM,AVIÃO,HAWKER BEECHCRAFT,G36,BE36,PISTÃO,1656,6,2011,BRASIL,1
PRMIR,HELICÓPTERO,ROBINSON HELICOPTER,R44 II,R44,PISTÃO,1134,4,2011,BRASIL,1
PRMJA,AVIÃO,PIPER AIRCRAFT,PA-25-235,PA25,PISTÃO,1315,1,1964,BRASIL,1
PRMJF,AVIÃO,CESSNA AIRCRAFT,T182T,C182,PISTÃO,1406,4,2006,BRASIL,1
PRMJW,AVIÃO,CESSNA AIRCRAFT,152,C152,PISTÃO,757,2,1977,BRASIL,1
PRMJX,HELICÓPTERO,HELIBRAS,AS 350 B2,AS50,TURBOEIXO,2250,6,2007,BRASIL,1
PRMJZ,HELICÓPTERO,EUROCOPTER,AS 350 B2,AS50,TURBOEIXO,2250,6,2006,BRASIL,1
PRMLB,AVIÃO,CESSNA AIRCRAFT,152,C152,PISTÃO,757,2,1977,BRASIL,1
PRMLI,HELICÓPTERO,SIKORSKY AIRCRAFT,269C,H269,TURBOEIXO,930,0,2014,BRASIL,1
PRMLP,AVIÃO,AIR TRACTOR,AT-502B,AT5T,TURBOÉLICE,3629,1,2009,BRASIL,1
PRMLY,AVIÃO,CESSNA AIRCRAFT,A188B,C188,PISTÃO,1906,1,1973,BRASIL,1
PRMMC,AVIÃO,CESSNA AIRCRAFT,T206H,C206,PISTÃO,1633,6,2006,BRASIL,1
PRMMF,AVIÃO,AIR TRACTOR,AT-802A,AT8T,TURBOÉLICE,7258,1,2007,BRASIL,1
PRMNB,AVIÃO,BEECH AIRCRAFT,F33A,BE33,PISTÃO,1542,4,1990,BRASIL,1
PRMNS,AVIÃO,CESSNA AIRCRAFT,208,C208,TURBOÉLICE,3969,11,2008,BRASIL,1
PRMOB,HELICÓPTERO,ROBINSON HELICOPTER,R44 II,R44,PISTÃO,1134,4,2010,BRASIL,1
PRMPE,ANFÍBIO,CESSNA AIRCRAFT,208 ANFIBIO,C208,TURBOÉLICE,3792,10,2009,BRASIL,1
PRMPK,ANFÍBIO,CESSNA AIRCRAFT,208,C208,TURBOÉLICE,3629,10,2004,BRASIL,1
PRMPL,HELICÓPTERO,ROBINSON HELICOPTER,R44 II,R44,PISTÃO,1134,4,2009,BRASIL,1
PRMPS,HELICÓPTERO,ROBINSON HELICOPTER,R44,R44,PISTÃO,1088,4,2001,BRASIL,1
PRMPT,HELICÓPTERO,ROBINSON HELICOPTER,R44 II,R44,PISTÃO,1134,4,2011,BRASIL,1
PRMSB,AVIÃO,PIPER AIRCRAFT,PA-28-180,P28A,PISTÃO,1089,4,1969,BRASIL,1
PRMSE,AVIÃO,CIRRUS DESIGN,SR22,SR22,PISTÃO,1542,4,2007,BRASIL,1
PRMSF,AVIÃO,CESSNA AIRCRAFT,R182,C82R,PISTÃO,1406,4,1982,BRASIL,1
PRMSH,AVIÃO,CESSNA AIRCRAFT,208B,C208,TURBOÉLICE,3969,4,1998,BRASIL,1
PRMSJ,HELICÓPTERO,ROBINSON HELICOPTER,R44 II,R44,PISTÃO,1134,0,2013,BRASIL,1
PRMTB,HELICÓPTERO,ROBINSON HELICOPTER,R44 II,R44,PISTÃO,1134,4,2004,BRASIL,1
PRMTX,NULL,CESSNA AIRCRAFT,172M,C172,PISTÃO,1043,4,1975,BRASIL,1
PRMXM,HELICÓPTERO,ROBINSON HELICOPTER,R66,R66,TURBOEIXO,1225,5,2012,BRASIL,1
PRNAF,AVIÃO,PILATUS,PC-12/45,PC12,TURBOÉLICE,4500,10,2002,BRASIL,1
PRNAN,AVIÃO,PIPER AIRCRAFT,PA-46-500TP,P46T,PISTÃO,1950,6,2013,BRASIL,1
PRNAR,AVIÃO,CESSNA AIRCRAFT,172N,C172,PISTÃO,1043,0,1977,BRASIL,1
PRNAS,AVIÃO,CESSNA AIRCRAFT,A188B,C188,PISTÃO,1814,1,1973,BRASIL,1
PRNAT,AVIÃO,CIRRUS DESIGN,SR22,SR22,PISTÃO,1542,4,2005,BRASIL,1
PRNAX,AVIÃO,PIPER AIRCRAFT,PA-28-181,P28A,PISTÃO,1157,4,2001,BRASIL,1
PRNCF,AVIÃO,CESSNA AIRCRAFT,210N,C210,PISTÃO,1724,6,1981,BRASIL,1
PRNCL,AVIÃO,PIPER AIRCRAFT,PA-46-350P,PA46,PISTÃO,1950,6,2009,BRASIL,1
PRNDF,HELICÓPTERO,ROBINSON HELICOPTER,R44 II,R44,PISTÃO,1134,4,2005,BRASIL,1
PRNEA,AVIÃO,CESSNA AIRCRAFT,152,C152,PISTÃO,757,2,1978,BRASIL,1
PRNEI,AVIÃO,CESSNA AIRCRAFT,172N,C172,PISTÃO,1043,4,1979,BRASIL,1
PRNEN,AVIÃO,LAVIASA,PA-25-235,PA25,PISTÃO,1315,1,1965,BRASIL,1
PRNEO,HELICÓPTERO,EUROCOPTER,EC 130 B4,EC30,TURBOEIXO,2427,7,2004,BRASIL,1
PRNET,AVIÃO,CESSNA AIRCRAFT,172P,C172,PISTÃO,1089,4,1982,BRASIL,1
PRNEW,HELICÓPTERO,ROBINSON HELICOPTER,R44 II,R44,PISTÃO,1134,4,2005,BRASIL,1
PRNEX,AVIÃO,PIPER AIRCRAFT,PA-28-161,P28A,PISTÃO,1107,4,1982,BRASIL,1
PRNIA,HELICÓPTERO,EUROCOPTER,AS 350 B2,AS50,TURBOEIXO,2250,6,2011,BRASIL,1
PRNIJ,AVIÃO,CESSNA AIRCRAFT,150L,C150,PISTÃO,726,2,1971,BRASIL,1
PRNIS,HELICÓPTERO,EUROCOPTER,EC 130 B4,EC30,TURBOEIXO,2427,7,2008,BRASIL,1
PRNJV,AVIÃO,AIR TRACTOR,AT-502B,AT5T,TURBOÉLICE,3629,1,2010,BRASIL,1
PRNLH,AVIÃO,CESSNA AIRCRAFT,182N,C182,PISTÃO,1338,4,1970,BRASIL,1
PRNMA,HELICÓPTERO,ROBINSON HELICOPTER,R44 II,R44,PISTÃO,1134,4,2009,BRASIL,1
PRNOR,AVIÃO,CIRRUS DESIGN,SR22,SR22,PISTÃO,1542,4,2001,BRASIL,1
PRNOU,AVIÃO,PIPER AIRCRAFT,PA-28R-201T,P28R,PISTÃO,1315,4,1978,BRASIL,1
PRNPA,AVIÃO,PIPER AIRCRAFT,PA-28-161,PA28A,PISTÃO,1054,4,0,BRASIL,1
PRNPN,AVIÃO,PIPER AIRCRAFT,PA-28-161,P28A,TURBOÉLICE,1107,NULL,1981,BRASIL,1
PRNRM,HELICÓPTERO,ROBINSON HELICOPTER,R66,R66,TURBOEIXO,1225,5,2013,BRASIL,1
PRNTG,AVIÃO,AIR TRACTOR,AT-402B,AT3T,TURBOÉLICE,3175,1,2013,BRASIL,1
PRNVC,AVIÃO,CESSNA AIRCRAFT,A188B,C188,PISTÃO,1905,1,1974,BRASIL,1
PRNXT,HELICÓPTERO,ROBINSON HELICOPTER,R44 II,R44,PISTÃO,1134,4,2005,BRASIL,1
PRNYA,AVIÃO,CESSNA AIRCRAFT,210L,C210,PISTÃO,1724,6,1974,BRASIL,1
PRNZF,AVIÃO,CIRRUS DESIGN,SR20,SR20,PISTÃO,1315,4,2007,BRASIL,1
PRODE,AVIÃO,BEECH AIRCRAFT,A36,BE36,PISTÃO,1653,6,1988,BRASIL,1
PRODT,AVIÃO,BEECH AIRCRAFT,V35B,BE35,PISTÃO,1542,6,1981,BRASIL,1
PROEA,HELICÓPTERO,ROBINSON HELICOPTER,R22 BETA,R22,PISTÃO,621,2,2005,BRASIL,1
PROED,HELICÓPTERO,ROBINSON HELICOPTER,R22 BETA,R22,PISTÃO,621,2,2002,BRASIL,1
PROEE,HELICÓPTERO,ROBINSON HELICOPTER,R22 BETA,R22,PISTÃO,621,2,2008,BRASIL,1
PROFA,HELICÓPTERO,HELIBRAS,AS 350 B2,AS50,TURBOEIXO,2250,6,2004,BRASIL,1
PROFR,AVIÃO,AIR TRACTOR,AT-402A,AT3T,TURBOÉLICE,3175,1,1998,BRASIL,1
PROGE,AVIÃO,CESSNA AIRCRAFT,152,C152,PISTÃO,757,2,1984,BRASIL,1
PROGG,AVIÃO,CESSNA AIRCRAFT,172P,C172,PISTÃO,1089,4,1983,BRASIL,1
PROGM,AVIÃO,CIRRUS DESIGN,SR22,SR22,PISTÃO,1542,4,2007,BRASIL,1
PROHT,AVIÃO,CIRRUS DESIGN,SR22,SR22,PISTÃO,1542,4,2006,BRASIL,1
PROHY,HELICÓPTERO,LEONARDO S.P.A.,AW139,A139,TURBOEIXO,7000,NULL,2015,BRASIL,1
PROLA,AVIÃO,CESSNA AIRCRAFT,210L,C210,PISTÃO,1724,6,1975,BRASIL,1
PROLX,AVIÃO,CESSNA AIRCRAFT,210M,C210,PISTÃO,1724,6,1978,BRASIL,1
PROMO,HELICÓPTERO,EUROCOPTER FRANCE,AS 350 B2,AS50,TURBOEIXO,2250,6,2008,BRASIL,1
PROMZ,AVIÃO,CIRRUS DESIGN,SR22,SR22,PISTÃO,1542,4,2008,BRASIL,1
PRONU,AVIÃO,CESSNA AIRCRAFT,152,C152,PISTÃO,757,2,1978,BRASIL,1
PROPC,HELICÓPTERO,ROBINSON HELICOPTER,R44 II,R44,PISTÃO,1134,4,2008,BRASIL,1
PROPJ,AVIÃO,PIPER AIRCRAFT,PA-46-350P,PA46,PISTÃO,1950,6,1998,BRASIL,1
PROPS,HELICÓPTERO,ROBINSON HELICOPTER,R44,R44,PISTÃO,1134,4,2008,BRASIL,1
PRORA,AVIÃO,CESSNA AIRCRAFT,210L,C210,PISTÃO,1724,6,1975,BRASIL,1
PRORL,AVIÃO,CESSNA AIRCRAFT,210R,C210,PISTÃO,1746,0,1986,BRASIL,1
PRORS,AVIÃO,AIR TRACTOR,AT-502B,AT5T,TURBOÉLICE,3629,NULL,NULL,BRASIL,1
PRORT,AVIÃO,RAYTHEON AIRCRAFT,G36,BE36,PISTÃO,1656,6,2006,BRASIL,1
PRORV,AVIÃO,CESSNA AIRCRAFT,T210M,C210,PISTÃO,1724,6,1978,BRASIL,1
PROSA,AVIÃO,CESSNA AIRCRAFT,T210N,C210,PISTÃO,1814,6,1980,BRASIL,1
PROSD,AVIÃO,BEECH AIRCRAFT,A36,BE36,PISTÃO,1633,6,1978,BRASIL,1
PROTJ,AVIÃO,PIPER AIRCRAFT,PA-25-235,PA25,PISTÃO,1315,1,1971,BRASIL,1
PROTK,AVIÃO,PILATUS,PC-12,PC12,TURBOÉLICE,4740,10,2010,BRASIL,1
PROTO,AVIÃO,CIRRUS,SR22,SR22,PISTÃO,1542,4,2007,BRASIL,1
PROTT,AVIÃO,PIPER AIRCRAFT,PA-28R-201T,P28R,PISTÃO,1315,4,1978,BRASIL,1
PROZA,AVIÃO,CESSNA AIRCRAFT,152,C152,PISTÃO,757,2,1981,BRASIL,1
PRPAD,AVIÃO,AIR TRACTOR,AT-502B,AT5T,TURBOÉLICE,3629,1,2012,BRASIL,1
PRPAJ,AVIÃO,CESSNA AIRCRAFT,T182T,C182,PISTÃO,1406,4,2004,BRASIL,1
PRPAR,AVIÃO,CESSNA AIRCRAFT,A188B,C188,PISTÃO,1905,1,0,BRASIL,1
PRPAS,AVIÃO,CIRRUS,SR22,SR22,PISTÃO,1542,4,2007,BRASIL,1
PRPAV,AVIÃO,CESSNA AIRCRAFT,A188B,C188,PISTÃO,1497,1,1975,BRASIL,1
PRPAZ,ANFÍBIO,CESSNA AIRCRAFT,208 ANFIBIO,C208,TURBOÉLICE,3792,10,2004,BRASIL,1
PRPDF,HELICÓPTERO,ROBINSON HELICOPTER,R44 II,R44,PISTÃO,1134,4,2013,BRASIL,1
PRPEL,AVIÃO,CESSNA AIRCRAFT,A188B,C188,PISTÃO,1905,1,1974,BRASIL,1
PRPEX,AVIÃO,CESSNA AIRCRAFT,182A,C182,PISTÃO,1202,4,1957,BRASIL,1
PRPGC,HELICÓPTERO,ROBINSON HELICOPTER,R44 II,R44,PISTÃO,1134,4,2007,BRASIL,1
PRPHL,AVIÃO,CESSNA AIRCRAFT,150H,C150,PISTÃO,726,2,1967,BRASIL,1
PRPIC,AVIÃO,AIR TRACTOR,AT-502B,AT5T,TURBOÉLICE,3629,1,2012,BRASIL,1
PRPIL,AVIÃO,PILATUS,PC-12/47E,PC12,TURBOÉLICE,4740,10,2017,BRASIL,1
PRPIP,HELICÓPTERO,ROBINSON HELICOPTER,R44 II,R44,PISTÃO,1134,4,2009,BRASIL,1
PRPLF,HELICÓPTERO,ROBINSON HELICOPTER,R44 II,R44,PISTÃO,1134,4,2011,BRASIL,1
PRPMD,HELICÓPTERO,HELIBRAS,AS 350 B2,AS50,TURBOEIXO,2250,6,2011,BRASIL,1
PRPMJ,AVIÃO,PIPER AIRCRAFT,PA-46-500TP,P46T,TURBOÉLICE,2310,6,2013,BRASIL,1
PRPML,AVIÃO,CESSNA AIRCRAFT,208B,C208,TURBOÉLICE,3969,11,2018,BRASIL,1
PRPMM,HELICÓPTERO,AGUSTA,AW119MKII,A119,TURBOEIXO,2850,8,2009,BRASIL,1
PRPNB,HELICÓPTERO,ROBINSON HELICOPTER,R22 BETA,R22,PISTÃO,621,2,2007,BRASIL,1
PRPNT,AVIÃO,PIPER AIRCRAFT,PA-25-235,PA25,PISTÃO,1315,1,1969,BRASIL,1
PRPOL,HELICÓPTERO,HELIBRAS,AS 350 B2,AS50,TURBOEIXO,2250,6,2012,BRASIL,1
PRPOS,HELICÓPTERO,AGUSTA,AW119MKII,A119,TURBOEIXO,2850,8,2014,BRASIL,1
PRPOT,AVIÃO,AIR TRACTOR,AT-402B,AT3T,TURBOÉLICE,3175,1,2008,BRASIL,1
PRPPJ,AVIÃO,PIPER AIRCRAFT,PA-36-375,PA36,PISTÃO,2177,1,1981,BRASIL,1
PRPPT,HELICÓPTERO,AGUSTA,AW119MKII,A119,TURBOEIXO,2850,8,2008,BRASIL,1
PRPRB,AVIÃO,CESSNA AIRCRAFT,T188C,C188,PISTÃO,1996,1,1979,BRASIL,1
PRPRF,AVIÃO,CIRRUS,SR20,SR20,PISTÃO,1315,4,2000,BRASIL,1
PRPRM,AVIÃO,THRUSH AIRCRAFT,S2R-T34,SS2T,TURBOÉLICE,2722,0,2013,BRASIL,1
PRPRR,AVIÃO,CESSNA AIRCRAFT,210M,C210,PISTÃO,1724,6,1977,BRASIL,1
PRPRT,AVIÃO,CESSNA AIRCRAFT,T206H,C206,PISTÃO,1633,6,2010,BRASIL,1
PRPSS,AVIÃO,CIRRUS,SR22,SR22,PISTÃO,1542,4,2007,BRASIL,1
PRPTN,AVIÃO,PIPER AIRCRAFT,PA-25-235,PA25,PISTÃO,1315,1,1966,BRASIL,1
PRPVF,AVIÃO,PIPER AIRCRAFT,PA-32R-301T,PA32,PISTÃO,1633,NULL,NULL,BRASIL,1
PRPZA,AVIÃO,PZL-MIELEC,M18B,M18,TURBOÉLICE,5300,2,2003,BRASIL,1
PRRAB,AVIÃO,RAYTHEON AIRCRAFT,A36,BE36,PISTÃO,1633,6,2004,BRASIL,1
PRRAF,AVIÃO,RAYTHEON AIRCRAFT,A36,BE36,PISTÃO,1739,6,1999,BRASIL,1
PRRAS,AVIÃO,HAWKER BEECHCRAFT,G36,BE36,PISTÃO,1656,6,2010,BRASIL,1
PRRAT,AVIÃO,CIRRUS DESIGN,SR20,SR20,PISTÃO,1360,4,2006,BRASIL,1
PRRAW,AVIÃO,CESSNA AIRCRAFT,210L,C210,PISTÃO,1724,6,1974,BRASIL,1
PRRBA,AVIÃO,CESSNA AIRCRAFT,A188B,C188,PISTÃO,1907,1,1977,BRASIL,1
PRRCA,HELICÓPTERO,ROBINSON HELICOPTER,R22 BETA,R22,PISTÃO,621,2,2001,BRASIL,1
PRRCE,HELICÓPTERO,ROBINSON HELICOPTER,R22,R22,PISTÃO,621,2,2001,BRASIL,1
PRRCH,HELICÓPTERO,HELIBRAS,AS 350 B2,AS50,TURBOEIXO,2250,6,2009,BRASIL,1
PRRCJ,AVIÃO,CESSNA AIRCRAFT,210N,C210,PISTÃO,1724,6,1982,BRASIL,1
PRRCY,AVIÃO,CESSNA AIRCRAFT,152,C152,PISTÃO,757,2,1977,BRASIL,1
PRRCZ,AVIÃO,CESSNA AIRCRAFT,210L,C210,PISTÃO,1724,6,1974,BRASIL,1
PRRDR,HELICÓPTERO,ROBINSON HELICOPTER,R44 II,R44,PISTÃO,1134,4,2005,BRASIL,1
PRREI,AVIÃO,CIRRUS DESIGN,SR20,SR20,PISTÃO,1315,4,2008,BRASIL,1
PRREN,AVIÃO,CESSNA AIRCRAFT,A188B,C188,PISTÃO,1905,1,1976,BRASIL,1
PRRES,HELICÓPTERO,AGUSTA,AW119MKII,A119,TURBOEIXO,2850,NULL,NULL,BRASIL,1
PRRGB,HELICÓPTERO,ROBINSON HELICOPTER,R22 BETA,R22,PISTÃO,621,2,2011,BRASIL,1
PRRGF,AVIÃO,BEECH AIRCRAFT,A36,BE36,PISTÃO,1633,6,1999,BRASIL,1
PRRGM,HELICÓPTERO,ROBINSON HELICOPTER,R44 II,R44,PISTÃO,1134,4,2009,BRASIL,1
PRRGS,AVIÃO,CESSNA AIRCRAFT,152,C152,PISTÃO,757,2,1978,BRASIL,1
PRRHD,AVIÃO,CIRRUS DESIGN,SR22,SR22,PISTÃO,1542,4,2008,BRASIL,1
PRRHP,AVIÃO,PIPER AIRCRAFT,PA-32-301FT,PA32,PISTÃO,1633,NULL,NULL,BRASIL,1
PRRIA,AVIÃO,CESSNA AIRCRAFT,T206H,C206,PISTÃO,1633,6,2009,BRASIL,1
PRRIG,AVIÃO,CESSNA AIRCRAFT,150M,C150,PISTÃO,726,2,1976,BRASIL,1
PRRIU,AVIÃO,CESSNA AIRCRAFT,182T,C182,PISTÃO,1406,4,2006,BRASIL,1
PRRJO,AVIÃO,CESSNA AIRCRAFT,208B,C208,TURBOÉLICE,3969,11,2008,BRASIL,1
PRRJV,AVIÃO,BEECH AIRCRAFT,G36,BE36,PISTÃO,1656,6,2013,BRASIL,1
PRRLC,AVIÃO,CESSNA AIRCRAFT,152,C152,PISTÃO,757,2,1981,BRASIL,1
PRRLD,AVIÃO,CIRRUS,SR22,SR22,PISTÃO,1633,5,2013,BRASIL,1
PRRLX,AVIÃO,PIPER AIRCRAFT,PA-28-161,P28A,PISTÃO,1107,4,1999,BRASIL,1
PRRLZ,AVIÃO,CESSNA AIRCRAFT,172S,C172,PISTÃO,1157,4,2005,BRASIL,1
PRRMB,AVIÃO,CESSNA AIRCRAFT,208B,C208,TURBOÉLICE,3969,11,0,BRASIL,1
PRRMF,AVIÃO,CESSNA AIRCRAFT,152,C152,PISTÃO,757,2,1981,BRASIL,1
PRRMH,AVIÃO,CESSNA AIRCRAFT,T206H,C206,PISTÃO,1633,6,2005,BRASIL,1
PRRMI,AVIÃO,CESSNA AIRCRAFT,208B,C208,TURBOÉLICE,3969,11,2009,BRASIL,1
PRRMU,AVIÃO,CESSNA AIRCRAFT,208B,C208,TURBOÉLICE,3969,11,1997,BRASIL,1
PRRMY,AVIÃO,CESSNA AIRCRAFT,152,C152,PISTÃO,757,2,1977,BRASIL,1
PRRMZ,HELICÓPTERO,ROBINSON HELICOPTER,R44 II,R44,PISTÃO,1134,4,2010,BRASIL,1
PRROJ,AVIÃO,CIRRUS,SR22,SR22,PISTÃO,1542,NULL,NULL,BRASIL,1
PRRON,AVIÃO,AIR TRACTOR,AT-802A,AT8T,TURBOÉLICE,7258,1,2008,BRASIL,1
PRRPE,AVIÃO,CIRRUS,SR22,SR22,PISTÃO,1542,4,2007,BRASIL,1
PRRQF,AVIÃO,CESSNA AIRCRAFT,206H,C206,PISTÃO,1633,6,1999,BRASIL,1
PRRQL,AVIÃO,CESSNA AIRCRAFT,152,C152,PISTÃO,757,2,1979,BRASIL,1
PRRRM,AVIÃO,CESSNA AIRCRAFT,210L,C210,PISTÃO,1724,6,1975,BRASIL,1
PRRRP,AVIÃO,PIPER AIRCRAFT,PA-28R-201,P28R,PISTÃO,1247,4,1977,BRASIL,1
PRRRR,AVIÃO,AIR TRACTOR,AT-502B,AT5T,TURBOÉLICE,3629,1,2008,BRASIL,1
PRRSA,AVIÃO,AIR TRACTOR,AT-502B,AT5T,TURBOÉLICE,3629,1,2009,BRASIL,1
PRRSL,AVIÃO,AIR TRACTOR,AT-502B,AT5T,TURBOÉLICE,3629,1,2009,BRASIL,1
PRRSP,AVIÃO,THRUSH AIRCRAFT,S2R-H80,SS2T,TURBOÉLICE,4763,NULL,NULL,BRASIL,1
PRRSR,AVIÃO,PIPER AIRCRAFT,PA-32R-301,P32R,PISTÃO,1633,6,1995,BRASIL,1
PRRST,AVIÃO,CESSNA AIRCRAFT,150L,C150,PISTÃO,726,2,1972,BRASIL,1
PRRTA,ANFÍBIO,CESSNA AIRCRAFT,208 ANFIBIO,C208,TURBOÉLICE,3629,10,2004,BRASIL,1
PRRTC,ANFÍBIO,CESSNA AIRCRAFT,208 ANFIBIO,C208,TURBOÉLICE,3792,10,2012,BRASIL,1
PRRTE,AVIÃO,CESSNA AIRCRAFT,208B,C208,TURBOÉLICE,3995,NULL,NULL,BRASIL,1
PRRUY,AVIÃO,CESSNA AIRCRAFT,A188B,C188,PISTÃO,1905,1,1975,BRASIL,1
PRRVC,HELICÓPTERO,HELIBRAS,AS 350 B3,AS50,TURBOEIXO,2250,6,2012,BRASIL,1
PRRVO,AVIÃO,CESSNA AIRCRAFT,A188B,C188,PISTÃO,1498,0,1975,BRASIL,1
PRRYC,AVIÃO,CESSNA AIRCRAFT,152,C152,PISTÃO,757,2,1977,BRASIL,1
PRRZZ,HELICÓPTERO,ROBINSON HELICOPTER,R22 BETA,R22,PISTÃO,622,2,2007,BRASIL,1
PRSAB,HELICÓPTERO,ROBINSON HELICOPTER,R44 II,R44,PISTÃO,1134,4,2008,BRASIL,1
PRSAI,AVIÃO,PIPER AIRCRAFT,PA-32R-301T,PA32,PISTÃO,1633,6,2004,BRASIL,1
PRSAM,AVIÃO,BEECH AIRCRAFT,F33A,BE33,PISTÃO,1588,4,1994,BRASIL,1
PRSAN,AVIÃO,AMERICAN CHAMPION,8KCAB,BL8,PISTÃO,816,2,2010,BRASIL,1
PRSAO,AVIÃO,DIAMOND,DA20-C1,DV20,PISTÃO,800,2,2012,BRASIL,1
PRSAR,AVIÃO,CIRRUS,SR22,SR22,PISTÃO,1542,4,2008,BRASIL,1
PRSAU,AVIÃO,DIAMOND,DA20-C1,DV20,PISTÃO,800,1,2014,BRASIL,1
PRSBF,AVIÃO,CIRRUS,SR20,SR20,PISTÃO,1361,4,2007,BRASIL,1
PRSBR,AVIÃO,CESSNA AIRCRAFT,208B,C208,TURBOÉLICE,3969,11,2010,BRASIL,1
PRSCL,HELICÓPTERO,HELIBRAS,AS 350 B2,AS50,TURBOEIXO,2250,NULL,NULL,BRASIL,1
PRSCO,HELICÓPTERO,SCHWEIZER,269C-1,H269,PISTÃO,794,2,2007,BRASIL,1
PRSCT,AVIÃO,CESSNA AIRCRAFT,150M,C150,PISTÃO,726,2,1975,BRASIL,1
PRSDC,AVIÃO,CESSNA AIRCRAFT,182E,C182,PISTÃO,1270,4,1962,BRASIL,1
PRSEP,AVIÃO,CESSNA AIRCRAFT,A188B,C188,PISTÃO,1497,1,1974,BRASIL,1
PRSER,AVIÃO,AIR TRACTOR,AT-502B,AT5T,TURBOÉLICE,3629,1,2006,BRASIL,1
PRSFJ,AVIÃO,CESSA AIRCRAFT,172P,C172,PISTÃO,1089,NULL,1981,BRASIL,1
PRSFN,AVIÃO,RAYTHEON AIRCRAFT,G36,BE36,PISTÃO,1656,6,2006,BRASIL,1
PRSFS,AVIÃO,CIRRUS DESIGN,SR22,SR22,PISTÃO,1542,4,2008,BRASIL,1
PRSFT,HELICÓPTERO,ROBINSON HELICOPTER,R44 II,R44,PISTÃO,1134,4,2013,BRASIL,1
PRSGA,AVIÃO,CIRRUS,SR22,SR22,PISTÃO,1542,4,2007,BRASIL,1
PRSGO,AVIÃO,CESSNA AIRCRAFT,150M,C150,PISTÃO,726,2,1975,BRASIL,1
PRSHF,HELICÓPTERO,EUROCOPTER,EC 130 B4,EC30,TURBOEIXO,2427,7,2004,BRASIL,1
PRSIG,AVIÃO,CESSNA AIRCRAFT,T206H,C206,PISTÃO,1633,6,2011,BRASIL,1
PRSJC,AVIÃO,AMERICAN CHAMPION,7GCBC,CH7B,PISTÃO,748,2,1977,BRASIL,1
PRSKF,AVIÃO,CESSNA AIRCRAFT,172S,C172,PISTÃO,1157,4,2007,BRASIL,1
PRSKG,AVIÃO,CESSNA AIRCRAFT,172S,C172,PISTÃO,1157,4,2008,BRASIL,1
PRSKK,AVIÃO,CESSNA AIRCRAFT,152,C152,PISTÃO,726,2,0,BRASIL,1
PRSKT,AVIÃO,CESSNA AIRCRAFT,152,C152,PISTÃO,757,2,1980,BRASIL,1
PRSKV,AVIÃO,CESSNA AIRCRAFT,152,C152,PISTÃO,757,2,1981,BRASIL,1
PRSLD,AVIÃO,CESSNA AIRCRAFT,208B,C208,TURBOÉLICE,3969,11,2005,BRASIL,1
PRSLG,AVIÃO,THRUSH AIRCRAFT,S2R-H80,SS2T,TURBOÉLICE,4763,1,2013,BRASIL,1
PRSLN,AVIÃO,CESSNA AIRCRAFT,208B,C208,TURBOÉLICE,4110,11,2001,BRASIL,1
PRSLO,HELICÓPTERO,BELL HELICOPTER,407,B407,TURBOEIXO,2268,7,2004,BRASIL,1
PRSLS,AVIÃO,CIRRUS DESIGN,SR22,SR22,PISTÃO,1542,4,2007,BRASIL,1
PRSLT,AVIÃO,CESSNA AIRCRAFT,208B,C208,TURBOÉLICE,3969,11,2018,BRASIL,1
PRSLV,AVIÃO,AIR TRACTOR,AT-502B,AT5T,TURBOÉLICE,3629,1,2011,BRASIL,1
PRSMC,AVIÃO,LAVIASA,PA-25-260,PA25,PISTÃO,1315,1,2008,BRASIL,1
PRSMF,AVIÃO,CESSNA AIRCRAFT,T206H,C206,PISTÃO,1633,6,2009,BRASIL,1
PRSMH,AVIÃO,CESSNA AIRCRAFT,T210L,C210,PISTÃO,1724,6,1973,BRASIL,1
PRSMM,AVIÃO,CESSNA AIRCRAFT,208B,C208,TURBOÉLICE,3969,11,2006,BRASIL,1
PRSMU,HELICÓPTERO,HELIBRAS,AS 350 B2,AS50,TURBOEIXO,2250,6,2007,BRASIL,1
PRSMV,HELICÓPTERO,EUROCOPTER,AS 350 B2,AS50,TURBOEIXO,2250,6,2006,BRASIL,1
PRSMW,HELICÓPTERO,EUROCOPTER,AS 350 B2,AS50,TURBOEIXO,2250,6,2007,BRASIL,1
PRSNC,AVIÃO,PIPER AIRCRAFT,PA-32-301FT,PA32,PISTÃO,1633,6,2005,BRASIL,1
PRSNM,AVIÃO,CESSNA AIRCRAFT,T206H,C206,PISTÃO,1633,6,2010,BRASIL,1
PRSOD,AVIÃO,PIPER AIRCRAFT,PA-25-260,AT5T,PISTÃO,1315,1,1969,BRASIL,1
PRSOH,AVIÃO,LAVIASA,PA-25-260,PA25,PISTÃO,1315,1,1966,BRASIL,1
PRSOR,AVIÃO,AEROMOT,AMT-200SO,RF10,PISTÃO,1050,2,2007,BRASIL,1
PRSPC,AVIÃO,SOCATA,TBM700N,TBM7,TURBOÉLICE,3354,6,2012,BRASIL,1
PRSPG,HELICÓPTERO,HELIBRAS,AS 350 B2,AS50,TURBOEIXO,2250,6,2010,BRASIL,1
PRSPH,HELICÓPTERO,HELIBRAS,AS 350 B2,AS50,TURBOEIXO,2250,6,2009,BRASIL,1
PRSPI,HELICÓPTERO,HELIBRAS,AS 350 B2,AS50,TURBOEIXO,2250,6,2010,BRASIL,1
PRSRG,AVIÃO,CIRRUS DESIGN,SR22,SR22,PISTÃO,1633,NULL,NULL,BRASIL,1
PRSRL,AVIÃO,AIR TRACTOR,AT-502B,AT5T,TURBOÉLICE,3629,1,2010,BRASIL,1
PRSRM,AVIÃO,PIPER AIRCRAFT,PA-25-235,PA25,PISTÃO,1315,1,1965,BRASIL,1
PRSRR,AVIÃO,CESSNA AIRCRAFT,150L,C150,PISTÃO,726,NULL,1971,BRASIL,1
PRSSB,AVIÃO,CESSNA AIRCRAFT,208B,C208,TURBOÉLICE,4110,3,2000,BRASIL,1
PRSSJ,AVIÃO,CESSNA AIRCRAFT,T206H,C206,PISTÃO,1633,1,1996,BRASIL,1
PRSSR,AVIÃO,CESSNA AIRCRAFT,T240,COL4,PISTÃO,1634,4,2013,BRASIL,1
PRSTO,AVIÃO,CESSNA AIRCRAFT,A188B,C188,PISTÃO,1814,1,1972,BRASIL,1
PRSTW,AVIÃO,BEECH AIRCRAFT,C17L,BE17,PISTÃO,1430,4,1936,BRASIL,1
PRSUB,AVIÃO,CESSNA AIRCRAFT,A188B,C188,PISTÃO,1812,1,1973,BRASIL,1
PRSVA,AVIÃO,AIR TRACTOR,AT-402B,AT3T,TURBOÉLICE,3175,1,2005,BRASIL,1
PRTAC,AVIÃO,PIPER AIRCRAFT,PA-25-235,PA25,PISTÃO,1315,1,1964,BRASIL,1
PRTAL,AVIÃO,CESSNA AIRCRAFT,T210N,C210,PISTÃO,1814,6,1979,BRASIL,1
PRTAR,AVIÃO,AIR TRACTOR,AT-502B,AT5T,TURBOÉLICE,3629,1,2013,BRASIL,1
PRTBE,AVIÃO,PIPER AIRCRAFT,PA-36-375,PA36,PISTÃO,2177,1,1981,BRASIL,1
PRTBT,AVIÃO,CESSNA AIRCRAFT,152,C152,PISTÃO,757,NULL,NULL,BRASIL,1
PRTCC,AVIÃO,CESSNA AIRCRAFT,T210N,C210,PISTÃO,1814,6,1980,BRASIL,1
PRTCE,AVIÃO,LAVIASA,PA-25-235,PA25,PISTÃO,1315,1,1965,BRASIL,1
PRTEL,AVIÃO,CESSNA AIRCRAFT,172P,C172,PISTÃO,1089,4,1980,BRASIL,1
PRTGR,AVIÃO,CESSNA AIRCRAFT,A188B,C188,PISTÃO,1905,1,1977,BRASIL,1
PRTHI,AVIÃO,CESSNA AIRCRAFT,152,C152,PISTÃO,757,2,1977,BRASIL,1
PRTHR,HELICÓPTERO,ROBINSON HELICOPTER,R22 BETA,R22,PISTÃO,621,2,2012,BRASIL,1
PRTHT,AVIÃO,CESSNA AIRCRAFT,A188B,C188,PISTÃO,1905,1,1976,BRASIL,1
PRTIB,HELICÓPTERO,ROBINSON HELICOPTER,R44 II,R44,PISTÃO,1134,4,2009,BRASIL,1
PRTJE,AVIÃO,LAVIASA,PA-25-260,PA25,PISTÃO,1315,1,2012,BRASIL,1
PRTLA,AVIÃO,CESSNA AIRCRAFT,172N,C172,PISTÃO,1043,5,NULL,BRASIL,1
PRTLV,AVIÃO,CIRRUS DESIGN,SR22,SR22,PISTÃO,1542,5,2012,BRASIL,1
PRTMV,HELICÓPTERO,ROBINSON HELICOPTER,R22 BETA,R22,PISTÃO,621,2,2007,BRASIL,1
PRTNB,HELICÓPTERO,ROBINSON HELICOPTER,R44 II,R44,PISTÃO,1134,4,2004,BRASIL,1
PRTNO,AVIÃO,AIR TRACTOR,AT-402A,AT3T,TURBOÉLICE,3175,1,2017,BRASIL,1
PRTNT,AVIÃO,THRUSH AIRCRAFT,S2R-T34,SS2T,TURBOÉLICE,2722,1,2012,BRASIL,1
PRTOD,HELICÓPTERO,HELIBRAS,AS 350 B2,AS50,TURBOEIXO,2250,6,2009,BRASIL,1
PRTON,AVIÃO,CIRRUS DESIGN,SR20,SR20,PISTÃO,1361,4,2007,BRASIL,1
PRTOO,AVIÃO,PIPER AIRCRAFT,PA-46R-350T,PA46,PISTÃO,1969,6,2010,BRASIL,1
PRTOR,AVIÃO,BEECH AIRCRAFT,A36,BE36,PISTÃO,1633,6,1979,BRASIL,1
PRTOS,HELICÓPTERO,ROBINSON HELICOPTER,R44 II,R44,PISTÃO,1134,4,2006,BRASIL,1
PRTOT,AVIÃO,CESSNA AIRCRAFT,172R,C172,PISTÃO,1111,4,1997,BRASIL,1
PRTOY,AVIÃO,CIRRUS DESIGN,SR20,SR20,PISTÃO,1361,4,2004,BRASIL,1
PRTPL,AVIÃO,AIR TRACTOR,AT-502B,AT5T,TURBOÉLICE,3629,1,2012,BRASIL,1
PRTPW,AVIÃO,PIPER AIRCRAFT,PA-32R-301T,PA32,PISTÃO,1633,6,1997,BRASIL,1
PRTRA,AVIÃO,CESSNA AIRCRAFT,A188B,C188,PISTÃO,1905,1,1976,BRASIL,1
PRTRC,AVIÃO,CIRRUS,SR22,SR22,PISTÃO,1542,4,2008,BRASIL,1
PRTRE,AVIÃO,PIPER AIRCRAFT,PA-36-375,PA36,PISTÃO,1769,1,1979,BRASIL,1
PRTRK,HELICÓPTERO,ROBINSON HELICOPTER,R44 II,R44,PISTÃO,1134,4,2007,BRASIL,1
PRTRX,AVIÃO,PIPER AIRCRAFT,PA-46R-350T,PA46,PISTÃO,1969,6,2009,BRASIL,1
PRTSI,AVIÃO,CIRRUS DESIGN,SR22,SR22,PISTÃO,1542,5,2012,BRASIL,1
PRTSM,AVIÃO,CESSNA AIRCRAFT,152,C152,PISTÃO,757,2,1977,BRASIL,1
PRTUN,HELICÓPTERO,ROBINSON HELICOPTER,R44 II,R44,PISTÃO,1134,4,2008,BRASIL,1
PRTVE,AVIÃO,PIPER AIRCRAFT,PA-36-375,PA36,PISTÃO,1769,1,1982,BRASIL,1
PRTXE,AVIÃO,PIPER AIRCRAFT,PA-25-235,PA25,PISTÃO,1315,1,1968,BRASIL,1
PRTXG,AVIÃO,CESSNA AIRCRAFT,172RG,C72R,PISTÃO,1202,4,1980,BRASIL,1
PRTXH,AVIÃO,CESSNA AIRCRAFT,152,C152,PISTÃO,757,2,1977,BRASIL,1
PRTZA,AVIÃO,AIR TRACTOR,AT-502B,AT5T,TURBOÉLICE,3629,1,2019,BRASIL,1
PRUAM,AVIÃO,CESSNA AIRCRAFT,A188B,C188,PISTÃO,1497,1,1975,BRASIL,1
PRUBJ,AVIÃO,CESSNA AIRCRAFT,A188B,C188,PISTÃO,1497,1,1976,BRASIL,1
PRUDI,AVIÃO,CESSNA AIRCRAFT,152,C152,PISTÃO,757,2,1978,BRASIL,1
PRUMO,HELICÓPTERO,ROBINSON HELICOPTER,R44 II,R44,PISTÃO,1134,4,2010,BRASIL,1
PRUNO,AVIÃO,CESSNA AIRCRAFT,152,C152,PISTÃO,757,2,1980,BRASIL,1
PRUTA,HELICÓPTERO,EUROCOPTER FRANCE,AS 350 BA,AS50,TURBOEIXO,2100,6,1995,BRASIL,1
PRUTJ,HELICÓPTERO,ROBINSON HELICOPTER,R22 BETA,R22,PISTÃO,621,2,1994,BRASIL,1
PRVAH,AVIÃO,AIR TRACTOR,AT-502B,AT5T,TURBOÉLICE,3629,1,2013,BRASIL,1
PRVAI,AVIÃO,CIRRUS,SR22,SR22,PISTÃO,1542,4,2007,BRASIL,1
PRVAJ,AVIÃO,AIR TRACTOR,AT-502B,AT5T,TURBOÉLICE,3629,1,2013,BRASIL,1
PRVAL,AVIÃO,CESSNA AIRCRAFT,208B,C208,TURBOÉLICE,3969,11,2003,BRASIL,1
PRVAR,AVIÃO,AIR TRACTOR,AT-502B,AT5T,TURBOÉLICE,3629,1,2012,BRASIL,1
PRVAS,HELICÓPTERO,ROBINSON HELICOPTER,R66,R66,TURBOEIXO,1225,5,2012,BRASIL,1
PRVAT,AVIÃO,CESSNA AIRCRAFT,152,C152,PISTÃO,757,2,1982,BRASIL,1
PRVAU,AVIÃO,AIR TRACTOR,AT-502B,AT5T,TURBOÉLICE,3629,NULL,NULL,BRASIL,1
PRVCE,AVIÃO,CESSNA AIRCRAFT,208B,C208,TURBOÉLICE,3969,2,2007,BRASIL,1
PRVCI,AVIÃO,CESSNA AIRCRAFT,208B,C208,TURBOÉLICE,3969,2,2008,BRASIL,1
PRVDA,AVIÃO,PIPER AIRCRAFT,PA-46-350P,PA46,PISTÃO,1968,6,2007,BRASIL,1
PRVDB,AVIÃO,CESSNA AIRCRAFT,208B,C208,TURBOÉLICE,3969,NULL,NULL,BRASIL,1
PRVDV,AVIÃO,CIRRUS DESIGN,SR20,SR20,PISTÃO,1361,4,2007,BRASIL,1
PRVEC,AVIÃO,CESSNA AIRCRAFT,172M,C172,PISTÃO,1043,4,NULL,BRASIL,1
PRVET,AVIÃO,CIRRUS,SR22,SR22,PISTÃO,1542,4,2006,BRASIL,1
PRVFA,AVIÃO,CIRRUS DESIGN,SR22,SR22,PISTÃO,1542,4,2007,BRASIL,1
PRVFE,AVIÃO,CESSNA AIRCRAFT,172RG,C72R,PISTÃO,1202,4,1982,BRASIL,1
PRVIA,HELICÓPTERO,ROBINSON HELICOPTER,R44 II,R44,PISTÃO,1134,4,2008,BRASIL,1
PRVIU,AVIÃO,CIRRUS,SR22,SR22,PISTÃO,1542,4,2004,BRASIL,1
PRVIV,AVIÃO,CIRRUS,SR22,SR22,PISTÃO,1542,4,2003,BRASIL,1
PRVIX,AVIÃO,THRUSH AIRCRAFT,S2R-T34,SS2T,TURBOÉLICE,2722,1,2013,BRASIL,1
PRVJD,AVIÃO,CESSNA AIRCRAFT,T206H,C206,PISTÃO,1724,6,NULL,BRASIL,1
PRVJF,AVIÃO,CESSNA AIRCRAFT,172RG,C72R,PISTÃO,1202,4,1982,BRASIL,1
PRVJM,AVIÃO,CESSNA AIRCRAFT,210N,C210,PISTÃO,1724,6,1981,BRASIL,1
PRVJO,AVIÃO,CESSNA AIRCRAFT,152,C152,PISTÃO,758,2,1978,BRASIL,1
PRVMG,AVIÃO,CESSNA AIRCRAFT,210N,C210,PISTÃO,1724,0,1984,BRASIL,1
PRVMI,AVIÃO,CIRRUS DESIGN,SR22,SR22,PISTÃO,1633,5,2013,BRASIL,1
PRVNB,AVIÃO,THRUSH AIRCRAFT,S2R-H80,SS2T,TURBOÉLICE,4763,1,2013,BRASIL,1
PRVNZ,AVIÃO,PILATUS,PC-12/47E,PC12,TURBOÉLICE,4740,10,2016,BRASIL,1
PRVOB,AVIÃO,CESSNA AIRCRAFT,152,C152,PISTÃO,757,2,1977,BRASIL,1
PRVOO,AVIÃO,CESSNA AIRCRAFT,150K,C150,PISTÃO,726,2,1970,BRASIL,1
PRVOY,AVIÃO,CESSNA AIRCRAFT,172S,C172,PISTÃO,1157,4,2006,BRASIL,1
PRVOZ,AVIÃO,CESSNA AIRCRAFT,152,C152,PISTÃO,757,2,1978,BRASIL,1
PRVPI,AVIÃO,CESSNA AIRCRAFT,T210L,C210,PISTÃO,1724,6,1975,BRASIL,1
PRVPR,AVIÃO,AIR TRACTOR,AT-502B,AT5T,TURBOÉLICE,3629,1,2018,BRASIL,1
PRVRB,AVIÃO,PIPER AIRCRAFT,PA-46-350P,PA46,PISTÃO,1950,6,2008,BRASIL,1
PRVRM,NULL,PIPER AIRCRAFT,PA-28-161,P28A,PISTÃO,1055,4,1977,BRASIL,1
PRVRT,AVIÃO,AIR TRACTOR,AT-402A,AT3T,TURBOÉLICE,3175,1,2004,BRASIL,1
PRVSB,AVIÃO,BEECH AIRCRAFT,F33A,BE33,PISTÃO,1542,4,1994,BRASIL,1
PRVTF,AVIÃO,PIPER AIRCRAFT,PA-46-500TP,P46T,TURBOÉLICE,2310,6,2016,BRASIL,1
PRVTR,AVIÃO,CESSNA AIRCRAFT,208B,C208,TURBOÉLICE,3969,11,1998,BRASIL,1
PRVVC,HELICÓPTERO,ROBINSON HELICOPTER,R44 II,R44,PISTÃO,1134,4,2009,BRASIL,1
PRVVZ,AVIÃO,CIRRUS,SR22,SR22,PISTÃO,1542,4,2006,BRASIL,1
PRVZE,AVIÃO,PILATUS,PC-12/47E,PC12,TURBOÉLICE,4740,10,2009,BRASIL,1
PRWAG,AVIÃO,CESSNA AIRCRAFT,A188B,C188,PISTÃO,1497,1,1975,BRASIL,1
PRWAJ,AVIÃO,CIRRUS,SR22,SR22,PISTÃO,1542,4,2005,BRASIL,1
PRWAR,AVIÃO,CESSNA AIRCRAFT,A188B,C188,PISTÃO,1497,1,1975,BRASIL,1
PRWBV,AVIÃO,PILATUS,PC-12,PC12,TURBOÉLICE,4740,10,2009,BRASIL,1
PRWCO,AVIÃO,CESSNA AIRCRAFT,T210N,C210,PISTÃO,1814,6,1983,BRASIL,1
PRWDB,AVIÃO,CESSNA AIRCRAFT,150M,C150,PISTÃO,726,2,1974,BRASIL,1
PRWDK,AVIÃO,CESSNA AIRCRAFT,A188B,C188,PISTÃO,1905,1,1976,BRASIL,1
PRWGC,AVIÃO,AIR TRACTOR,AT-502B,AT5T,TURBOÉLICE,3629,1,2016,BRASIL,1
PRWGS,HELICÓPTERO,ROBINSON HELICOPTER,R44 II,R44,PISTÃO,1134,4,2004,BRASIL,1
PRWHH,HELICÓPTERO,ROBINSON HELICOPTER,R66,R66,TURBOEIXO,1225,5,2013,BRASIL,1
PRWHZ,AVIÃO,CESSNA AIRCRAFT,172P,C172,PISTÃO,1089,4,1981,BRASIL,1
PRWIL,AVIÃO,CIRRUS DESIGN,SR20,SR20,PISTÃO,1361,4,2006,BRASIL,1
PRWIZ,AVIÃO,PIPER AIRCRAFT,PA-25-235,PA25,PISTÃO,1315,1,1976,BRASIL,1
PRWKK,AVIÃO,LAVIASA,PA-25-260,PA25,PISTÃO,1315,1,1999,BRASIL,1
PRWLL,AVIÃO,CESSNA AIRCRAFT,150L,C150,PISTÃO,0,2,1972,BRASIL,1
PRWMM,AVIÃO,CESSNA AIRCRAFT,R182,C82R,PISTÃO,1406,4,1978,BRASIL,1
PRWMS,HELICÓPTERO,ROBINSON HELICOPTER,R44 II,R44,PISTÃO,1134,4,2006,BRASIL,1
PRWNL,AVIÃO,BEECH AIRCRAFT,A36,BE36,PISTÃO,1633,6,2000,BRASIL,1
PRWOT,AVIÃO,CESSNA AIRCRAFT,208B,C208,TURBOÉLICE,3969,11,2010,BRASIL,1
PRWOW,AVIÃO,CIRRUS,SR22,SR22,PISTÃO,1542,4,2005,BRASIL,1
PRWRG,AVIÃO,AIR TRACTOR,AT-402B,AT3T,TURBOÉLICE,3175,1,2011,BRASIL,1
PRWRV,AVIÃO,CESSNA AIRCRAFT,210L,C210,PISTÃO,1724,6,1973,BRASIL,1
PRWSA,AVIÃO,CESSNA AIRCRAFT,172P,C172,PISTÃO,1089,4,1981,BRASIL,1
PRWTW,AVIÃO,PIPER AIRCRAFT,PA-32R-301T,PA32,PISTÃO,1633,6,2003,BRASIL,1
PRWVT,HELICÓPTERO,EUROCOPTER,EC 130 B4,EC30,TURBOEIXO,2427,NULL,NULL,BRASIL,1
PRWVW,HELICÓPTERO,ROBINSON HELICOPTER,R44 II,R44,PISTÃO,1134,4,2010,BRASIL,1
PRWYN,AVIÃO,HAWKER BEECHCRAFT,G36,BE36,PISTÃO,1656,6,2011,BRASIL,1
PRWZR,AVIÃO,CESSNA AIRCRAFT,208B,C208,TURBOÉLICE,3995,NULL,NULL,BRASIL,1
PRWZW,AVIÃO,MOONEY AIRCRAFT,M20M,M20T,PISTÃO,1453,4,1998,BRASIL,1
PRWZZ,HELICÓPTERO,ROBINSON HELICOPTER,R44 II,R44,PISTÃO,1134,4,2013,BRASIL,1
PRXEU,AVIÃO,AIR TRACTOR,AT-502B,AT5T,TURBOÉLICE,3629,1,2011,BRASIL,1
PRXFG,AVIÃO,CESSNA AIRCRAFT,150F,C150,PISTÃO,726,0,1966,BRASIL,1
PRXIC,AVIÃO,CESSNA AIRCRAFT,T210N,C210,PISTÃO,1814,6,1984,BRASIL,1
PRXIG,AVIÃO,AIR TRACTOR,AT-502B,AT5T,TURBOÉLICE,3629,1,2019,BRASIL,1
PRXII,AVIÃO,CESSNA AIRCRAFT,T206H,C206,PISTÃO,1633,NULL,NULL,BRASIL,1
PRXLX,AVIÃO,EXTRA FLUGZEUGPRODUKTIONS-UND VERTRIEBS,EA 300/LC,E300,PISTÃO,950,2,0,BRASIL,1
PRXXX1,AVIÃO,CESSNA AIRCRAFT,210,NULL,PISTÃO,1720,0,0,BRASIL,1
PRXYZ,HELICÓPTERO,ROBINSON HELICOPTER,R44 II,R44,PISTÃO,1134,4,2006,BRASIL,1
PRYCB,HELICÓPTERO,HELIBRAS,AS 350 B2,AS50,TURBOEIXO,2250,7,2010,BRASIL,1
PRYCJ,HELICÓPTERO,MD HELICOPTERS,600N,MD60,TURBOEIXO,1860,7,2007,BRASIL,1
PRYFF,HELICÓPTERO,HELIBRAS,AS 350 B2,AS50,TURBOEIXO,2250,6,2002,BRASIL,1
PRYFM,HELICÓPTERO,HELIBRAS,AS 350 B3,AS50,TURBOEIXO,2250,6,2005,BRASIL,1
PRYHB,HELICÓPTERO,EUROCOPTER,EC 130 B4,EC30,TURBOEIXO,2427,7,2002,BRASIL,1
PRYKS,AVIÃO,CESSNA AIRCRAFT,182K,C182,PISTÃO,1270,5,1967,BRASIL,1
PRYLA,AVIÃO,THRUSH AIRCRAFT,NULL,SS2T,TURBOÉLICE,4763,1,2017,BRASIL,1
PRYMO,HELICÓPTERO,ROBINSON HELICOPTER,R22 BETA,R22,PISTÃO,621,2,1989,BRASIL,1
PRYSJ,HELICÓPTERO,HELIBRAS,AS 350 B2,AS50,TURBOEIXO,2250,6,2004,BRASIL,1
PRYSM,AVIÃO,CESSNA AIRCRAFT,152,C152,PISTÃO,757,2,0,BRASIL,1
PRYZY,AVIÃO,MOONEY AIRCRAFT,M20K,M20T,PISTÃO,1419,4,1997,BRASIL,1
PRZAC,AVIÃO,KAIO AMARAL RANGEL,RV-7,ZZZZ,PISTÃO,816,2,2010,BRASIL,1
PRZAD,DIRIGÍVEL,AIRSHIP DO BRASIL - IND. E SERV. ESP.,ADB-3-3,SHIP,PISTÃO,181,0,2020,BRASIL,1
PRZAI,AVIÃO,AEROCENTRO AERONAVES,RV-10,ZZZZ,PISTÃO,1224,4,2013,BRASIL,1
PRZAL,AVIÃO,(INPAER) INDÚSTRIA PAULISTA DE AERONÁUTICA,EXPLORER,ZZZZ,PISTÃO,1200,4,2013,BRASIL,1
PRZAQ,AVIÃO,FLYER,RV-10,ZZZZ,PISTÃO,1224,4,2013,BRASIL,1
PRZBG,AVIÃO,(INPAER) INDÚSTRIA PAULISTA DE AERONÁUTICA,EXPLORER,ZZZZ,PISTÃO,1200,4,2013,BRASIL,1
PRZBJ,AVIÃO,MARCOS LEE TEIXEIRA MORENO,RV-10,ZZZZ,PISTÃO,1224,4,2011,BRASIL,1
PRZBL,AVIÃO,SARI MARIANA COSTA GASPAR,RV-10,ZZZZ,PISTÃO,1224,4,2011,BRASIL,1
PRZBQ,AVIÃO,FLYER INDUSTRIA AERONAUTICA LTDA,RV-10,ZZZZ,PISTÃO,1224,4,2013,BRASIL,1
PRZBS,AVIÃO,FLYER,RV-10,ZZZZ,PISTÃO,1224,4,2013,BRASIL,1
PRZCM,AVIÃO,DOREEDSON RIBEIRO PEREIRA,RV-10,ZZZZ,PISTÃO,1224,4,2011,BRASIL,1
PRZDJ,AVIÃO,Jader Rocha Dutra,WEGA XP-400,ZZZZ,PISTÃO,910,2,NULL,BRASIL,1
PRZDL,AVIÃO,NATURAL WATER IND. COM. LTDA ME,RV-10,ZZZZ,PISTÃO,1224,4,2012,BRASIL,1
PRZER,AVIÃO,NEIVA,REGENTE -42 ELO,ZZZZ,PISTÃO,1040,3,1986,BRASIL,1
PRZET,AVIÃO,LAURO ANTONIO LUZA,RV-10,ZZZZ,PISTÃO,1225,4,2010,BRASIL,1
PRZEZ,AVIÃO,IBRAEX COMERCIO E IMPORTACAO DE AERONAVES,RV-10,ZZZZ,PISTÃO,1224,4,2013,BRASIL,1
PRZFG,AVIÃO,FERNANDO SOARES GURGEL,RV-10,ZZZZ,PISTÃO,1224,4,2012,BRASIL,1
PRZFO,AVIÃO,JOSÉ AZEVEDO BAPTISTA,7SLX,ZZZZ,TURBOÉLICE,2086,6,NULL,BRASIL,1
PRZGN,AVIÃO,LUCILENE AMARAL RANGEL,RV-10,ZZZZ,PISTÃO,1224,4,2012,BRASIL,1
PRZHC,AVIÃO,RUPERT INDUSTRIA AERONAUTICA,RV-10,ZZZZ,PISTÃO,1224,4,2012,BRASIL,1
PRZHD,AVIÃO,MARCELO QUEIROZ DUARTE,RV-10,ZZZZ,PISTÃO,1224,4,2012,BRASIL,1
PRZHQ,AVIÃO,FLYER,RV-10,ZZZZ,PISTÃO,1224,4,2015,BRASIL,1
PRZHW,AVIÃO,DENNIS E. MOELLMAN,FOXTROT 4,ZZZZ,PISTÃO,1440,4,NULL,BRASIL,1
PRZIG,AVIÃO,IGNACY GOLDFELD,PITTS S-1-11B,ZZZZ,PISTÃO,684,1,0,BRASIL,1
PRZIP,AVIÃO,GUILHERME SIMÕES CRUZ,RV-10,ZZZZ,PISTÃO,1224,NULL,2011,BRASIL,1
PRZJO,AVIÃO,DESCONHECIDO,BEARHAWK,ZZZZ,PISTÃO,1134,NULL,NULL,BRASIL,1
PRZJQ,AVIÃO,FLYER INDUSTRIA AERONAUTICA LTDA,RV-10,ZZZZ,PISTÃO,1224,5,0,BRASIL,1
PRZJW,AVIÃO,INPAER - Indústria Paulista de Partes e,EXPLORER,ZZZZ,PISTÃO,1500,4,2015,BRASIL,1
PRZLB,AVIÃO,VALESSA BRINGHENTI,RV-10,ZZZZ,PISTÃO,1224,4,0,BRASIL,1
PRZLO,AVIÃO,Aloizio Rodrigues,RV-10,ZZZZ,PISTÃO,1224,4,NULL,BRASIL,1
PRZLV,AVIÃO,FLYER,RV-10,ZZZZ,PISTÃO,1224,4,2013,BRASIL,1
PRZMH,AVIÃO,HAROLDO CARNEIRO LEAO SOBRINHO,RV-7,ZZZZ,PISTÃO,816,2,2012,BRASIL,1
PRZMP,AVIÃO,SUZANE MARI PIANA,RV-10,ZZZZ,PISTÃO,1224,4,2013,BRASIL,1
PRZMW,AVIÃO,WILLIAM DA SILVA MATIAS,RV-10,ZZZZ,PISTÃO,1230,4,2011,BRASIL,1
PRZMZ,AVIÃO,FLYER INDUSTRIA AERONAUTICA LTDA,RV-10,ZZZZ,PISTÃO,1224,4,0,BRASIL,1
PRZND,AVIÃO,JADER ROCHA DUTRA,TUCANO RÉPLICA,NULL,TURBOÉLICE,650,NULL,2019,BRASIL,1
PRZNP,AVIÃO,ROBERT MOHR,PITTS SPECIAL,ZZZZ,PISTÃO,522,1,1988,BRASIL,1
PRZOP,AVIÃO,EDEVALDO MARTINS FERREIRA,RV-10,ZZZZ,PISTÃO,1224,4,2012,BRASIL,1
PRZPA,AVIÃO,FLYER,RV-10,ZZZZ,PISTÃO,1224,4,2012,BRASIL,1
PRZPG,AVIÃO,PETROLIFT AVIA SVCS INC OF NC,LEGACY L2K,ZZZZ,PISTÃO,998,2,2005,BRASIL,1
PRZQA,AVIÃO,PAULO R. M. MAIA,COZY MARK IV,ZZZZ,PISTÃO,930,4,2017,BRASIL,1
PRZRA,AVIÃO,ROGER AGNELLI,CA-9,ZZZZ,TURBOÉLICE,3900,8,2012,BRASIL,1
PRZRB,AVIÃO,JOSE ROBERTO BARBOSA,BUMERANGUE EX-27 CROSS-CONTRY,ZZZZ,PISTÃO,1260,4,2011,BRASIL,1
PRZRE,ANFÍBIO,ANDRE ALEXANDRE FERDINAND DE REYNIER,SEAWIND,ZZZZ,PISTÃO,3160,5,2010,BRASIL,1
PRZRR,HELICÓPTERO,STOCO AVIAÇÃO,300LS HUMMINGBIRD,ZZZZ,PISTÃO,1270,4,0,BRASIL,1
PRZRT,AVIÃO,JAMES F GUZMAN,CHRISTEN EAGLE II,ZZZZ,PISTÃO,726,2,1982,BRASIL,1
PRZSF,AVIÃO,AEROCENTRO,RV-10,ZZZZ,PISTÃO,1224,4,0,BRASIL,1
PRZSL,AVIÃO,INPAER INDÚSTRIA PAULISTA DE AERONÁUTICA,EXPLORER,ZZZZ,PISTÃO,1200,4,0,BRASIL,1
PRZSZ,AVIÃO,CARLOS ALBERTO VALENTE,EXPLORER,ZZZZ,PISTÃO,1200,4,2012,BRASIL,1
PRZTE,AVIÃO,JIM DICKINSON,CHRISTEN EAGLE II,ZZZZ,PISTÃO,726,2,1982,BRASIL,1
PRZTL,AVIÃO,MELO TRANSPORTES E LOGISTICA LTDA,RV-10,ZZZZ,PISTÃO,1224,4,2011,BRASIL,1
PRZTZ,AVIÃO,NULL,RV-10,ZZZZ,PISTÃO,1224,NULL,NULL,BRASIL,1
PRZVM,AVIÃO,VINICIUS DE MIRANDA,RV-7A,ZZZZ,PISTÃO,816,2,2012,BRASIL,1
PRZVO,AVIÃO,FLYER,RV-10,ZZZZ,PISTÃO,1224,4,2018,BRASIL,1
PRZVT,AVIÃO,VICTOR BORIOLI YANCOVITZ,RV-7,ZZZZ,PISTÃO,816,2,0,BRASIL,1
PRZVX,AVIÃO,SLICK AIRCRAFT COMPANY,SLICK 540,ZZZZ,PISTÃO,795,1,NULL,BRASIL,1
PRZXZ,HELICÓPTERO,SAFARI HELICOPTER CO. INTERNATIONAL,SAFARI,ZZZZ,PISTÃO,703,2,2010,BRASIL,1
PSAAT,AVIÃO,AIR TRACTOR,AT-402B,AT3T,TURBOÉLICE,3175,1,2022,BRASIL,1
PSABC,AVIÃO,THRUSH AIRCRAFT,S2R-T34,SS2T,TURBOÉLICE,4762,NULL,2020,BRASIL,1
PSABN,AVIÃO,EMBRAER,EMB-203,IPAN,PISTÃO,1900,NULL,2023,BRASIL,1
PSAGF,AVIÃO,AIR TRACTOR,AT-602,AT6T,TURBOÉLICE,5670,1,0,BRASIL,1
PSAGN,AVIÃO,EMBRAER,EMB-203,IPAN,PISTÃO,1900,NULL,2024,BRASIL,1
PSAHL,HELICÓPTERO,BELL HELICOPTER,407,B407,TURBOEIXO,2381,NULL,2023,BRASIL,1
PSALM,AVIÃO,PIPER AIRCRAFT,PA-46-600TP,P46T,TURBOÉLICE,2722,NULL,2017,BRASIL,1
PSAML,AVIÃO,CESSNA AIRCRAFT,208B,C208,TURBOÉLICE,3969,NULL,2008,BRASIL,1
PSAMZ,AVIÃO,TEXTRON AVIATION,208B,C208,TURBOÉLICE,3995,11,0,BRASIL,1
PSARC,AVIÃO,PILATUS,PC-12/47E,PC12,TURBOÉLICE,4740,0,2022,BRASIL,1
PSARG,AVIÃO,AIR TRACTOR,AT-502A,AT5T,TURBOÉLICE,3629,NULL,2022,BRASIL,1
PSAVB,AVIÃO,COSTRUZIONI AERONAUTICHE TECNAM S.R.L.,P-MENTOR,NULL,PISTÃO,720,2,2024,BRASIL,1
PSAVI,AVIÃO,AIR TRACTOR,AT-402A,AT3T,TURBOÉLICE,3175,0,2020,BRASIL,1
PSAVX,AVIÃO,AIR TRACTOR,AT-402A,AT3T,TURBOÉLICE,3175,0,2019,BRASIL,1
PSBDF,HELICÓPTERO,HELIBRAS,AS 350 B3,AS50,TURBOEIXO,2370,NULL,2023,BRASIL,1
PSBIG,AVIÃO,CESSNA AIRCRAFT,208B,C208,TURBOÉLICE,3969,NULL,2020,BRASIL,1
PSBSS,AVIÃO,CESSNA AIRCRAFT,208B,C208,TURBOÉLICE,4111,10,0,BRASIL,1
PSBSV,AVIÃO,PIPER AIRCRAFT,PA-46-500TP,P46T,TURBOÉLICE,2310,6,0,BRASIL,1
PSBTZ,AVIÃO,PIPER AIRCRAFT,PA-46-500TP,P46T,TURBOÉLICE,2310,NULL,2010,BRASIL,1
PSCEW,AVIÃO,AIR TRACTOR,AT-502A,AT5T,TURBOÉLICE,3629,0,2019,BRASIL,1
PSCGF,AVIÃO,AIR TRACTOR,AT-502B,AT5T,TURBOÉLICE,3629,1,0,BRASIL,1
PSCHI,AVIÃO,EMBRAER,EMB-203,IPAN,PISTÃO,1900,NULL,2024,BRASIL,1
PSCHO,AVIÃO,CIRRUS DESIGN,SR20,SR20,PISTÃO,1315,NULL,2024,BRASIL,1
PSCIC,AVIÃO,PIPER AIRCRAFT,PA-46-350P,PA46,PISTÃO,1950,NULL,1996,BRASIL,1
PSCIG,AVIÃO,AIR TRACTOR,AT-802A,AT8T,TURBOÉLICE,7258,NULL,2024,BRASIL,1
PSCLS,AVIÃO,CIRRUS DESIGN,SR22,SR22,PISTÃO,1633,NULL,2016,BRASIL,1
PSCLT,ULTRALEVE,(INPAER) INDÚSTRIA PAULISTA DE AERONÁUTICA,COLT100,CLT,TURBOÉLICE,600,2,2023,BRASIL,1
PSCNA,AVIÃO,CESSNA AIRCRAFT,208B,C208,TURBOÉLICE,4110,NULL,2021,BRASIL,1
PSCNB,AVIÃO,CESSNA AIRCRAFT,208B,C208,TURBOÉLICE,4110,11,2021,BRASIL,1
PSCNC,AVIÃO,CESSNA AIRCRAFT,208B,C208,TURBOÉLICE,4110,11,0,BRASIL,1
PSCND,AVIÃO,CESSNA AIRCRAFT,208B,C208,TURBOÉLICE,4110,11,2022,BRASIL,1
PSCNF,AVIÃO,CESSNA AIRCRAFT,208B,C208,TURBOÉLICE,4110,NULL,2022,BRASIL,1
PSCNG,AVIÃO,CESSNA AIRCRAFT,208B,C208,TURBOÉLICE,4110,NULL,2022,BRASIL,1
PSCNH,AVIÃO,CESSNA AIRCRAFT,208B,C208,TURBOÉLICE,4110,NULL,2022,BRASIL,1
PSCNI,AVIÃO,TEXTRON AVIATION,208B,C208,TURBOÉLICE,4110,11,2022,BRASIL,1
PSCNT,AVIÃO,CESSNA AIRCRAFT,208B,C208,TURBOÉLICE,4110,NULL,2021,BRASIL,1
PSCOA,HELICÓPTERO,AGUSTA,AW119MKII,A119,TURBOEIXO,2850,NULL,2008,BRASIL,1
PSCPU,HELICÓPTERO,SIKORSKY AIRCRAFT,S92,S92,TURBOEIXO,12020,NULL,2009,BRASIL,1
PSCTN,AVIÃO,AIR TRACTOR,AT-502B,AT5T,TURBOÉLICE,3629,0,2020,BRASIL,1
PSCTO,AVIÃO,CESSNA AIRCRAFT,208B,C208,TURBOÉLICE,3969,NULL,2023,BRASIL,1
PSDAO,AVIÃO,CIRRUS DESIGN,SF50,SF50,JATO,2722,7,0,BRASIL,1
PSDAS,AVIÃO,PIPER AIRCRAFT,PA-46-500TP,P46T,TURBOÉLICE,2310,NULL,2020,BRASIL,1
PSDFF,AVIÃO,MONTAER LTDA,MONTAER MC01,MC01,PISTÃO,600,2,0,BRASIL,1
PSDLX,AVIÃO,PIPER AIRCRAFT,PA-46-350P,PA46,PISTÃO,1950,NULL,1997,BRASIL,1
PSDMO,ANFÍBIO,DAHER AIRCRAFT DESIGN - LLC,KODIAK 100,KODI,TURBOÉLICE,3291,NULL,2017,BRASIL,1
PSDUA,AVIÃO,CESSNA AIRCRAFT,208B,C208,TURBOÉLICE,4110,11,0,BRASIL,1
PSEEI,AVIÃO,PIPER AIRCRAFT,PA-46-350P,PA46,PISTÃO,1950,6,0,BRASIL,1
PSEHM,AVIÃO,PIPER AIRCRAFT,PA-46-350P,PA46,TURBOÉLICE,1950,6,0,BRASIL,1
PSEJR,AVIÃO,PIPER AIRCRAFT,PA-46-500TP,P46T,TURBOÉLICE,2310,6,2014,BRASIL,1
PSFAA,AVIÃO,AIR TRACTOR,AT-402B,AT3T,TURBOÉLICE,3175,1,0,BRASIL,1
PSFBS,AVIÃO,CESSNA AIRCRAFT,208B,C208,TURBOÉLICE,3995,10,0,BRASIL,1
PSFDW,AVIÃO,CESSNA AIRCRAFT,P210N,P210,PISTÃO,1814,NULL,1980,BRASIL,1
PSFFG,AVIÃO,AIR TRACTOR,AT-502A,AT5T,TURBOÉLICE,3629,1,2020,BRASIL,1
PSFGG,AVIÃO,AIR TRACTOR,AT-402B,AT3T,TURBOÉLICE,3175,1,0,BRASIL,1
PSFJG,AVIÃO,CIRRUS DESIGN,SR22,SR22,PISTÃO,1633,NULL,2015,BRASIL,1
PSFNX,AVIÃO,AIR TRACTOR,AT-502B,AT5T,TURBOÉLICE,3629,NULL,2021,BRASIL,1
PSFTX,AVIÃO,CIRRUS DESIGN,SF50,SF50,JATO,2722,NULL,2021,BRASIL,1
PSGAJ,AVIÃO,AIR TRACTOR,AT-402B,AT3T,TURBOÉLICE,3175,1,2025,BRASIL,1
PSGBA,AVIÃO,PIPER AIRCRAFT,PA-46R-350T,PA46,PISTÃO,1969,NULL,2012,BRASIL,1
PSGCP,AVIÃO,PIPER AIRCRAFT,PA-46-500TP,P46T,TURBOÉLICE,2310,6,0,BRASIL,1
PSGFO,AVIÃO,AIR TRACTOR,AT-502A,AT5T,TURBOÉLICE,3629,NULL,2023,BRASIL,1
PSGNI,AVIÃO,PILATUS,PC-12/47E,PC12,TURBOÉLICE,4740,0,2024,BRASIL,1
PSGRD,AVIÃO,BOEING COMPANY,737-8 MAX,B38M,JATO,82190,0,0,BRASIL,1
PSGRH,AVIÃO,BOEING COMPANY,737-8 MAX,B38M,JATO,82190,0,0,BRASIL,1
PSGTR,AVIÃO,CIRRUS DESIGN,SR22T,SR22,PISTÃO,1633,NULL,2024,BRASIL,1
PSGUA,AVIÃO,SOCATA,TBM700N,TBM7,TURBOÉLICE,3354,0,2008,BRASIL,1
PSGVO,AVIÃO,AIR TRACTOR,AT-602,AT6T,TURBOÉLICE,5670,NULL,2024,BRASIL,1
PSGVR,AVIÃO,AIR TRACTOR,AT-502B,AT5T,TURBOÉLICE,3629,0,2023,BRASIL,1
PSGZO,AVIÃO,EMBRAER,EMB-203,IPAN,PISTÃO,1900,NULL,2024,BRASIL,1
PSHBM,HELICÓPTERO,EUROCOPTER,AS 350 B3,AS50,TURBOEIXO,2250,NULL,2009,BRASIL,1
PSHCL,HELICÓPTERO,AIRBUS HELICOPTERS,AS 350 B3,AS50,TURBOEIXO,2250,0,0,BRASIL,1
PSHJF,HELICÓPTERO,ROBINSON HELICOPTER,R66,R66,TURBOEIXO,1225,NULL,2023,BRASIL,1
PSHKS,AVIÃO,BEECH AIRCRAFT,400A,400A,JATO,7394,NULL,1997,BRASIL,1
PSHPM,HELICÓPTERO,ROBINSON HELICOPTER,R66,R66,TURBOEIXO,1225,NULL,2022,BRASIL,1
PSHPR,HELICÓPTERO,ROBINSON HELICOPTER,R66,R66,TURBOEIXO,1225,NULL,2022,BRASIL,1
PSHRM,HELICÓPTERO,EUROCOPTER FRANCE,AS 350 B2,AS50,TURBOEIXO,2250,NULL,2008,BRASIL,1
PSHRR,AVIÃO,PIPER AIRCRAFT,PA-46-600TP,P46T,TURBOÉLICE,2722,NULL,2018,BRASIL,1
PSHSL,HELICÓPTERO,AIRBUS HELICOPTERS,AS 350 B3,AS50,TURBOEIXO,2250,6,2009,BRASIL,1
PSIBA,HELICÓPTERO,AGUSTA,AW119MKII,A119,TURBOEIXO,2850,8,0,BRASIL,1
PSIBE,HELICÓPTERO,LEONARDO S.P.A,AW119MKII,A119,TURBOEIXO,2850,NULL,2013,BRASIL,1
PSIBF,HELICÓPTERO,AGUSTA,AW119MKII,A119,TURBOEIXO,2850,NULL,2013,BRASIL,1
PSIBI,HELICÓPTERO,AGUSTA,A119,A119,TURBOEIXO,2850,NULL,2014,BRASIL,1
PSIMA,AVIÃO,AIR TRACTOR,AT-802,AT8T,TURBOÉLICE,7258,2,0,BRASIL,1
PSINQ,HELICÓPTERO,ROBINSON HELICOPTER,R66,R66,TURBOEIXO,1225,NULL,2024,BRASIL,1
PSIRB,AVIÃO,TEXTRON AVIATION,208B,C208,TURBOÉLICE,3995,NULL,2025,BRASIL,1
PSJBP,AVIÃO,AIR TRACTOR,AT-502B,AT5T,TURBOÉLICE,3629,NULL,2023,BRASIL,1
PSJBS,AVIÃO,TEXTRON AVIATION,B300,B350,TURBOÉLICE,6804,0,0,BRASIL,1
PSJCB,AVIÃO,AIR TRACTOR,AT-402B,AT3T,TURBOÉLICE,3175,1,0,BRASIL,1
PSJET,AVIÃO,DESCONHECIDO,SF50,SF50,JATO,2722,7,2019,BRASIL,1
PSJFD,AVIÃO,EMBRAER,EMB-203,IPAN,PISTÃO,1900,NULL,2023,BRASIL,1
PSJFR,AVIÃO,PIPER AIRCRAFT,PA-46-500TP,P46T,TURBOÉLICE,2310,NULL,2013,BRASIL,1
PSJMG,AVIÃO,CESSNA AIRCRAFT,T210R,C210,PISTÃO,1746,NULL,1986,BRASIL,1
PSJMS,AVIÃO,EMBRAER,EMB-203,IPAN,PISTÃO,1900,NULL,2023,BRASIL,1
PSJOS,AVIÃO,CESSNA AIRCRAFT,T206H,C206,PISTÃO,1633,6,0,BRASIL,1
PSJVD,AVIÃO,AIR TRACTOR,AT-602,AT6T,TURBOÉLICE,5670,NULL,2023,BRASIL,1
PSKLA,AVIÃO,FLYER INDUSTRIA AERONAUTICA LTDA,RV-10 LSA,ZZZZ,PISTÃO,1224,NULL,2024,BRASIL,1
PSLBH,AVIÃO,AIRBUS S.A.S.,A321-271NX,A21N,JATO,89000,0,0,BRASIL,1
PSLBN,AVIÃO,AIRBUS S.A.S.,A321-271NX,A21N,JATO,89000,0,0,BRASIL,1
PSLBO,AVIÃO,AIRBUS S.A.S.,A321-271NX,A21N,JATO,75600,0,0,BRASIL,1
PSLCG,AVIÃO,TRIKE ICAROS INDUSTRIA AERONAUTICA LTDA,ADVENTURE,TIAD,PISTÃO,495,2,2023,BRASIL,1
PSLDP,AVIÃO,TEXTRON AVIATION,208B,C208,TURBOÉLICE,3995,NULL,2024,BRASIL,1
PSLMB,AVIÃO,AIR TRACTOR,AT-402B,AT3T,TURBOÉLICE,3175,1,2019,BRASIL,1
PSLMD,AVIÃO,CIRRUS DESIGN,SR22,SR22,PISTÃO,1633,5,0,BRASIL,1
PSLMR,AVIÃO,EMBRAER,EMB-203,IPAN,PISTÃO,1900,0,2020,BRASIL,1
PSLOM,AVIÃO,MONTAER,MONTAER MC01,MC01,PISTÃO,600,NULL,2022,BRASIL,1
PSLPD,AVIÃO,CESSNA AIRCRAFT,208B,C208,TURBOÉLICE,3969,NULL,2004,BRASIL,1
PSLRE,AVIÃO,PIPER AIRCRAFT,PA-46-350P,PA46,PISTÃO,1950,0,1997,BRASIL,1
PSMCG,AVIÃO,FLYER INDUSTRIA AERONAUTICA LTDA,RV-10 LSA,ZZZZ,PISTÃO,1224,NULL,2025,BRASIL,1
PSMCP,AVIÃO,PILATUS,PC-12/47E,PC12,TURBOÉLICE,4740,11,0,BRASIL,1
PSMDC,AVIÃO,CESSNA AIRCRAFT,U206G,C206,PISTÃO,1724,NULL,1978,BRASIL,1
PSMEM,HELICÓPTERO,ROBINSON HELICOPTER,R44 II,R44,TURBOEIXO,1134,0,0,BRASIL,1
PSMHS,AVIÃO,CIRRUS DESIGN,SR22,SR22,TURBOÉLICE,1542,NULL,2002,BRASIL,1
PSMIL,HELICÓPTERO,ROBINSON HELICOPTER,R66,R66,TURBOEIXO,1225,NULL,NULL,BRASIL,1
PSMJG,AVIÃO,CIRRUS DESIGN,SR22,SR22,PISTÃO,1633,NULL,2014,BRASIL,1
PSMNT,AVIÃO,PIPER AIRCRAFT,PA-46-350P,PA46,PISTÃO,1950,NULL,1994,BRASIL,1
PSMTG,AVIÃO,PIPER AIRCRAFT,PA-46-350P,PA46,TURBOÉLICE,1950,6,0,BRASIL,1
PSNEZ,AVIÃO,PIPER AIRCRAFT,PA-28R-200,P28R,PISTÃO,1202,NULL,1975,BRASIL,1
PSNOR,AVIÃO,EMBRAER,EMB-203,IPAN,PISTÃO,1900,1,0,BRASIL,1
PSNRF,AVIÃO,AIR TRACTOR,AT-402B,AT3T,TURBOÉLICE,3175,NULL,2016,BRASIL,1
PSNSB,AVIÃO,EMBRAER,EMB-203,IPAN,PISTÃO,1900,1,2023,BRASIL,1
PSOAW,AVIÃO,EMBRAER,EMB-203,IPAN,PISTÃO,1900,NULL,2025,BRASIL,1
PSOGW,AVIÃO,EMBRAER,EMB-203,IPAN,PISTÃO,1900,1,0,BRASIL,1
PSOTE,AVIÃO,CIRRUS,SR22,SR22,PISTÃO,1633,5,2023,BRASIL,1
PSPCM,AVIÃO,PIPER AIRCRAFT,PA-46-500TP,P46T,TURBOÉLICE,2310,NULL,2014,BRASIL,1
PSPDG,AVIÃO,AIR TRACTOR,AT-602,AT6T,TURBOÉLICE,5670,NULL,2024,BRASIL,1
PSPIP,AVIÃO,CESSNA AIRCRAFT,208B,C208,TURBOÉLICE,3969,2,1988,BRASIL,1
PSPIV,AVIÃO,EMBRAER,EMB-203,IPAN,TURBOÉLICE,1900,NULL,2024,BRASIL,1
PSPLE,AVIÃO,CIRRUS DESIGN,SR22,SR22,PISTÃO,1633,5,2020,BRASIL,1
PSPLG,AVIÃO,CIRRUS DESIGN,SR22,SR22,PISTÃO,1633,5,0,BRASIL,1
PSPMM,HELICOPTERO,AIRBUS HELICOPTERS DEUTSCHLAND,MBB BK 117 D-3,EC45,TURBOEIXO,3800,0,0,BRASIL,1
PSPMU,AVIÃO,EMBRAER,EMB-203,IPAN,PISTÃO,1900,NULL,2024,BRASIL,1
PSPND,AVIÃO,CONSTRUZIONI AERONAUTICHE TECNAM S.P.A.,P92 ECHO MKII,ZZZZ,PISTÃO,600,NULL,2023,BRASIL,1
PSPRT,AVIÃO,AIR TRACTOR,AT-402B,AT3T,TURBOÉLICE,3175,NULL,2023,BRASIL,1
PSPSF,AVIÃO,THRUSH AIRCRAFT,S2R-510,SS2T,TURBOÉLICE,4763,NULL,2023,BRASIL,1
PSPVB,HELICÓPTERO,AIRBUS HELICOPTERS,EC 130 T2,EC30,TURBOEIXO,2500,0,2020,BRASIL,1
PSRAA,AVIÃO,EMBRAER,EMB-203,IPAN,PISTÃO,1900,1,0,BRASIL,1
PSRAF,AVIÃO,AIR TRACTOR,AT-602,AT6T,TURBOÉLICE,5670,1,2021,BRASIL,1
PSRAY,AVIÃO,PIPER AIRCRAFT,PA-32R-301T,PA32,PISTÃO,1633,NULL,2005,BRASIL,1
PSRBK,AVIÃO,PIPER AIRCRAFT,PA-46-350P,PA46,PISTÃO,1970,NULL,1999,BRASIL,1
PSRCT,AVIÃO,AIR TRACTOR,AT-402B,AT3T,TURBOÉLICE,3175,NULL,2023,BRASIL,1
PSRDD,AVIÃO,CIRRUS DESIGN,SF50,SF50,JATO,2722,NULL,2024,BRASIL,1
PSREN,HELICÓPTERO,AIRBUS HELICOPTERS,AS 350 B2,AS50,TURBOEIXO,2250,NULL,2011,BRASIL,1
PSRHK,AVIÃO,CIRRUS DESIGN,SR22T,SR22,PISTÃO,1633,NULL,2024,BRASIL,1
PSRIZ,AVIÃO,EMBRAER,EMB-203,IPAN,PISTÃO,1900,1,0,BRASIL,1
PSRJJ,AVIÃO,PIPER AIRCRAFT,PA-46-600TP,P46T,TURBOÉLICE,2722,7,2017,BRASIL,1
PSRRG,AVIÃO,AIR TRACTOR,AT-502B,AT5T,TURBOÉLICE,3629,NULL,2024,BRASIL,1
PSSAH,AVIÃO,EMBRAER,EMB-203,IPAN,PISTÃO,1900,1,2020,BRASIL,1
PSSAJ,AVIÃO,EMBRAER,EMB-203,IPAN,PISTÃO,1900,0,2020,BRASIL,1
PSSAL,AVIÃO,EMBRAER,EMB-203,IPAN,PISTÃO,1900,0,2021,BRASIL,1
PSSAX,AVIÃO,EMBRAER,EMB-203,IPAN,PISTÃO,1900,1,2021,BRASIL,1
PSSBB,AVIÃO,EMBRAER,EMB-203,IPAN,PISTÃO,1900,NULL,2021,BRASIL,1
PSSBF,AVIÃO,EMBRAER,EMB-203,IPAN,PISTÃO,1900,0,0,BRASIL,1
PSSBW,AVIÃO,EMBRAER,EMB-203,IPAN,PISTÃO,1900,1,2021,BRASIL,1
PSSBY,AVIÃO,EMBRAER,EMB-203,IPAN,PISTÃO,1900,1,0,BRASIL,1
PSSCH,AVIÃO,THRUSH AIRCRAFT,S2R-510,SS2T,TURBOÉLICE,4763,1,0,BRASIL,1
PSSCO,AVIÃO,EMBRAER,EMB-203,IPAN,PISTÃO,1900,NULL,2021,BRASIL,1
PSSCR,AVIÃO,EMBRAER,EMB-203,IPAN,PISTÃO,1900,1,0,BRASIL,1
PSSCX,AVIÃO,EMBRAER,EMB-203,IPAN,PISTÃO,1900,1,0,BRASIL,1
PSSDC,AVIÃO,MONTAER LTDA,MONTAER MC01,MC01,PISTÃO,600,NULL,2024,BRASIL,1
PSSES,AVIÃO,CESSNA AIRCRAFT,208B,C208,TURBOÉLICE,3969,0,2020,BRASIL,1
PSSFE,AVIÃO,MONTAER,MONTAER MC01,MC01,TURBOÉLICE,600,2,2022,BRASIL,1
PSSFG,AVIÃO,PILATUS,PC-12/47E,PC12,TURBOÉLICE,4740,NULL,2022,BRASIL,1
PSSFH,AVIÃO,MONTAER - MONTAGEM E MANUTENCAO AERONAUTICA LTDA,MONTAER MC01,MC01,PISTÃO,600,2,0,BRASIL,1
PSSFJ,AVIÃO,INPAER - INDÚSTRIA PAULISTA DE AERONÁUTICA LTDA.,COLT 100,ZZZZ,PISTÃO,600,NULL,2024,BRASIL,1
PSSFL,AVIÃO,INPAER - INDÚSTRIA PAULISTA DE AERONÁUTICA LTDA.,COLT 100,CLT,PISTÃO,600,NULL,2024,BRASIL,1
PSSIL,AVIÃO,EMBRAER,EMB-203,IPAN,PISTÃO,1900,NULL,2023,BRASIL,1
PSSKB,AVIÃO,INPAER - INDÃšSTRIA PAULISTA DE AERONÁUTICA LTDA.,COLT 100,CLT,PISTÃO,600,NULL,2024,BRASIL,1
PSSKC,AVIÃO,INPAER - INDÚSTRIA PAULISTA DE AERONÁUTICA LTDA.,COLT 100,CLT,PISTÃO,600,NULL,2025,BRASIL,1
PSSLH,AVIÃO,TEXTRON AVIATION,208B,C208,TURBOÉLICE,3969,NULL,2024,BRASIL,1
PSSLM,AVIÃO,CESSNA AIRCRAFT,U206G,C206,PISTÃO,1633,NULL,1978,BRASIL,1
PSSLR,AVIÃO,AIR TRACTOR,AT-502B,AT5T,TURBOÉLICE,3629,NULL,NULL,BRASIL,1
PSSRB,AVIÃO,AIR TRACTOR,AT-402B,AT3T,TURBOÉLICE,3175,1,0,BRASIL,1
PSSRI,AVIÃO,CIRRUS DESIGN,SR22,SR22,PISTÃO,1633,NULL,2023,BRASIL,1
PSSRR,AVIÃO,AIR TRACTOR,AT-602,AT6T,TURBOÉLICE,5670,NULL,2024,BRASIL,1
PSSUP,AVIÃO,CIRRUS DESIGN,SR22,SR22,PISTÃO,1633,NULL,2016,BRASIL,1
PSSYL,AVIÃO,CIRRUS DESIGN,SR22T,SR22,TURBOÉLICE,1633,NULL,2023,BRASIL,1
PSTAD,AVIÃO,PIPER AIRCRAFT,PA-46-500TP,P46T,TURBOÉLICE,2310,6,0,BRASIL,1
PSTBE,AVIÃO,AIR TRACTOR,AT-502B,AT5T,TURBOÉLICE,3629,NULL,2023,BRASIL,1
PSTCA,AVIÃO,TRIKE ÍCAROS IND. AERONÁUTICA LTDA,ADVENTURE,TIAD,PISTÃO,495,2,0,BRASIL,1
PSTGS,AVIÃO,CIRRUS DESIGN,SR22,SR22,PISTÃO,1633,NULL,2013,BRASIL,1
PSTHV,AVIÃO,EMBRAER,EMB-203,IPAN,PISTÃO,1900,NULL,2023,BRASIL,1
PSTMR,AVIÃO,DIAMOND AIRCRAFT,DA 62,DA62,PISTÃO,2300,0,0,BRASIL,1
PSTXA,AVIÃO,MARCELO SILVA OLIVEIRA,EXPLORER II,ZZZZ,PISTÃO,1300,4,2023,BRASIL,1
PSUPS,HELICÓPTERO,ROBINSON HELICOPTER,R66,R66,TURBOEIXO,1225,5,2020,BRASIL,1
PSUSA,HELICÓPTERO,LEONARDO S.P.A,AW119MKII,A119,TURBOEIXO,2850,NULL,2024,BRASIL,1
PSVAC,AVIÃO,CIRRUS DESIGN,SR22,SR22,PISTÃO,1633,5,0,BRASIL,1
PSVBC,AVIÃO,DIAMOND AIRCRAFT,DA 40 NG,DA40,TURBOÉLICE,1310,NULL,2021,BRASIL,1
PSVNT,HELICÓPTERO,GUIMBAL,CABRI G2,G2CA,TURBOEIXO,700,NULL,2025,BRASIL,1
PSVOK,AVIÃO,CIRRUS DESIGN,SR22,SR22,PISTÃO,1633,5,0,BRASIL,1
PSVRJ,AVIÃO,AIR TRACTOR,AT-602,AT6T,TURBOÉLICE,5670,NULL,2023,BRASIL,1
PSVTA,AVIÃO,EPIC AIRCRAFT,E1000,EPIC,TURBOÉLICE,3629,NULL,2023,BRASIL,1
PSVTT,AVIÃO,EPIC AIRCRAFT,E1000,EPIC,TURBOÉLICE,3629,NULL,2023,BRASIL,1
PSWFS,AVIÃO,EMBRAER,EMB-203,IPAN,TURBOÉLICE,1900,NULL,2025,BRASIL,1
PSWGS,AVIÃO,CESSNA AIRCRAFT,T210L,C210,PISTÃO,1724,NULL,1976,BRASIL,1
PSWJF,HELICÓPTERO,ROBINSON HELICOPTER,R66,R66,TURBOEIXO,1225,NULL,2025,BRASIL,1
PSWLM,AVIÃO,AIR TRACTOR,AT-402B,AT3T,TURBOÉLICE,3175,1,0,BRASIL,1
PSWZL,AVIÃO,EMBRAER,EMB-203,IPAN,PISTÃO,1900,0,2021,BRASIL,1
PSXEU,AVIÃO,AIR TRACTOR,AT-502B,AT5T,TURBOÉLICE,3629,1,2020,BRASIL,1
PSZAP,AVIÃO,PIPER AIRCRAFT,PA-46-500TP,P46T,TURBOÉLICE,2310,NULL,2024,BRASIL,1
PSZZA,AVIÃO,EMBRAER,EMB-203,IPAN,PISTÃO,1900,NULL,2023,BRASIL,1
PSZZZ,HELICÓPTERO,ROBINSON HELICOPTER,R44 II,R44,PISTÃO,1134,4,2013,BRASIL,1
PTADM,AVIÃO,CESSNA AIRCRAFT,140A,C140,PISTÃO,680,2,1950,BRASIL,1
PTAER,AVIÃO,CESSNA AIRCRAFT,170A,C170,PISTÃO,998,1,1950,BRASIL,1
PTAEW,AVIÃO,CESSNA AIRCRAFT,170A,C170,PISTÃO,998,4,1950,BRASIL,1
PTAFG,AVIÃO,CESSNA AIRCRAFT,182P,C182,PISTÃO,1338,4,0,BRASIL,1
PTAFN,AVIÃO,BEECH AIRCRAFT,C35,BE35,PISTÃO,1225,4,1951,BRASIL,1
PTAFX,AVIÃO,CESSNA AIRCRAFT,170A,C170,PISTÃO,998,1,1950,BRASIL,1
PTAGB,AVIÃO,CESSNA AIRCRAFT,170A,C170,PISTÃO,998,1,1950,BRASIL,1
PTAGS,AVIÃO,CESSNA AIRCRAFT,140A,C140,PISTÃO,680,2,1951,BRASIL,1
PTAGV,AVIÃO,CESSNA AIRCRAFT,170A,C170,PISTÃO,998,1,1950,BRASIL,1
PTAHE,AVIÃO,EMBRAER,EMB-202A,IPAN,PISTÃO,1800,1,2014,BRASIL,1
PTAHR,AVIÃO,EMBRAER,EMB-202A,IPAN,PISTÃO,1800,NULL,NULL,BRASIL,1
PTAIG,AVIÃO,GLOBE AIRCRAFT,GC-1A,GC1,PISTÃO,777,2,1947,BRASIL,1
PTAIY,AVIÃO,CESSNA AIRCRAFT,170A,C170,PISTÃO,998,1,1951,BRASIL,1
PTAJO,AVIÃO,BEECH AIRCRAFT,C35,BE35,PISTÃO,1225,4,1951,BRASIL,1
PTAKB,AVIÃO,PIPER AIRCRAFT,PA-18,PA18,PISTÃO,680,2,1952,BRASIL,1
PTAKI,AVIÃO,CESSNA AIRCRAFT,170A,C170,PISTÃO,998,1,1951,BRASIL,1
PTAKS,AVIÃO,CESSNA AIRCRAFT,210H,C210,PISTÃO,1542,4,1969,BRASIL,1
PTAKY,AVIÃO,CESSNA AIRCRAFT,150J,C150,PISTÃO,726,2,1969,BRASIL,1
PTALF,AVIÃO,CESSNA AIRCRAFT,170A,C170,PISTÃO,998,4,1952,BRASIL,1
PTALL,AVIÃO,CIRRUS,SR22,SR22,PISTÃO,1542,4,2006,BRASIL,1
PTALN,AVIÃO,MOONEY AIRCRAFT,M20TN,M20P,PISTÃO,1528,4,2007,BRASIL,1
PTANF,AVIÃO,CESSNA AIRCRAFT,170A,C170,PISTÃO,998,1,1951,BRASIL,1
PTANJ,AVIÃO,CESSNA AIRCRAFT,172K,C172,PISTÃO,1043,4,1969,BRASIL,1
PTANU,AVIÃO,EMBRAER,EMB-202A,IPAN,PISTÃO,1800,NULL,2014,BRASIL,1
PTAOM,AVIÃO,EMBRAER,EMB-202A,IPAN,PISTÃO,1800,NULL,2014,BRASIL,1
PTAOP,AVIÃO,PIPER AIRCRAFT,PA-28-180,P28A,PISTÃO,1089,4,1968,BRASIL,1
PTAOU,AVIÃO,EMBRAER,EMB-202A,IPAN,PISTÃO,1800,NULL,NULL,BRASIL,1
PTAPJ,AVIÃO,CESSNA AIRCRAFT,170A,C170,PISTÃO,862,1,1956,BRASIL,1
PTAPU,AVIÃO,PIPER AIRCRAFT,PA-18,PA18,PISTÃO,680,2,1953,BRASIL,1
PTAPY,AVIÃO,CESSNA AIRCRAFT,170B,C170,PISTÃO,998,4,1956,BRASIL,1
PTAQO,AVIÃO,CESSNA AIRCRAFT,170A,C170,PISTÃO,998,4,1949,BRASIL,1
PTAQS,AVIÃO,EMBRAER,EMB-202,IPAN,PISTÃO,1800,1,2014,BRASIL,1
PTARC,AVIÃO,PIPER AIRCRAFT,PA-18,PA18,PISTÃO,680,2,1953,BRASIL,1
PTARR,AVIÃO,PIPER AIRCRAFT,PA-18-135,PA18,PISTÃO,680,2,1954,BRASIL,1
PTAUG,AVIÃO,CESSNA AIRCRAFT,170B,C170,PISTÃO,1003,1,1956,BRASIL,1
PTAUM,AVIÃO,CESSNA AIRCRAFT,170B,C170,PISTÃO,998,4,1955,BRASIL,1
PTAUR,AVIÃO,NAVION AIRCRAFT,NAVION E,NAVI,PISTÃO,1429,4,1949,BRASIL,1
PTAVC,AVIÃO,CESSNA AIRCRAFT,150J,C150,PISTÃO,725,2,1969,BRASIL,1
PTAVD,AVIÃO,CESSNA AIRCRAFT,150J,C150,PISTÃO,726,2,1969,BRASIL,1
PTAVJ,AVIÃO,CESSNA AIRCRAFT,150J,C150,PISTÃO,726,2,1969,BRASIL,1
PTAVK,AVIÃO,BEECH AIRCRAFT,D35,BE35,PISTÃO,1236,4,1953,BRASIL,1
PTAVO,AVIÃO,BEECH AIRCRAFT,F35,BE35,PISTÃO,1247,4,1955,BRASIL,1
PTAXH,AVIÃO,PIPER AIRCRAFT,PA-11,PA11,PISTÃO,554,2,1948,BRASIL,1
PTAXX,AVIÃO,CESSNA AIRCRAFT,172,C172,PISTÃO,998,4,1957,BRASIL,1
PTAXY,AVIÃO,EMBRAER,EMB-202,IPAN,PISTÃO,1800,NULL,NULL,BRASIL,1
PTAYC,AVIÃO,EMBRAER,EMB-202A,IPAN,PISTÃO,1800,NULL,2014,BRASIL,1
PTAZJ,AVIÃO,CESSNA AIRCRAFT,172,C172,PISTÃO,998,4,1958,BRASIL,1
PTAZQ,AVIÃO,CESSNA AIRCRAFT,172,C172,PISTÃO,998,4,1958,BRASIL,1
PTBAJ,AVIÃO,PIPER AIRCRAFT,PA-11,PA11,PISTÃO,553,2,1949,BRASIL,1
PTBAN,AVIÃO,CESSNA AIRCRAFT,175,C175,PISTÃO,1066,4,1958,BRASIL,1
PTBBN,AVIÃO,CESSNA AIRCRAFT,175,C175,PISTÃO,1066,4,0,BRASIL,1
PTBBU,AVIÃO,CESSNA AIRCRAFT,170A,C170,PISTÃO,998,1,1951,BRASIL,1
PTBCR,AVIÃO,PIPER AIRCRAFT,PA-22-135,PA22,PISTÃO,885,4,1954,BRASIL,1
PTBEQ,AVIÃO,CESSNA AIRCRAFT,170A,C170,PISTÃO,998,4,1952,BRASIL,1
PTBEX,AVIÃO,CESSNA AIRCRAFT,182B,C182,PISTÃO,1202,4,1961,BRASIL,1
PTBGV,AVIÃO,CESSNA AIRCRAFT,172A,C172,PISTÃO,998,4,0,BRASIL,1
PTBGZ,AVIÃO,CESSNA AIRCRAFT,172A,C172,PISTÃO,998,4,1960,BRASIL,1
PTBHB,AVIÃO,CESSNA AIRCRAFT,172A,C172,PISTÃO,998,4,1960,BRASIL,1
PTBHC,AVIÃO,CESSNA AIRCRAFT,172A,C172,PISTÃO,998,4,1961,BRASIL,1
PTBHF,AVIÃO,CESSNA AIRCRAFT,172A,C172,PISTÃO,998,4,1960,BRASIL,1
PTBHM,AVIÃO,BEECH AIRCRAFT,A36,BE36,PISTÃO,1633,6,1977,BRASIL,1
PTBHY,AVIÃO,CESSNA AIRCRAFT,180C,C180,PISTÃO,1202,4,0,BRASIL,1
PTBII,AVIÃO,PIPER AIRCRAFT,PA-25-235,PA25,PISTÃO,1315,1,1968,BRASIL,1
PTBIN,AVIÃO,CESSNA AIRCRAFT,182C,C182,PISTÃO,1202,4,0,BRASIL,1
PTBIP,AVIÃO,BEECH AIRCRAFT,M35,BE35,PISTÃO,1338,4,1960,BRASIL,1
PTBIT,AVIÃO,EMBRAER,EMB-202,IPAN,PISTÃO,1800,NULL,NULL,BRASIL,1
PTBJA,AVIÃO,CESSNA AIRCRAFT,182C,C182,PISTÃO,1202,4,0,BRASIL,1
PTBJM,AVIÃO,CESSNA AIRCRAFT,180C,C180,PISTÃO,1202,4,1960,BRASIL,1
PTBKR,AVIÃO,CESSNA AIRCRAFT,150J,C150,PISTÃO,726,2,1969,BRASIL,1
PTBKU,AVIÃO,CESSNA AIRCRAFT,150J,C150,PISTÃO,726,2,1969,BRASIL,1
PTBKW,AVIÃO,CESSNA AIRCRAFT,150J,C150,PISTÃO,726,2,1969,BRASIL,1
PTBKX,AVIÃO,CESSNA AIRCRAFT,A188,C188,PISTÃO,1497,1,1972,BRASIL,1
PTBLJ,AVIÃO,CESSNA AIRCRAFT,U206D,C206,PISTÃO,1633,6,0,BRASIL,1
PTBMG,AVIÃO,CESSNA AIRCRAFT,180D,C180,PISTÃO,1202,4,1961,BRASIL,1
PTBMR,AVIÃO,CESSNA AIRCRAFT,182D,C182,PISTÃO,1159,4,1962,BRASIL,1
PTBMS,AVIÃO,BEECH AIRCRAFT,N35,BE35,PISTÃO,1418,4,1961,BRASIL,1
PTBMU,AVIÃO,CESSNA AIRCRAFT,180D,C180,PISTÃO,1202,4,1961,BRASIL,1
PTBMZ,AVIÃO,CESSNA AIRCRAFT,180D,C180,PISTÃO,1202,4,1961,BRASIL,1
PTBNS,AVIÃO,CESSNA AIRCRAFT,172B,C172,PISTÃO,998,4,1961,BRASIL,1
PTBNT,AVIÃO,CESSNA AIRCRAFT,172B,C172,PISTÃO,998,4,1961,BRASIL,1
PTBOK,AVIÃO,PIPER AIRCRAFT,PA-28-140,P28A,PISTÃO,975,4,1968,BRASIL,1
PTBOM,AVIÃO,NEIVA INDUSTRIA AERONAUTICA,56-C-1,PAUL,PISTÃO,660,2,1961,BRASIL,1
PTBOW,AVIÃO,PIPER AIRCRAFT,PA-25-260,PA25,PISTÃO,1315,1,1970,BRASIL,1
PTBQD,AVIÃO,BEECH AIRCRAFT,N35,BE35,PISTÃO,1550,6,1961,BRASIL,1
PTBRB,AVIÃO,CESSNA AIRCRAFT,180E,C180,PISTÃO,1202,4,1962,BRASIL,1
PTBRP,AVIÃO,BEECH AIRCRAFT,35-B33,BE33,PISTÃO,1361,4,1962,BRASIL,1
PTBSJ,AVIÃO,EMBRAER,EMB-202A,IPAN,PISTÃO,1800,NULL,NULL,BRASIL,1
PTBSO,AVIÃO,NEIVA,EMB-202A,IPAN,PISTÃO,1800,NULL,NULL,BRASIL,1
PTBSU,AVIÃO,CESSNA AIRCRAFT,182E,C182,PISTÃO,1156,4,1962,BRASIL,1
PTBTE,AVIÃO,CESSNA AIRCRAFT,172C,C172,PISTÃO,1020,4,1963,BRASIL,1
PTBTW,AVIÃO,CESSNA AIRCRAFT,150J,C150,PISTÃO,726,2,1969,BRASIL,1
PTBTY,AVIÃO,EMBRAER,EMB-202A,IPAN,PISTÃO,1800,NULL,NULL,BRASIL,1
PTBVC,AVIÃO,CESSNA AIRCRAFT,172D,C172,PISTÃO,1043,4,1963,BRASIL,1
PTBXE,AVIÃO,BEECH AIRCRAFT,23,BE23,PISTÃO,1043,4,1963,BRASIL,1
PTBXF,AVIÃO,CESSNA AIRCRAFT,150E,C150,PISTÃO,726,2,1965,BRASIL,1
PTBXQ,AVIÃO,CESSNA AIRCRAFT,182F,C182,PISTÃO,1270,4,1963,BRASIL,1
PTBXV,AVIÃO,CESSNA AIRCRAFT,182E,C182,PISTÃO,1270,4,1962,BRASIL,1
PTBYA,AVIÃO,EMBRAER,EMB-203,IPAN,PISTÃO,1900,1,2016,BRASIL,1
PTBYB,AVIÃO,EMBRAER,EMB-203,IPAN,PISTÃO,1900,1,2016,BRASIL,1
PTBYQ,AVIÃO,EMBRAER,EMB-203,IPAN,PISTÃO,1900,1,2017,BRASIL,1
PTBZK,AVIÃO,CESSNA AIRCRAFT,182M,C182,PISTÃO,1270,4,1969,BRASIL,1
PTCAA,AVIÃO,CESSNA AIRCRAFT,172D,C172,PISTÃO,1043,4,1963,BRASIL,1
PTCAN,AVIÃO,CESSNA AIRCRAFT,172RG,C72R,PISTÃO,1202,4,1981,BRASIL,1
PTCBM,AVIÃO,CESSNA AIRCRAFT,182F,C182,PISTÃO,1270,4,1963,BRASIL,1
PTCBO,AVIÃO,PIPER AIRCRAFT,PA-18,PA18,PISTÃO,680,2,1953,BRASIL,1
PTCBS,AVIÃO,EMBRAER,EMB-203,IPAN,PISTÃO,1900,1,2018,BRASIL,1
PTCCE,AVIÃO,CESSNA AIRCRAFT,180G,C180,PISTÃO,1272,4,1969,BRASIL,1
PTCDB,AVIÃO,CESSNA AIRCRAFT,182G,C182,PISTÃO,1270,4,1964,BRASIL,1
PTCDE,AVIÃO,CESSNA AIRCRAFT,182G,C182,PISTÃO,1270,4,0,BRASIL,1
PTCDI,AVIÃO,CESSNA AIRCRAFT,182G,C182,PISTÃO,1270,4,1964,BRASIL,1
PTCDQ,AVIÃO,CESSNA AIRCRAFT,180G,C180,PISTÃO,1270,4,1964,BRASIL,1
PTCDR,AVIÃO,CESSNA AIRCRAFT,210D,C210,PISTÃO,1406,4,1964,BRASIL,1
PTCDV,AVIÃO,CESSNA AIRCRAFT,172E,C172,PISTÃO,1043,4,1964,BRASIL,1
PTCEC,AVIÃO,MAULE AIRCRAFT,M-4,M4,PISTÃO,953,4,1964,BRASIL,1
PTCFE,AVIÃO,PIPER AIRCRAFT,PA-28-160,P28A,PISTÃO,998,4,1964,BRASIL,1
PTCGM,AVIÃO,PIPER AIRCRAFT,PA-28-140,P28A,PISTÃO,884,2,1965,BRASIL,1
PTCGY,AVIÃO,EMBRAER,EMB-203,IPAN,PISTÃO,1900,1,2018,BRASIL,1
PTCHQ,AVIÃO,CESSNA AIRCRAFT,172F,C172,PISTÃO,1043,4,1965,BRASIL,1
PTCHR,AVIÃO,PIPER AIRCRAFT,PA-24-260,PA24,PISTÃO,1315,6,1967,BRASIL,1
PTCHW,AVIÃO,MOONEY AIRCRAFT,M20B,M20P,PISTÃO,1111,4,1962,BRASIL,1
PTCHZ,AVIÃO,BEECH AIRCRAFT,P35,BE35,PISTÃO,1417,6,1963,BRASIL,1
PTCJN,AVIÃO,AMERICAN CHAMPION,7GCAA,CH7B,PISTÃO,748,2,1969,BRASIL,1
PTCKB,AVIÃO,BEECH AIRCRAFT,36,BE36,PISTÃO,1633,6,1969,BRASIL,1
PTCKU,AVIÃO,CESSNA AIRCRAFT,A188,C188,PISTÃO,1814,1,1969,BRASIL,1
PTCLO,AVIÃO,CESSNA AIRCRAFT,180H,C180,PISTÃO,1270,6,1969,BRASIL,1
PTCMW,AVIÃO,EMBRAER,EMB-203,IPAN,PISTÃO,1900,1,2015,BRASIL,1
PTCND,AVIÃO,CESSNA AIRCRAFT,182J,C182,PISTÃO,1270,4,1976,BRASIL,1
PTCNG,AVIÃO,CESSNA AIRCRAFT,150F,C150,PISTÃO,726,2,1966,BRASIL,1
PTCNK,AVIÃO,EMBRAER,EMB-203,IPAN,PISTÃO,1900,1,2018,BRASIL,1
PTCNL,AVIÃO,CESSNA AIRCRAFT,172A,C172,PISTÃO,998,4,1960,BRASIL,1
PTCOC,AVIÃO,CESSNA AIRCRAFT,172G,C172,PISTÃO,1043,4,1966,BRASIL,1
PTCOF,AVIÃO,CESSNA AIRCRAFT,P206A,C206,PISTÃO,1633,6,1966,BRASIL,1
PTCON,AVIÃO,PIPER AIRCRAFT,PA-28-140,P28A,PISTÃO,975,4,1966,BRASIL,1
PTCOW,AVIÃO,EMBRAER,EMB-203,IPAN,PISTÃO,1900,1,2019,BRASIL,1
PTCPR,AVIÃO,CESSNA AIRCRAFT,182J,C182,PISTÃO,1270,4,1966,BRASIL,1
PTCPT,AVIÃO,CESSNA AIRCRAFT,172,C172,PISTÃO,998,4,1958,BRASIL,1
PTCPX,AVIÃO,EMBRAER,EMB-203,IPAN,PISTÃO,1900,1,2019,BRASIL,1
PTCQA,AVIÃO,BEECH AIRCRAFT,A36TC,BE36,PISTÃO,1656,6,1981,BRASIL,1
PTCQF,AVIÃO,CESSNA AIRCRAFT,172G,C172,PISTÃO,1043,4,1966,BRASIL,1
PTCQR,AVIÃO,CESSNA AIRCRAFT,172G,C172,PISTÃO,1043,4,1966,BRASIL,1
PTCRG,AVIÃO,CESSNA AIRCRAFT,150F,C150,PISTÃO,726,2,1966,BRASIL,1
PTCRI,AVIÃO,CESSNA AIRCRAFT,150F,C150,PISTÃO,726,2,1966,BRASIL,1
PTCSW,AVIÃO,CESSNA AIRCRAFT,172K,C172,PISTÃO,1043,4,1969,BRASIL,1
PTCTB,AVIÃO,CESSNA AIRCRAFT,172G,C172,PISTÃO,1043,4,1966,BRASIL,1
PTCTL,AVIÃO,BEECH AIRCRAFT,V35,BE35,PISTÃO,1542,6,1967,BRASIL,1
PTCTW,AVIÃO,CESSNA AIRCRAFT,210H,C210,PISTÃO,1542,4,1968,BRASIL,1
PTCVR,AVIÃO,CESSNA AIRCRAFT,172S,C172,PISTÃO,1157,NULL,NULL,BRASIL,1
PTCXI,AVIÃO,PIPER AIRCRAFT,PA-28-180,P28A,PISTÃO,1088,4,1968,BRASIL,1
PTCXO,AVIÃO,BEECH AIRCRAFT,35-C33A,BE33,PISTÃO,1497,5,1967,BRASIL,1
PTCYF,AVIÃO,EMBRAER,EMB-203,IPAN,PISTÃO,1900,1,2019,BRASIL,1
PTCYG,AVIÃO,EMBRAER,EMB-203,IPAN,PISTÃO,1900,1,2019,BRASIL,1
PTCZC,AVIÃO,CESSNA AIRCRAFT,182K,C182,PISTÃO,1270,4,1967,BRASIL,1
PTCZQ,AVIÃO,CESSNA AIRCRAFT,150G,C150,PISTÃO,726,2,1967,BRASIL,1
PTCZZ,AVIÃO,PIPER AIRCRAFT,PA-28-140,P28A,PISTÃO,884,4,1966,BRASIL,1
PTDAB,AVIÃO,CESSNA AIRCRAFT,182K,C182,PISTÃO,1270,4,1967,BRASIL,1
PTDAN,AVIÃO,CESSNA AIRCRAFT,180H,C180,PISTÃO,1270,1,1967,BRASIL,1
PTDBE,AVIÃO,CESSNA AIRCRAFT,U206B,C206,PISTÃO,1633,6,1967,BRASIL,1
PTDDB,AVIÃO,BEECH AIRCRAFT,E33A,BE33,PISTÃO,1497,4,1960,BRASIL,1
PTDDG,AVIÃO,CESSNA AIRCRAFT,U206C,C206,PISTÃO,1633,6,1968,BRASIL,1
PTDFZ,AVIÃO,CESSNA AIRCRAFT,150H,C150,PISTÃO,725,2,1968,BRASIL,1
PTDGH,AVIÃO,CESSNA AIRCRAFT,150H,C150,PISTÃO,726,2,1968,BRASIL,1
PTDGK,AVIÃO,CESSNA AIRCRAFT,U206C,C206,PISTÃO,1633,6,1968,BRASIL,1
PTDID,AVIÃO,CESSNA AIRCRAFT,185A,C185,PISTÃO,1454,6,1962,BRASIL,1
PTDIV,AVIÃO,CIRRUS,SR22,SR22,PISTÃO,1542,4,2003,BRASIL,1
PTDJA,AVIÃO,PIPER AIRCRAFT,PA-28R-180,P28R,PISTÃO,1134,4,1969,BRASIL,1
PTDJC,AVIÃO,BEECH AIRCRAFT,35,BE35,PISTÃO,1157,4,0,BRASIL,1
PTDJF,AVIÃO,CESSNA AIRCRAFT,150K,C150,PISTÃO,726,2,1970,BRASIL,1
PTDJH,AVIÃO,CESSNA AIRCRAFT,182E,C182,PISTÃO,1270,4,1962,BRASIL,1
PTDJS,AVIÃO,PIPER AIRCRAFT,PA-25-260,PA25,PISTÃO,1315,1,1970,BRASIL,1
PTDJT,AVIÃO,PIPER AIRCRAFT,PA-25-260,PA25,PISTÃO,1315,1,1969,BRASIL,1
PTDKA,AVIÃO,PIPER AIRCRAFT,PA-24-260,PA24,PISTÃO,1452,6,1970,BRASIL,1
PTDKK,AVIÃO,MOONEY AIRCRAFT,M20F,M20P,PISTÃO,1243,4,1970,BRASIL,1
PTDLA,AVIÃO,CESSNA AIRCRAFT,177B,C177,PISTÃO,1134,4,1970,BRASIL,1
PTDLK,AVIÃO,BEECH AIRCRAFT,A36,BE36,PISTÃO,1633,6,1971,BRASIL,1
PTDLO,AVIÃO,BEECH AIRCRAFT,A36,BE36,PISTÃO,1632,6,1970,BRASIL,1
PTDMC,AVIÃO,SOCATA,ST-10,ST10,PISTÃO,1220,4,1970,BRASIL,1
PTDME,AVIÃO,SOCATA,ST-10,ST10,PISTÃO,1030,4,1971,BRASIL,1
PTDML,AVIÃO,CESSNA AIRCRAFT,177RG,C77R,PISTÃO,1270,4,1971,BRASIL,1
PTDMY,AVIÃO,CESSNA AIRCRAFT,A188A,C188,PISTÃO,1814,1,1971,BRASIL,1
PTDNE,AVIÃO,CESSNA AIRCRAFT,172K,C172,PISTÃO,1043,4,1970,BRASIL,1
PTDNR,AVIÃO,PIPER AIRCRAFT,PA-25-235,PA25,PISTÃO,1315,1,1962,BRASIL,1
PTDNT,AVIÃO,CESSNA AIRCRAFT,U206E,C206,PISTÃO,1633,6,1970,BRASIL,1
PTDNY,AVIÃO,CESSNA AIRCRAFT,A185E,C185,PISTÃO,1497,6,1968,BRASIL,1
PTDOB,AVIÃO,PIPER AIRCRAFT,PA-28R-200,P28R,PISTÃO,1179,4,1970,BRASIL,1
PTDOJ,AVIÃO,CESSNA AIRCRAFT,182N,C182,PISTÃO,1338,4,1970,BRASIL,1
PTDON,AVIÃO,PIPER AIRCRAFT,PA-24-260,PA24,PISTÃO,1452,6,1970,BRASIL,1
PTDOS,AVIÃO,BEECH AIRCRAFT,V35B,BE35,PISTÃO,1542,6,1971,BRASIL,1
PTDOT,AVIÃO,PIPER AIRCRAFT,PA-28R-180,P28R,PISTÃO,1134,4,1970,BRASIL,1
PTDOX,AVIÃO,PIPER AIRCRAFT,PA-25-260,PA25,PISTÃO,1315,1,1970,BRASIL,1
PTDPD,AVIÃO,PIPER AIRCRAFT,PA-32-300,PA32,PISTÃO,1542,6,1971,BRASIL,1
PTDPQ,AVIÃO,PIPER AIRCRAFT,PA-28R-200,P28R,PISTÃO,1179,4,1970,BRASIL,1
PTDPU,AVIÃO,PIPER AIRCRAFT,PA-28-140,P28A,PISTÃO,975,4,1970,BRASIL,1
PTDQC,AVIÃO,BEECH AIRCRAFT,V35B,BE35,PISTÃO,1542,6,1971,BRASIL,1
PTDQF,AVIÃO,CESSNA AIRCRAFT,U206E,C206,PISTÃO,1633,6,1972,BRASIL,1
PTDQG,AVIÃO,CESSNA AIRCRAFT,182N,C182,PISTÃO,1338,4,1970,BRASIL,1
PTDQQ,AVIÃO,PIPER AIRCRAFT,PA-28R-200,P28R,PISTÃO,1179,4,1970,BRASIL,1
PTDRB,AVIÃO,CESSNA AIRCRAFT,A188A,C188,PISTÃO,1814,1,1972,BRASIL,1
PTDRJ,AVIÃO,BEECH AIRCRAFT,V35B,BE35,PISTÃO,1543,5,1972,BRASIL,1
PTDRR,AVIÃO,BEECH AIRCRAFT,V35B,BE35,PISTÃO,1542,6,1971,BRASIL,1
PTDRY,AVIÃO,CESSNA AIRCRAFT,177RG,C77R,PISTÃO,1270,4,1971,BRASIL,1
PTDSO,AVIÃO,CESSNA AIRCRAFT,210K,C210,PISTÃO,1724,6,1970,BRASIL,1
PTDSY,AVIÃO,PIPER AIRCRAFT,PA-28-235,P28B,PISTÃO,1315,4,0,BRASIL,1
PTDTH,AVIÃO,CESSNA AIRCRAFT,182N,C182,PISTÃO,1338,4,1971,BRASIL,1
PTDTM,AVIÃO,PIPER AIRCRAFT,PA-28R-200,P28R,PISTÃO,1179,4,1971,BRASIL,1
PTDTW,AVIÃO,CESSNA AIRCRAFT,172L,C172,PISTÃO,1043,4,1971,BRASIL,1
PTDUE,AVIÃO,BEECH AIRCRAFT,V35B,BE35,PISTÃO,1542,6,1971,BRASIL,1
PTDUM,AVIÃO,CESSNA AIRCRAFT,A188A,C188,PISTÃO,1814,1,1972,BRASIL,1
PTDUQ,AVIÃO,CESSNA AIRCRAFT,150G,C150,PISTÃO,726,2,1967,BRASIL,1
PTDVB,AVIÃO,CESSNA AIRCRAFT,182N,C182,PISTÃO,1338,4,0,BRASIL,1
PTDVF,AVIÃO,CESSNA AIRCRAFT,U206E,C206,PISTÃO,1633,6,1971,BRASIL,1
PTDVP,AVIÃO,PIPER AIRCRAFT,PA-28R-200,P28R,PISTÃO,1179,4,1971,BRASIL,1
PTDXE,AVIÃO,CESSNA AIRCRAFT,182N,C182,PISTÃO,1388,4,1971,BRASIL,1
PTDXI,AVIÃO,CESSNA AIRCRAFT,210K,C210,PISTÃO,1724,6,1971,BRASIL,1
PTDXZ,AVIÃO,PIPER AIRCRAFT,PA-28R-200,P28R,PISTÃO,1179,4,1972,BRASIL,1
PTDYF,AVIÃO,CESSNA AIRCRAFT,182N,C182,PISTÃO,1338,4,1971,BRASIL,1
PTDYG,AVIÃO,CESSNA AIRCRAFT,182N,C182,PISTÃO,1338,4,1971,BRASIL,1
PTDYV,AVIÃO,PIPER AIRCRAFT,PA-28-180,P28A,PISTÃO,1089,4,1971,BRASIL,1
PTDZA,AVIÃO,CESSNA AIRCRAFT,A188A,C188,PISTÃO,1497,1,1971,BRASIL,1
PTDZB,AVIÃO,CESSNA AIRCRAFT,A188A,C188,PISTÃO,1497,1,0,BRASIL,1
PTDZF,AVIÃO,CESSNA AIRCRAFT,A188A,C188,PISTÃO,1497,1,1971,BRASIL,1
PTDZR,AVIÃO,PIPER AIRCRAFT,PA-28-140,P28A,PISTÃO,975,4,1972,BRASIL,1
PTEAC,AVIÃO,NEIVA,EMB-720,PA32,PISTÃO,1542,7,0,BRASIL,1
PTEAQ,AVIÃO,NEIVA,EMB-720C,PA32,PISTÃO,1542,6,1975,BRASIL,1
PTEBK,AVIÃO,NEIVA INDUSTRIA AERONAUTICA,EMB-721C,P32R,PISTÃO,1633,7,1976,BRASIL,1
PTEBY,AVIÃO,NEIVA INDUSTRIA AERONAUTICA,EMB-720C,PA32,PISTÃO,1542,7,1976,BRASIL,1
PTEBZ,AVIÃO,NEIVA,EMB-720C,PA32,PISTÃO,1542,6,1976,BRASIL,1
PTECB,HELICÓPTERO,HELIBRAS,AS 350 B3,AS50,TURBOEIXO,2250,6,2013,BRASIL,1
PTECM,AVIÃO,NEIVA,EMB-720C,PA32,PISTÃO,1542,7,1976,BRASIL,1
PTECT,AVIÃO,NEIVA INDUSTRIA AERONAUTICA,EMB-721C,P32R,PISTÃO,1633,7,1976,BRASIL,1
PTEDJ,AVIÃO,NEIVA,EMB-721C,P32R,PISTÃO,1633,7,1976,BRASIL,1
PTEDP,AVIÃO,NEIVA INDUSTRIA AERONAUTICA,EMB-721C,P32R,PISTÃO,1633,6,1976,BRASIL,1
PTEEC,AVIÃO,NEIVA INDUSTRIA AERONAUTICA,EMB-721C,P32R,PISTÃO,1633,6,1976,BRASIL,1
PTEEE,AVIÃO,NEIVA INDUSTRIA AERONAUTICA,EMB-721C,P32R,PISTÃO,1633,6,1976,BRASIL,1
PTEFI,AVIÃO,NEIVA,EMB-721C,P32R,PISTÃO,1633,7,1976,BRASIL,1
PTEFL,AVIÃO,NEIVA,EMB-721C,P32R,PISTÃO,1633,7,1976,BRASIL,1
PTEGG,AVIÃO,NEIVA INDUSTRIA AERONAUTICA,EMB-721C,P32R,PISTÃO,1633,6,1976,BRASIL,1
PTEGM,AVIÃO,NEIVA INDUSTRIA AERONAUTICA,EMB-721C,P32R,PISTÃO,1633,7,1976,BRASIL,1
PTEHC,AVIÃO,NEIVA,EMB-720C,PA32,PISTÃO,1542,7,1976,BRASIL,1
PTEHQ,AVIÃO,NEIVA,EMB-720C,PA32,PISTÃO,1542,6,1977,BRASIL,1
PTEHX,AVIÃO,NEIVA,EMB-721C,P32R,PISTÃO,1633,6,1976,BRASIL,1
PTEIB,AVIÃO,NEIVA,EMB-721C,P32R,PISTÃO,1633,7,1977,BRASIL,1
PTEII,AVIÃO,NEIVA,EMB-721C,P32R,PISTÃO,1633,6,1977,BRASIL,1
PTEKC,AVIÃO,NEIVA,EMB-720C,PA32,PISTÃO,1542,6,1977,BRASIL,1
PTEKI,AVIÃO,NEIVA,EMB-720C,PA32,PISTÃO,1542,6,1977,BRASIL,1
PTEKM,AVIÃO,NEIVA,EMB-721C,P32R,PISTÃO,1633,6,1977,BRASIL,1
PTEMC,AVIÃO,NEIVA,EMB-720C,PA32,PISTÃO,1542,7,1977,BRASIL,1
PTEOO,AVIÃO,NEIVA,EMB-721C,P32R,PISTÃO,1633,7,1977,BRASIL,1
PTEOS,AVIÃO,NEIVA,EMB-720C,PA32,PISTÃO,1542,7,1977,BRASIL,1
PTEOT,AVIÃO,NEIVA,EMB-720C,PA32,PISTÃO,1542,7,1977,BRASIL,1
PTEOV,AVIÃO,NEIVA INDUSTRIA AERONAUTICA,EMB-720C,PA32,PISTÃO,1542,7,1978,BRASIL,1
PTEPD,AVIÃO,NEIVA,EMB-721C,P32R,PISTÃO,1633,7,1977,BRASIL,1
PTEPW,AVIÃO,NEIVA,EMB-720C,PA32,PISTÃO,1542,7,1978,BRASIL,1
PTEQI,AVIÃO,NEIVA INDUSTRIA AERONAUTICA,EMB-721C,P32R,PISTÃO,1633,6,1979,BRASIL,1
PTEQL,AVIÃO,NEIVA INDUSTRIA AERONAUTICA,EMB-721C,P32R,PISTÃO,1633,7,0,BRASIL,1
PTERO,AVIÃO,NEIVA,EMB-720C,PA32,PISTÃO,1542,7,0,BRASIL,1
PTERV,AVIÃO,NEIVA INDUSTRIA AERONAUTICA,EMB-721C,P32R,PISTÃO,1633,7,1979,BRASIL,1
PTETW,AVIÃO,NEIVA INDUSTRIA AERONAUTICA,EMB-720C,PA32,PISTÃO,1542,7,1978,BRASIL,1
PTEXC,AVIÃO,NEIVA INDUSTRIA AERONAUTICA,EMB-720C,PA32,PISTÃO,1542,7,1979,BRASIL,1
PTEXM,AVIÃO,NEIVA INDUSTRIA AERONAUTICA,EMB-721C,P32R,PISTÃO,1633,7,1979,BRASIL,1
PTEXO,AVIÃO,NEIVA INDUSTRIA AERONAUTICA,EMB-721C,P32R,PISTÃO,1633,6,1979,BRASIL,1
PTEXU,AVIÃO,NEIVA INDUSTRIA AERONAUTICA,EMB-721C,P32R,PISTÃO,1633,7,1979,BRASIL,1
PTEYT,AVIÃO,NEIVA INDUSTRIA AERONAUTICA,EMB-721C,P32R,PISTÃO,1633,6,1979,BRASIL,1
PTEZJ,AVIÃO,NEIVA INDUSTRIA AERONAUTICA,EMB-720C,PA32,PISTÃO,1542,7,1981,BRASIL,1
PTFAA,AVIÃO,CIRRUS DESIGN,SR22,SR22,PISTÃO,1542,4,2011,BRASIL,1
PTFAI,AVIÃO,NEIVA,EMB-720C,PA32,PISTÃO,1542,7,1976,BRASIL,1
PTFAL,AVIÃO,AIR TRACTOR,AT-502B,AT5T,TURBOÉLICE,3629,1,2013,BRASIL,1
PTFBE,AVIÃO,AIR TRACTOR,AT-502B,AT5T,TURBOÉLICE,3629,1,2011,BRASIL,1
PTFBO,AVIÃO,CESSNA AIRCRAFT,U206F,C206,PISTÃO,1633,6,1974,BRASIL,1
PTFCA,AVIÃO,CESSNA AIRCRAFT,152,C152,PISTÃO,758,2,1979,BRASIL,1
PTFED,AVIÃO,NEIVA,EMB-720D,PA32,PISTÃO,1633,7,1986,BRASIL,1
PTFEM,AVIÃO,PIPER AIRCRAFT,PA-46R-350T,PA46,PISTÃO,1969,6,2011,BRASIL,1
PTFEN,AVIÃO,CESSNA AIRCRAFT,A188B,C188,PISTÃO,1905,1,1978,BRASIL,1
PTFFB,AVIÃO,CESSNA AIRCRAFT,A188B,C188,PISTÃO,1497,1,1974,BRASIL,1
PTFFD,AVIÃO,CESSNA AIRCRAFT,A188B,C188,PISTÃO,1497,1,1976,BRASIL,1
PTFFG,AVIÃO,CESSNA AIRCRAFT,A188B,C188,PISTÃO,1905,1,1983,BRASIL,1
PTFFH,AVIÃO,CESSNA AIRCRAFT,A188B,C188,PISTÃO,1905,1,1981,BRASIL,1
PTFIB,AVIÃO,CESSNA AIRCRAFT,150M,C150,PISTÃO,726,2,1975,BRASIL,1
PTFJC,AVIÃO,CESSNA AIRCRAFT,152,C152,PISTÃO,760,2,1980,BRASIL,1
PTFJS,HELICÓPTERO,ROBINSON HELICOPTER,R44,R44,PISTÃO,1134,4,2006,BRASIL,1
PTFLF,AVIÃO,CESSNA AIRCRAFT,152,C152,PISTÃO,757,2,1977,BRASIL,1
PTFLK,AVIÃO,CESSNA AIRCRAFT,R182,C82R,PISTÃO,1406,4,1979,BRASIL,1
PTFLW,AVIÃO,CESSNA AIRCRAFT,208B,C208,TURBOÉLICE,3969,11,1995,BRASIL,1
PTFNA,AVIÃO,CESSNA AIRCRAFT,A188B,C188,PISTÃO,1905,1,1974,BRASIL,1
PTFNI,AVIÃO,CESSNA AIRCRAFT,A188B,C188,PISTÃO,1905,1,1977,BRASIL,1
PTFNX,AVIÃO,AIR TRACTOR,AT-402A,AT3T,TURBOÉLICE,3175,1,2018,BRASIL,1
PTFRN,HELICÓPTERO,HELIBRAS,AS 350 B3,AS50,TURBOEIXO,2370,NULL,2022,BRASIL,1
PTFSP,AVIÃO,AIR TRACTOR,AT-502B,AT5T,TURBOÉLICE,3629,NULL,NULL,BRASIL,1
PTFTA,AVIÃO,CESSNA AIRCRAFT,182S,C182,PISTÃO,1406,4,2000,BRASIL,1
PTFTO,AVIÃO,CESSNA AIRCRAFT,182S,C182,PISTÃO,1406,4,2000,BRASIL,1
PTFZG,AVIÃO,EMBRAER,EMB-203,IPAN,PISTÃO,1900,1,2018,BRASIL,1
PTGAB,AVIÃO,XAVANTE,A-122-B,A122,PISTÃO,840,2,1971,BRASIL,1
PTGAI,AVIÃO,AIR TRACTOR,AT-502A,AT5T,TURBOÉLICE,3629,1,2017,BRASIL,1
PTGAV,AVIÃO,PILATUS,PC-12/47,PC12,TURBOÉLICE,4740,8,2006,BRASIL,1
PTGBG,AVIÃO,NEIVA INDUSTRIA AERONAUTICA,EMB-200A,IPAN,PISTÃO,1550,1,1972,BRASIL,1
PTGBJ,AVIÃO,NEIVA,EMB-200A,IPAN,PISTÃO,1550,1,1972,BRASIL,1
PTGBZ,AVIÃO,NEIVA,EMB-200A,IPAN,PISTÃO,1550,1,1973,BRASIL,1
PTGCS,AVIÃO,CESSNA AIRCRAFT,182T,C182,PISTÃO,1406,NULL,NULL,BRASIL,1
PTGDK,AVIÃO,NEIVA INDUSTRIA AERONAUTICA,EMB-200,IPAN,PISTÃO,1550,1,1973,BRASIL,1
PTGED,AVIÃO,NEIVA INDUSTRIA AERONAUTICA,EMB-200A,IPAN,PISTÃO,1550,1,1974,BRASIL,1
PTGEE,AVIÃO,NEIVA INDUSTRIA AERONAUTICA,EMB-200A,IPAN,PISTÃO,1550,1,0,BRASIL,1
PTGEF,AVIÃO,NEIVA INDUSTRIA AERONAUTICA,EMB-200A,IPAN,PISTÃO,1550,1,1974,BRASIL,1
PTGEG,AVIÃO,NEIVA INDUSTRIA AERONAUTICA,EMB-201,IPAN,PISTÃO,1800,1,1974,BRASIL,1
PTGEU,AVIÃO,NEIVA,EMB-201,IPAN,PISTÃO,1800,1,1974,BRASIL,1
PTGEV,AVIÃO,NEIVA INDUSTRIA AERONAUTICA,EMB-201,IPAN,PISTÃO,1800,1,1974,BRASIL,1
PTGEZ,AVIÃO,NEIVA,EMB-201,IPAN,PISTÃO,1800,1,1974,BRASIL,1
PTGFF,AVIÃO,NEIVA INDUSTRIA AERONAUTICA,EMB-201,IPAN,PISTÃO,1800,1,1974,BRASIL,1
PTGFH,AVIÃO,NEIVA,EMB-201,IPAN,PISTÃO,1800,1,1975,BRASIL,1
PTGFI,AVIÃO,NEIVA,EMB-201,IPAN,PISTÃO,1800,1,1974,BRASIL,1
PTGFJ,AVIÃO,NEIVA INDUSTRIA AERONAUTICA,EMB-201,IPAN,PISTÃO,1800,1,1974,BRASIL,1
PTGFL,AVIÃO,NEIVA INDUSTRIA AERONAUTICA,EMB-201,IPAN,PISTÃO,1800,1,1975,BRASIL,1
PTGFO,AVIÃO,NEIVA,EMB-201,IPAN,PISTÃO,1800,1,1975,BRASIL,1
PTGGA,AVIÃO,NEIVA,EMB-201,IPAN,PISTÃO,1800,1,1975,BRASIL,1
PTGGB,AVIÃO,NEIVA INDUSTRIA AERONAUTICA,EMB-201,IPAN,PISTÃO,1800,1,1975,BRASIL,1
PTGGE,AVIÃO,NEIVA INDUSTRIA AERONAUTICA,EMB-201,IPAN,PISTÃO,1800,1,1975,BRASIL,1
PTGGG,AVIÃO,NEIVA INDUSTRIA AERONAUTICA,EMB-201,IPAN,PISTÃO,1800,1,1976,BRASIL,1
PTGGQ,AVIÃO,NEIVA,EMB-201,IPAN,PISTÃO,1800,2,1975,BRASIL,1
PTGGU,AVIÃO,NEIVA,EMB-201,IPAN,PISTÃO,1800,1,1974,BRASIL,1
PTGGW,AVIÃO,NEIVA,EMB-201,IPAN,PISTÃO,1800,1,1976,BRASIL,1
PTGHP,AVIÃO,NEIVA INDUSTRIA AERONAUTICA,EMB-201,IPAN,PISTÃO,1800,1,1975,BRASIL,1
PTGHX,AVIÃO,NEIVA INDUSTRIA AERONAUTICA,EMB-201,IPAN,PISTÃO,1800,1,1975,BRASIL,1
PTGHZ,AVIÃO,NEIVA,EMB-201,IPAN,PISTÃO,1800,1,1975,BRASIL,1
PTGIE,AVIÃO,NEIVA INDUSTRIA AERONAUTICA,EMB-201,IPAN,PISTÃO,1800,1,1975,BRASIL,1
PTGIG,AVIÃO,NEIVA,EMB-201,IPAN,PISTÃO,1800,1,1976,BRASIL,1
PTGIH,AVIÃO,NEIVA,EMB-201,IPAN,PISTÃO,1800,1,1976,BRASIL,1
PTGII,AVIÃO,NEIVA,EMB-201,IPAN,PISTÃO,1800,1,0,BRASIL,1
PTGIN,AVIÃO,NEIVA INDUSTRIA AERONAUTICA,EMB-201,IPAN,PISTÃO,1800,1,1976,BRASIL,1
PTGIO,AVIÃO,NEIVA,EMB-201,IPAN,PISTÃO,1550,1,1976,BRASIL,1
PTGLA,AVIÃO,RAYTHEON AIRCRAFT,A36,BE36,PISTÃO,1633,6,2003,BRASIL,1
PTGMM,AVIÃO,CIRRUS,SR22,SR22,PISTÃO,1542,4,2003,BRASIL,1
PTGNI,AVIÃO,NEIVA,EMB-201,IPAN,PISTÃO,1800,1,1979,BRASIL,1
PTGNJ,AVIÃO,NEIVA,EMB-201,IPAN,PISTÃO,1550,1,1976,BRASIL,1
PTGNM,AVIÃO,NEIVA,EMB-201,IPAN,PISTÃO,1800,1,1976,BRASIL,1
PTGNO,AVIÃO,NEIVA INDUSTRIA AERONAUTICA,EMB-201,IPAN,PISTÃO,1800,1,1976,BRASIL,1
PTGNV,AVIÃO,NEIVA INDUSTRIA AERONAUTICA,EMB-201,IPAN,PISTÃO,1800,1,1976,BRASIL,1
PTGOB,AVIÃO,NEIVA,EMB-201,IPAN,PISTÃO,1800,1,1977,BRASIL,1
PTGOC,AVIÃO,NEIVA,EMB-201,IPAN,PISTÃO,1800,1,1976,BRASIL,1
PTGOD,AVIÃO,NEIVA,EMB-201,IPAN,PISTÃO,1800,1,1976,BRASIL,1
PTGOE,AVIÃO,NEIVA,EMB-201,IPAN,PISTÃO,1800,1,0,BRASIL,1
PTGOJ,AVIÃO,NEIVA,EMB-201,IPAN,PISTÃO,1800,1,1976,BRASIL,1
PTGOO,AVIÃO,NEIVA INDUSTRIA AERONAUTICA,EMB-201,IPAN,PISTÃO,1800,1,1976,BRASIL,1
PTGOT,AVIÃO,NEIVA INDUSTRIA AERONAUTICA,EMB-201,IPAN,PISTÃO,1800,1,1976,BRASIL,1
PTGOU,AVIÃO,NEIVA,EMB-201,IPAN,PISTÃO,1800,1,1976,BRASIL,1
PTGPB,AVIÃO,NEIVA INDUSTRIA AERONAUTICA,EMB-201,IPAN,PISTÃO,1800,1,1976,BRASIL,1
PTGPJ,AVIÃO,NEIVA INDUSTRIA AERONAUTICA,EMB-201,IPAN,PISTÃO,1800,1,1976,BRASIL,1
PTGPL,AVIÃO,NEIVA INDUSTRIA AERONAUTICA,EMB-201,IPAN,PISTÃO,1800,1,1977,BRASIL,1
PTGPN,AVIÃO,NEIVA,EMB-201,IPAN,PISTÃO,1800,1,1976,BRASIL,1
PTGPU,AVIÃO,NEIVA,EMB-201,IPAN,PISTÃO,1800,1,0,BRASIL,1
PTGQD,AVIÃO,NEIVA INDUSTRIA AERONAUTICA,EMB-201,IPAN,PISTÃO,1800,1,0,BRASIL,1
PTGQI,AVIÃO,NEIVA,EMB-201,IPAN,PISTÃO,1800,1,1977,BRASIL,1
PTGQK,AVIÃO,NEIVA INDUSTRIA AERONAUTICA,EMB-201A,IPAN,PISTÃO,1800,1,1977,BRASIL,1
PTGQN,AVIÃO,NEIVA,EMB-201A,IPAN,PISTÃO,1800,1,1977,BRASIL,1
PTGQP,AVIÃO,NEIVA,EMB-201A,IPAN,PISTÃO,1800,1,1977,BRASIL,1
PTGQT,AVIÃO,NEIVA INDUSTRIA AERONAUTICA,EMB-201A,IPAN,PISTÃO,1800,1,1977,BRASIL,1
PTGRA,AVIÃO,NEIVA,EMB-201A,IPAN,PISTÃO,1800,1,1977,BRASIL,1
PTGRE,AVIÃO,NEIVA INDUSTRIA AERONAUTICA,EMB-201A,IPAN,PISTÃO,1800,1,0,BRASIL,1
PTGRG,AVIÃO,NEIVA,EMB-201A,IPAN,PISTÃO,1550,1,1977,BRASIL,1
PTGRQ,AVIÃO,NEIVA,EMB-201A,IPAN,PISTÃO,1800,1,1977,BRASIL,1
PTGRR,AVIÃO,NEIVA INDUSTRIA AERONAUTICA,EMB-201A,IPAN,PISTÃO,1800,1,1971,BRASIL,1
PTGRT,AVIÃO,NEIVA,EMB-201A,IPAN,PISTÃO,1800,1,1977,BRASIL,1
PTGRY,AVIÃO,NEIVA INDUSTRIA AERONAUTICA,EMB-201A,IPAN,PISTÃO,1800,1,1978,BRASIL,1
PTGSB,AVIÃO,NEIVA INDUSTRIA AERONAUTICA,EMB-201A,IPAN,PISTÃO,1800,1,1977,BRASIL,1
PTGSD,AVIÃO,NEIVA INDUSTRIA AERONAUTICA,EMB-201A,IPAN,PISTÃO,1800,1,1977,BRASIL,1
PTGSF,AVIÃO,NEIVA INDUSTRIA AERONAUTICA,EMB-201A,IPAN,PISTÃO,1800,1,1977,BRASIL,1
PTGSH,AVIÃO,NEIVA,EMB-201A,IPAN,PISTÃO,1800,1,1978,BRASIL,1
PTGSO,AVIÃO,NEIVA INDUSTRIA AERONAUTICA,EMB-201A,IPAN,PISTÃO,1800,1,1978,BRASIL,1
PTGSQ,AVIÃO,NEIVA INDUSTRIA AERONAUTICA,EMB-201A,IPAN,PISTÃO,1800,1,1978,BRASIL,1
PTGSW,AVIÃO,NEIVA,EMB-201A,IPAN,PISTÃO,1800,1,1977,BRASIL,1
PTGTB,AVIÃO,NEIVA,EMB-201A,IPAN,PISTÃO,1800,1,1979,BRASIL,1
PTGTC,AVIÃO,NEIVA,EMB-201A,IPAN,PISTÃO,1800,1,1979,BRASIL,1
PTGTQ,AVIÃO,NEIVA INDUSTRIA AERONAUTICA,EMB-201A,IPAN,PISTÃO,1800,1,1978,BRASIL,1
PTGTR,AVIÃO,NEIVA,EMB-201A,IPAN,PISTÃO,1800,1,1979,BRASIL,1
PTGTS,AVIÃO,NEIVA INDUSTRIA AERONAUTICA,EMB-201A,IPAN,PISTÃO,1800,1,1979,BRASIL,1
PTGTZ,AVIÃO,NEIVA INDUSTRIA AERONAUTICA,EMB-201A,IPAN,PISTÃO,1800,1,1979,BRASIL,1
PTGUD,AVIÃO,NEIVA,EMB-201A,IPAN,PISTÃO,1800,1,1980,BRASIL,1
PTGUF,AVIÃO,NEIVA,EMB-201A,IPAN,PISTÃO,1800,1,1980,BRASIL,1
PTGUG,AVIÃO,NEIVA,EMB-201A,IPAN,PISTÃO,1800,1,1979,BRASIL,1
PTGUI,AVIÃO,NEIVA,EMB-201A,IPAN,PISTÃO,1800,1,1979,BRASIL,1
PTGUM,AVIÃO,NEIVA INDUSTRIA AERONAUTICA,EMB-201A,IPAN,PISTÃO,1800,1,1980,BRASIL,1
PTGUO,AVIÃO,NEIVA,EMB-201A,IPAN,PISTÃO,1800,1,1980,BRASIL,1
PTGUP,AVIÃO,NEIVA,EMB-201A,IPAN,PISTÃO,1800,1,1980,BRASIL,1
PTGUR,AVIÃO,NEIVA INDUSTRIA AERONAUTICA,EMB-201A,IPAN,PISTÃO,1800,1,1980,BRASIL,1
PTGUS,AVIÃO,NEIVA,EMB-201A,IPAN,PISTÃO,1800,1,1980,BRASIL,1
PTGUT,AVIÃO,NEIVA INDUSTRIA AERONAUTICA,EMB-201A,IPAN,PISTÃO,1800,1,1978,BRASIL,1
PTGUV,AVIÃO,NEIVA INDUSTRIA AERONAUTICA,EMB-201A,IPAN,PISTÃO,1800,1,1980,BRASIL,1
PTGVI,AVIÃO,NEIVA INDUSTRIA AERONAUTICA,EMB-201A,IPAN,PISTÃO,1800,1,1980,BRASIL,1
PTGVM,AVIÃO,NEIVA,EMB-201A,IPAN,PISTÃO,1800,1,1979,BRASIL,1
PTGVN,AVIÃO,NEIVA INDUSTRIA AERONAUTICA,EMB-201A,IPAN,PISTÃO,1800,1,1980,BRASIL,1
PTGVO,AVIÃO,NEIVA INDUSTRIA AERONAUTICA,EMB-201A,IPAN,PISTÃO,1800,1,1980,BRASIL,1
PTGVQ,AVIÃO,NEIVA INDUSTRIA AERONAUTICA,EMB-201A,IPAN,PISTÃO,1800,1,1979,BRASIL,1
PTGVY,AVIÃO,NEIVA INDUSTRIA AERONAUTICA,EMB-201A,IPAN,PISTÃO,1800,1,1980,BRASIL,1
PTGXB,AVIÃO,NEIVA,EMB-201A,IPAN,PISTÃO,1800,1,1981,BRASIL,1
PTGXD,AVIÃO,NEIVA INDUSTRIA AERONAUTICA,EMB-201A,IPAN,PISTÃO,1800,1,1981,BRASIL,1
PTGXF,AVIÃO,NEIVA,EMB-201A,IPAN,PISTÃO,1800,1,1981,BRASIL,1
PTGXG,AVIÃO,NEIVA,EMB-201A,IPAN,PISTÃO,1800,1,1981,BRASIL,1
PTGXN,AVIÃO,NEIVA INDUSTRIA AERONAUTICA,EMB-201A,IPAN,PISTÃO,1800,1,1981,BRASIL,1
PTGXP,AVIÃO,NEIVA,EMB-201A,IPAN,PISTÃO,1800,1,1981,BRASIL,1
PTGXV,AVIÃO,NEIVA INDUSTRIA AERONAUTICA,EMB-201A,IPAN,PISTÃO,1800,1,1981,BRASIL,1
PTGYC,AVIÃO,NEIVA,EMB-201A,IPAN,PISTÃO,1800,1,1982,BRASIL,1
PTGYD,AVIÃO,NEIVA,EMB-201A,IPAN,PISTÃO,1800,1,1982,BRASIL,1
PTGYG,AVIÃO,NEIVA,EMB-201A,IPAN,PISTÃO,1800,1,1985,BRASIL,1
PTGYJ,AVIÃO,NEIVA INDUSTRIA AERONAUTICA,EMB-201A,IPAN,PISTÃO,1800,1,1982,BRASIL,1
PTGYQ,AVIÃO,NEIVA INDUSTRIA AERONAUTICA,EMB-201A,IPAN,PISTÃO,1800,1,1982,BRASIL,1
PTGYR,AVIÃO,NEIVA,EMB-201A,IPAN,PISTÃO,1800,1,1982,BRASIL,1
PTGYT,AVIÃO,NEIVA,EMB-201A,IPAN,PISTÃO,1800,1,1982,BRASIL,1
PTGYU,AVIÃO,NEIVA,EMB-201A,IPAN,PISTÃO,1800,1,1983,BRASIL,1
PTGYX,AVIÃO,NEIVA INDUSTRIA AERONAUTICA,EMB-201A,IPAN,PISTÃO,1800,1,1982,BRASIL,1
PTGYY,AVIÃO,NEIVA INDUSTRIA AERONAUTICA,EMB-201A,IPAN,PISTÃO,1800,1,1983,BRASIL,1
PTGYZ,AVIÃO,NEIVA,EMB-201A,IPAN,PISTÃO,1800,1,1983,BRASIL,1
PTGZG,AVIÃO,NEIVA INDUSTRIA AERONAUTICA,EMB-201A,IPAN,PISTÃO,1800,1,1983,BRASIL,1
PTGZJ,AVIÃO,NEIVA,EMB-201A,IPAN,PISTÃO,1800,1,1983,BRASIL,1
PTGZM,AVIÃO,NEIVA INDUSTRIA AERONAUTICA,EMB-201A,IPAN,PISTÃO,1800,1,1984,BRASIL,1
PTGZN,AVIÃO,NEIVA,EMB-201A,IPAN,PISTÃO,1800,1,1984,BRASIL,1
PTGZP,AVIÃO,NEIVA,EMB-201A,IPAN,PISTÃO,1800,1,1984,BRASIL,1
PTGZR,AVIÃO,NEIVA,EMB-201A,IPAN,PISTÃO,1800,1,1984,BRASIL,1
PTGZV,AVIÃO,NEIVA,EMB-201A,IPAN,PISTÃO,1800,1,1984,BRASIL,1
PTGZZ,AVIÃO,NEIVA,EMB-201A,IPAN,PISTÃO,1800,1,1984,BRASIL,1
PTHAX,HELICÓPTERO,ROBINSON HELICOPTER,R22,R22,PISTÃO,590,2,1994,BRASIL,1
PTHAY,HELICÓPTERO,ROBINSON HELICOPTER,R22 BETA,R22,PISTÃO,621,2,1992,BRASIL,1
PTHBF,AVIÃO,PIPER AIRCRAFT,PA-46-500TP,P46T,TURBOÉLICE,2310,6,2019,BRASIL,1
PTHBM,HELICÓPTERO,BELL HELICOPTER,206B,B06,TURBOEIXO,1451,5,1991,BRASIL,1
PTHCH,HELICÓPTERO,BELL HELICOPTER,206B,B06,TURBOEIXO,1451,5,1970,BRASIL,1
PTHCZ,HELICÓPTERO,BELL HELICOPTER,206B,B06,TURBOEIXO,1451,5,1993,BRASIL,1
PTHDC,HELICÓPTERO,BELL HELICOPTER,206B,B06,TURBOEIXO,1451,5,1971,BRASIL,1
PTHEO,HELICÓPTERO,BELL HELICOPTER,206B,B06,TURBOEIXO,1451,5,1973,BRASIL,1
PTHFO,HELICÓPTERO,BELL HELICOPTER,206B,B06,TURBOEIXO,1452,5,1973,BRASIL,1
PTHFS,HELICÓPTERO,ROBINSON HELICOPTER,R44,R44,PISTÃO,1088,4,1993,BRASIL,1
PTHGB,HELICÓPTERO,BELL HELICOPTER,206B,B06,TURBOEIXO,1451,5,1999,BRASIL,1
PTHGP,HELICÓPTERO,HUGHES HELICOPTER,269A-1,H269,PISTÃO,759,2,1964,BRASIL,1
PTHHT,HELICÓPTERO,BELL HELICOPTER,206B,B06,TURBOEIXO,1451,5,1973,BRASIL,1
PTHKM,HELICÓPTERO,BELL HELICOPTER,206B,B06,TURBOEIXO,1451,5,1979,BRASIL,1
PTHKX,HELICÓPTERO,BELL HELICOPTER,206B,B06,TURBOEIXO,1450,5,1980,BRASIL,1
PTHKY,HELICÓPTERO,BELL HELICOPTER,206B,B06,TURBOEIXO,1452,5,1980,BRASIL,1
PTHKZ,HELICÓPTERO,BELL HELICOPTER,206B,B06,TURBOEIXO,1450,5,1980,BRASIL,1
PTHLA,HELICÓPTERO,HELIBRAS,HB-350B,AS50,TURBOEIXO,1950,6,1979,BRASIL,1
PTHLD,HELICÓPTERO,HELIBRAS,HB-350B,AS50,TURBOEIXO,1950,6,1980,BRASIL,1
PTHLE,HELICÓPTERO,HELIBRAS,HB-350B,AS50,TURBOEIXO,1950,6,1981,BRASIL,1
PTHLP,HELICÓPTERO,HELIBRAS,HB-350B,AS50,TURBOEIXO,1950,6,1981,BRASIL,1
PTHLU,HELICÓPTERO,HELIBRAS,HB-350B,AS50,TURBOEIXO,1950,6,1982,BRASIL,1
PTHLZ,HELICÓPTERO,EUROCOPTER FRANCE,AS 350 B2,AS50,TURBOEIXO,2250,6,1985,BRASIL,1
PTHMD,HELICÓPTERO,HELIBRAS,HB-350B,AS50,TURBOEIXO,1950,6,1982,BRASIL,1
PTHML,HELICÓPTERO,HELIBRAS,HB-350B,AS50,TURBOEIXO,1950,6,1983,BRASIL,1
PTHMN,HELICÓPTERO,HELIBRAS,HB-350B,AS50,TURBOEIXO,1950,6,1988,BRASIL,1
PTHMU,HELICÓPTERO,HELIBRAS,HB-350B,AS50,TURBOEIXO,1950,6,1984,BRASIL,1
PTHNC,HELICÓPTERO,HELIBRAS,HB-350B,AS50,TURBOEIXO,1950,6,1989,BRASIL,1
PTHND,HELICÓPTERO,HELIBRAS,HB-350B,AS50,TURBOEIXO,1950,6,1989,BRASIL,1
PTHNE,HELICÓPTERO,HELIBRAS,HB-350B,AS50,TURBOEIXO,1950,6,1989,BRASIL,1
PTHNL,HELICÓPTERO,HELIBRAS,HB-350B,AS50,TURBOEIXO,1950,6,1990,BRASIL,1
PTHNO,HELICÓPTERO,HELIBRAS,HB-350B,AS50,TURBOEIXO,1950,6,1990,BRASIL,1
PTHNT,HELICÓPTERO,HELIBRAS,HB-350B,AS50,TURBOEIXO,1950,6,1991,BRASIL,1
PTHOL,HELICÓPTERO,ROBINSON HELICOPTER,R22,R22,PISTÃO,590,2,1992,BRASIL,1
PTHOY,HELICÓPTERO,BELL HELICOPTER,206B,B06,TURBOEIXO,1451,5,1991,BRASIL,1
PTHOZ,HELICÓPTERO,BELL HELICOPTER,206B,B06,TURBOEIXO,1451,5,1976,BRASIL,1
PTHPG,HELICÓPTERO,BELL HELICOPTER,206B,B06,TURBOEIXO,1247,5,1975,BRASIL,1
PTHPK,HELICÓPTERO,ROBINSON HELICOPTER,R22 BETA,R22,PISTÃO,621,2,1991,BRASIL,1
PTHQB,HELICÓPTERO,BELL HELICOPTER,206B,B06,TURBOEIXO,1451,5,1981,BRASIL,1
PTHQU,HELICÓPTERO,BELL HELICOPTER,206B,B06,TURBOEIXO,1451,5,1982,BRASIL,1
PTHQX,HELICÓPTERO,BELL HELICOPTER,206B,B06,TURBOEIXO,1452,5,1983,BRASIL,1
PTHRL,HELICÓPTERO,ROBINSON HELICOPTER,R22,R22,PISTÃO,622,2,1992,BRASIL,1
PTHSN,HELICÓPTERO,BELL HELICOPTER,206B,B06,TURBOEIXO,1451,5,1981,BRASIL,1
PTHTJ,HELICÓPTERO,BELL HELICOPTER,206B,B06,TURBOEIXO,1452,5,1992,BRASIL,1
PTHTQ,HELICÓPTERO,BELL HELICOPTER,206L-3,B06,TURBOEIXO,1882,7,1986,BRASIL,1
PTHTU,HELICÓPTERO,BELL HELICOPTER,206B,B06,TURBOEIXO,1452,5,1974,BRASIL,1
PTHUC,HELICÓPTERO,ROBINSON HELICOPTER,R44,R44,PISTÃO,1088,4,1994,BRASIL,1
PTHUD,HELICÓPTERO,ROBINSON HELICOPTER,R22,R22,PISTÃO,622,2,1994,BRASIL,1
PTHUE,HELICÓPTERO,BELL HELICOPTER,206B,B06,TURBOEIXO,1451,5,1988,BRASIL,1
PTHUS,HELICÓPTERO,BELL HELICOPTER,206B,B06,TURBOEIXO,1451,5,1974,BRASIL,1
PTHVD,HELICÓPTERO,ROBINSON HELICOPTER,R22,R22,PISTÃO,621,2,1989,BRASIL,1
PTHVK,HELICÓPTERO,ROBINSON HELICOPTER,R22 BETA,R22,PISTÃO,622,2,1990,BRASIL,1
PTHVL,HELICÓPTERO,ROBINSON HELICOPTER,R22 BETA,R22,PISTÃO,621,2,1990,BRASIL,1
PTHVM,HELICÓPTERO,ROBINSON HELICOPTER,R22,R22,PISTÃO,622,2,1990,BRASIL,1
PTHVO,HELICÓPTERO,ROBINSON HELICOPTER,R22 BETA,R22,PISTÃO,621,2,1990,BRASIL,1
PTHVQ,HELICÓPTERO,ROBINSON HELICOPTER,R22,R22,PISTÃO,590,2,1990,BRASIL,1
PTHVW,HELICÓPTERO,ROBINSON HELICOPTER,R22 BETA,R22,PISTÃO,621,2,1991,BRASIL,1
PTHVX,HELICÓPTERO,ROBINSON HELICOPTER,R22 BETA,R22,PISTÃO,622,2,1991,BRASIL,1
PTHXO,HELICÓPTERO,BELL HELICOPTER,206L-3,B06,TURBOEIXO,1882,7,1991,BRASIL,1
PTHYE,HELICÓPTERO,HELIBRAS,HB-350B,AS50,TURBOEIXO,1950,6,1992,BRASIL,1
PTHYL,HELICÓPTERO,HELIBRAS,AS 350 B2,AS50,TURBOEIXO,2250,6,1993,BRASIL,1
PTHYS,HELICÓPTERO,EUROCOPTER FRANCE,AS 350 BA,AS50,TURBOEIXO,2100,6,1993,BRASIL,1
PTHYV,HELICÓPTERO,HELIBRAS,AS 350 BA,AS50,TURBOEIXO,2100,6,1994,BRASIL,1
PTHYW,HELICÓPTERO,HELIBRAS,AS 350 B2,AS50,TURBOEIXO,2250,6,1994,BRASIL,1
PTHZE,HELICÓPTERO,HELIBRAS,HB-350B,AS50,TURBOEIXO,1950,6,1980,BRASIL,1
PTHZG,HELICÓPTERO,HELIBRAS,AS 350 BA,AS50,TURBOEIXO,2100,6,1995,BRASIL,1
PTHZH,HELICÓPTERO,EUROCOPTER,AS 350 B2,AS50,TURBOEIXO,2250,6,1995,BRASIL,1
PTHZL,HELICÓPTERO,EUROCOPTER,AS 350 B2,AS50,TURBOEIXO,2250,6,1997,BRASIL,1
PTHZQ,HELICÓPTERO,HELIBRAS,AS 350 B2,AS50,TURBOEIXO,2250,6,1996,BRASIL,1
PTHZY,HELICÓPTERO,HELIBRAS,AS 350 B2,AS50,TURBOEIXO,2250,6,1998,BRASIL,1
PTIBL,AVIÃO,CESSNA AIRCRAFT,182P,C182,PISTÃO,1338,4,1972,BRASIL,1
PTIBX,AVIÃO,PIPER AIRCRAFT,PA-28R-200,P28R,PISTÃO,1179,4,1972,BRASIL,1
PTIBY,AVIÃO,PIPER AIRCRAFT,PA-28R-200,P28R,PISTÃO,1179,4,1972,BRASIL,1
PTICG,AVIÃO,PIPER AIRCRAFT,PA-28R-200,P28R,PISTÃO,1179,4,1972,BRASIL,1
PTICH,AVIÃO,PIPER AIRCRAFT,PA-28R-200,P28R,PISTÃO,1202,4,1972,BRASIL,1
PTICN,AVIÃO,CESSNA AIRCRAFT,182P,C182,PISTÃO,1338,4,1972,BRASIL,1
PTICY,AVIÃO,CESSNA AIRCRAFT,210L,C210,PISTÃO,1724,6,1972,BRASIL,1
PTIDB,AVIÃO,CESSNA AIRCRAFT,182P,C182,PISTÃO,1338,4,1972,BRASIL,1
PTIDG,AVIÃO,CESSNA AIRCRAFT,182P,C182,PISTÃO,1338,4,1972,BRASIL,1
PTIEA,AVIÃO,CESSNA AIRCRAFT,210L,C210,PISTÃO,1724,6,1972,BRASIL,1
PTIEB,AVIÃO,PIPER AIRCRAFT,PA-24-260,PA24,PISTÃO,1452,6,1972,BRASIL,1
PTIEL,AVIÃO,BEECH AIRCRAFT,V35B,BE35,PISTÃO,1542,6,1972,BRASIL,1
PTIFE,AVIÃO,CESSNA AIRCRAFT,210L,C210,PISTÃO,1724,6,1972,BRASIL,1
PTIFX,AVIÃO,CESSNA AIRCRAFT,182P,C182,PISTÃO,1338,4,0,BRASIL,1
PTIGA,AVIÃO,CESSNA AIRCRAFT,180C,C180,PISTÃO,1202,4,1960,BRASIL,1
PTIGB,AVIÃO,CESSNA AIRCRAFT,182C,C182,PISTÃO,1270,4,1960,BRASIL,1
PTIGQ,AVIÃO,BEECH AIRCRAFT,V35B,BE35,PISTÃO,1542,6,1973,BRASIL,1
PTIGZ,AVIÃO,CESSNA AIRCRAFT,182P,C182,PISTÃO,1338,4,1972,BRASIL,1
PTIIY,AVIÃO,BEECH AIRCRAFT,A36,BE36,PISTÃO,1633,6,1972,BRASIL,1
PTIJD,AVIÃO,BEECH AIRCRAFT,A36,BE36,PISTÃO,1633,6,1972,BRASIL,1
PTIJM,AVIÃO,AYRES CORPORATION,S-2R,SS2P,PISTÃO,2722,1,1972,BRASIL,1
PTIJP,AVIÃO,CESSNA AIRCRAFT,A188B,C188,PISTÃO,1814,1,1972,BRASIL,1
PTIJX,AVIÃO,BEECH AIRCRAFT,G33,BE33,PISTÃO,1497,5,1972,BRASIL,1
PTIJY,AVIÃO,CESSNA AIRCRAFT,182P,C182,PISTÃO,1338,4,0,BRASIL,1
PTIKF,AVIÃO,PIPER AIRCRAFT,PA-28R-200,P28R,PISTÃO,1179,4,1973,BRASIL,1
PTIKI,AVIÃO,CESSNA AIRCRAFT,177RG,C77R,PISTÃO,1270,4,1973,BRASIL,1
PTIKJ,AVIÃO,PIPER AIRCRAFT,PA-28-180,P28A,PISTÃO,1090,4,1973,BRASIL,1
PTIKW,AVIÃO,BEECH AIRCRAFT,V35B,BE35,PISTÃO,1542,6,1973,BRASIL,1
PTILH,AVIÃO,CESSNA AIRCRAFT,182P,C182,PISTÃO,1338,4,1973,BRASIL,1
PTIMJ,AVIÃO,CESSNA AIRCRAFT,182P,C182,PISTÃO,1338,4,1973,BRASIL,1
PTIML,AVIÃO,CESSNA AIRCRAFT,A188B,C188,PISTÃO,1812,1,1972,BRASIL,1
PTIMV,AVIÃO,CESSNA AIRCRAFT,182P,C182,PISTÃO,1338,4,1973,BRASIL,1
PTIMX,AVIÃO,CESSNA AIRCRAFT,182P,C182,PISTÃO,1338,4,1973,BRASIL,1
PTIMZ,AVIÃO,CESSNA AIRCRAFT,210L,C210,PISTÃO,1724,6,1973,BRASIL,1
PTINM,AVIÃO,CESSNA AIRCRAFT,182P,C182,PISTÃO,1338,4,1973,BRASIL,1
PTINZ,AVIÃO,CESSNA AIRCRAFT,182P,C182,PISTÃO,1338,4,1973,BRASIL,1
PTION,AVIÃO,CESSNA AIRCRAFT,177B,C177,PISTÃO,1134,4,1973,BRASIL,1
PTIOR,AVIÃO,PIPER AIRCRAFT,PA-28-140,P28A,PISTÃO,975,4,1971,BRASIL,1
PTIOT,AVIÃO,CESSNA AIRCRAFT,210L,C210,PISTÃO,1724,6,1973,BRASIL,1
PTIQD,AVIÃO,CESSNA AIRCRAFT,172M,C172,PISTÃO,1043,4,1973,BRASIL,1
PTIQP,AVIÃO,CESSNA AIRCRAFT,172M,C172,PISTÃO,1043,4,1973,BRASIL,1
PTIQW,AVIÃO,BEECH AIRCRAFT,V35B,BE35,PISTÃO,1542,5,1973,BRASIL,1
PTIRJ,AVIÃO,CESSNA AIRCRAFT,210L,C210,PISTÃO,1723,6,1973,BRASIL,1
PTIRU,AVIÃO,CESSNA AIRCRAFT,182P,C182,PISTÃO,1338,4,1973,BRASIL,1
PTIRY,AVIÃO,CESSNA AIRCRAFT,180J,C180,PISTÃO,1270,4,1973,BRASIL,1
PTISC,AVIÃO,PIPER AIRCRAFT,PA-28-235,P28B,PISTÃO,1316,4,1973,BRASIL,1
PTISR,AVIÃO,CESSNA AIRCRAFT,210L,C210,PISTÃO,1724,6,1973,BRASIL,1
PTISU,AVIÃO,PIPER AIRCRAFT,PA-28R-200,P28R,PISTÃO,1179,4,1973,BRASIL,1
PTISX,AVIÃO,PIPER AIRCRAFT,PA-28R-200,P28R,PISTÃO,1179,4,1973,BRASIL,1
PTITE,AVIÃO,BEECH AIRCRAFT,A36,BE36,PISTÃO,1633,6,1973,BRASIL,1
PTITI,AVIÃO,PIPER AIRCRAFT,PA-28R-200,P28R,PISTÃO,1202,4,1973,BRASIL,1
PTITQ,AVIÃO,PIPER AIRCRAFT,PA-28R-200,P28R,PISTÃO,1202,4,1973,BRASIL,1
PTITY,AVIÃO,CESSNA AIRCRAFT,A188B,C188,PISTÃO,1814,1,1972,BRASIL,1
PTIUK,AVIÃO,CESSNA AIRCRAFT,182P,C182,PISTÃO,1338,4,1973,BRASIL,1
PTIVN,AVIÃO,CESSNA AIRCRAFT,182P,C182,PISTÃO,1338,4,1973,BRASIL,1
PTIVY,AVIÃO,CESSNA AIRCRAFT,182P,C182,PISTÃO,1338,4,1973,BRASIL,1
PTIVZ,AVIÃO,PIPER AIRCRAFT,PA-28R-200,P28R,PISTÃO,1202,4,1973,BRASIL,1
PTIXD,AVIÃO,CESSNA AIRCRAFT,172M,C172,PISTÃO,1043,4,1973,BRASIL,1
PTIXF,AVIÃO,BEECH AIRCRAFT,A36,BE36,PISTÃO,1633,6,1973,BRASIL,1
PTIXG,AVIÃO,CESSNA AIRCRAFT,210L,C210,PISTÃO,1724,6,1973,BRASIL,1
PTIXJ,AVIÃO,AMERICAN CHAMPION,7GCBC,CH7B,PISTÃO,748,2,1973,BRASIL,1
PTIXS,AVIÃO,CESSNA AIRCRAFT,U206F,C206,PISTÃO,1633,6,1973,BRASIL,1
PTIYB,AVIÃO,CESSNA AIRCRAFT,182P,C182,PISTÃO,1338,4,1973,BRASIL,1
PTIYH,AVIÃO,CESSNA AIRCRAFT,182P,C182,PISTÃO,1338,4,1973,BRASIL,1
PTIYQ,AVIÃO,PIPER AIRCRAFT,PA-28-140,P28A,PISTÃO,975,4,1973,BRASIL,1
PTIZI,AVIÃO,CESSNA AIRCRAFT,182P,C182,PISTÃO,1338,4,1973,BRASIL,1
PTIZN,AVIÃO,PIPER AIRCRAFT,PA-28-140,P28A,PISTÃO,975,2,1973,BRASIL,1
PTIZO,AVIÃO,PIPER AIRCRAFT,PA-28-140,P28A,PISTÃO,884,2,1973,BRASIL,1
PTIZQ,AVIÃO,PIPER AIRCRAFT,PA-28-140,P28A,PISTÃO,975,2,1973,BRASIL,1
PTIZS,AVIÃO,PIPER AIRCRAFT,PA-28-140,P28A,PISTÃO,975,2,1973,BRASIL,1
PTIZV,AVIÃO,PIPER AIRCRAFT,PA-28-140,P28A,PISTÃO,884,2,1973,BRASIL,1
PTJAP,AVIÃO,CESSNA AIRCRAFT,182P,C182,PISTÃO,1338,4,1973,BRASIL,1
PTJAV,AVIÃO,CESSNA AIRCRAFT,210L,C210,PISTÃO,1723,6,1973,BRASIL,1
PTJAX,AVIÃO,CESSNA AIRCRAFT,182P,C182,PISTÃO,1338,4,1973,BRASIL,1
PTJBE,AVIÃO,CESSNA AIRCRAFT,182P,C182,PISTÃO,1338,4,1973,BRASIL,1
PTJBJ,AVIÃO,CESSNA AIRCRAFT,180J,C180,PISTÃO,1270,6,1973,BRASIL,1
PTJBL,AVIÃO,CESSNA AIRCRAFT,210L,C210,PISTÃO,1724,6,1973,BRASIL,1
PTJBP,AVIÃO,CESSNA AIRCRAFT,182P,C182,PISTÃO,1338,4,1973,BRASIL,1
PTJCA,AVIÃO,CESSNA AIRCRAFT,182P,C182,PISTÃO,1338,4,1973,BRASIL,1
PTJCC,AVIÃO,CESSNA AIRCRAFT,210L,C210,PISTÃO,1724,6,1973,BRASIL,1
PTJCM,AVIÃO,BEECH AIRCRAFT,B24R,BE24,PISTÃO,1247,6,1973,BRASIL,1
PTJCU,AVIÃO,PIPER AIRCRAFT,PA-28-180,P28A,PISTÃO,1089,4,1973,BRASIL,1
PTJDF,AVIÃO,CESSNA AIRCRAFT,182P,C182,PISTÃO,1338,4,1973,BRASIL,1
PTJDG,AVIÃO,CESSNA AIRCRAFT,182P,C182,PISTÃO,1338,4,1973,BRASIL,1
PTJDN,AVIÃO,CESSNA AIRCRAFT,U206F,C206,PISTÃO,1633,6,1973,BRASIL,1
PTJEE,AVIÃO,CESSNA AIRCRAFT,210L,C210,PISTÃO,1724,6,1973,BRASIL,1
PTJEN,AVIÃO,CESSNA AIRCRAFT,182P,C182,PISTÃO,1338,4,1973,BRASIL,1
PTJEO,AVIÃO,PIPER AIRCRAFT,PA-28-140,P28A,PISTÃO,975,4,1974,BRASIL,1
PTJEX,AVIÃO,PIPER AIRCRAFT,PA-28R-200,P28R,PISTÃO,1179,4,1973,BRASIL,1
PTJFA,AVIÃO,PIPER AIRCRAFT,PA-28R-200,P28R,PISTÃO,1179,4,1973,BRASIL,1
PTJFH,AVIÃO,CESSNA AIRCRAFT,182P,C182,PISTÃO,1338,4,1973,BRASIL,1
PTJFM,AVIÃO,CESSNA AIRCRAFT,170A,C170,PISTÃO,998,4,1951,BRASIL,1
PTJIB,AVIÃO,CESSNA AIRCRAFT,U206F,C206,PISTÃO,1633,6,1974,BRASIL,1
PTJIC,AVIÃO,CESSNA AIRCRAFT,210L,C210,PISTÃO,1724,6,1973,BRASIL,1
PTJIH,AVIÃO,CESSNA AIRCRAFT,182P,C182,PISTÃO,1338,4,1974,BRASIL,1
PTJJH,AVIÃO,CESSNA AIRCRAFT,182P,C182,PISTÃO,1338,4,1974,BRASIL,1
PTJJM,AVIÃO,PIPER AIRCRAFT,PA-28-140,P28A,PISTÃO,975,2,1973,BRASIL,1
PTJJR,AVIÃO,SOCATA,ST-10,ST10,PISTÃO,1220,4,1972,BRASIL,1
PTJKC,AVIÃO,CESSNA AIRCRAFT,172M,C172,PISTÃO,1043,4,1974,BRASIL,1
PTJKG,AVIÃO,CESSNA AIRCRAFT,172M,C172,PISTÃO,1043,4,1974,BRASIL,1
PTJKU,AVIÃO,BEECH AIRCRAFT,V35B,BE35,PISTÃO,1542,6,1974,BRASIL,1
PTJKV,AVIÃO,CESSNA AIRCRAFT,210L,C210,PISTÃO,1724,6,1974,BRASIL,1
PTJLH,AVIÃO,CESSNA AIRCRAFT,210L,C210,PISTÃO,1724,6,1973,BRASIL,1
PTJLK,AVIÃO,CESSNA AIRCRAFT,U206F,C206,PISTÃO,1633,6,1974,BRASIL,1
PTJLN,AVIÃO,CESSNA AIRCRAFT,182P,C182,PISTÃO,1338,4,0,BRASIL,1
PTJMH,AVIÃO,CESSNA AIRCRAFT,182P,C182,PISTÃO,1338,4,1974,BRASIL,1
PTJMQ,AVIÃO,CESSNA AIRCRAFT,210L,C210,PISTÃO,1724,6,1974,BRASIL,1
PTJNS,AVIÃO,CESSNA AIRCRAFT,182P,C182,PISTÃO,1338,4,1974,BRASIL,1
PTJNW,AVIÃO,PIPER AIRCRAFT,PA-28-235,P28B,PISTÃO,1315,4,1973,BRASIL,1
PTJOE,AVIÃO,CESSNA AIRCRAFT,U206F,C206,PISTÃO,1633,6,1974,BRASIL,1
PTJOH,AVIÃO,BEECH AIRCRAFT,A36,BE36,PISTÃO,1633,6,1974,BRASIL,1
PTJOU,AVIÃO,CESSNA AIRCRAFT,A185F,C185,PISTÃO,1520,6,1974,BRASIL,1
PTJPA,AVIÃO,PIPER AIRCRAFT,PA-28R-200,P28R,PISTÃO,1179,4,1974,BRASIL,1
PTJPW,AVIÃO,CESSNA AIRCRAFT,U206F,C206,PISTÃO,1633,6,1974,BRASIL,1
PTJPX,AVIÃO,CESSNA AIRCRAFT,182P,C182,PISTÃO,1338,4,1974,BRASIL,1
PTJPZ,AVIÃO,COMMANDER,112,AC11,PISTÃO,1157,4,1974,BRASIL,1
PTJQE,AVIÃO,PIPER AIRCRAFT,PA-28R-200,P28R,PISTÃO,1179,4,1974,BRASIL,1
PTJQP,AVIÃO,BEECH AIRCRAFT,A36,BE36,PISTÃO,1633,6,1974,BRASIL,1
PTJQZ,AVIÃO,BEECH AIRCRAFT,V35B,BE35,PISTÃO,1542,6,1974,BRASIL,1
PTJRQ,AVIÃO,CESSNA AIRCRAFT,182P,C182,PISTÃO,1338,4,1974,BRASIL,1
PTJRY,AVIÃO,BEECH AIRCRAFT,F33A,BE33,PISTÃO,1383,6,1972,BRASIL,1
PTJSE,AVIÃO,CESSNA AIRCRAFT,182P,C182,PISTÃO,1338,4,1974,BRASIL,1
PTJSI,AVIÃO,CESSNA AIRCRAFT,210L,C210,PISTÃO,1724,6,1974,BRASIL,1
PTJSM,AVIÃO,CESSNA AIRCRAFT,U206F,C206,PISTÃO,1633,6,1974,BRASIL,1
PTJSN,AVIÃO,CESSNA AIRCRAFT,U206F,C206,PISTÃO,1633,6,0,BRASIL,1
PTJTB,AVIÃO,COMMANDER,112,AC11,PISTÃO,1157,4,1974,BRASIL,1
PTJTK,AVIÃO,CESSNA AIRCRAFT,172M,C172,PISTÃO,1043,4,1974,BRASIL,1
PTJTP,AVIÃO,CESSNA AIRCRAFT,U206F,C206,PISTÃO,1633,6,1974,BRASIL,1
PTJUI,AVIÃO,CESSNA AIRCRAFT,182P,C182,PISTÃO,1338,4,1974,BRASIL,1
PTJUJ,AVIÃO,CESSNA AIRCRAFT,182P,C182,PISTÃO,1338,4,1974,BRASIL,1
PTJUM,AVIÃO,CESSNA AIRCRAFT,182P,C182,PISTÃO,1338,4,1974,BRASIL,1
PTJUN,AVIÃO,CESSNA AIRCRAFT,182P,C182,PISTÃO,1338,4,1974,BRASIL,1
PTJUP,AVIÃO,CESSNA AIRCRAFT,182P,C182,PISTÃO,1338,4,1974,BRASIL,1
PTJVM,AVIÃO,BEECH AIRCRAFT,A36,BE36,PISTÃO,1633,6,1974,BRASIL,1
PTJXO,AVIÃO,BEECH AIRCRAFT,A36,BE36,PISTÃO,1632,6,1974,BRASIL,1
PTJYV,ANFÍBIO,LAKE AIRCRAFT,LA-4-200,LA4,PISTÃO,1179,4,0,BRASIL,1
PTJZC,AVIÃO,PIPER AIRCRAFT,PA-28R-200,P28R,PISTÃO,1202,4,1974,BRASIL,1
PTJZG,AVIÃO,CESSNA AIRCRAFT,210L,C210,PISTÃO,1724,6,1974,BRASIL,1
PTJZK,AVIÃO,PIPER AIRCRAFT,PA-28-140,P28A,PISTÃO,885,2,1974,BRASIL,1
PTJZX,AVIÃO,CESSNA AIRCRAFT,U206F,C206,PISTÃO,1633,6,1974,BRASIL,1
PTKAA,AVIÃO,PIPER AIRCRAFT,PA-28-140,P28A,PISTÃO,975,4,1974,BRASIL,1
PTKAG,AVIÃO,CESSNA AIRCRAFT,U206F,C206,PISTÃO,1633,6,1974,BRASIL,1
PTKAH,AVIÃO,PIPER AIRCRAFT,PA-28-140,P28A,PISTÃO,975,4,1974,BRASIL,1
PTKAM,AVIÃO,CESSNA AIRCRAFT,210L,C210,PISTÃO,1724,6,1974,BRASIL,1
PTKAS,AVIÃO,CESSNA AIRCRAFT,182P,C182,PISTÃO,1338,4,1974,BRASIL,1
PTKBA,AVIÃO,CESSNA AIRCRAFT,U206F,C206,PISTÃO,1633,6,1974,BRASIL,1
PTKBV,AVIÃO,CESSNA AIRCRAFT,182P,C182,PISTÃO,1338,4,1974,BRASIL,1
PTKBW,AVIÃO,CESSNA AIRCRAFT,A185F,C185,PISTÃO,1520,6,0,BRASIL,1
PTKCK,AVIÃO,CESSNA AIRCRAFT,177B,C177,PISTÃO,1334,4,1974,BRASIL,1
PTKCS,AVIÃO,CESSNA AIRCRAFT,172M,C172,PISTÃO,1043,4,1974,BRASIL,1
PTKDN,AVIÃO,CESSNA AIRCRAFT,172M,C172,PISTÃO,1043,4,1974,BRASIL,1
PTKDU,AVIÃO,CESSNA AIRCRAFT,182P,C182,PISTÃO,1338,4,1974,BRASIL,1
PTKDW,AVIÃO,CESSNA AIRCRAFT,182P,C182,PISTÃO,1338,4,1974,BRASIL,1
PTKDZ,AVIÃO,CESSNA AIRCRAFT,182P,C182,PISTÃO,1338,5,1974,BRASIL,1
PTKEB,AVIÃO,CESSNA AIRCRAFT,210L,C210,PISTÃO,1724,6,1974,BRASIL,1
PTKEF,AVIÃO,ALLIANCE AIRCRAFT,HT-295,COUR,PISTÃO,1540,6,1973,BRASIL,1
PTKEI,AVIÃO,PIPER AIRCRAFT,PA-28-235,P28B,PISTÃO,1315,4,1974,BRASIL,1
PTKEX,AVIÃO,BEECH AIRCRAFT,V35B,BE35,PISTÃO,1542,6,1975,BRASIL,1
PTKFW,AVIÃO,CESSNA AIRCRAFT,170B,C170,PISTÃO,998,1,1953,BRASIL,1
PTKFY,AVIÃO,PIPER AIRCRAFT,PA-28R-200,P28R,PISTÃO,1202,4,1974,BRASIL,1
PTKGC,AVIÃO,CESSNA AIRCRAFT,U206F,C206,PISTÃO,1633,6,1974,BRASIL,1
PTKGM,AVIÃO,BEECH AIRCRAFT,V35B,BE35,PISTÃO,1542,5,1974,BRASIL,1
PTKGT,AVIÃO,CESSNA AIRCRAFT,182P,C182,PISTÃO,1338,4,1974,BRASIL,1
PTKGX,AVIÃO,PIPER AIRCRAFT,PA-18-150,PA18,PISTÃO,794,2,1974,BRASIL,1
PTKHA,AVIÃO,CESSNA AIRCRAFT,210L,C210,PISTÃO,1724,6,1974,BRASIL,1
PTKHB,AVIÃO,CESSNA AIRCRAFT,T210L,C210,PISTÃO,1724,6,1974,BRASIL,1
PTKHC,AVIÃO,CESSNA AIRCRAFT,172M,C172,PISTÃO,1043,4,1974,BRASIL,1
PTKHI,AVIÃO,CESSNA AIRCRAFT,182P,C182,PISTÃO,1338,4,1974,BRASIL,1
PTKHJ,AVIÃO,CESSNA AIRCRAFT,172M,C172,PISTÃO,1043,4,1974,BRASIL,1
PTKHR,AVIÃO,CESSNA AIRCRAFT,182P,C182,PISTÃO,1338,4,1974,BRASIL,1
PTKHV,AVIÃO,CESSNA AIRCRAFT,172M,C172,PISTÃO,1043,4,1974,BRASIL,1
PTKIJ,AVIÃO,CESSNA AIRCRAFT,210L,C210,PISTÃO,1724,6,1974,BRASIL,1
PTKIO,AVIÃO,CESSNA AIRCRAFT,210L,C210,PISTÃO,1724,6,1974,BRASIL,1
PTKIP,AVIÃO,BEECH AIRCRAFT,A36,BE36,PISTÃO,1633,6,1974,BRASIL,1
PTKIX,AVIÃO,CESSNA AIRCRAFT,210L,C210,PISTÃO,1724,6,1974,BRASIL,1
PTKIZ,AVIÃO,CESSNA AIRCRAFT,177RG,C77R,PISTÃO,1270,4,1974,BRASIL,1
PTKJI,AVIÃO,CESSNA AIRCRAFT,210L,C210,PISTÃO,1724,6,1974,BRASIL,1
PTKJU,AVIÃO,CESSNA AIRCRAFT,U206F,C206,PISTÃO,1633,6,1974,BRASIL,1
PTKKF,AVIÃO,CESSNA AIRCRAFT,210L,C210,PISTÃO,1724,6,1974,BRASIL,1
PTKKK,AVIÃO,CESSNA AIRCRAFT,T210L,C210,PISTÃO,1724,6,1974,BRASIL,1
PTKKL,AVIÃO,CESSNA AIRCRAFT,182P,C182,PISTÃO,1338,4,1974,BRASIL,1
PTKKN,AVIÃO,CESSNA AIRCRAFT,U206F,C206,PISTÃO,1633,6,1975,BRASIL,1
PTKKP,AVIÃO,CESSNA AIRCRAFT,210L,C210,PISTÃO,1724,6,1974,BRASIL,1
PTKKS,AVIÃO,CESSNA AIRCRAFT,A185F,C185,PISTÃO,1520,6,1974,BRASIL,1
PTKLG,AVIÃO,CESSNA AIRCRAFT,A150M,C150,PISTÃO,726,2,1975,BRASIL,1
PTKLO,AVIÃO,PIPER AIRCRAFT,PA-28-180,P28A,PISTÃO,1086,4,1974,BRASIL,1
PTKLT,AVIÃO,CESSNA AIRCRAFT,U206F,C206,PISTÃO,1633,6,1974,BRASIL,1
PTKLW,AVIÃO,CESSNA AIRCRAFT,210L,C210,PISTÃO,1724,6,1974,BRASIL,1
PTKLY,AVIÃO,CESSNA AIRCRAFT,172M,C172,PISTÃO,1043,4,1974,BRASIL,1
PTKMS,AVIÃO,CESSNA AIRCRAFT,182P,C182,PISTÃO,1338,4,1975,BRASIL,1
PTKMV,AVIÃO,PIPER AIRCRAFT,PA-28-235,P28B,PISTÃO,1315,4,1975,BRASIL,1
PTKMZ,AVIÃO,CESSNA AIRCRAFT,182P,C182,PISTÃO,1338,4,1974,BRASIL,1
PTKNF,AVIÃO,PIPER AIRCRAFT,PA-28-180,P28A,PISTÃO,1089,4,1974,BRASIL,1
PTKNL,AVIÃO,PIPER AIRCRAFT,PA-28R-200,P28R,PISTÃO,1179,4,1974,BRASIL,1
PTKNU,AVIÃO,CESSNA AIRCRAFT,182P,C182,PISTÃO,1338,4,1974,BRASIL,1
PTKOB,AVIÃO,CESSNA AIRCRAFT,182P,C182,PISTÃO,1338,4,1974,BRASIL,1
PTKOL,AVIÃO,CESSNA AIRCRAFT,150M,C150,PISTÃO,726,2,1975,BRASIL,1
PTKON,AVIÃO,CESSNA AIRCRAFT,U206F,C206,PISTÃO,1724,6,1974,BRASIL,1
PTKOZ,AVIÃO,CESSNA AIRCRAFT,210L,C210,PISTÃO,1724,6,1974,BRASIL,1
PTKPS,AVIÃO,CESSNA AIRCRAFT,U206F,C206,PISTÃO,1727,6,1974,BRASIL,1
PTKQE,AVIÃO,BEECH AIRCRAFT,A36,BE36,PISTÃO,1633,6,1975,BRASIL,1
PTKQJ,AVIÃO,CESSNA AIRCRAFT,182P,C182,PISTÃO,1338,4,1975,BRASIL,1
PTKQK,AVIÃO,CESSNA AIRCRAFT,182P,C182,PISTÃO,1338,4,1975,BRASIL,1
PTKQM,AVIÃO,CESSNA AIRCRAFT,210L,C210,PISTÃO,1724,6,1975,BRASIL,1
PTKRE,AVIÃO,CESSNA AIRCRAFT,210L,C210,PISTÃO,1724,6,1975,BRASIL,1
PTKRF,AVIÃO,PIPER AIRCRAFT,PA-28R-200,P28R,PISTÃO,1200,4,1975,BRASIL,1
PTKSB,AVIÃO,CESSNA AIRCRAFT,210L,C210,PISTÃO,1724,6,1974,BRASIL,1
PTKSG,AVIÃO,CESSNA AIRCRAFT,210L,C210,PISTÃO,1724,6,1975,BRASIL,1
PTKSM,AVIÃO,CESSNA AIRCRAFT,A185F,C185,PISTÃO,1520,4,1975,BRASIL,1
PTKSR,AVIÃO,CESSNA AIRCRAFT,210L,C210,PISTÃO,1724,6,1975,BRASIL,1
PTKTI,AVIÃO,CESSNA AIRCRAFT,U206F,C206,PISTÃO,1633,6,1975,BRASIL,1
PTKUM,AVIÃO,CESSNA AIRCRAFT,170A,C170,PISTÃO,999,4,0,BRASIL,1
PTKUQ,AVIÃO,BEECH AIRCRAFT,35,BE35,PISTÃO,1157,4,1947,BRASIL,1
PTKVW,AVIÃO,CESSNA AIRCRAFT,U206F,C206,PISTÃO,1633,6,1975,BRASIL,1
PTKYB,AVIÃO,CESSNA AIRCRAFT,150J,C150,PISTÃO,726,2,1969,BRASIL,1
PTKYD,AVIÃO,CESSNA AIRCRAFT,U206G,C206,PISTÃO,1633,6,1977,BRASIL,1
PTKYM,AVIÃO,CIA AERONAUTICA PAULISTA,CAP-4,PAUL,PISTÃO,587,2,1946,BRASIL,1
PTKYP,AVIÃO,CIA AERONAUTICA PAULISTA,CAP-4,PAUL,PISTÃO,587,2,1940,BRASIL,1
PTKZA,AVIÃO,CIA AERONAUTICA PAULISTA,CAP-4,PAUL,PISTÃO,587,2,0,BRASIL,1
PTLAO,AVIÃO,PIPER AIRCRAFT,PA-28-235,P28B,PISTÃO,1315,4,1974,BRASIL,1
PTLBT,AVIÃO,CESSNA AIRCRAFT,A150K,C150,PISTÃO,726,2,1970,BRASIL,1
PTLCH,AVIÃO,STINSON AIRCRAFT,108-2,S108,PISTÃO,1089,4,1947,BRASIL,1
PTLCI,AVIÃO,CESSNA AIRCRAFT,185,C185,PISTÃO,1451,6,1962,BRASIL,1
PTLDO,AVIÃO,NORTH AMERICAN AVIATION,AT-6D,T6,PISTÃO,2404,2,1942,BRASIL,1
PTLDV,AVIÃO,CESSNA AIRCRAFT,P210N,P210,PISTÃO,1814,6,0,BRASIL,1
PTLEF,AVIÃO,CESSNA AIRCRAFT,182P,C182,PISTÃO,1338,4,1972,BRASIL,1
PTLEZ,AVIÃO,CESSNA AIRCRAFT,U206G,C206,PISTÃO,1633,6,1977,BRASIL,1
PTLFG,AVIÃO,CESSNA AIRCRAFT,A188,C188,PISTÃO,1814,1,1969,BRASIL,1
PTLFL,AVIÃO,BEECH AIRCRAFT,A36,BE36,PISTÃO,1633,6,1972,BRASIL,1
PTLJH,AVIÃO,CESSNA AIRCRAFT,210N,C210,PISTÃO,1724,6,1980,BRASIL,1
PTLJV,AVIÃO,CESSNA AIRCRAFT,T210L,C210,PISTÃO,1814,6,1982,BRASIL,1
PTLKH,AVIÃO,BEECH AIRCRAFT,A36,BE36,PISTÃO,1633,6,1981,BRASIL,1
PTLKK,AVIÃO,BEECH AIRCRAFT,A36,BE36,PISTÃO,1655,6,1985,BRASIL,1
PTLKN,AVIÃO,BEECH AIRCRAFT,F33A,BE33,PISTÃO,1542,5,1985,BRASIL,1
PTLKO,AVIÃO,BEECH AIRCRAFT,A36,BE36,PISTÃO,1653,6,1984,BRASIL,1
PTLKP,AVIÃO,BEECH AIRCRAFT,V35B,BE35,PISTÃO,1542,6,0,BRASIL,1
PTLKW,AVIÃO,CESSNA AIRCRAFT,210R,C210,PISTÃO,1746,6,1986,BRASIL,1
PTLLM,AVIÃO,BEECH AIRCRAFT,F33A,BE33,PISTÃO,1542,4,1990,BRASIL,1
PTLMT,AVIÃO,CESSNA AIRCRAFT,U206G,C206,PISTÃO,1633,6,1986,BRASIL,1
PTLMZ,AVIÃO,CESSNA AIRCRAFT,U206F,C206,PISTÃO,1633,6,1973,BRASIL,1
PTLNA,HELICÓPTERO,ROBINSON HELICOPTER,R22 BETA,R22,PISTÃO,621,2,2008,BRASIL,1
PTLNH,AVIÃO,BEECH AIRCRAFT,F33A,BE33,PISTÃO,1542,5,1982,BRASIL,1
PTLNI,AVIÃO,BEECH AIRCRAFT,A36,BE36,PISTÃO,1656,6,1987,BRASIL,1
PTLNS,AVIÃO,CESSNA AIRCRAFT,U206G,C206,PISTÃO,1633,6,1983,BRASIL,1
PTLOA,AVIÃO,CESSNA AIRCRAFT,A188,C188,PISTÃO,1497,1,1968,BRASIL,1
PTLOI,AVIÃO,CESSNA AIRCRAFT,172E,C172,PISTÃO,1043,4,1964,BRASIL,1
PTLOK,AVIÃO,AVIONS MUDRY,CAP-10B,CP10,PISTÃO,760,2,1988,BRASIL,1
PTLPR,AVIÃO,BEECH AIRCRAFT,A36,BE36,PISTÃO,1655,6,1986,BRASIL,1
PTLQH,AVIÃO,CESSNA AIRCRAFT,210N,C210,PISTÃO,1725,6,1984,BRASIL,1
PTLQO,AVIÃO,CESSNA AIRCRAFT,210N,C210,PISTÃO,1724,6,1982,BRASIL,1
PTLRG,AVIÃO,CESSNA AIRCRAFT,210R,C210,PISTÃO,1746,6,1985,BRASIL,1
PTLSB,AVIÃO,CESSNA AIRCRAFT,210N,C210,PISTÃO,1724,6,1982,BRASIL,1
PTLSC,AVIÃO,CESSNA AIRCRAFT,U206G,C206,PISTÃO,1633,6,1980,BRASIL,1
PTLSL,AVIÃO,CESSNA AIRCRAFT,172RG,C72R,PISTÃO,1202,4,1981,BRASIL,1
PTLST,AVIÃO,BEECH AIRCRAFT,A36,BE36,PISTÃO,1655,6,1989,BRASIL,1
PTLSU,AVIÃO,BEECH AIRCRAFT,A36,BE36,PISTÃO,1633,6,1988,BRASIL,1
PTLSY,AVIÃO,BEECH AIRCRAFT,B36TC,BE36,PISTÃO,1746,6,1989,BRASIL,1
PTLTV,AVIÃO,CESSNA AIRCRAFT,TR182,C82R,PISTÃO,1406,4,1985,BRASIL,1
PTLUC,AVIÃO,CESSNA AIRCRAFT,182R,C182,PISTÃO,1406,4,1986,BRASIL,1
PTLUP,AVIÃO,CESSNA AIRCRAFT,P210N,P210,PISTÃO,1812,6,1982,BRASIL,1
PTLUQ,AVIÃO,BEECH AIRCRAFT,P35,BE35,PISTÃO,1417,5,1963,BRASIL,1
PTLVJ,AVIÃO,CESSNA AIRCRAFT,210N,C210,PISTÃO,1724,6,1984,BRASIL,1
PTLVL,AVIÃO,CESSNA AIRCRAFT,210L,C210,PISTÃO,1724,6,1976,BRASIL,1
PTLVM,AVIÃO,NEIVA,EMB-720C,PA32,PISTÃO,1542,3,1976,BRASIL,1
PTLVV,AVIÃO,BEECH AIRCRAFT,F33A,BE33,PISTÃO,1383,5,1990,BRASIL,1
PTLXB,AVIÃO,CESSNA AIRCRAFT,T210N,C210,PISTÃO,1814,6,1979,BRASIL,1
PTLXE,AVIÃO,CESSNA AIRCRAFT,T210N,C210,PISTÃO,1814,6,1982,BRASIL,1
PTLXQ,AVIÃO,CESSNA AIRCRAFT,210N,C210,PISTÃO,1724,6,1982,BRASIL,1
PTLXT,AVIÃO,CESSNA AIRCRAFT,R182,C82R,PISTÃO,1406,4,1978,BRASIL,1
PTLYB,AVIÃO,CESSNA AIRCRAFT,210N,C210,PISTÃO,1724,6,1982,BRASIL,1
PTLYD,AVIÃO,CESSNA AIRCRAFT,T210N,C210,PISTÃO,1814,6,1981,BRASIL,1
PTLZC,AVIÃO,PIPER AIRCRAFT,PA-25-260,PA25,PISTÃO,1315,1,1961,BRASIL,1
PTLZK,AVIÃO,CHINCUL SACAIFI,PA-28RT-201T,P28T,PISTÃO,1315,4,1990,BRASIL,1
PTLZL,AVIÃO,MOONEY AIRCRAFT,M20K,M20T,PISTÃO,1315,4,1989,BRASIL,1
PTMDA,AVIÃO,CESSNA AIRCRAFT,172RG,C72R,PISTÃO,1202,4,1979,BRASIL,1
PTMDN,AVIÃO,CESSNA AIRCRAFT,152,C152,PISTÃO,757,2,1979,BRASIL,1
PTMEA,AVIÃO,CESSNA AIRCRAFT,208B,C208,TURBOÉLICE,3969,11,1993,BRASIL,1
PTMEC,AVIÃO,CESSNA AIRCRAFT,208B,C208,TURBOÉLICE,3969,11,1993,BRASIL,1
PTMED,AVIÃO,CESSNA AIRCRAFT,208B,C208,TURBOÉLICE,3969,11,1993,BRASIL,1
PTMEE,AVIÃO,CESSNA AIRCRAFT,208B,C208,TURBOÉLICE,3969,11,1993,BRASIL,1
PTMEH,AVIÃO,CESSNA AIRCRAFT,208B,C208,TURBOÉLICE,3969,11,1993,BRASIL,1
PTMEI,AVIÃO,CESSNA AIRCRAFT,208B,C208,TURBOÉLICE,3969,11,1993,BRASIL,1
PTMEJ,AVIÃO,CESSNA AIRCRAFT,208B,C208,TURBOÉLICE,3969,11,1993,BRASIL,1
PTMEK,AVIÃO,CESSNA AIRCRAFT,208B,C208,TURBOÉLICE,3969,11,1993,BRASIL,1
PTMEN,AVIÃO,CESSNA AIRCRAFT,208B,C208,TURBOÉLICE,3969,11,1994,BRASIL,1
PTMEO,AVIÃO,CESSNA AIRCRAFT,208B,C208,TURBOÉLICE,4110,11,1994,BRASIL,1
PTMEP,AVIÃO,CESSNA AIRCRAFT,208B,C208,TURBOÉLICE,4110,4,1994,BRASIL,1
PTMES,AVIÃO,CESSNA AIRCRAFT,208B,C208,TURBOÉLICE,3969,11,1996,BRASIL,1
PTMET,AVIÃO,CESSNA AIRCRAFT,208B,C208,TURBOÉLICE,3969,11,1996,BRASIL,1
PTMEV,AVIÃO,CESSNA AIRCRAFT,208B,C208,TURBOÉLICE,3969,11,1996,BRASIL,1
PTMEY,AVIÃO,CESSNA AIRCRAFT,208B,C208,TURBOÉLICE,3969,11,1996,BRASIL,1
PTMGG,AVIÃO,CESSNA AIRCRAFT,U206B,C206,PISTÃO,1633,6,1967,BRASIL,1
PTMHC,AVIÃO,CESSNA AIRCRAFT,208B,C208,TURBOÉLICE,3969,11,1996,BRASIL,1
PTMLR,AVIÃO,CESSNA AIRCRAFT,208B,C208,TURBOÉLICE,3969,10,2009,BRASIL,1
PTMMS,ANFÍBIO,CESSNA AIRCRAFT,U206G,C206,PISTÃO,1633,7,1980,BRASIL,1
PTMOR,AVIÃO,MAULE AIRCRAFT,M-7-235,M7,PISTÃO,1134,5,1993,BRASIL,1
PTMSB,AVIÃO,AIR TRACTOR,AT-402A,AT3T,TURBOÉLICE,3175,1,2000,BRASIL,1
PTMSF,AVIÃO,PIPER AIRCRAFT,PA-46-350P,PA46,PISTÃO,1950,6,1998,BRASIL,1
PTMUN,AVIÃO,CESSNA AIRCRAFT,172N,C172,PISTÃO,1043,4,1979,BRASIL,1
PTNAB,AVIÃO,NEIVA,EMB-710C,P28B,PISTÃO,1361,4,1975,BRASIL,1
PTNAE,AVIÃO,NEIVA INDUSTRIA AERONAUTICA,EMB-710C,P28B,PISTÃO,1361,4,0,BRASIL,1
PTNAK,AVIÃO,NEIVA INDUSTRIA AERONAUTICA,EMB-711C,P28R,PISTÃO,1202,4,1975,BRASIL,1
PTNAZ,AVIÃO,NEIVA,EMB-711C,P28R,PISTÃO,1202,4,1975,BRASIL,1
PTNBE,AVIÃO,NEIVA INDUSTRIA AERONAUTICA,EMB-711C,P28R,PISTÃO,1202,4,1975,BRASIL,1
PTNBH,AVIÃO,NEIVA INDUSTRIA AERONAUTICA,EMB-711C,P28R,PISTÃO,1202,4,1975,BRASIL,1
PTNBV,AVIÃO,NEIVA INDUSTRIA AERONAUTICA,EMB-710,P28B,PISTÃO,1361,4,1975,BRASIL,1
PTNBZ,AVIÃO,NEIVA INDUSTRIA AERONAUTICA,EMB-711C,P28R,PISTÃO,1202,4,1975,BRASIL,1
PTNCD,AVIÃO,NEIVA INDUSTRIA AERONAUTICA,EMB-710,P28B,PISTÃO,1361,4,1975,BRASIL,1
PTNCJ,AVIÃO,NEIVA,EMB-710C,P28B,PISTÃO,1361,4,1975,BRASIL,1
PTNCO,AVIÃO,NEIVA INDUSTRIA AERONAUTICA,EMB-711,P28R,PISTÃO,1202,4,1976,BRASIL,1
PTNCR,AVIÃO,NEIVA INDUSTRIA AERONAUTICA,EMB-711C,P28R,PISTÃO,1202,4,1975,BRASIL,1
PTNDL,AVIÃO,NEIVA,EMB-710C,P28B,PISTÃO,1361,4,1976,BRASIL,1
PTNDN,AVIÃO,NEIVA INDUSTRIA AERONAUTICA,EMB-710C,P28B,PISTÃO,1361,4,1976,BRASIL,1
PTNDR,AVIÃO,NEIVA INDUSTRIA AERONAUTICA,EMB-711C,P28R,PISTÃO,1202,4,1976,BRASIL,1
PTNDS,AVIÃO,NEIVA INDUSTRIA AERONAUTICA,EMB-710C,P28B,PISTÃO,1361,4,1976,BRASIL,1
PTNEE,AVIÃO,NEIVA INDUSTRIA AERONAUTICA,EMB-711C,P28R,PISTÃO,1202,4,1976,BRASIL,1
PTNEQ,AVIÃO,NEIVA,EMB-711C,P28R,PISTÃO,1202,4,1976,BRASIL,1
PTNEX,AVIÃO,NEIVA INDUSTRIA AERONAUTICA,EMB-711C,P28R,PISTÃO,1202,4,1976,BRASIL,1
PTNEZ,AVIÃO,NEIVA,EMB-711C,P28R,PISTÃO,1202,4,1976,BRASIL,1
PTNFA,AVIÃO,NEIVA,EMB-710C,P28B,PISTÃO,1361,4,1976,BRASIL,1
PTNFM,AVIÃO,NEIVA,EMB-711C,P28R,PISTÃO,1202,4,1976,BRASIL,1
PTNFQ,AVIÃO,NEIVA,EMB-711C,P28R,PISTÃO,1202,4,1976,BRASIL,1
PTNFY,AVIÃO,NEIVA INDUSTRIA AERONAUTICA,EMB-711C,P28R,PISTÃO,1202,4,1976,BRASIL,1
PTNGF,AVIÃO,NEIVA INDUSTRIA AERONAUTICA,EMB-711C,P28R,PISTÃO,1202,4,1976,BRASIL,1
PTNGM,AVIÃO,NEIVA INDUSTRIA AERONAUTICA,EMB-710C,P28B,PISTÃO,1361,4,1976,BRASIL,1
PTNGR,AVIÃO,NEIVA,EMB-711C,P28R,PISTÃO,1202,4,1976,BRASIL,1
PTNHB,AVIÃO,NEIVA INDUSTRIA AERONAUTICA,EMB-711C,P28R,PISTÃO,1202,4,1976,BRASIL,1
PTNHH,AVIÃO,NEIVA,EMB-711C,P28R,PISTÃO,1202,4,1976,BRASIL,1
PTNHN,AVIÃO,NEIVA INDUSTRIA AERONAUTICA,EMB-711C,P28R,PISTÃO,1202,4,1976,BRASIL,1
PTNHW,AVIÃO,NEIVA,EMB-710C,P28B,PISTÃO,1361,4,1976,BRASIL,1
PTNIA,AVIÃO,NEIVA INDUSTRIA AERONAUTICA,EMB-710C,P28B,PISTÃO,1361,4,1978,BRASIL,1
PTNIG,AVIÃO,NEIVA INDUSTRIA AERONAUTICA,EMB-710C,P28B,PISTÃO,1361,4,1976,BRASIL,1
PTNIJ,AVIÃO,NEIVA INDUSTRIA AERONAUTICA,EMB-711C,P28R,PISTÃO,1202,4,1976,BRASIL,1
PTNIK,AVIÃO,NEIVA INDUSTRIA AERONAUTICA,EMB-711C,P28R,PISTÃO,1202,4,1976,BRASIL,1
PTNIQ,AVIÃO,NEIVA INDUSTRIA AERONAUTICA,EMB-711C,P28R,PISTÃO,1202,4,1976,BRASIL,1
PTNIR,AVIÃO,NEIVA INDUSTRIA AERONAUTICA,EMB-711C,P28R,PISTÃO,1202,4,1976,BRASIL,1
PTNIY,AVIÃO,NEIVA,EMB-711C,P28R,PISTÃO,1202,4,1976,BRASIL,1
PTNJC,AVIÃO,NEIVA INDUSTRIA AERONAUTICA,EMB-711C,P28R,PISTÃO,1202,4,1976,BRASIL,1
PTNJM,AVIÃO,NEIVA INDUSTRIA AERONAUTICA,EMB-711C,P28R,PISTÃO,1202,4,1976,BRASIL,1
PTNJO,AVIÃO,NEIVA,EMB-711C,P28R,PISTÃO,1202,4,1977,BRASIL,1
PTNKA,AVIÃO,NEIVA INDUSTRIA AERONAUTICA,EMB-711C,P28R,PISTÃO,1202,4,1977,BRASIL,1
PTNKE,AVIÃO,NEIVA,EMB-711C,P28R,PISTÃO,1202,4,1977,BRASIL,1
PTNKG,AVIÃO,NEIVA,EMB-711C,P28R,PISTÃO,1202,4,1976,BRASIL,1
PTNKH,AVIÃO,NEIVA,EMB-711C,P28R,PISTÃO,1202,4,1977,BRASIL,1
PTNKJ,AVIÃO,NEIVA INDUSTRIA AERONAUTICA,EMB-711C,P28R,PISTÃO,1202,4,1977,BRASIL,1
PTNKK,AVIÃO,NEIVA,EMB-710C,P28B,PISTÃO,1361,4,1977,BRASIL,1
PTNKN,AVIÃO,NEIVA,EMB-711C,P28R,PISTÃO,1202,4,1977,BRASIL,1
PTNKO,AVIÃO,NEIVA INDUSTRIA AERONAUTICA,EMB-711C,P28R,PISTÃO,1202,4,1977,BRASIL,1
PTNKQ,AVIÃO,NEIVA,EMB-711C,P28R,PISTÃO,1202,4,1977,BRASIL,1
PTNKS,AVIÃO,NEIVA INDUSTRIA AERONAUTICA,EMB-711C,P28R,PISTÃO,1202,4,1977,BRASIL,1
PTNKU,AVIÃO,NEIVA,EMB-711C,P28R,PISTÃO,1202,4,1977,BRASIL,1
PTNLA,AVIÃO,NEIVA INDUSTRIA AERONAUTICA,EMB-710C,P28B,PISTÃO,1361,4,1977,BRASIL,1
PTNLC,AVIÃO,NEIVA INDUSTRIA AERONAUTICA,EMB-711C,P28R,PISTÃO,1202,4,1977,BRASIL,1
PTNLE,AVIÃO,NEIVA,EMB-711C,P28R,PISTÃO,1202,4,1977,BRASIL,1
PTNLJ,AVIÃO,NEIVA,EMB-710C,P28B,PISTÃO,1361,4,1977,BRASIL,1
PTNMJ,AVIÃO,NEIVA,EMB-711C,P28R,PISTÃO,1202,4,1977,BRASIL,1
PTNMK,AVIÃO,NEIVA INDUSTRIA AERONAUTICA,EMB-710C,P28B,PISTÃO,1361,4,1977,BRASIL,1
PTNMN,AVIÃO,NEIVA INDUSTRIA AERONAUTICA,EMB-711C,P28R,PISTÃO,1202,4,1978,BRASIL,1
PTNMT,AVIÃO,NEIVA,EMB-711C,P28R,PISTÃO,1202,4,1977,BRASIL,1
PTNMW,AVIÃO,NEIVA INDUSTRIA AERONAUTICA,EMB-711C,P28R,PISTÃO,1202,4,1977,BRASIL,1
PTNMZ,AVIÃO,NEIVA INDUSTRIA AERONAUTICA,EMB-711C,P28R,PISTÃO,1202,4,1977,BRASIL,1
PTNNF,AVIÃO,NEIVA INDUSTRIA AERONAUTICA,EMB-711C,P28R,PISTÃO,1202,4,1977,BRASIL,1
PTNNJ,AVIÃO,NEIVA,EMB-711C,P28R,PISTÃO,1202,4,1977,BRASIL,1
PTNNM,AVIÃO,NEIVA INDUSTRIA AERONAUTICA,EMB-711C,P28R,PISTÃO,1202,4,1977,BRASIL,1
PTNNT,AVIÃO,NEIVA,EMB-711C,P28R,PISTÃO,1202,4,1977,BRASIL,1
PTNNW,AVIÃO,NEIVA INDUSTRIA AERONAUTICA,EMB-710C,P28B,PISTÃO,1361,4,1977,BRASIL,1
PTNNZ,AVIÃO,NEIVA,EMB-711C,P28R,PISTÃO,1202,4,1977,BRASIL,1
PTNOD,AVIÃO,NEIVA,EMB-710C,P28B,PISTÃO,1361,4,1977,BRASIL,1
PTNOE,AVIÃO,NEIVA INDUSTRIA AERONAUTICA,EMB-711C,P28R,PISTÃO,1202,4,1977,BRASIL,1
PTNOF,AVIÃO,NEIVA,EMB-711C,P28R,PISTÃO,1202,4,1977,BRASIL,1
PTNON,AVIÃO,NEIVA INDUSTRIA AERONAUTICA,EMB-711C,P28R,PISTÃO,1202,4,1977,BRASIL,1
PTNOP,AVIÃO,NEIVA,EMB-711C,P28R,PISTÃO,1202,4,1977,BRASIL,1
PTNOU,AVIÃO,NEIVA INDUSTRIA AERONAUTICA,EMB-711C,P28R,PISTÃO,1202,4,1977,BRASIL,1
PTNPB,AVIÃO,NEIVA INDUSTRIA AERONAUTICA,EMB-711C,P28R,PISTÃO,1202,4,1978,BRASIL,1
PTNPF,AVIÃO,NEIVA,EMB-711C,P28R,PISTÃO,1202,4,1977,BRASIL,1
PTNPG,AVIÃO,NEIVA,EMB-710C,P28B,PISTÃO,1361,4,1977,BRASIL,1
PTNPN,AVIÃO,NEIVA,EMB-711A,P28R,PISTÃO,1202,4,1977,BRASIL,1
PTNPV,AVIÃO,NEIVA,EMB-710C,P28B,PISTÃO,1361,4,1979,BRASIL,1
PTNQQ,AVIÃO,NEIVA,EMB-711A,P28R,PISTÃO,1202,4,1979,BRASIL,1
PTNQS,AVIÃO,NEIVA,EMB-711A,P28R,PISTÃO,1202,4,1977,BRASIL,1
PTNQX,AVIÃO,NEIVA,EMB-711A,P28R,PISTÃO,1202,4,1979,BRASIL,1
PTNRK,AVIÃO,NEIVA,EMB-711B,P28R,PISTÃO,1248,4,1979,BRASIL,1
PTNRR,AVIÃO,NEIVA,EMB-711B,P28R,PISTÃO,1248,4,1979,BRASIL,1
PTNSA,AVIÃO,NEIVA,EMB-711B,P28R,PISTÃO,1248,4,1979,BRASIL,1
PTNSF,AVIÃO,NEIVA,EMB-711B,P28R,PISTÃO,1248,4,1979,BRASIL,1
PTNSI,AVIÃO,NEIVA INDUSTRIA AERONAUTICA,EMB-711B,P28R,PISTÃO,1248,4,1979,BRASIL,1
PTNSJ,AVIÃO,NEIVA INDUSTRIA AERONAUTICA,EMB-711B,P28R,PISTÃO,1248,4,1979,BRASIL,1
PTNSL,AVIÃO,NEIVA,EMB-711B,P28R,PISTÃO,1248,4,1980,BRASIL,1
PTNSY,AVIÃO,NEIVA INDUSTRIA AERONAUTICA,EMB-712,P28A,PISTÃO,1157,4,1978,BRASIL,1
PTNTC,AVIÃO,NEIVA INDUSTRIA AERONAUTICA,EMB-711B,P28R,PISTÃO,1248,4,1979,BRASIL,1
PTNTH,AVIÃO,NEIVA,EMB-712,P28A,PISTÃO,1158,4,1979,BRASIL,1
PTNTO,AVIÃO,NEIVA,EMB-711B,P28R,PISTÃO,1248,4,1979,BRASIL,1
PTNTP,AVIÃO,NEIVA,EMB-712,P28A,PISTÃO,1157,4,1978,BRASIL,1
PTNTR,AVIÃO,NEIVA INDUSTRIA AERONAUTICA,EMB-710C,P28B,PISTÃO,1361,4,0,BRASIL,1
PTNTU,AVIÃO,NEIVA INDUSTRIA AERONAUTICA,EMB-712,P28A,PISTÃO,1157,4,1978,BRASIL,1
PTNTY,AVIÃO,NEIVA INDUSTRIA AERONAUTICA,EMB-712,P28A,PISTÃO,1157,4,1979,BRASIL,1
PTNUB,AVIÃO,NEIVA INDUSTRIA AERONAUTICA,EMB-711B,P28R,PISTÃO,1248,4,1979,BRASIL,1
PTNUF,AVIÃO,NEIVA,EMB-711B,P28R,PISTÃO,1248,4,1979,BRASIL,1
PTNUH,AVIÃO,NEIVA INDUSTRIA AERONAUTICA,EMB-712,P28A,PISTÃO,1157,4,1979,BRASIL,1
PTNUK,AVIÃO,NEIVA,EMB-711B,P28R,PISTÃO,1248,4,1979,BRASIL,1
PTNUM,AVIÃO,NEIVA,EMB-712,P28A,PISTÃO,1157,4,1979,BRASIL,1
PTNUT,AVIÃO,NEIVA INDUSTRIA AERONAUTICA,EMB-712,P28A,PISTÃO,1157,4,1979,BRASIL,1
PTNUU,AVIÃO,NEIVA,EMB-712,P28A,PISTÃO,1157,4,1980,BRASIL,1
PTNUY,AVIÃO,NEIVA,EMB-711T,P28T,PISTÃO,1247,4,1980,BRASIL,1
PTNVB,AVIÃO,NEIVA,EMB-712,P28A,PISTÃO,1157,4,1980,BRASIL,1
PTNVF,AVIÃO,NEIVA INDUSTRIA AERONAUTICA,EMB-711T,P28T,PISTÃO,1247,4,1980,BRASIL,1
PTNVH,AVIÃO,NEIVA,EMB-712,P28A,PISTÃO,1157,4,1980,BRASIL,1
PTNVL,AVIÃO,NEIVA INDUSTRIA AERONAUTICA,EMB-712,P28A,PISTÃO,1157,4,1980,BRASIL,1
PTNVM,AVIÃO,NEIVA INDUSTRIA AERONAUTICA,EMB-711T,P28T,PISTÃO,1247,4,1980,BRASIL,1
PTNXB,AVIÃO,NEIVA INDUSTRIA AERONAUTICA,EMB-712,P28A,PISTÃO,1157,4,1980,BRASIL,1
PTNXI,AVIÃO,NEIVA,EMB-711ST,P28T,PISTÃO,1315,4,1980,BRASIL,1
PTNXJ,AVIÃO,NEIVA INDUSTRIA AERONAUTICA,EMB-712,P28A,PISTÃO,930,4,1980,BRASIL,1
PTNXN,AVIÃO,NEIVA,EMB-711ST,P28T,PISTÃO,1315,4,1980,BRASIL,1
PTNXS,AVIÃO,NEIVA,EMB-712,P28A,PISTÃO,1157,4,1980,BRASIL,1
PTNXT,AVIÃO,NEIVA,EMB-711ST,P28T,PISTÃO,1315,4,1980,BRASIL,1
PTNXY,AVIÃO,NEIVA,EMB-711T,P28T,PISTÃO,1247,4,1980,BRASIL,1
PTNYA,AVIÃO,NEIVA INDUSTRIA AERONAUTICA,EMB-712,P28A,PISTÃO,1157,4,1980,BRASIL,1
PTNYJ,AVIÃO,NEIVA,EMB-712,P28A,PISTÃO,1157,4,1980,BRASIL,1
PTNYL,AVIÃO,NEIVA INDUSTRIA AERONAUTICA,EMB-711ST,P28T,PISTÃO,1315,4,1980,BRASIL,1
PTNYM,AVIÃO,NEIVA,EMB-712,P28A,PISTÃO,1157,4,1982,BRASIL,1
PTNYQ,AVIÃO,NEIVA,EMB-712,P28A,PISTÃO,1157,4,1980,BRASIL,1
PTNYT,AVIÃO,NEIVA,EMB-711T,P28T,PISTÃO,1247,4,1980,BRASIL,1
PTNYU,AVIÃO,NEIVA,EMB-712,P28A,PISTÃO,1157,4,1981,BRASIL,1
PTNYV,AVIÃO,NEIVA INDUSTRIA AERONAUTICA,EMB-712,P28A,PISTÃO,1157,4,1982,BRASIL,1
PTNZD,AVIÃO,NEIVA,EMB-712,P28A,PISTÃO,1157,4,1980,BRASIL,1
PTNZO,AVIÃO,NEIVA INDUSTRIA AERONAUTICA,EMB-711ST,P28T,PISTÃO,1315,4,1980,BRASIL,1
PTOAI,AVIÃO,BEECH AIRCRAFT,A36,BE36,PISTÃO,1655,6,1984,BRASIL,1
PTOAP,AVIÃO,BEECH AIRCRAFT,F33A,BE33,PISTÃO,1542,4,1990,BRASIL,1
PTOAT,AVIÃO,BEECH AIRCRAFT,V35B,BE35,PISTÃO,1542,6,1980,BRASIL,1
PTOBU,AVIÃO,CESSNA AIRCRAFT,R182,C82R,PISTÃO,1406,4,1979,BRASIL,1
PTOCB,AVIÃO,BEECH AIRCRAFT,F33A,BE33,PISTÃO,1542,5,1990,BRASIL,1
PTOCH,AVIÃO,BEECH AIRCRAFT,A36,BE36,PISTÃO,1633,6,1990,BRASIL,1
PTOCN,AVIÃO,PIPER AIRCRAFT,PA-28R-201,P28R,PISTÃO,1247,4,0,BRASIL,1
PTOCO,AVIÃO,PIPER AIRCRAFT,PA-28R-201,P28R,PISTÃO,1247,4,1990,BRASIL,1
PTOCQ,AVIÃO,CHINCUL SACAIFI,PA-28R-201,P28R,PISTÃO,1247,4,1990,BRASIL,1
PTODP,ANFÍBIO,CONSOLIDATED,LAKE 250,LA25,PISTÃO,1424,4,1980,BRASIL,1
PTODV,AVIÃO,CHINCUL SACAIFI,PA-28R-201T,P28R,PISTÃO,1315,4,1990,BRASIL,1
PTOEB,AVIÃO,BEECH AIRCRAFT,F33A,BE33,PISTÃO,1542,5,1990,BRASIL,1
PTOEQ,AVIÃO,AIR TRACTOR,AT-401,AT3P,PISTÃO,2722,1,1987,BRASIL,1
PTOEY,AVIÃO,BEECH AIRCRAFT,D35,BE35,PISTÃO,1236,4,1953,BRASIL,1
PTOEZ,AVIÃO,CESSNA AIRCRAFT,210N,C210,PISTÃO,1724,6,1981,BRASIL,1
PTOFA,AVIÃO,NEIVA,EMB-720D,PA32,PISTÃO,1633,7,1980,BRASIL,1
PTOFI,AVIÃO,MOONEY AIRCRAFT,M20J,M20P,PISTÃO,1243,4,1990,BRASIL,1
PTOFT,AVIÃO,CESSNA AIRCRAFT,172P,C172,PISTÃO,1088,4,1982,BRASIL,1
PTOGE,AVIÃO,CESSNA AIRCRAFT,208,C208,TURBOÉLICE,3629,11,1990,BRASIL,1
PTOGH,AVIÃO,CESSNA AIRCRAFT,208,C208,TURBOÉLICE,3629,11,1985,BRASIL,1
PTOGL,AVIÃO,CESSNA AIRCRAFT,208,C208,TURBOÉLICE,3629,10,1986,BRASIL,1
PTOGP,AVIÃO,CESSNA AIRCRAFT,208,C208,TURBOÉLICE,3724,11,1985,BRASIL,1
PTOGQ,AVIÃO,CESSNA AIRCRAFT,208,C208,TURBOÉLICE,3629,11,1985,BRASIL,1
PTOGS,AVIÃO,CESSNA AIRCRAFT,208,C208,TURBOÉLICE,3629,2,1985,BRASIL,1
PTOGY,AVIÃO,CESSNA AIRCRAFT,208,C208,TURBOÉLICE,3629,10,1986,BRASIL,1
PTOHI,AVIÃO,BEECH AIRCRAFT,F33A,BE33,PISTÃO,1542,6,1988,BRASIL,1
PTOHL,AVIÃO,CESSNA AIRCRAFT,210N,C210,PISTÃO,1724,6,1981,BRASIL,1
PTOIB,AVIÃO,CHINCUL SACAIFI,PA-28-161,P28A,PISTÃO,1107,4,1991,BRASIL,1
PTOII,AVIÃO,BEECH AIRCRAFT,A36,BE36,PISTÃO,1633,6,1990,BRASIL,1
PTOIK,AVIÃO,CESSNA AIRCRAFT,182R,C182,PISTÃO,1406,4,1982,BRASIL,1
PTOIS,AVIÃO,BEECH AIRCRAFT,A36,BE36,PISTÃO,1633,6,1980,BRASIL,1
PTOIW,AVIÃO,CESSNA AIRCRAFT,182Q,C182,PISTÃO,1338,4,1980,BRASIL,1
PTOJD,AVIÃO,CESSNA AIRCRAFT,U206F,C206,PISTÃO,1633,6,1975,BRASIL,1
PTOJV,AVIÃO,CESSNA AIRCRAFT,U206G,C206,PISTÃO,1633,6,1981,BRASIL,1
PTOJY,AVIÃO,BEECH AIRCRAFT,A36,BE36,PISTÃO,1633,6,1982,BRASIL,1
PTOKI,AVIÃO,CESSNA AIRCRAFT,182Q,C182,PISTÃO,1338,4,1979,BRASIL,1
PTOKJ,AVIÃO,CESSNA AIRCRAFT,182Q,C182,PISTÃO,1338,4,1980,BRASIL,1
PTOKZ,AVIÃO,CESSNA AIRCRAFT,210N,C210,PISTÃO,1724,6,1979,BRASIL,1
PTOLY,AVIÃO,CESSNA AIRCRAFT,152,C152,PISTÃO,757,2,1981,BRASIL,1
PTOMF,AVIÃO,CESSNA AIRCRAFT,172RG,C72R,PISTÃO,1202,4,1980,BRASIL,1
PTOMK,AVIÃO,BEECH AIRCRAFT,F33A,BE33,PISTÃO,1383,5,1991,BRASIL,1
PTOMW,AVIÃO,PIPER AIRCRAFT,PA-25-235,PA25,PISTÃO,1315,1,1986,BRASIL,1
PTOMX,AVIÃO,CESSNA AIRCRAFT,210N,C210,PISTÃO,1724,6,1980,BRASIL,1
PTONB,AVIÃO,CESSNA AIRCRAFT,210N,C210,PISTÃO,1724,6,1984,BRASIL,1
PTOND,AVIÃO,CESSNA AIRCRAFT,U206G,C206,PISTÃO,1633,6,1982,BRASIL,1
PTONN,AVIÃO,MAULE AIRCRAFT,M-7-235,M7,PISTÃO,1134,5,1991,BRASIL,1
PTONZ,AVIÃO,BEECH AIRCRAFT,A36,BE36,PISTÃO,1633,6,1984,BRASIL,1
PTOOB,AVIÃO,CESSNA AIRCRAFT,172N,C172,PISTÃO,1043,4,1980,BRASIL,1
PTOOP,AVIÃO,CESSNA AIRCRAFT,T210N,C210,PISTÃO,1814,6,1980,BRASIL,1
PTOPO,AVIÃO,MAULE AIRCRAFT,MXT-7-180,M7,PISTÃO,1134,4,1992,BRASIL,1
PTOPP,AVIÃO,MAULE AIRCRAFT,MX-7-180,M7,PISTÃO,1134,4,1992,BRASIL,1
PTOPT,AVIÃO,PIPER AIRCRAFT,PA-25-235,PA25,PISTÃO,1315,1,1992,BRASIL,1
PTOPU,AVIÃO,PIPER AIRCRAFT,PA-25-235,PA25,PISTÃO,1315,1,1992,BRASIL,1
PTOQR,AVIÃO,CESSNA AIRCRAFT,208,C208,TURBOÉLICE,3629,10,1992,BRASIL,1
PTOQT,AVIÃO,CESSNA AIRCRAFT,208B,C208,TURBOÉLICE,3969,11,1992,BRASIL,1
PTOQU,AVIÃO,CHINCUL SACAIFI,PA-25-260,PA25,PISTÃO,1315,1,1992,BRASIL,1
PTOQV,AVIÃO,CHINCUL SACAIFI,PA-25-260,PA25,PISTÃO,1315,1,1992,BRASIL,1
PTOQW,AVIÃO,CHINCUL SACAIFI,PA-25-260,PA25,PISTÃO,1315,1,1992,BRASIL,1
PTOQX,AVIÃO,LAVIASA,PA-25-260,PA25,PISTÃO,1315,1,1992,BRASIL,1
PTOQZ,AVIÃO,LAVIASA,PA-25-235,PA25,PISTÃO,1315,1,1992,BRASIL,1
PTORF,AVIÃO,BEECH AIRCRAFT,M35,BE35,PISTÃO,1338,5,1960,BRASIL,1
PTORI,AVIÃO,MOONEY AIRCRAFT,M20M,M20T,PISTÃO,1453,4,1991,BRASIL,1
PTORU,AVIÃO,CESSNA AIRCRAFT,210N,C210,PISTÃO,1724,6,1984,BRASIL,1
PTOSG,AVIÃO,CESSNA AIRCRAFT,208B,C208,TURBOÉLICE,3969,11,1992,BRASIL,1
PTOSP,AVIÃO,BELLANCA AIRCRAFT,8KCAB,BL8,PISTÃO,816,2,1980,BRASIL,1
PTOSQ,AVIÃO,CHINCUL SACAIFI,PA-25-260,PA25,PISTÃO,1315,1,1993,BRASIL,1
PTOST,AVIÃO,CHINCUL SACAIFI,PA-25-235,PA25,PISTÃO,1315,1,1993,BRASIL,1
PTOUB,AVIÃO,LAVIASA,PA-25-235,PA25,PISTÃO,1315,1,1993,BRASIL,1
PTOUM,AVIÃO,MAULE AIRCRAFT,MX-7-180,M7,PISTÃO,1134,4,1986,BRASIL,1
PTOVJ,AVIÃO,PIPER AIRCRAFT,PA-25-235,PA25,PISTÃO,1315,1,1993,BRASIL,1
PTOXE,AVIÃO,AIR TRACTOR,AT-502,AT5T,TURBOÉLICE,2948,1,1991,BRASIL,1
PTOXK,AVIÃO,CESSNA AIRCRAFT,A188B,C188,PISTÃO,1905,1,1977,BRASIL,1
PTOXL,AVIÃO,CESSNA AIRCRAFT,R182,C82R,PISTÃO,1406,4,1979,BRASIL,1
PTOXO,AVIÃO,CESSNA AIRCRAFT,172C,C172,PISTÃO,1020,4,1962,BRASIL,1
PTOXS,AVIÃO,MAULE AIRCRAFT,MT-7-235,M7,PISTÃO,1134,5,1994,BRASIL,1
PTOXV,AVIÃO,PIPER AIRCRAFT,PA-25-235,PA25,PISTÃO,1315,1,1974,BRASIL,1
PTOYC,AVIÃO,AIR TRACTOR,AT-502B,AT5T,TURBOÉLICE,3629,1,1993,BRASIL,1
PTOYF,AVIÃO,CESSNA AIRCRAFT,150L,C150,PISTÃO,725,2,1973,BRASIL,1
PTOZA,AVIÃO,CESSNA AIRCRAFT,208B,C208,TURBOÉLICE,3969,4,1989,BRASIL,1
PTPBC,AVIÃO,CESSNA AIRCRAFT,208,C208,TURBOÉLICE,3629,11,2008,BRASIL,1
PTPFW,AVIÃO,BEECH AIRCRAFT,N35,BE35,PISTÃO,1417,4,1961,BRASIL,1
PTPMC,AVIÃO,AEROMOT,AMT-100,RF10,PISTÃO,800,2,1988,BRASIL,1
PTPMF,AVIÃO,AEROMOT,AMT-100,RF10,PISTÃO,800,2,1987,BRASIL,1
PTPNA,AVIÃO,CESSNA AIRCRAFT,A188B,C188,PISTÃO,1814,1,1975,BRASIL,1
PTPPJ,AVIÃO,GIPPSLAND,GA200C,GA20,PISTÃO,1315,2,1999,BRASIL,1
PTPRA,AVIÃO,CESSNA AIRCRAFT,152,C152,PISTÃO,757,2,1978,BRASIL,1
PTPSC,AVIÃO,PIPER AIRCRAFT,PA-32R-301T,PA32,PISTÃO,1633,7,1999,BRASIL,1
PTPSD,HELICÓPTERO,ROBINSON HELICOPTER,R44 II,R44,PISTÃO,1134,4,2012,BRASIL,1
PTPTA,AVIÃO,CESSNA AIRCRAFT,208B,C208,TURBOÉLICE,3969,11,1999,BRASIL,1
PTPTB,AVIÃO,CESSNA AIRCRAFT,208B,C208,TURBOÉLICE,3969,11,1999,BRASIL,1
PTPUA,AVIÃO,BEECH AIRCRAFT,D17S,BE17,PISTÃO,1928,5,0,BRASIL,1
PTPZD,AVIÃO,PZL-OKECIE,PZL-106BT-601,PZ6T,TURBOÉLICE,3500,1,2000,BRASIL,1
PTRAM,AVIÃO,NEIVA,EMB-721C,P32R,PISTÃO,1633,7,1980,BRASIL,1
PTRBT,AVIÃO,NEIVA INDUSTRIA AERONAUTICA,EMB-720C,PA32,PISTÃO,1542,6,1980,BRASIL,1
PTRCR,AVIÃO,NEIVA INDUSTRIA AERONAUTICA,EMB-720C,PA32,PISTÃO,1542,7,1980,BRASIL,1
PTRDD,AVIÃO,AIR TRACTOR,AT-402B,AT3T,TURBOÉLICE,3175,1,2018,BRASIL,1
PTRDE,AVIÃO,NEIVA INDUSTRIA AERONAUTICA,EMB-720C,PA32,PISTÃO,1542,7,1981,BRASIL,1
PTRDF,AVIÃO,NEIVA INDUSTRIA AERONAUTICA,EMB-720C,PA32,PISTÃO,1542,7,1980,BRASIL,1
PTRDY,AVIÃO,NEIVA INDUSTRIA AERONAUTICA,EMB-720C,PA32,PISTÃO,1542,7,0,BRASIL,1
PTRDZ,AVIÃO,NEIVA,EMB-720C,PA32,PISTÃO,1542,7,1980,BRASIL,1
PTREB,AVIÃO,NEIVA INDUSTRIA AERONAUTICA,EMB-720C,PA32,PISTÃO,1542,7,1980,BRASIL,1
PTREI,AVIÃO,NEIVA,EMB-721D,P32R,PISTÃO,1633,6,1981,BRASIL,1
PTREL,AVIÃO,NEIVA INDUSTRIA AERONAUTICA,EMB-721D,P32R,PISTÃO,1633,6,1980,BRASIL,1
PTREM,AVIÃO,NEIVA,EMB-721D,P32R,PISTÃO,1633,6,1980,BRASIL,1
PTRHA,AVIÃO,NEIVA,EMB-711ST,P28T,PISTÃO,1315,4,1980,BRASIL,1
PTRHE,AVIÃO,NEIVA,EMB-711T,P28T,PISTÃO,1247,4,1980,BRASIL,1
PTRHF,AVIÃO,NEIVA INDUSTRIA AERONAUTICA,EMB-711ST,P28T,PISTÃO,1315,4,1980,BRASIL,1
PTRHI,AVIÃO,NEIVA INDUSTRIA AERONAUTICA,EMB-711ST,P28T,PISTÃO,1315,4,1980,BRASIL,1
PTRHJ,AVIÃO,NEIVA,EMB-711ST,P28T,PISTÃO,1315,4,1981,BRASIL,1
PTRHL,AVIÃO,NEIVA INDUSTRIA AERONAUTICA,EMB-711T,P28T,PISTÃO,1247,4,1980,BRASIL,1
PTRHM,AVIÃO,NEIVA,EMB-711T,P28T,PISTÃO,1247,4,1980,BRASIL,1
PTRHO,AVIÃO,NEIVA,EMB-712,P28A,PISTÃO,1157,4,1980,BRASIL,1
PTRHR,AVIÃO,NEIVA INDUSTRIA AERONAUTICA,EMB-712,P28A,PISTÃO,1157,4,1980,BRASIL,1
PTRHW,AVIÃO,NEIVA INDUSTRIA AERONAUTICA,EMB-721D,P32R,PISTÃO,1633,7,1980,BRASIL,1
PTRIE,AVIÃO,NEIVA INDUSTRIA AERONAUTICA,EMB-720D,PA32,PISTÃO,1633,7,1981,BRASIL,1
PTRIK,AVIÃO,NEIVA INDUSTRIA AERONAUTICA,EMB-720D,PA32,PISTÃO,1633,6,1980,BRASIL,1
PTRIM,AVIÃO,NEIVA,EMB-720D,PA32,PISTÃO,1633,7,1981,BRASIL,1
PTRIP,AVIÃO,NEIVA INDUSTRIA AERONAUTICA,EMB-711ST,P28T,PISTÃO,1315,4,1980,BRASIL,1
PTRIV,AVIÃO,NEIVA INDUSTRIA AERONAUTICA,EMB-711ST,P28T,PISTÃO,1315,4,1980,BRASIL,1
PTRIW,AVIÃO,NEIVA INDUSTRIA AERONAUTICA,EMB-711ST,P28T,PISTÃO,1315,4,1980,BRASIL,1
PTRIX,AVIÃO,NEIVA INDUSTRIA AERONAUTICA,EMB-711ST,P28T,PISTÃO,1315,4,1980,BRASIL,1
PTRIY,AVIÃO,NEIVA INDUSTRIA AERONAUTICA,EMB-711ST,P28T,PISTÃO,1315,4,1981,BRASIL,1
PTRJD,AVIÃO,NEIVA INDUSTRIA AERONAUTICA,EMB-721D,P32R,PISTÃO,1633,6,1981,BRASIL,1
PTRJF,AVIÃO,NEIVA,EMB-711ST,P28T,PISTÃO,1315,4,1981,BRASIL,1
PTRJH,AVIÃO,NEIVA INDUSTRIA AERONAUTICA,EMB-711ST,P28T,PISTÃO,1315,4,1980,BRASIL,1
PTRKA,AVIÃO,NEIVA,EMB-711ST,P28T,PISTÃO,1315,4,1981,BRASIL,1
PTRKE,AVIÃO,NEIVA,EMB-721D,P32R,PISTÃO,1633,6,1979,BRASIL,1
PTRKH,AVIÃO,NEIVA INDUSTRIA AERONAUTICA,EMB-712,P28A,PISTÃO,1157,4,1981,BRASIL,1
PTRKL,AVIÃO,NEIVA INDUSTRIA AERONAUTICA,EMB-711ST,P28T,PISTÃO,1315,4,1981,BRASIL,1
PTRKO,AVIÃO,NEIVA INDUSTRIA AERONAUTICA,EMB-710D,P28B,PISTÃO,1361,4,1981,BRASIL,1
PTRKR,AVIÃO,NEIVA INDUSTRIA AERONAUTICA,EMB-711ST,P28T,PISTÃO,1315,4,1981,BRASIL,1
PTRKS,AVIÃO,NEIVA INDUSTRIA AERONAUTICA,EMB-711ST,P28T,PISTÃO,1315,4,1981,BRASIL,1
PTRLE,AVIÃO,NEIVA,EMB-720D,PA32,PISTÃO,1633,7,1981,BRASIL,1
PTRLJ,AVIÃO,NEIVA INDUSTRIA AERONAUTICA,EMB-712,P28A,PISTÃO,1157,4,1981,BRASIL,1
PTRLK,AVIÃO,NEIVA INDUSTRIA AERONAUTICA,EMB-711ST,P28T,PISTÃO,1315,4,1981,BRASIL,1
PTRLL,AVIÃO,NEIVA,EMB-721D,P32R,PISTÃO,1633,6,1981,BRASIL,1
PTRLQ,AVIÃO,EMBRAER,EMB-721D,P32R,PISTÃO,1633,7,0,BRASIL,1
PTRLR,AVIÃO,NEIVA INDUSTRIA AERONAUTICA,EMB-711ST,P28T,PISTÃO,1315,4,1981,BRASIL,1
PTRMM,HELICÓPTERO,ROBINSON HELICOPTER,R44 II,R44,PISTÃO,1134,4,2006,BRASIL,1
PTRMS,AVIÃO,AMERICAN CHAMPION,8KCAB,BL8,PISTÃO,816,NULL,NULL,BRASIL,1
PTRNL,AVIÃO,NEIVA,EMB-721D,P32R,PISTÃO,1633,7,1982,BRASIL,1
PTRNN,AVIÃO,NEIVA,EMB-721D,P32R,PISTÃO,1633,6,1982,BRASIL,1
PTRNO,AVIÃO,NEIVA INDUSTRIA AERONAUTICA,EMB-711ST,P28T,PISTÃO,1315,4,1982,BRASIL,1
PTRNS,AVIÃO,NEIVA INDUSTRIA AERONAUTICA,EMB-711ST,P28T,PISTÃO,1315,4,1981,BRASIL,1
PTROB,AVIÃO,NEIVA INDUSTRIA AERONAUTICA,EMB-711ST,P28T,PISTÃO,1315,4,1981,BRASIL,1
PTROF,AVIÃO,NEIVA INDUSTRIA AERONAUTICA,EMB-711ST,P28T,PISTÃO,1315,4,1982,BRASIL,1
PTROJ,AVIÃO,NEIVA INDUSTRIA AERONAUTICA,EMB-711ST,P28T,PISTÃO,1315,4,1982,BRASIL,1
PTRON,AVIÃO,NEIVA,EMB-711ST,P28T,PISTÃO,1315,4,1982,BRASIL,1
PTROS,AVIÃO,NEIVA,EMB-720D,PA32,PISTÃO,1633,6,1982,BRASIL,1
PTRPE,AVIÃO,NEIVA,EMB-712,P28A,PISTÃO,1157,4,1984,BRASIL,1
PTRPF,AVIÃO,NEIVA INDUSTRIA AERONAUTICA,EMB-711T,P28T,PISTÃO,1247,4,1982,BRASIL,1
PTRPG,AVIÃO,NEIVA INDUSTRIA AERONAUTICA,EMB-711ST,P28T,PISTÃO,1315,4,1985,BRASIL,1
PTRPJ,AVIÃO,NEIVA INDUSTRIA AERONAUTICA,EMB-711ST,P28T,PISTÃO,1315,4,1982,BRASIL,1
PTRPK,AVIÃO,NEIVA,EMB-711ST,P28T,PISTÃO,1315,4,1982,BRASIL,1
PTRPM,AVIÃO,NEIVA INDUSTRIA AERONAUTICA,EMB-712,P28A,PISTÃO,1157,4,1983,BRASIL,1
PTRPO,AVIÃO,NEIVA INDUSTRIA AERONAUTICA,EMB-711ST,P28T,PISTÃO,1315,4,1982,BRASIL,1
PTRPS,AVIÃO,NEIVA INDUSTRIA AERONAUTICA,EMB-711ST,P28T,PISTÃO,1315,4,1983,BRASIL,1
PTRPT,AVIÃO,NEIVA INDUSTRIA AERONAUTICA,EMB-712,P28A,PISTÃO,1157,4,1983,BRASIL,1
PTRPU,AVIÃO,NEIVA,EMB-720D,PA32,PISTÃO,1633,7,1984,BRASIL,1
PTRPV,AVIÃO,NEIVA,EMB-711ST,P28T,PISTÃO,1315,4,1982,BRASIL,1
PTRRK,AVIÃO,NEIVA,EMB-711ST,P28T,PISTÃO,1315,4,1984,BRASIL,1
PTRRQ,AVIÃO,NEIVA,EMB-721D,P32R,PISTÃO,1633,6,1984,BRASIL,1
PTRRR,AVIÃO,NEIVA INDUSTRIA AERONAUTICA,EMB-712,P28A,PISTÃO,1157,4,1983,BRASIL,1
PTRVS,AVIÃO,NEIVA INDUSTRIA AERONAUTICA,EMB-720D,PA32,PISTÃO,1633,7,1986,BRASIL,1
PTRVU,AVIÃO,NEIVA,EMB-720D,PA32,PISTÃO,1633,7,1984,BRASIL,1
PTRXA,AVIÃO,NEIVA INDUSTRIA AERONAUTICA,EMB-712,P28A,PISTÃO,1157,4,1984,BRASIL,1
PTRXC,AVIÃO,NEIVA,EMB-712,P28A,PISTÃO,1157,4,1985,BRASIL,1
PTRXE,AVIÃO,NEIVA,EMB-721D,P32R,PISTÃO,1633,7,1985,BRASIL,1
PTRXF,AVIÃO,NEIVA INDUSTRIA AERONAUTICA,EMB-721D,P32R,PISTÃO,1633,6,1985,BRASIL,1
PTRXI,AVIÃO,NEIVA,EMB-711ST,P28T,PISTÃO,1315,4,1985,BRASIL,1
PTRXS,AVIÃO,NEIVA,EMB-720D,PA32,PISTÃO,1633,7,1986,BRASIL,1
PTRXT,AVIÃO,NEIVA,EMB-720D,PA32,PISTÃO,1633,7,1985,BRASIL,1
PTRXX,AVIÃO,NEIVA INDUSTRIA AERONAUTICA,EMB-720D,PA32,PISTÃO,1633,6,1985,BRASIL,1
PTRXY,AVIÃO,NEIVA INDUSTRIA AERONAUTICA,EMB-711ST,P28T,PISTÃO,1315,4,1985,BRASIL,1
PTRYC,AVIÃO,NEIVA INDUSTRIA AERONAUTICA,EMB-711ST,P28T,PISTÃO,1315,4,0,BRASIL,1
PTRYD,AVIÃO,NEIVA INDUSTRIA AERONAUTICA,EMB-711ST,P28T,PISTÃO,1315,4,1985,BRASIL,1
PTRZH,AVIÃO,NEIVA INDUSTRIA AERONAUTICA,EMB-711ST,P28T,PISTÃO,1315,4,1985,BRASIL,1
PTRZN,AVIÃO,NEIVA,EMB-711ST,P28T,PISTÃO,1315,4,1986,BRASIL,1
PTRZQ,AVIÃO,NEIVA INDUSTRIA AERONAUTICA,EMB-712,P28A,PISTÃO,1157,4,0,BRASIL,1
PTRZR,AVIÃO,NEIVA INDUSTRIA AERONAUTICA,EMB-712,P28A,PISTÃO,1157,4,1985,BRASIL,1
PTRZV,AVIÃO,NEIVA,EMB-720D,PA32,PISTÃO,1633,7,1985,BRASIL,1
PTSAA,HELICÓPTERO,ROBINSON HELICOPTER,R66,R66,TURBOEIXO,1225,5,2013,BRASIL,1
PTSBP,AVIÃO,THRUSH AIRCRAFT,S2R-H80,SS2T,TURBOÉLICE,4763,NULL,NULL,BRASIL,1
PTSEF,AVIÃO,AIR TRACTOR,AT-502B,AT5T,TURBOÉLICE,3629,NULL,2014,BRASIL,1
PTSIN,AVIÃO,CESSNA AIRCRAFT,208B,C208,TURBOÉLICE,3969,10,0,BRASIL,1
PTSKG,AVIÃO,CESSNA AIRCRAFT,150L,C150,PISTÃO,726,2,1971,BRASIL,1
PTSNI,AVIÃO,CESSNA AIRCRAFT,182Q,C182,PISTÃO,1338,4,1977,BRASIL,1
PTSOB,AVIÃO,CESSNA AIRCRAFT,177RG,C77R,PISTÃO,1270,4,1973,BRASIL,1
PTSRJ,HELICÓPTERO,HELIBRÁS,AS 350 B3,NULL,TURBOEIXO,2250,NULL,2019,BRASIL,1
PTSUL,AVIÃO,AIR TRACTOR,AT-502B,AT5T,TURBOÉLICE,3629,1,2012,BRASIL,1
PTSUS,HELICÓPTERO,AIRBUS HELICOPTERS,AS 350 B3,AS50,TURBOEIXO,2250,6,2017,BRASIL,1
PTTBI,AVIÃO,CESSNA AIRCRAFT,182E,C182,PISTÃO,0,4,1962,BRASIL,1
PTTBM,AVIÃO,SOCATA,TBM700N,TBM7,TURBOÉLICE,3354,0,2019,BRASIL,1
PTTJV,AVIÃO,PIPER AIRCRAFT,PA-46R-350T,PA46,PISTÃO,1969,NULL,NULL,BRASIL,1
PTTNY,AVIÃO,CESSNA AIRCRAFT,150M,C150,PISTÃO,726,2,1975,BRASIL,1
PTTOR,AVIÃO,PIPER AIRCRAFT,PA-46R-350T,PA46,PISTÃO,1969,6,2009,BRASIL,1
PTTOS,HELICÓPTERO,HELIBRAS,AS 350 B2,AS50,TURBOEIXO,2250,NULL,2015,BRASIL,1
PTTRG,AVIÃO,AIR TRACTOR,AT-502B,AT5T,TURBOÉLICE,3629,NULL,2025,BRASIL,1
PTTVG,HELICÓPTERO,EUROCOPTER,EC 130 B4,EC30,TURBOEIXO,2427,7,0,BRASIL,1
PTUAA,AVIÃO,NEIVA,EMB-201A,IPAN,PISTÃO,1800,1,1984,BRASIL,1
PTUAD,AVIÃO,NEIVA,EMB-201A,IPAN,PISTÃO,1800,1,1985,BRASIL,1
PTUAH,AVIÃO,NEIVA INDUSTRIA AERONAUTICA,EMB-201A,IPAN,PISTÃO,1800,1,1989,BRASIL,1
PTUAS,AVIÃO,NEIVA INDUSTRIA AERONAUTICA,EMB-201A,IPAN,PISTÃO,1800,1,1985,BRASIL,1
PTUAW,AVIÃO,NEIVA INDUSTRIA AERONAUTICA,EMB-201A,IPAN,PISTÃO,1800,1,1985,BRASIL,1
PTUAX,AVIÃO,NEIVA,EMB-201A,IPAN,PISTÃO,1800,1,1985,BRASIL,1
PTUAY,AVIÃO,NEIVA,EMB-201A,IPAN,PISTÃO,1800,1,1985,BRASIL,1
PTUAZ,AVIÃO,NEIVA,EMB-201A,IPAN,PISTÃO,1800,1,1985,BRASIL,1
PTUBH,AVIÃO,NEIVA,EMB-201A,IPAN,PISTÃO,1800,1,1985,BRASIL,1
PTUBM,AVIÃO,NEIVA,EMB-201A,IPAN,PISTÃO,1800,1,1986,BRASIL,1
PTUBQ,AVIÃO,NEIVA,EMB-201A,IPAN,PISTÃO,1800,1,1986,BRASIL,1
PTUBR,AVIÃO,NEIVA,EMB-201A,IPAN,PISTÃO,1800,1,1986,BRASIL,1
PTUBU,AVIÃO,NEIVA,EMB-201A,IPAN,PISTÃO,1550,1,1986,BRASIL,1
PTUBV,AVIÃO,NEIVA,EMB-201A,IPAN,PISTÃO,1550,1,0,BRASIL,1
PTUBX,AVIÃO,NEIVA INDUSTRIA AERONAUTICA,EMB-201A,IPAN,PISTÃO,1800,1,1986,BRASIL,1
PTUCK,AVIÃO,NEIVA,EMB-201A,IPAN,PISTÃO,1800,1,1987,BRASIL,1
PTUCL,AVIÃO,NEIVA,EMB-201A,IPAN,PISTÃO,1800,1,1986,BRASIL,1
PTUCN,AVIÃO,NEIVA,EMB-201A,IPAN,PISTÃO,1800,1,1987,BRASIL,1
PTUCO,AVIÃO,NEIVA INDUSTRIA AERONAUTICA,EMB-201A,IPAN,PISTÃO,1800,1,1987,BRASIL,1
PTUCP,AVIÃO,NEIVA,EMB-201A,IPAN,PISTÃO,1800,1,1987,BRASIL,1
PTUCQ,AVIÃO,NEIVA,EMB-201A,IPAN,PISTÃO,1800,1,1986,BRASIL,1
PTUCU,AVIÃO,NEIVA,EMB-201A,IPAN,PISTÃO,1800,1,1987,BRASIL,1
PTUCW,AVIÃO,NEIVA,EMB-201A,IPAN,PISTÃO,1800,1,1987,BRASIL,1
PTUDD,AVIÃO,NEIVA INDUSTRIA AERONAUTICA,EMB-201A,IPAN,PISTÃO,1800,1,1987,BRASIL,1
PTUDF,AVIÃO,NEIVA INDUSTRIA AERONAUTICA,EMB-201A,IPAN,PISTÃO,1800,1,1987,BRASIL,1
PTUDG,AVIÃO,NEIVA INDUSTRIA AERONAUTICA,EMB-201A,IPAN,PISTÃO,1800,1,1987,BRASIL,1
PTUDH,AVIÃO,NEIVA INDUSTRIA AERONAUTICA,EMB-201A,IPAN,PISTÃO,1800,1,1988,BRASIL,1
PTUDI,AVIÃO,NEIVA,EMB-201A,IPAN,PISTÃO,1800,1,1987,BRASIL,1
PTUDJ,AVIÃO,NEIVA INDUSTRIA AERONAUTICA,EMB-201A,IPAN,PISTÃO,1800,1,1987,BRASIL,1
PTUDL,AVIÃO,NEIVA,EMB-201A,IPAN,PISTÃO,1800,1,1987,BRASIL,1
PTUDO,AVIÃO,NEIVA,EMB-201A,IPAN,PISTÃO,1800,1,1987,BRASIL,1
PTUDU,AVIÃO,NEIVA,EMB-201A,IPAN,PISTÃO,1800,1,1988,BRASIL,1
PTUDW,AVIÃO,NEIVA,EMB-201A,IPAN,PISTÃO,1800,1,1988,BRASIL,1
PTUDY,AVIÃO,NEIVA INDUSTRIA AERONAUTICA,EMB-201A,IPAN,PISTÃO,1800,1,1988,BRASIL,1
PTUEA,AVIÃO,NEIVA,EMB-201A,IPAN,PISTÃO,1800,1,1988,BRASIL,1
PTUED,AVIÃO,NEIVA,EMB-201A,IPAN,PISTÃO,1800,1,1988,BRASIL,1
PTUEK,AVIÃO,NEIVA,EMB-201A,IPAN,PISTÃO,1800,1,1989,BRASIL,1
PTUEL,AVIÃO,NEIVA INDUSTRIA AERONAUTICA,EMB-201A,IPAN,PISTÃO,1800,1,1989,BRASIL,1
PTUEP,AVIÃO,NEIVA INDUSTRIA AERONAUTICA,EMB-201A,IPAN,PISTÃO,1800,1,1989,BRASIL,1
PTUEQ,AVIÃO,NEIVA,EMB-201A,IPAN,PISTÃO,1800,1,1989,BRASIL,1
PTUEW,AVIÃO,NEIVA,EMB-201A,IPAN,PISTÃO,1800,1,1989,BRASIL,1
PTUFA,AVIÃO,NEIVA,EMB-201A,IPAN,PISTÃO,1800,1,1990,BRASIL,1
PTUFB,AVIÃO,NEIVA,EMB-201A,IPAN,PISTÃO,1800,1,1989,BRASIL,1
PTUFG,AVIÃO,NEIVA INDUSTRIA AERONAUTICA,EMB-201A,IPAN,PISTÃO,1800,1,1980,BRASIL,1
PTUFI,AVIÃO,NEIVA INDUSTRIA AERONAUTICA,EMB-201A,IPAN,PISTÃO,1800,1,1989,BRASIL,1
PTUFL,AVIÃO,NEIVA INDUSTRIA AERONAUTICA,EMB-201A,IPAN,PISTÃO,1800,1,1989,BRASIL,1
PTUFV,AVIÃO,NEIVA,EMB-201A,IPAN,PISTÃO,1800,1,1990,BRASIL,1
PTUFY,AVIÃO,NEIVA,EMB-201A,IPAN,PISTÃO,1800,1,1990,BRASIL,1
PTUGA,AVIÃO,NEIVA,EMB-201A,IPAN,PISTÃO,1800,1,1990,BRASIL,1
PTUGC,AVIÃO,NEIVA,EMB-201A,IPAN,PISTÃO,1800,1,1991,BRASIL,1
PTUGD,AVIÃO,NEIVA INDUSTRIA AERONAUTICA,EMB-201A,IPAN,PISTÃO,1800,1,1989,BRASIL,1
PTUGJ,AVIÃO,NEIVA,EMB-201A,IPAN,PISTÃO,1800,1,1991,BRASIL,1
PTUGL,AVIÃO,NEIVA,EMB-201A,IPAN,PISTÃO,1800,1,1991,BRASIL,1
PTUGO,AVIÃO,NEIVA,EMB-201A,IPAN,PISTÃO,1800,1,1991,BRASIL,1
PTUGP,AVIÃO,NEIVA,EMB-201A,IPAN,PISTÃO,1800,1,1992,BRASIL,1
PTUGV,AVIÃO,NEIVA,EMB-201A,IPAN,PISTÃO,1800,1,1992,BRASIL,1
PTUHD,AVIÃO,NEIVA INDUSTRIA AERONAUTICA,EMB-202,IPAN,PISTÃO,1800,1,1992,BRASIL,1
PTUHE,AVIÃO,NEIVA,EMB-202,IPAN,PISTÃO,1800,1,1992,BRASIL,1
PTUHF,AVIÃO,NEIVA INDUSTRIA AERONAUTICA,EMB-202,IPAN,PISTÃO,1800,1,1992,BRASIL,1
PTUHI,AVIÃO,NEIVA INDUSTRIA AERONAUTICA,EMB-202,IPAN,PISTÃO,1800,1,1993,BRASIL,1
PTUHJ,AVIÃO,NEIVA INDUSTRIA AERONAUTICA,EMB-202,IPAN,PISTÃO,1800,1,1993,BRASIL,1
PTUHL,AVIÃO,NEIVA,EMB-202,IPAN,PISTÃO,1800,1,1993,BRASIL,1
PTUHQ,AVIÃO,NEIVA INDUSTRIA AERONAUTICA,EMB-202,IPAN,PISTÃO,1800,1,1993,BRASIL,1
PTUHX,AVIÃO,NEIVA INDUSTRIA AERONAUTICA,EMB-202,IPAN,PISTÃO,1800,1,1993,BRASIL,1
PTUHZ,AVIÃO,NEIVA INDUSTRIA AERONAUTICA,EMB-202,IPAN,PISTÃO,1800,1,1993,BRASIL,1
PTUIA,AVIÃO,NEIVA,EMB-202,IPAN,PISTÃO,1800,1,1993,BRASIL,1
PTUIB,AVIÃO,NEIVA,EMB-202,IPAN,PISTÃO,1800,1,1994,BRASIL,1
PTUIC,AVIÃO,NEIVA INDUSTRIA AERONAUTICA,EMB-202,IPAN,PISTÃO,1800,1,1994,BRASIL,1
PTUIE,AVIÃO,NEIVA INDUSTRIA AERONAUTICA,EMB-202,IPAN,PISTÃO,1800,1,1994,BRASIL,1
PTUIH,AVIÃO,NEIVA,EMB-202,IPAN,PISTÃO,1800,1,1994,BRASIL,1
PTUII,AVIÃO,NEIVA,EMB-202,IPAN,PISTÃO,1800,1,1994,BRASIL,1
PTUIJ,AVIÃO,NEIVA,EMB-202,IPAN,PISTÃO,1800,1,1994,BRASIL,1
PTUIL,AVIÃO,NEIVA INDUSTRIA AERONAUTICA,EMB-202,IPAN,PISTÃO,1800,1,1994,BRASIL,1
PTUIO,AVIÃO,NEIVA INDUSTRIA AERONAUTICA,EMB-202,IPAN,PISTÃO,1800,1,1994,BRASIL,1
PTUIP,AVIÃO,NEIVA INDUSTRIA AERONAUTICA,EMB-202,IPAN,PISTÃO,1550,1,1994,BRASIL,1
PTUIQ,AVIÃO,NEIVA,EMB-202,IPAN,PISTÃO,1800,1,1994,BRASIL,1
PTUIU,AVIÃO,NEIVA INDUSTRIA AERONAUTICA,EMB-202,IPAN,PISTÃO,1800,1,1994,BRASIL,1
PTUIX,AVIÃO,NEIVA INDUSTRIA AERONAUTICA,EMB-202,IPAN,PISTÃO,1800,1,1994,BRASIL,1
PTUJD,AVIÃO,NEIVA,EMB-202,IPAN,PISTÃO,1800,1,1994,BRASIL,1
PTUJE,AVIÃO,NEIVA INDUSTRIA AERONAUTICA,EMB-202,IPAN,PISTÃO,1800,1,1994,BRASIL,1
PTUJG,AVIÃO,EMBRAER,EMB-202,IPAN,PISTÃO,1800,1,1995,BRASIL,1
PTUJH,AVIÃO,NEIVA,EMB-202,IPAN,PISTÃO,1800,1,1995,BRASIL,1
PTUJI,AVIÃO,NEIVA,EMB-202,IPAN,PISTÃO,1800,1,1994,BRASIL,1
PTUJL,AVIÃO,NEIVA,EMB-202,IPAN,PISTÃO,1801,1,1995,BRASIL,1
PTUJN,AVIÃO,NEIVA,EMB-202,IPAN,PISTÃO,1800,1,1995,BRASIL,1
PTUJR,AVIÃO,NEIVA INDUSTRIA AERONAUTICA,EMB-202,IPAN,PISTÃO,1800,1,1995,BRASIL,1
PTUJU,AVIÃO,NEIVA INDUSTRIA AERONAUTICA,EMB-202,IPAN,PISTÃO,1800,1,1995,BRASIL,1
PTUKA,AVIÃO,NEIVA INDUSTRIA AERONAUTICA,EMB-202,IPAN,PISTÃO,1800,1,1995,BRASIL,1
PTUKG,AVIÃO,NEIVA INDUSTRIA AERONAUTICA,EMB-202,IPAN,PISTÃO,1800,1,1997,BRASIL,1
PTUKJ,AVIÃO,NEIVA INDUSTRIA AERONAUTICA,EMB-202,IPAN,PISTÃO,1800,1,1987,BRASIL,1
PTUKK,AVIÃO,NEIVA,EMB-202,IPAN,PISTÃO,1800,1,1997,BRASIL,1
PTUKS,AVIÃO,NEIVA,EMB-202,IPAN,PISTÃO,1800,1,1998,BRASIL,1
PTUKT,AVIÃO,NEIVA,EMB-202,IPAN,PISTÃO,1800,1,1998,BRASIL,1
PTUKV,AVIÃO,NEIVA INDUSTRIA AERONAUTICA,EMB-202,IPAN,PISTÃO,1550,1,1998,BRASIL,1
PTUKZ,AVIÃO,NEIVA,EMB-202,IPAN,PISTÃO,1800,1,1998,BRASIL,1
PTULD,AVIÃO,NEIVA INDUSTRIA AERONAUTICA,EMB-202,IPAN,PISTÃO,1800,1,1998,BRASIL,1
PTULF,AVIÃO,NEIVA,EMB-202,IPAN,PISTÃO,1800,1,1998,BRASIL,1
PTULH,AVIÃO,NEIVA INDUSTRIA AERONAUTICA,EMB-202,IPAN,PISTÃO,1800,1,1998,BRASIL,1
PTULK,AVIÃO,NEIVA,EMB-202,IPAN,PISTÃO,1800,1,1998,BRASIL,1
PTULO,AVIÃO,NEIVA,EMB-202,IPAN,PISTÃO,1800,1,1998,BRASIL,1
PTULQ,AVIÃO,NEIVA,EMB-202,IPAN,PISTÃO,1800,1,1999,BRASIL,1
PTULU,AVIÃO,NEIVA,EMB-202,IPAN,PISTÃO,1800,1,1999,BRASIL,1
PTULV,AVIÃO,NEIVA,EMB-202,IPAN,PISTÃO,1800,1,1999,BRASIL,1
PTULZ,AVIÃO,NEIVA,EMB-202,IPAN,PISTÃO,1800,1,1999,BRASIL,1
PTUMB,AVIÃO,NEIVA,EMB-202,IPAN,PISTÃO,1800,1,2000,BRASIL,1
PTUMC,AVIÃO,NEIVA,EMB-202,IPAN,PISTÃO,1800,1,2000,BRASIL,1
PTUME,AVIÃO,NEIVA,EMB-202,IPAN,PISTÃO,1800,1,2000,BRASIL,1
PTUMF,AVIÃO,NEIVA,EMB-202,IPAN,PISTÃO,1800,1,2000,BRASIL,1
PTUMH,AVIÃO,NEIVA,EMB-202,IPAN,PISTÃO,1800,1,2000,BRASIL,1
PTUML,AVIÃO,NEIVA INDUSTRIA AERONAUTICA,EMB-202,IPAN,PISTÃO,1800,1,2000,BRASIL,1
PTUMR,AVIÃO,NEIVA,EMB-202,IPAN,PISTÃO,1800,1,2001,BRASIL,1
PTUMU,AVIÃO,NEIVA,EMB-202,IPAN,PISTÃO,1800,1,2001,BRASIL,1
PTUMV,AVIÃO,NEIVA,EMB-202,IPAN,PISTÃO,1800,1,2001,BRASIL,1
PTUMX,AVIÃO,NEIVA INDUSTRIA AERONAUTICA,EMB-202,IPAN,PISTÃO,1800,1,2001,BRASIL,1
PTUMY,AVIÃO,NEIVA,EMB-202,IPAN,PISTÃO,1800,1,2001,BRASIL,1
PTUNB,AVIÃO,NEIVA,EMB-202,IPAN,PISTÃO,1800,1,0,BRASIL,1
PTUNC,AVIÃO,NEIVA,EMB-202,IPAN,PISTÃO,1800,1,2001,BRASIL,1
PTUND,AVIÃO,NEIVA INDUSTRIA AERONAUTICA,EMB-202,IPAN,PISTÃO,1800,1,2002,BRASIL,1
PTUNF,AVIÃO,NEIVA INDUSTRIA AERONAUTICA,EMB-202,IPAN,PISTÃO,1800,1,2002,BRASIL,1
PTUNH,AVIÃO,NEIVA,EMB-202,IPAN,PISTÃO,1800,1,2002,BRASIL,1
PTUNL,AVIÃO,NEIVA INDUSTRIA AERONAUTICA,EMB-202,IPAN,PISTÃO,1800,1,2002,BRASIL,1
PTUNO,AVIÃO,NEIVA INDUSTRIA AERONAUTICA,EMB-202,IPAN,PISTÃO,1800,1,2002,BRASIL,1
PTUNQ,AVIÃO,NEIVA INDUSTRIA AERONAUTICA,EMB-202,IPAN,PISTÃO,1800,1,2002,BRASIL,1
PTUNR,AVIÃO,NEIVA,EMB-202,IPAN,PISTÃO,1800,1,2002,BRASIL,1
PTUNS,AVIÃO,NEIVA,EMB-202,IPAN,PISTÃO,1800,1,2002,BRASIL,1
PTUNT,AVIÃO,NEIVA,EMB-202,IPAN,PISTÃO,1800,1,2002,BRASIL,1
PTUNU,AVIÃO,NEIVA,EMB-202,IPAN,PISTÃO,1800,1,2002,BRASIL,1
PTUNW,AVIÃO,NEIVA INDUSTRIA AERONAUTICA,EMB-202,IPAN,PISTÃO,1800,1,2002,BRASIL,1
PTUNZ,AVIÃO,NEIVA INDUSTRIA AERONAUTICA,EMB-202,IPAN,PISTÃO,1800,1,2003,BRASIL,1
PTUOA,AVIÃO,NEIVA,EMB-202,IPAN,PISTÃO,1800,1,2003,BRASIL,1
PTUOD,AVIÃO,NEIVA,EMB-202,IPAN,PISTÃO,1800,1,2003,BRASIL,1
PTUOF,AVIÃO,NEIVA,EMB-202,IPAN,PISTÃO,1800,1,2003,BRASIL,1
PTUOJ,AVIÃO,NEIVA INDUSTRIA AERONAUTICA,EMB-202,IPAN,PISTÃO,1800,1,2003,BRASIL,1
PTUOL,AVIÃO,NEIVA,EMB-202,IPAN,PISTÃO,1800,1,2003,BRASIL,1
PTUOM,AVIÃO,NEIVA,EMB-202,IPAN,PISTÃO,1800,1,2003,BRASIL,1
PTUON,AVIÃO,NEIVA,EMB-202,IPAN,PISTÃO,1800,1,2003,BRASIL,1
PTUOS,AVIÃO,NEIVA INDUSTRIA AERONAUTICA,EMB-202,IPAN,PISTÃO,1800,1,2003,BRASIL,1
PTUOT,AVIÃO,NEIVA,EMB-202,IPAN,PISTÃO,1800,1,2003,BRASIL,1
PTUOY,AVIÃO,NEIVA,EMB-202,IPAN,PISTÃO,1800,1,2003,BRASIL,1
PTUPB,AVIÃO,NEIVA INDUSTRIA AERONAUTICA,EMB-202,IPAN,PISTÃO,1800,1,2003,BRASIL,1
PTUPC,AVIÃO,NEIVA INDUSTRIA AERONAUTICA,EMB-202,IPAN,PISTÃO,1800,1,2003,BRASIL,1
PTUPE,AVIÃO,NEIVA,EMB-202,IPAN,PISTÃO,1800,1,2003,BRASIL,1
PTUPG,AVIÃO,NEIVA,EMB-202,IPAN,PISTÃO,1800,1,2003,BRASIL,1
PTUPN,AVIÃO,NEIVA,EMB-202,IPAN,PISTÃO,1800,1,2003,BRASIL,1
PTUPO,AVIÃO,NEIVA INDUSTRIA AERONAUTICA,EMB-202,IPAN,PISTÃO,1800,1,2003,BRASIL,1
PTUPP,AVIÃO,NEIVA INDUSTRIA AERONAUTICA,EMB-202,IPAN,PISTÃO,1800,1,2003,BRASIL,1
PTUPT,AVIÃO,NEIVA,EMB-202,IPAN,PISTÃO,1800,1,2003,BRASIL,1
PTUPW,AVIÃO,NEIVA,EMB-202,IPAN,PISTÃO,1800,1,2003,BRASIL,1
PTUPY,AVIÃO,NEIVA,EMB-202,IPAN,PISTÃO,1800,1,2004,BRASIL,1
PTUPZ,AVIÃO,NEIVA INDUSTRIA AERONAUTICA,EMB-202,IPAN,PISTÃO,1800,1,2004,BRASIL,1
PTUQB,AVIÃO,NEIVA,EMB-202,IPAN,PISTÃO,1800,1,2004,BRASIL,1
PTUQG,AVIÃO,NEIVA INDUSTRIA AERONAUTICA,EMB-202,IPAN,PISTÃO,1800,1,2004,BRASIL,1
PTUQH,AVIÃO,NEIVA,EMB-202,IPAN,PISTÃO,1800,1,2004,BRASIL,1
PTUQJ,AVIÃO,NEIVA,EMB-202,IPAN,PISTÃO,1800,1,2004,BRASIL,1
PTUQK,AVIÃO,NEIVA INDUSTRIA AERONAUTICA,EMB-202,IPAN,PISTÃO,1800,1,2004,BRASIL,1
PTUQQ,AVIÃO,NEIVA,EMB-202,IPAN,PISTÃO,1800,1,2004,BRASIL,1
PTUQW,AVIÃO,NEIVA INDUSTRIA AERONAUTICA,EMB-202,IPAN,PISTÃO,1800,1,2004,BRASIL,1
PTUQZ,AVIÃO,NEIVA,EMB-202,IPAN,PISTÃO,1800,1,2004,BRASIL,1
PTURA,AVIÃO,NEIVA INDUSTRIA AERONAUTICA,EMB-202,IPAN,PISTÃO,1800,1,2004,BRASIL,1
PTURB,AVIÃO,NEIVA,EMB-202,IPAN,PISTÃO,1800,1,2004,BRASIL,1
PTURD,AVIÃO,NEIVA,EMB-202,IPAN,PISTÃO,1800,1,2004,BRASIL,1
PTURF,AVIÃO,NEIVA INDUSTRIA AERONAUTICA,EMB-202,IPAN,PISTÃO,1800,1,2004,BRASIL,1
PTURK,AVIÃO,NEIVA INDUSTRIA AERONAUTICA,EMB-202,IPAN,PISTÃO,1800,1,2004,BRASIL,1
PTURL,AVIÃO,NEIVA,EMB-202,IPAN,PISTÃO,1800,1,2004,BRASIL,1
PTURM,AVIÃO,NEIVA,EMB-202,IPAN,PISTÃO,1800,1,2004,BRASIL,1
PTURN,AVIÃO,NEIVA,EMB-202,IPAN,PISTÃO,1800,1,2004,BRASIL,1
PTURO,AVIÃO,NEIVA,EMB-202,IPAN,PISTÃO,1800,1,2004,BRASIL,1
PTURR,AVIÃO,NEIVA INDUSTRIA AERONAUTICA,EMB-202,IPAN,PISTÃO,1800,1,2004,BRASIL,1
PTURT,AVIÃO,NEIVA INDUSTRIA AERONAUTICA,EMB-202,IPAN,PISTÃO,1800,1,2004,BRASIL,1
PTURV,AVIÃO,NEIVA,EMB-202,IPAN,PISTÃO,1800,1,2004,BRASIL,1
PTURZ,AVIÃO,NEIVA INDUSTRIA AERONAUTICA,EMB-202,IPAN,PISTÃO,1800,1,2004,BRASIL,1
PTUSG,AVIÃO,NEIVA,EMB-202,IPAN,PISTÃO,1800,1,2004,BRASIL,1
PTUSH,AVIÃO,NEIVA INDUSTRIA AERONAUTICA,EMB-202,IPAN,PISTÃO,1800,1,2004,BRASIL,1
PTUSM,AVIÃO,NEIVA INDUSTRIA AERONAUTICA,EMB-202,IPAN,PISTÃO,1800,1,2004,BRASIL,1
PTUSO,AVIÃO,NEIVA,EMB-202,IPAN,PISTÃO,1800,1,2004,BRASIL,1
PTUSP,AVIÃO,NEIVA,EMB-202,IPAN,PISTÃO,1800,1,2004,BRASIL,1
PTUSQ,AVIÃO,NEIVA,EMB-202,IPAN,PISTÃO,1800,1,2004,BRASIL,1
PTUSX,AVIÃO,NEIVA INDUSTRIA AERONAUTICA,EMB-202,IPAN,PISTÃO,1800,1,2005,BRASIL,1
PTUSY,AVIÃO,NEIVA,EMB-202,IPAN,PISTÃO,1800,1,2005,BRASIL,1
PTUTB,AVIÃO,NEIVA,EMB-202,IPAN,PISTÃO,1800,1,2005,BRASIL,1
PTUTE,AVIÃO,NEIVA,EMB-202,IPAN,PISTÃO,1800,1,2005,BRASIL,1
PTUTF,AVIÃO,NEIVA,EMB-202A,IPAN,PISTÃO,1800,1,2005,BRASIL,1
PTUTG,AVIÃO,NEIVA,EMB-202A,IPAN,PISTÃO,1800,1,2005,BRASIL,1
PTUTH,AVIÃO,NEIVA,EMB-202A,IPAN,PISTÃO,1800,1,2005,BRASIL,1
PTUTJ,AVIÃO,NEIVA INDUSTRIA AERONAUTICA,EMB-202A,IPAN,PISTÃO,1800,1,2005,BRASIL,1
PTUTK,AVIÃO,NEIVA,EMB-202A,IPAN,PISTÃO,1800,1,2005,BRASIL,1
PTUTM,AVIÃO,NEIVA INDUSTRIA AERONAUTICA,EMB-202A,IPAN,PISTÃO,1800,1,2005,BRASIL,1
PTUTO,AVIÃO,NEIVA INDUSTRIA AERONAUTICA,EMB-202A,IPAN,PISTÃO,1800,1,2005,BRASIL,1
PTUTQ,AVIÃO,NEIVA,EMB-202A,IPAN,PISTÃO,1800,1,2005,BRASIL,1
PTUTS,AVIÃO,NEIVA,EMB-202A,IPAN,PISTÃO,1800,1,2005,BRASIL,1
PTUTT,AVIÃO,NEIVA,EMB-202A,IPAN,PISTÃO,1800,1,2005,BRASIL,1
PTUTU,AVIÃO,NEIVA,EMB-202A,IPAN,PISTÃO,1800,1,2005,BRASIL,1
PTUTV,AVIÃO,NEIVA,EMB-202A,IPAN,PISTÃO,1800,1,2006,BRASIL,1
PTUTX,AVIÃO,NEIVA,EMB-202A,IPAN,PISTÃO,1800,1,2006,BRASIL,1
PTUUB,AVIÃO,NEIVA,EMB-202A,IPAN,PISTÃO,1800,1,2006,BRASIL,1
PTUUC,AVIÃO,NEIVA INDUSTRIA AERONAUTICA,EMB-202A,IPAN,PISTÃO,1800,1,2007,BRASIL,1
PTUUE,AVIÃO,NEIVA,EMB-202A,IPAN,PISTÃO,1800,1,2007,BRASIL,1
PTUUG,AVIÃO,NEIVA,EMB-202A,IPAN,PISTÃO,1800,1,2007,BRASIL,1
PTUUH,AVIÃO,NEIVA,EMB-202A,IPAN,PISTÃO,1800,1,2007,BRASIL,1
PTUUJ,AVIÃO,NEIVA INDUSTRIA AERONAUTICA,EMB-202A,IPAN,PISTÃO,1800,1,2007,BRASIL,1
PTUUL,AVIÃO,NEIVA INDUSTRIA AERONAUTICA,EMB-202A,IPAN,PISTÃO,1800,1,2007,BRASIL,1
PTUUO,AVIÃO,NEIVA,EMB-202,IPAN,PISTÃO,1800,1,2007,BRASIL,1
PTUUP,AVIÃO,NEIVA,EMB-202A,IPAN,PISTÃO,1800,1,2007,BRASIL,1
PTUUU,AVIÃO,CESSNA AIRCRAFT,A150M,C150,PISTÃO,726,2,1976,BRASIL,1
PTUUW,AVIÃO,NEIVA,EMB-202A,IPAN,PISTÃO,1800,1,2008,BRASIL,1
PTUUY,AVIÃO,NEIVA,EMB-202A,IPAN,PISTÃO,1800,1,2008,BRASIL,1
PTUVA,AVIÃO,EMBRAER,EMB-202,IPAN,PISTÃO,1800,1,2008,BRASIL,1
PTUVC,AVIÃO,EMBRAER,EMB-202A,IPAN,PISTÃO,1800,1,2008,BRASIL,1
PTUVE,AVIÃO,EMBRAER,EMB-202A,IPAN,PISTÃO,1800,1,2008,BRASIL,1
PTUVJ,AVIÃO,EMBRAER,EMB-202A,IPAN,PISTÃO,1800,1,2008,BRASIL,1
PTUVK,AVIÃO,EMBRAER,EMB-202A,IPAN,PISTÃO,1800,1,2008,BRASIL,1
PTUVS,AVIÃO,NEIVA,EMB-202A,IPAN,PISTÃO,1800,1,2008,BRASIL,1
PTUVX,AVIÃO,EMBRAER,EMB-202A,IPAN,PISTÃO,1800,1,2009,BRASIL,1
PTUVY,AVIÃO,NEIVA,EMB-202A,IPAN,PISTÃO,1800,1,2009,BRASIL,1
PTUXD,AVIÃO,EMBRAER,EMB-202,IPAN,PISTÃO,1800,1,2009,BRASIL,1
PTUXF,AVIÃO,EMBRAER,EMB-202A,IPAN,PISTÃO,1800,1,2009,BRASIL,1
PTUXJ,AVIÃO,NEIVA,EMB-202A,IPAN,PISTÃO,1800,1,2009,BRASIL,1
PTUXS,AVIÃO,EMBRAER,EMB-202A,IPAN,PISTÃO,1800,1,2009,BRASIL,1
PTUXT,AVIÃO,EMBRAER,EMB-202A,IPAN,PISTÃO,1800,1,2009,BRASIL,1
PTUXX,AVIÃO,EMBRAER,EMB-202A,IPAN,PISTÃO,1800,1,2009,BRASIL,1
PTUXY,AVIÃO,EMBRAER,EMB-202A,IPAN,PISTÃO,1800,1,2009,BRASIL,1
PTUYF,AVIÃO,EMBRAER,EMB-202A,IPAN,PISTÃO,1800,1,2010,BRASIL,1
PTUYJ,AVIÃO,EMBRAER,EMB-202A,IPAN,PISTÃO,1800,1,2010,BRASIL,1
PTUYM,AVIÃO,EMBRAER,EMB-202,IPAN,PISTÃO,1800,1,2010,BRASIL,1
PTUYP,AVIÃO,EMBRAER,EMB-202A,IPAN,PISTÃO,1800,1,2010,BRASIL,1
PTUYQ,AVIÃO,EMBRAER,EMB-202A,IPAN,PISTÃO,1800,1,2010,BRASIL,1
PTUYR,AVIÃO,EMBRAER,EMB-202A,IPAN,PISTÃO,1800,1,2010,BRASIL,1
PTUYV,AVIÃO,EMBRAER,EMB-202A,IPAN,PISTÃO,1800,1,2010,BRASIL,1
PTUYZ,AVIÃO,EMBRAER,EMB-202A,IPAN,PISTÃO,1800,1,2010,BRASIL,1
PTUZB,AVIÃO,EMBRAER,EMB-202A,IPAN,PISTÃO,1800,1,2010,BRASIL,1
PTUZE,AVIÃO,EMBRAER,EMB-202A,IPAN,PISTÃO,1800,1,2010,BRASIL,1
PTUZF,AVIÃO,EMBRAER,EMB-202A,IPAN,PISTÃO,1800,1,2010,BRASIL,1
PTUZH,AVIÃO,EMBRAER,EMB-202A,IPAN,PISTÃO,1800,1,2010,BRASIL,1
PTUZI,AVIÃO,EMBRAER,EMB-202A,IPAN,PISTÃO,1800,1,2010,BRASIL,1
PTUZK,AVIÃO,EMBRAER,EMB-202A,IPAN,PISTÃO,1800,1,2010,BRASIL,1
PTUZL,AVIÃO,EMBRAER,EMB-202,IPAN,PISTÃO,1800,1,2010,BRASIL,1
PTUZN,AVIÃO,EMBRAER,EMB-202,IPAN,PISTÃO,1800,1,2010,BRASIL,1
PTUZP,AVIÃO,EMBRAER,EMB-202A,IPAN,PISTÃO,1800,1,2010,BRASIL,1
PTUZQ,AVIÃO,EMBRAER,EMB-202A,IPAN,PISTÃO,1800,1,2011,BRASIL,1
PTUZW,AVIÃO,EMBRAER,EMB-202A,IPAN,PISTÃO,1800,1,2011,BRASIL,1
PTVAG,AVIÃO,EMBRAER,EMB-202A,IPAN,PISTÃO,1800,1,2011,BRASIL,1
PTVBM,AVIÃO,NEIVA,EMB-712,P28A,PISTÃO,1157,4,1985,BRASIL,1
PTVBQ,AVIÃO,NEIVA,EMB-712,P28A,PISTÃO,1157,4,1986,BRASIL,1
PTVCA,AVIÃO,NEIVA,EMB-720D,PA32,PISTÃO,1633,7,1986,BRASIL,1
PTVCB,AVIÃO,NEIVA,EMB-720D,PA32,PISTÃO,1633,7,1986,BRASIL,1
PTVCC,AVIÃO,EMBRAER,EMB-202A,IPAN,PISTÃO,1800,1,2011,BRASIL,1
PTVCD,AVIÃO,NEIVA,EMB-720,PA32,PISTÃO,1633,7,1986,BRASIL,1
PTVCE,AVIÃO,NEIVA INDUSTRIA AERONAUTICA,EMB-720D,PA32,PISTÃO,1633,7,1986,BRASIL,1
PTVCU,AVIÃO,NEIVA INDUSTRIA AERONAUTICA,EMB-712,P28A,PISTÃO,1157,4,1986,BRASIL,1
PTVCY,AVIÃO,NEIVA,EMB-720D,PA32,PISTÃO,1633,7,1987,BRASIL,1
PTVFI,AVIÃO,NEIVA INDUSTRIA AERONAUTICA,EMB-712,P28A,PISTÃO,1157,4,1988,BRASIL,1
PTVFM,AVIÃO,NEIVA INDUSTRIA AERONAUTICA,EMB-712,P28A,PISTÃO,1157,4,1989,BRASIL,1
PTVFS,AVIÃO,NEIVA,EMB-720D,PA32,PISTÃO,1633,6,1989,BRASIL,1
PTVFT,AVIÃO,NEIVA INDUSTRIA AERONAUTICA,EMB-720D,PA32,PISTÃO,1633,6,1988,BRASIL,1
PTVFW,AVIÃO,NEIVA,EMB-720D,PA32,PISTÃO,1633,7,1989,BRASIL,1
PTVHE,AVIÃO,NEIVA INDUSTRIA AERONAUTICA,EMB-711ST,P28T,PISTÃO,1315,4,1988,BRASIL,1
PTVHK,AVIÃO,NEIVA INDUSTRIA AERONAUTICA,EMB-711ST,P28T,PISTÃO,1315,4,1989,BRASIL,1
PTVHR,AVIÃO,NEIVA INDUSTRIA AERONAUTICA,EMB-711ST,P28T,PISTÃO,1315,4,1989,BRASIL,1
PTVHV,AVIÃO,NEIVA,EMB-712,P28A,PISTÃO,1157,4,1989,BRASIL,1
PTVIB,AVIÃO,NEIVA INDUSTRIA AERONAUTICA,EMB-720D,PA32,PISTÃO,1633,6,1987,BRASIL,1
PTVIF,AVIÃO,NEIVA,EMB-720D,PA32,PISTÃO,1633,7,1989,BRASIL,1
PTVIN,AVIÃO,NEIVA INDUSTRIA AERONAUTICA,EMB-720D,PA32,PISTÃO,1633,6,1990,BRASIL,1
PTVKO,AVIÃO,NEIVA INDUSTRIA AERONAUTICA,EMB-720D,PA32,PISTÃO,1633,7,1989,BRASIL,1
PTVKR,AVIÃO,NEIVA,EMB-720D,PA32,PISTÃO,1633,7,1990,BRASIL,1
PTVKS,AVIÃO,NEIVA,EMB-720D,PA32,PISTÃO,1633,7,1989,BRASIL,1
PTVKU,AVIÃO,NEIVA,EMB-720D,PA32,PISTÃO,1633,7,1990,BRASIL,1
PTVMG,AVIÃO,NEIVA INDUSTRIA AERONAUTICA,EMB-720D,PA32,PISTÃO,1633,7,1990,BRASIL,1
PTVMQ,AVIÃO,NEIVA INDUSTRIA AERONAUTICA,EMB-720D,PA32,PISTÃO,1633,7,1991,BRASIL,1
PTVMS,AVIÃO,NEIVA,EMB-720D,PA32,PISTÃO,1633,7,1991,BRASIL,1
PTVMU,AVIÃO,NEIVA,EMB-720D,PA32,PISTÃO,1633,7,1991,BRASIL,1
PTVMY,AVIÃO,NEIVA INDUSTRIA AERONAUTICA,EMB-720D,PA32,PISTÃO,1633,7,1991,BRASIL,1
PTVNB,AVIÃO,NEIVA,EMB-720D,PA32,PISTÃO,1633,7,1991,BRASIL,1
PTVNC,AVIÃO,NEIVA,EMB-720D,PA32,PISTÃO,1633,7,1991,BRASIL,1
PTVNH,AVIÃO,NEIVA,EMB-720D,PA32,PISTÃO,1633,7,1992,BRASIL,1
PTVPK,AVIÃO,NEIVA INDUSTRIA AERONAUTICA,EMB-720D,PA32,PISTÃO,1633,7,1993,BRASIL,1
PTVPM,AVIÃO,NEIVA INDUSTRIA AERONAUTICA,EMB-720D,PA32,PISTÃO,1633,6,1993,BRASIL,1
PTVPN,AVIÃO,NEIVA INDUSTRIA AERONAUTICA,EMB-720D,PA32,PISTÃO,1633,7,1994,BRASIL,1
PTVTI,AVIÃO,EMBRAER,EMB-202A,IPAN,PISTÃO,1800,1,2011,BRASIL,1
PTVTN,AVIÃO,EMBRAER,EMB-202A,IPAN,PISTÃO,1800,1,2011,BRASIL,1
PTVTO,AVIÃO,EMBRAER,EMB-202A,IPAN,PISTÃO,1800,1,2011,BRASIL,1
PTVTR,AVIÃO,EMBRAER,EMB-202A,IPAN,PISTÃO,1800,1,2011,BRASIL,1
PTVTS,AVIÃO,EMBRAER,EMB-202,IPAN,PISTÃO,1800,1,2011,BRASIL,1
PTVTU,AVIÃO,CESSNA AIRCRAFT,152,C152,PISTÃO,757,2,1978,BRASIL,1
PTVTW,AVIÃO,EMBRAER,EMB-202A,IPAN,PISTÃO,1800,1,2011,BRASIL,1
PTVUA,AVIÃO,NEIVA,EMB-202A,IPAN,PISTÃO,1800,1,2011,BRASIL,1
PTVUB,AVIÃO,EMBRAER,EMB-202A,IPAN,PISTÃO,1800,1,2011,BRASIL,1
PTVUF,AVIÃO,EMBRAER,EMB-202A,IPAN,PISTÃO,1800,1,2011,BRASIL,1
PTVUL,AVIÃO,EMBRAER,EMB-202A,IPAN,PISTÃO,1800,1,2011,BRASIL,1
PTVUR,AVIÃO,EMBRAER,EMB-202A,IPAN,PISTÃO,1800,1,2011,BRASIL,1
PTVUU,AVIÃO,EMBRAER,EMB-202A,IPAN,PISTÃO,1800,1,2011,BRASIL,1
PTVUY,AVIÃO,EMBRAER,EMB-202A,IPAN,PISTÃO,1800,1,2011,BRASIL,1
PTVUZ,AVIÃO,EMBRAER,EMB-202A,IPAN,PISTÃO,1800,1,2011,BRASIL,1
PTVVE,AVIÃO,EMBRAER,EMB-202A,IPAN,PISTÃO,1800,1,2012,BRASIL,1
PTVVG,AVIÃO,EMBRAER,EMB-202A,IPAN,PISTÃO,1800,1,2012,BRASIL,1
PTVVH,AVIÃO,EMBRAER,EMB-202A,IPAN,PISTÃO,1800,1,2012,BRASIL,1
PTVVK,AVIÃO,EMBRAER,EMB-202A,IPAN,PISTÃO,1800,1,2012,BRASIL,1
PTVVM,AVIÃO,NEIVA INDUSTRIA AERONAUTICA,EMB-202A,IPAN,PISTÃO,1800,1,2012,BRASIL,1
PTVVN,AVIÃO,EMBRAER,EMB-202A,IPAN,PISTÃO,1800,1,2012,BRASIL,1
PTVVP,AVIÃO,EMBRAER,EMB-202A,IPAN,PISTÃO,1800,1,2012,BRASIL,1
PTVVS,AVIÃO,EMBRAER,EMB-202A,IPAN,PISTÃO,1800,1,2012,BRASIL,1
PTVVU,AVIÃO,EMBRAER,EMB-202A,IPAN,PISTÃO,1800,1,2012,BRASIL,1
PTVVW,AVIÃO,EMBRAER,EMB-202,IPAN,PISTÃO,1800,1,2012,BRASIL,1
PTVXD,AVIÃO,EMBRAER,EMB-202A,IPAN,PISTÃO,1800,1,2012,BRASIL,1
PTVXN,AVIÃO,EMBRAER,EMB-202A,IPAN,PISTÃO,1800,1,2012,BRASIL,1
PTVXT,AVIÃO,EMBRAER,EMB-202A,IPAN,PISTÃO,1800,1,2012,BRASIL,1
PTVXW,AVIÃO,EMBRAER,EMB-202A,IPAN,PISTÃO,1800,1,2012,BRASIL,1
PTVXY,AVIÃO,EMBRAER,EMB-202A,IPAN,PISTÃO,1800,1,2012,BRASIL,1
PTVYD,AVIÃO,EMBRAER,EMB-202A,IPAN,PISTÃO,1800,1,2012,BRASIL,1
PTVYF,AVIÃO,EMBRAER,EMB-202,IPAN,PISTÃO,1800,1,2012,BRASIL,1
PTVYJ,AVIÃO,EMBRAER,EMB-202A,IPAN,PISTÃO,1800,1,2013,BRASIL,1
PTVYL,AVIÃO,EMBRAER,EMB-202A,IPAN,PISTÃO,1800,1,2012,BRASIL,1
PTVYM,AVIÃO,EMBRAER,EMB-202A,IPAN,PISTÃO,1800,1,2012,BRASIL,1
PTVYN,AVIÃO,EMBRAER,EMB-202A,IPAN,PISTÃO,1800,1,2012,BRASIL,1
PTVYO,AVIÃO,EMBRAER,EMB-202,IPAN,PISTÃO,1800,1,2013,BRASIL,1
PTVYP,AVIÃO,EMBRAER,EMB-202,IPAN,PISTÃO,1800,1,2013,BRASIL,1
PTVYR,AVIÃO,EMBRAER,EMB-202A,IPAN,PISTÃO,1800,1,2012,BRASIL,1
PTVYS,AVIÃO,EMBRAER,EMB-202A,IPAN,PISTÃO,1800,1,2013,BRASIL,1
PTVYU,AVIÃO,EMBRAER,EMB-202A,IPAN,PISTÃO,1800,1,2013,BRASIL,1
PTVYV,AVIÃO,EMBRAER,EMB-202,IPAN,PISTÃO,1800,1,2013,BRASIL,1
PTVYY,AVIÃO,EMBRAER,EMB-202A,IPAN,PISTÃO,1800,1,2013,BRASIL,1
PTVYZ,AVIÃO,EMBRAER,EMB-202A,IPAN,PISTÃO,1800,1,2013,BRASIL,1
PTVZA,AVIÃO,EMBRAER,EMB-202A,IPAN,PISTÃO,1800,1,2013,BRASIL,1
PTVZI,AVIÃO,EMBRAER,EMB-202,IPAN,PISTÃO,1800,1,2013,BRASIL,1
PTVZL,AVIÃO,EMBRAER,EMB-202A,IPAN,PISTÃO,1800,1,2013,BRASIL,1
PTVZP,AVIÃO,EMBRAER,EMB-202A,IPAN,PISTÃO,1800,1,2013,BRASIL,1
PTVZQ,AVIÃO,EMBRAER,EMB-202A,IPAN,PISTÃO,1800,1,2013,BRASIL,1
PTVZR,AVIÃO,EMBRAER,EMB-202A,IPAN,PISTÃO,1800,1,2013,BRASIL,1
PTVZS,AVIÃO,EMBRAER,EMB-202,IPAN,PISTÃO,1800,1,2013,BRASIL,1
PTVZT,AVIÃO,EMBRAER,EMB-202A,IPAN,PISTÃO,1800,1,2013,BRASIL,1
PTWAD,AVIÃO,AYRES CORPORATION,S-2R,SS2P,PISTÃO,2722,1,1994,BRASIL,1
PTWAF,ANFÍBIO,CONSOLIDATED,LAKE 250,LA25,PISTÃO,1424,4,1990,BRASIL,1
PTWAZ,AVIÃO,SOCATA,TB20,TRIN,PISTÃO,1335,4,1990,BRASIL,1
PTWBA,AVIÃO,EMBRAER,EMB-202A,IPAN,PISTÃO,1800,1,2013,BRASIL,1
PTWBB,AVIÃO,CESSNA AIRCRAFT,A188B,C188,PISTÃO,1905,1,1974,BRASIL,1
PTWBD,AVIÃO,CESSNA AIRCRAFT,172K,C172,PISTÃO,1043,4,1969,BRASIL,1
PTWBH,AVIÃO,PIPER AIRCRAFT,PA-25-235,PA25,PISTÃO,1315,1,1976,BRASIL,1
PTWBJ,AVIÃO,NEIVA INDUSTRIA AERONAUTICA,EMB-720D,PA32,PISTÃO,1633,7,1989,BRASIL,1
PTWBO,AVIÃO,PIPER AIRCRAFT,PA-25-235,PA25,PISTÃO,1315,1,1971,BRASIL,1
PTWBP,AVIÃO,CHINCUL SACAIFI,PA-28R-201T,P28R,PISTÃO,1361,4,1995,BRASIL,1
PTWBU,AVIÃO,AIR TRACTOR,AT-401B,AT3P,PISTÃO,2722,1,1994,BRASIL,1
PTWCF,AVIÃO,PIPER AIRCRAFT,PA-18-150,PA18,PISTÃO,794,2,1994,BRASIL,1
PTWCI,AVIÃO,CESSNA AIRCRAFT,A188B,C188,PISTÃO,1497,1,1978,BRASIL,1
PTWCJ,AVIÃO,CESSNA AIRCRAFT,A188B,C188,PISTÃO,1497,1,1976,BRASIL,1
PTWCK,AVIÃO,CESSNA AIRCRAFT,A188B,C188,PISTÃO,1906,1,1976,BRASIL,1
PTWCO,AVIÃO,CESSNA AIRCRAFT,172R,C172,PISTÃO,1202,4,1982,BRASIL,1
PTWCP,AVIÃO,PIPER AIRCRAFT,PA-25-260,PA25,PISTÃO,1315,1,1975,BRASIL,1
PTWCQ,AVIÃO,PIPER AIRCRAFT,PA-25-235,PA25,PISTÃO,1315,1,1975,BRASIL,1
PTWCU,AVIÃO,CESSNA AIRCRAFT,A188B,C188,PISTÃO,1905,1,1975,BRASIL,1
PTWCX,AVIÃO,PIPER AIRCRAFT,PA-25-235,PA25,PISTÃO,1315,1,1974,BRASIL,1
PTWCZ,AVIÃO,BEECH AIRCRAFT,A36,BE36,PISTÃO,1633,6,1977,BRASIL,1
PTWDI,AVIÃO,CESSNA AIRCRAFT,210N,C210,PISTÃO,1724,6,1979,BRASIL,1
PTWDX,AVIÃO,PIPER AIRCRAFT,PA-36-300,PA36,PISTÃO,1769,1,1977,BRASIL,1
PTWDY,AVIÃO,CESSNA AIRCRAFT,172RG,C72R,PISTÃO,1202,4,1981,BRASIL,1
PTWEA,AVIÃO,BEECH AIRCRAFT,A36,BE36,PISTÃO,1655,6,1995,BRASIL,1
PTWEB,AVIÃO,AIR TRACTOR,AT-401B,AT3P,PISTÃO,2722,1,1994,BRASIL,1
PTWEE,AVIÃO,CESSNA AIRCRAFT,U206F,C206,PISTÃO,1633,6,1976,BRASIL,1
PTWER,AVIÃO,PIPER AIRCRAFT,PA-25-260,PA25,PISTÃO,1315,1,1974,BRASIL,1
PTWEZ,AVIÃO,CESSNA AIRCRAFT,182G,C182,PISTÃO,1270,5,1964,BRASIL,1
PTWFG,AVIÃO,AIR TRACTOR,AT-401B,AT3P,PISTÃO,2722,1,1995,BRASIL,1
PTWFV,AVIÃO,CESSNA AIRCRAFT,A188B,C188,PISTÃO,1497,1,1977,BRASIL,1
PTWFX,AVIÃO,AIR TRACTOR,AT-401B,AT3P,PISTÃO,2722,1,1995,BRASIL,1
PTWGB,AVIÃO,EMBRAER,EMB-202A,IPAN,PISTÃO,1800,1,2013,BRASIL,1
PTWGC,AVIÃO,PIPER AIRCRAFT,PA-28RT-201T,P28T,PISTÃO,1315,4,1980,BRASIL,1
PTWGL,AVIÃO,CESSNA AIRCRAFT,A188B,C188,PISTÃO,1905,1,1980,BRASIL,1
PTWGV,AVIÃO,CESSNA AIRCRAFT,150M,C150,PISTÃO,726,2,1977,BRASIL,1
PTWHR,AVIÃO,BEECH AIRCRAFT,A35,BE35,PISTÃO,1202,4,1949,BRASIL,1
PTWHT,AVIÃO,CESSNA AIRCRAFT,210N,C210,PISTÃO,1724,6,1979,BRASIL,1
PTWHU,AVIÃO,CESSNA AIRCRAFT,170B,C170,PISTÃO,998,4,1952,BRASIL,1
PTWHY,AVIÃO,CESSNA AIRCRAFT,A188B,C188,PISTÃO,1905,1,1978,BRASIL,1
PTWIN,AVIÃO,PIPER AIRCRAFT,PA-32R-301,P32R,PISTÃO,1633,6,1995,BRASIL,1
PTWIY,AVIÃO,RAYTHEON AIRCRAFT,A36,BE36,PISTÃO,1655,6,1996,BRASIL,1
PTWJC,AVIÃO,BEECH AIRCRAFT,A36,BE36,PISTÃO,1655,6,1996,BRASIL,1
PTWJI,AVIÃO,CESSNA AIRCRAFT,T188C,C188,PISTÃO,1997,1,1980,BRASIL,1
PTWJJ,AVIÃO,CESSNA AIRCRAFT,A188B,C188,PISTÃO,1905,1,1978,BRASIL,1
PTWJP,AVIÃO,PIPER AIRCRAFT,PA-46-350P,PA46,PISTÃO,1950,6,1995,BRASIL,1
PTWJQ,AVIÃO,BEECH AIRCRAFT,F33A,BE33,PISTÃO,1542,5,1989,BRASIL,1
PTWKF,AVIÃO,PILATUS,PC-12,PC12,TURBOÉLICE,4100,8,1996,BRASIL,1
PTWKN,AVIÃO,CESSNA AIRCRAFT,A188B,C188,PISTÃO,1497,1,1976,BRASIL,1
PTWKT,AVIÃO,CESSNA AIRCRAFT,A188B,C188,PISTÃO,1814,1,1973,BRASIL,1
PTWKV,AVIÃO,CESSNA AIRCRAFT,A188B,C188,PISTÃO,1905,1,1976,BRASIL,1
PTWKW,AVIÃO,CESSNA AIRCRAFT,A188B,C188,PISTÃO,1905,1,1977,BRASIL,1
PTWLE,AVIÃO,MAULE AIRCRAFT,M-6-235,M6,PISTÃO,1134,4,1990,BRASIL,1
PTWLN,AVIÃO,CESSNA AIRCRAFT,T188C,C188,PISTÃO,1996,1,1981,BRASIL,1
PTWMK,AVIÃO,CESSNA AIRCRAFT,A188B,C188,PISTÃO,1814,1,1973,BRASIL,1
PTWNK,AVIÃO,CESSNA AIRCRAFT,T188C,C188,PISTÃO,1980,1,1980,BRASIL,1
PTWNU,AVIÃO,CESSNA AIRCRAFT,A188B,C188,PISTÃO,1905,1,1975,BRASIL,1
PTWOJ,AVIÃO,CESSNA AIRCRAFT,182S,C182,PISTÃO,1406,4,1997,BRASIL,1
PTWOP,AVIÃO,PIPER AIRCRAFT,PA-25-235,PA25,PISTÃO,1315,1,1976,BRASIL,1
PTWOS,AVIÃO,CESSNA AIRCRAFT,208,C208,TURBOÉLICE,3629,11,1990,BRASIL,1
PTWOW,AVIÃO,CESSNA AIRCRAFT,172R,C172,PISTÃO,1111,4,1997,BRASIL,1
PTWOY,AVIÃO,EMBRAER,EMB-202,IPAN,PISTÃO,1800,1,2013,BRASIL,1
PTWPE,AVIÃO,CESSNA AIRCRAFT,182S,C182,PISTÃO,1406,4,1997,BRASIL,1
PTWPH,AVIÃO,NEIVA,EMB-720C,PA32,PISTÃO,1542,7,1976,BRASIL,1
PTWPI,AVIÃO,CESSNA AIRCRAFT,182S,C182,PISTÃO,1406,4,1997,BRASIL,1
PTWPP,AVIÃO,MAULE AIRCRAFT,M-7-235B,M7,PISTÃO,1134,5,1995,BRASIL,1
PTWPY,AVIÃO,EMBRAER,EMB-202A,IPAN,PISTÃO,1800,1,2013,BRASIL,1
PTWQK,AVIÃO,CESSNA AIRCRAFT,T188C,C188,PISTÃO,1996,1,1979,BRASIL,1
PTWQN,AVIÃO,CESSNA AIRCRAFT,A188B,C188,PISTÃO,1814,1,1975,BRASIL,1
PTWQO,AVIÃO,CESSNA AIRCRAFT,152,C152,PISTÃO,758,2,1978,BRASIL,1
PTWQP,AVIÃO,CESSNA AIRCRAFT,152,C152,PISTÃO,757,2,1982,BRASIL,1
PTWQQ,AVIÃO,CESSNA AIRCRAFT,152,C152,PISTÃO,757,2,1982,BRASIL,1
PTWQR,AVIÃO,CESSNA AIRCRAFT,A188B,C188,PISTÃO,1905,1,1974,BRASIL,1
PTWQV,AVIÃO,AIR TRACTOR,AT-402A,AT3T,TURBOÉLICE,3175,1,1999,BRASIL,1
PTWQX,AVIÃO,EMBRAER,EMB-202A,IPAN,PISTÃO,1800,1,2013,BRASIL,1
PTWQY,AVIÃO,AIR TRACTOR,AT-401B,AT3P,PISTÃO,2722,1,1999,BRASIL,1
PTWQZ,AVIÃO,BEECH AIRCRAFT,V35B,BE35,PISTÃO,1542,6,1974,BRASIL,1
PTWRH,AVIÃO,CESSNA AIRCRAFT,A188B,C188,PISTÃO,1906,1,1977,BRASIL,1
PTWRM,AVIÃO,MOONEY AIRCRAFT,M20R,M20P,PISTÃO,1528,4,1995,BRASIL,1
PTWRU,ANFÍBIO,CESSNA AIRCRAFT,208 ANFIBIO,C208,TURBOÉLICE,3629,10,1998,BRASIL,1
PTWTC,AVIÃO,PIPER AIRCRAFT,PA-25-235,PA25,PISTÃO,1315,1,1968,BRASIL,1
PTWTO,AVIÃO,CESSNA AIRCRAFT,U206D,C206,PISTÃO,1633,6,1969,BRASIL,1
PTWUH,AVIÃO,PIPER AIRCRAFT,PA-25-235,PA25,PISTÃO,1315,1,1975,BRASIL,1
PTWUJ,AVIÃO,CESSNA AIRCRAFT,A188B,C188,PISTÃO,1905,1,1976,BRASIL,1
PTWUL,AVIÃO,CESSNA AIRCRAFT,A188B,C188,PISTÃO,1905,1,1974,BRASIL,1
PTWUR,AVIÃO,CESSNA AIRCRAFT,A188B,C188,PISTÃO,1905,1,1976,BRASIL,1
PTWUU,AVIÃO,CESSNA AIRCRAFT,T188C,C188,PISTÃO,1996,1,1978,BRASIL,1
PTWUX,AVIÃO,CESSNA AIRCRAFT,A188B,C188,PISTÃO,1497,1,1973,BRASIL,1
PTWUZ,AVIÃO,CESSNA AIRCRAFT,A188B,C188,PISTÃO,1905,1,1977,BRASIL,1
PTWVF,AVIÃO,PIPER AIRCRAFT,PA-25-235,PA25,PISTÃO,1315,1,1975,BRASIL,1
PTWVL,AVIÃO,CESSNA AIRCRAFT,150H,C150,PISTÃO,726,2,1968,BRASIL,1
PTWVM,AVIÃO,BEECH AIRCRAFT,A36,BE36,PISTÃO,1740,6,1991,BRASIL,1
PTWVP,AVIÃO,CESSNA AIRCRAFT,172R,C172,PISTÃO,1270,4,1998,BRASIL,1
PTWVR,AVIÃO,CESSNA AIRCRAFT,172R,C172,PISTÃO,1111,4,1998,BRASIL,1
PTWVV,AVIÃO,CESSNA AIRCRAFT,172R,C172,PISTÃO,1111,4,1998,BRASIL,1
PTWVX,AVIÃO,EMBRAER,EMB-202A,IPAN,PISTÃO,1800,1,2013,BRASIL,1
PTWVY,AVIÃO,AIR TRACTOR,AT-401B,AT3P,PISTÃO,2722,1,1997,BRASIL,1
PTWVZ,AVIÃO,AIR TRACTOR,AT-402A,AT3T,TURBOÉLICE,3175,1,1998,BRASIL,1
PTWXA,AVIÃO,CESSNA AIRCRAFT,182S,C182,PISTÃO,1406,4,1998,BRASIL,1
PTWXB,AVIÃO,EMBRAER,EMB-202A,IPAN,PISTÃO,1800,1,2013,BRASIL,1
PTWXI,AVIÃO,EMBRAER,EMB-202A,IPAN,PISTÃO,1800,1,2013,BRASIL,1
PTWXJ,AVIÃO,EMBRAER,EMB-202,IPAN,PISTÃO,1800,1,2013,BRASIL,1
PTWXK,AVIÃO,EMBRAER,EMB-202A,IPAN,PISTÃO,1800,1,2013,BRASIL,1
PTWXN,AVIÃO,EMBRAER,EMB-202,IPAN,PISTÃO,1800,1,2013,BRASIL,1
PTWXV,AVIÃO,EMBRAER,EMB-202A,IPAN,PISTÃO,1800,1,2013,BRASIL,1
PTWXX,AVIÃO,CESSNA AIRCRAFT,T206H,C206,PISTÃO,1633,6,2013,BRASIL,1
PTWYK,AVIÃO,CESSNA AIRCRAFT,172R,C172,PISTÃO,1111,4,1998,BRASIL,1
PTWYM,AVIÃO,CESSNA AIRCRAFT,182S,C182,PISTÃO,1406,4,1998,BRASIL,1
PTWYP,AVIÃO,CESSNA AIRCRAFT,208B,C208,TURBOÉLICE,3969,11,1998,BRASIL,1
PTWZF,AVIÃO,CESSNA AIRCRAFT,T188C,C188,PISTÃO,1996,1,1979,BRASIL,1
PTWZL,AVIÃO,PIPER AIRCRAFT,PA-25-235,PA25,PISTÃO,1315,1,1968,BRASIL,1
PTWZN,AVIÃO,CESSNA AIRCRAFT,208B,C208,TURBOÉLICE,3969,11,1998,BRASIL,1
PTWZP,AVIÃO,CESSNA AIRCRAFT,T188C,C188,PISTÃO,1997,1,1980,BRASIL,1
PTXAB,AVIÃO,PIPER AIRCRAFT,PA-25-235,PA25,PISTÃO,1315,1,1975,BRASIL,1
PTXAE,AVIÃO,AIR TRACTOR,AT-401B,AT3P,PISTÃO,2722,1,2000,BRASIL,1
PTXCA,AVIÃO,AIR TRACTOR,AT-401B,AT3P,PISTÃO,2722,1,2000,BRASIL,1
PTXCG,AVIÃO,CESSNA AIRCRAFT,U206G,C206,PISTÃO,1633,6,1981,BRASIL,1
PTXIS,AVIÃO,CESSNA AIRCRAFT,208B,C208,TURBOÉLICE,3969,11,1999,BRASIL,1
PTXLS,AVIÃO,PIPER AIRCRAFT,PA-25-260,PA25,PISTÃO,1315,1,1968,BRASIL,1
PTXRI,AVIÃO,CESSNA AIRCRAFT,U206E,C206,PISTÃO,1633,6,1970,BRASIL,1
PTXRK,AVIÃO,AIR TRACTOR,AT-401B,AT3P,PISTÃO,2722,1,1994,BRASIL,1
PTXTU,AVIÃO,AIR TRACTOR,AT-401B,AT3P,PISTÃO,2722,1,2000,BRASIL,1
PTXXW,AVIÃO,CESSNA AIRCRAFT,152,C152,PISTÃO,757,2,NULL,BRASIL,1
PTXXX1,HELICÓPTERO,HELIBRAS,NULL,NULL,TURBOEIXO,0,NULL,0,BRASIL,1
PTXXX3,AVIÃO,CESSNA AIRCRAFT,210N,C210,PISTÃO,1700,6,0,BRASIL,1
PTYAK,HELICÓPTERO,EUROCOPTER FRANCE,AS 350 BA,AS50,TURBOEIXO,2100,6,1995,BRASIL,1
PTYAP,HELICÓPTERO,BELL HELICOPTER,206B,B06,TURBOEIXO,1451,5,1981,BRASIL,1
PTYAR,HELICÓPTERO,ROBINSON HELICOPTER,R44,R44,PISTÃO,1088,4,1995,BRASIL,1
PTYAS,HELICÓPTERO,ROBINSON HELICOPTER,R44,R44,PISTÃO,1088,4,1994,BRASIL,1
PTYBB,HELICÓPTERO,BELL HELICOPTER,206B,B06,TURBOEIXO,1451,5,1995,BRASIL,1
PTYBF,HELICÓPTERO,ROBINSON HELICOPTER,R22,R22,PISTÃO,620,2,1988,BRASIL,1
PTYBJ,HELICÓPTERO,BELL HELICOPTER,206B,B06,TURBOEIXO,1451,5,1968,BRASIL,1
PTYBM,HELICÓPTERO,BELL HELICOPTER,206L-4,B06,TURBOEIXO,2018,7,1995,BRASIL,1
PTYBT,HELICÓPTERO,BELL HELICOPTER,407,B407,TURBOEIXO,2268,7,1996,BRASIL,1
PTYBY,HELICÓPTERO,ROBINSON HELICOPTER,R22,R22,PISTÃO,590,2,1992,BRASIL,1
PTYCJ,HELICÓPTERO,HELIBRAS,AS 350 BA,AS50,TURBOEIXO,2100,6,1989,BRASIL,1
PTYCN,HELICÓPTERO,BELL HELICOPTER,206B,B06,TURBOEIXO,1451,5,1973,BRASIL,1
PTYDC,HELICÓPTERO,BELL HELICOPTER,206B,B06,TURBOEIXO,1451,5,1996,BRASIL,1
PTYDO,HELICÓPTERO,ROBINSON HELICOPTER,R44,R44,PISTÃO,1088,4,1995,BRASIL,1
PTYDP,HELICÓPTERO,ROBINSON HELICOPTER,R22,R22,PISTÃO,621,2,1991,BRASIL,1
PTYDU,HELICÓPTERO,ROBINSON HELICOPTER,R22,R22,PISTÃO,622,2,1995,BRASIL,1
PTYDW,HELICÓPTERO,ROBINSON HELICOPTER,R22 BETA,R22,PISTÃO,621,2,1998,BRASIL,1
PTYDY,HELICÓPTERO,BELL HELICOPTER,206B,B06,TURBOEIXO,1451,5,1998,BRASIL,1
PTYEC,HELICÓPTERO,ROBINSON HELICOPTER,R22,R22,PISTÃO,621,2,1993,BRASIL,1
PTYEG,HELICÓPTERO,BELL HELICOPTER,206B,B06,TURBOEIXO,1451,5,1996,BRASIL,1
PTYEJ,HELICÓPTERO,ROBINSON HELICOPTER,R22,R22,PISTÃO,621,2,1997,BRASIL,1
PTYEL,HELICÓPTERO,BELL HELICOPTER,206L-4,B06,TURBOEIXO,2018,7,1997,BRASIL,1
PTYEP,HELICÓPTERO,ROBINSON HELICOPTER,R22 BETA,R22,PISTÃO,621,2,1995,BRASIL,1
PTYFD,HELICÓPTERO,ROBINSON HELICOPTER,R44,R44,PISTÃO,1089,4,1997,BRASIL,1
PTYFG,HELICÓPTERO,ROBINSON HELICOPTER,R44,R44,PISTÃO,1088,4,1998,BRASIL,1
PTYFR,HELICÓPTERO,ROBINSON HELICOPTER,R44,R44,PISTÃO,1088,4,1997,BRASIL,1
PTYFV,HELICÓPTERO,ROBINSON HELICOPTER,R22,R22,PISTÃO,590,2,1997,BRASIL,1
PTYGB,HELICÓPTERO,BELL HELICOPTER,407,B407,TURBOEIXO,2268,7,1997,BRASIL,1
PTYGI,HELICÓPTERO,ROBINSON HELICOPTER,R44,R44,PISTÃO,1088,4,1998,BRASIL,1
PTYGP,HELICÓPTERO,ROBINSON HELICOPTER,R44,R44,PISTÃO,1088,4,1999,BRASIL,1
PTYHH,HELICÓPTERO,BELL HELICOPTER,206B,B06,TURBOEIXO,1520,5,1997,BRASIL,1
PTYHP,HELICÓPTERO,ROBINSON HELICOPTER,R44,R44,PISTÃO,1089,4,1998,BRASIL,1
PTYJJ,HELICÓPTERO,HELIBRAS,AS 350 BA,AS50,TURBOEIXO,2100,6,1998,BRASIL,1
PTYLD,HELICÓPTERO,BELL HELICOPTER,206B,B06,TURBOEIXO,1451,5,1995,BRASIL,1
PTYLN,HELICÓPTERO,ROBINSON HELICOPTER,R22 BETA,R22,PISTÃO,621,2,1995,BRASIL,1
PTYLO,HELICÓPTERO,ROBINSON HELICOPTER,R22,R22,PISTÃO,621,2,1995,BRASIL,1
PTYLS,HELICÓPTERO,EUROCOPTER FRANCE,AS 350 B2,AS50,TURBOEIXO,2250,6,1997,BRASIL,1
PTYMF,HELICÓPTERO,ROBINSON HELICOPTER,R44,R44,PISTÃO,1088,4,1997,BRASIL,1
PTYMJ,HELICÓPTERO,BELL HELICOPTER,206B,B06,TURBOEIXO,1451,5,1998,BRASIL,1
PTYNF,HELICÓPTERO,ROBINSON HELICOPTER,R44,R44,PISTÃO,1088,4,1997,BRASIL,1
PTYNN,HELICÓPTERO,HELIBRAS,AS 350 B2,AS50,TURBOEIXO,2250,6,1998,BRASIL,1
PTYOG,HELICÓPTERO,SCHWEIZER,269C-1,H269,PISTÃO,793,2,1997,BRASIL,1
PTYOL,HELICÓPTERO,HELIBRAS,AS 350 B2,AS50,TURBOEIXO,2250,6,1999,BRASIL,1
PTYON,HELICÓPTERO,ROBINSON HELICOPTER,R44,R44,PISTÃO,1089,4,1999,BRASIL,1
PTYOU,HELICÓPTERO,ROBINSON HELICOPTER,R22,R22,PISTÃO,621,2,1996,BRASIL,1
PTYOY,HELICÓPTERO,EUROCOPTER,AS 350 B3,AS50,TURBOEIXO,2250,6,1999,BRASIL,1
PTYPB,HELICÓPTERO,ROBINSON HELICOPTER,R22,R22,PISTÃO,621,2,1995,BRASIL,1
PTYPK,HELICÓPTERO,ROBINSON HELICOPTER,R22 BETA,R22,PISTÃO,622,2,1998,BRASIL,1
PTYPW,HELICÓPTERO,ROBINSON HELICOPTER,R44,R44,PISTÃO,1088,4,1997,BRASIL,1
PTYPY,HELICÓPTERO,ROBINSON HELICOPTER,R44,R44,PISTÃO,1088,4,1997,BRASIL,1
PTYRA,HELICÓPTERO,HELIBRAS,AS 350 B2,AS50,TURBOEIXO,2250,6,1997,BRASIL,1
PTYRC,HELICÓPTERO,BELL HELICOPTER,206B,B06,TURBOEIXO,1451,5,1995,BRASIL,1
PTYRE,HELICÓPTERO,EUROCOPTER FRANCE,AS 350 BA,NULL,TURBOEIXO,2100,6,1994,BRASIL,1
PTYRQ,HELICÓPTERO,ROBINSON HELICOPTER,R22,R22,PISTÃO,622,2,1998,BRASIL,1
PTYRT,HELICÓPTERO,ROBINSON HELICOPTER,R44,R44,PISTÃO,1089,3,1999,BRASIL,1
PTYSG,HELICÓPTERO,ROBINSON HELICOPTER,R44,R44,PISTÃO,1088,4,1997,BRASIL,1
PTYSS,HELICÓPTERO,HELIBRAS,AS 350 B2,AS50,TURBOEIXO,2250,6,1997,BRASIL,1
PTYST,HELICÓPTERO,ROBINSON HELICOPTER,R22 BETA,R22,PISTÃO,621,2,1998,BRASIL,1
PTYSW,HELICÓPTERO,EUROCOPTER,AS 350 BA,AS50,TURBOEIXO,2100,6,1994,BRASIL,1
PTYSY,HELICÓPTERO,ROBINSON HELICOPTER,R44,R44,PISTÃO,1088,4,1997,BRASIL,1
PTYTJ,HELICÓPTERO,HELIBRAS,AS 350 B2,AS50,TURBOEIXO,2250,6,1998,BRASIL,1
PTYTL,HELICÓPTERO,ROBINSON HELICOPTER,R22,R22,PISTÃO,621,2,1998,BRASIL,1
PTYTP,HELICÓPTERO,BELL HELICOPTER,206B,B06,TURBOEIXO,1451,5,1998,BRASIL,1
PTYUN,HELICÓPTERO,HELIBRAS,AS 350 B2,AS50,TURBOEIXO,2100,6,1996,BRASIL,1
PTYUQ,HELICÓPTERO,BELL HELICOPTER,407,B407,TURBOEIXO,2268,7,1996,BRASIL,1
PTYUT,HELICÓPTERO,ROBINSON HELICOPTER,R44,R44,PISTÃO,1089,4,1997,BRASIL,1
PTYVA,HELICÓPTERO,ROBINSON HELICOPTER,R22,R22,PISTÃO,590,2,1989,BRASIL,1
PTYVD,HELICÓPTERO,ROBINSON HELICOPTER,R22,R22,PISTÃO,621,2,1998,BRASIL,1
PTYYG,HELICÓPTERO,ROBINSON HELICOPTER,R22,R22,PISTÃO,622,2,1998,BRASIL,1
PTYYU,HELICÓPTERO,EUROCOPTER,AS 350 B2,AS50,TURBOEIXO,2250,6,2000,BRASIL,1
PTYZD,HELICÓPTERO,BELL HELICOPTER,407,B407,TURBOEIXO,2268,7,1999,BRASIL,1
PTYZF,HELICÓPTERO,BELL HELICOPTER,407,B407,TURBOEIXO,2268,7,1998,BRASIL,1
PTYZG,HELICÓPTERO,BELL HELICOPTER,407,B407,TURBOEIXO,2268,7,1998,BRASIL,1
PTYZI,HELICÓPTERO,ROBINSON HELICOPTER,R44,R44,PISTÃO,1088,4,1998,BRASIL,1
PTYZJ,HELICÓPTERO,BELL HELICOPTER,407,B407,TURBOEIXO,2268,7,1999,BRASIL,1
PTYZK,HELICÓPTERO,BELL HELICOPTER,407,B407,TURBOEIXO,2268,7,1999,BRASIL,1
PTYZM,HELICÓPTERO,HELIBRAS,AS 350 B2,AS50,TURBOEIXO,2250,6,1996,BRASIL,1
PTYZQ,HELICÓPTERO,BELL HELICOPTER,407,B407,TURBOEIXO,2268,7,1998,BRASIL,1
PTYZZ,HELICÓPTERO,ROBINSON HELICOPTER,R22,R22,PISTÃO,622,2,1998,BRASIL,1
PTZAA,AVIÃO,FLYER LTDA,RV-10,ZZZZ,PISTÃO,1224,4,2008,BRASIL,1
PTZAC,AVIÃO,MARCO AURELIO M. DE SOUSA,RV-10,ZZZZ,PISTÃO,1224,4,2009,BRASIL,1
PTZAE,AVIÃO,FLYER,RV-10,ZZZZ,PISTÃO,1224,4,2009,BRASIL,1
PTZAG,AVIÃO,NULL,RV-7A,ZZZZ,PISTÃO,816,2,2009,BRASIL,1
PTZAL,AVIÃO,NULL,FALCAO AG-21,ZZZZ,PISTÃO,1100,2,2009,BRASIL,1
PTZAY,AVIÃO,RODOLPHO CESAR MAGALHAES,RV-10,ZZZZ,PISTÃO,1224,4,2010,BRASIL,1
PTZBC,AVIÃO,JOAO BATISTA COUTINHO JUNIOR,RV-10,ZZZZ,PISTÃO,1224,4,2010,BRASIL,1
PTZBT,AVIÃO,RICARDO VIEIRA DE QUEIROZ,RV-10,ZZZZ,PISTÃO,1224,4,2010,BRASIL,1
PTZDA,AVIÃO,NULL,RV-10,ZZZZ,PISTÃO,1224,4,2009,BRASIL,1
PTZDO,AVIÃO,NULL,RV-10,ZZZZ,PISTÃO,1224,4,2008,BRASIL,1
PTZES,AVIÃO,RUBEM ROCHA SANTANA,RV-10,ZZZZ,PISTÃO,1224,4,2010,BRASIL,1
PTZFN,AVIÃO,VANS,RV-10,ZZZZ,PISTÃO,1224,4,2009,BRASIL,1
PTZFX,AVIÃO,ALFREDO DE CASTRO NEVES FILHO,RV-7A,ZZZZ,PISTÃO,816,2,2010,BRASIL,1
PTZGI,AVIÃO,JAMAICA EMBALAGEM LTDA,RV-10,ZZZZ,PISTÃO,1224,4,2011,BRASIL,1
PTZHS,AVIÃO,TERRA AMBIENTAL E INCORPORADORA LTDA,RV-10,ZZZZ,PISTÃO,1224,2,2010,BRASIL,1
PTZHT,AVIÃO,CHELBER VICENTINI LILISCHKIES,RV-7,ZZZZ,PISTÃO,816,2,2011,BRASIL,1
PTZHU,AVIÃO,DESCONHECIDO,PITTSS15 AVIAO,ZZZZ,PISTÃO,0,1,2018,BRASIL,1
PTZIP,AVIÃO,JOSE GUILHERME FRANCA MENDES DE CARVALHO,RV-10,ZZZZ,PISTÃO,1224,4,2010,BRASIL,1
PTZKF,ULTRALEVE,DESCONHECIDO,GESPI 2001,ULAC,PISTÃO,550,2,2001,BRASIL,1
PTZKH,AVIÃO,KALIL MOHAMAD AWADA,RV-10,ZZZZ,PISTÃO,1225,4,2011,BRASIL,1
PTZKZ,AVIÃO,FLYER,RV-10,ZZZZ,PISTÃO,1224,4,2012,BRASIL,1
PTZLH,AVIÃO,HAMILTON SANTIAGO REIS JUNIOR,RV-10,ZZZZ,PISTÃO,1224,4,2009,BRASIL,1
PTZMI,AVIÃO,DESCONHECIDO,RV-10,ZZZZ,PISTÃO,1224,4,2009,BRASIL,1
PTZMY,AVIÃO,MARCELO FERNANDES,EXCEL,ZZZZ,PISTÃO,830,3,2010,BRASIL,1
PTZNL,AVIÃO,ANTONIO ETTORE NALLIN,RV-10,ZZZZ,PISTÃO,1225,4,2009,BRASIL,1
PTZNQ,AVIÃO,PZL - MIELEC,ANTONOV AN-2,ZZZZ,PISTÃO,5500,8,1995,BRASIL,1
PTZOB,AVIÃO,INPAER INDUSTRIA PAULISTA E AERONÁUTICA,EXPLORER,ZZZZ,PISTÃO,1200,4,2010,BRASIL,1
PTZOT,AVIÃO,FLYER,RV-10,ZZZZ,PISTÃO,1224,4,2010,BRASIL,1
PTZPD,GIROCÓPTERO,DEVONSIR ZACHIAS PINTO,Girocóptero Tipo AC-4,ZZZZ,PISTÃO,410,2,0,BRASIL,1
PTZPF,AVIÃO,NULL,PA22BR,ZZZZ,PISTÃO,900,4,2002,BRASIL,1
PTZPH,AVIÃO,INPAER - Indústria Paulista de Aeronáutica,EXPLORER,ZZZZ,PISTÃO,1200,NULL,2014,BRASIL,1
PTZPJ,AVIÃO,ANTONIO CESAR DA SILVA AMARAL,LANCAIR SUPER E,ZZZZ,PISTÃO,1452,4,2009,BRASIL,1
PTZPN,AVIÃO,DESCONHECIDO,C-195-T,ZZZZ,PISTÃO,1654,6,1995,BRASIL,1
PTZPW,AVIÃO,PARADISE,PARADISE P4,ZZZZ,PISTÃO,1200,4,2013,BRASIL,1
PTZRB,AVIÃO,NATANAEL RIBEIRO CINTRA,SPORTSMAN 2+2,ZZZZ,PISTÃO,1066,4,2011,BRASIL,1
PTZRC,AVIÃO,EDWARD CARDINALI,COMP AIR CA-7,ZZZZ,PISTÃO,1885,2,2007,BRASIL,1
PTZRP,AVIÃO,DESCONHECIDO,S2A,ZZZZ,PISTÃO,521,2,1977,BRASIL,1
PTZRT,AVIÃO,DESCONHECIDO,RV-7A,ZZZZ,PISTÃO,816,2,2009,BRASIL,1
PTZRV,AVIÃO,EDUARDO LEITO BRUNIALTI,RV-10,ZZZZ,PISTÃO,1224,4,2010,BRASIL,1
PTZSR,ANFÍBIO,DESCONHECIDO,SEAWIND AVIAO,ZZZZ,PISTÃO,1500,0,0,BRASIL,1
PTZSW,AVIÃO,DESCONHECIDO,SU-26 AVIA,ZZZZ,PISTÃO,600,2,1990,BRASIL,1
PTZUM,AVIÃO,DESCONHECIDO,RV-7A,ZZZZ,PISTÃO,816,2,2009,BRASIL,1
PTZUN,ULTRALEVE,PETRO JET SALES,EXTRA EA 230,ULAC,PISTÃO,700,2,1986,BRASIL,1
PTZUR,AVIÃO,CLAIBER VIEIRA BORGES,RV-7A,ZZZZ,PISTÃO,816,2,2012,BRASIL,1
PTZVL,AVIÃO,AGROINDUSTRIAL FAZENDA MARQUESA LTDA,RV-10,ZZZZ,PISTÃO,1224,4,2012,BRASIL,1
PTZVR,AVIÃO,ASTRO TOYS COM. DE BRINQ. LTDA,RV7A,ZZZZ,PISTÃO,815,2,2012,BRASIL,1
PTZVV,AVIÃO,JOSE OSVALDO VARGAS,RV-10,ZZZZ,PISTÃO,1224,4,2010,BRASIL,1
PTZVY,AVIÃO,FLYER INDUSTRIA AERONÁUTICA LTDA,RV-7,ZZZZ,PISTÃO,816,2,0,BRASIL,1
PTZYK,AVIÃO,ALBERTO BENEDITO PAULO IRALAH,EXPLORER,ZZZZ,PISTÃO,1200,4,2010,BRASIL,1
PTZZE,AVIÃO,EDILSON SECCO,PIENTEPOL-AIR CAMPER,ZZZZ,PISTÃO,490,2,1998,BRASIL,1
PUAAD,ULTRALEVE,TECNAM,ECHO 2000 RG,ULAC,PISTÃO,525,2,2001,BRASIL,1
PUAAK,ULTRALEVE,DESCONHECIDO,IPE-06,ULAC,PISTÃO,480,2,1992,BRASIL,1
PUACQ,ULTRALEVE,NULL,TEPE 1,ULAC,PISTÃO,410,1,1989,BRASIL,1
PUACR,ULTRALEVE,DESCONHECIDO,FEN-U-201,ULAC,PISTÃO,450,2,1990,BRASIL,1
PUADB,ULTRALEVE,VECTOR ULTRALIGHT INDUSTRIA E COMERCIO,FOX V5 ADVANCED,ULAC,PISTÃO,417,2,1996,BRASIL,1
PUADD,ULTRALEVE,DESCONHECIDO,ADVENTURE,ULAC,PISTÃO,420,0,0,BRASIL,1
PUAED,ULTRALEVE,FABRICACAO PROPRIA,EXPERIMENT,ULAC,PISTÃO,0,0,0,BRASIL,1
PUAEP,ULTRALEVE,AEROBRAVO,BRAVO 700,ULAC,PISTÃO,500,0,0,BRASIL,1
PUAFA,ULTRALEVE,DESCONHECIDO,FOX IIB,ULAC,PISTÃO,35,2,1991,BRASIL,1
PUAFJ,ULTRALEVE,DESCONHECIDO,ADVENTURE,ULAC,PISTÃO,420,2,2003,BRASIL,1
PUAFQ,ULTRALEVE,DESCONHECIDO,RANS S6ES,ULAC,PISTÃO,510,2,1999,BRASIL,1
PUAJF,ULTRALEVE,DESCONHECIDO,ANJOFAR,ULAC,PISTÃO,365,2,2003,BRASIL,1
PUAJI,ULTRALEVE,DESCONHECIDO,PARADISE,ULAC,PISTÃO,720,2,2007,BRASIL,1
PUAJO,ULTRALEVE,NULL,AA-155,ULAC,PISTÃO,500,2,2008,BRASIL,1
PUAKA,ULTRALEVE,KAPPA 77,KP-2U-SOVA,ULAC,PISTÃO,480,2,2003,BRASIL,1
PUAKK,ULTRALEVE,JOAO L TEIXEIRA,PARADISE I,ULAC,PISTÃO,720,2,2008,BRASIL,1
PUAKQ,ULTRALEVE,DESCONHECIDO,PARADISE I,ULAC,PISTÃO,720,1,2008,BRASIL,1
PUAKV,ULTRALEVE,NULL,PARADISE I,ULAC,PISTÃO,720,1,2008,BRASIL,1
PUALU,ULTRALEVE,NULL,CORSARIO MK-5,ULAC,PISTÃO,550,1,2008,BRASIL,1
PUALX,ULTRALEVE,DESCONHECIDO,AB-2,ULAC,PISTÃO,640,2,2004,BRASIL,1
PUANS,ULTRALEVE,DESCONHECIDO,PARADISE I,ULAC,PISTÃO,720,2,2009,BRASIL,1
PUANZ,ULTRALEVE,JOSE FERNANDO ROS,KOLBFLYER SS,ULAC,PISTÃO,650,2,2009,BRASIL,1
PUAOL,ULTRALEVE,DESCONHECIDO,KR2S,ULAC,PISTÃO,590,2,2007,BRASIL,1
PUAPA,ULTRALEVE,NULL,COYOTE,ULAC,PISTÃO,410,2,1994,BRASIL,1
PUAPK,ULTRALEVE,MENDES-ADM PARTICIPACOES E EMPREENDIMENTOS LTDA,RV-9A,ULAC,PISTÃO,750,2,2011,BRASIL,1
PUAPV,GIROCÓPTERO,ENOCK RESENDE JUNIOR,H2,ZZZZ,PISTÃO,0,NULL,2022,BRASIL,1
PUAQA,ULTRALEVE,AEROALCOOL,AA-155,ULAC,PISTÃO,500,2,2009,BRASIL,1
PUARI,ULTRALEVE,JOÃO FRANÇA NETO,VIMANA R-12,ULAC,PISTÃO,478,2,1998,BRASIL,1
PUASP,ULTRALEVE,TECNAM,P92 GOLF,ULAC,PISTÃO,464,2,2001,BRASIL,1
PUATM,ULTRALEVE,NULL,FASCINATION D4,ULAC,PISTÃO,395,2,2001,BRASIL,1
PUATP,ULTRALEVE,AUGUSTO LUIZ CAMPOS BARROSO,VIRUS SW,ULAC,PISTÃO,472,2,2012,BRASIL,1
PUATT,ULTRALEVE,RUPERT INDUSTRIA AERONAUTICA,R-12,ULAC,PISTÃO,746,0,0,BRASIL,1
PUATZ,AVIÃO,TRIKE ICAROS,ADVENTURE,ZZZZ,PISTÃO,495,2,2018,BRASIL,1
PUAUC,ULTRALEVE,NULL,PARADISE P2,ULAC,PISTÃO,750,2,2009,BRASIL,1
PUAUN,ULTRALEVE,ORION LTDA,F1A EAGLE,ULAC,PISTÃO,450,2,2005,BRASIL,1
PUAVA,ULTRALEVE,NULL,BUCKER LERCHE,ULAC,PISTÃO,670,2,2005,BRASIL,1
PUAVD,AVIÃO,Construzioni Aeronautiche TECNAM Srl,ASTORE,ZZZZ,PISTÃO,600,2,2014,BRASIL,1
PUAZS,ULTRALEVE,DESCONHECIDO,TL-96 STAR,ULAC,PISTÃO,450,2,2001,BRASIL,1
PUBCD,ULTRALEVE,DESCONHECIDO,P2004 BRAVO,ULAC,PISTÃO,550,2,2006,BRASIL,1
PUBDZ,ULTRALEVE,DESCONHECIDO,BRAVO 700,ULAC,PISTÃO,500,2,2005,BRASIL,1
PUBFB,ULTRALEVE,DESCONHECIDO,ADVENTURE,ULAC,PISTÃO,420,2,2004,BRASIL,1
PUBIA,ULTRALEVE,DESCONHECIDO,VIMANA R-12,ULAC,PISTÃO,520,2,2006,BRASIL,1
PUBIK,ULTRALEVE,ESC RIB PRET DE PIL VEIC AUTOPROPULSADO,Bravo 700,ULAC,PISTÃO,550,2,2011,BRASIL,1
PUBJM,ULTRALEVE,TECNAM,P2008,ZZZZ,PISTÃO,600,2,2011,BRASIL,1
PUBKL,ULTRALEVE,DESCONHECIDO,ZENAIR CH 701,ULAC,PISTÃO,490,2,1992,BRASIL,1
PUBLM,ULTRALEVE,AEROBRAVO,BRAVO 700,ULAC,PISTÃO,600,2,2013,BRASIL,1
PUBMR,ULTRALEVE,DESCONHECIDO,RANS COYOTE II,ULAC,PISTÃO,510,2,1994,BRASIL,1
PUBOK,ULTRALEVE,NULL,KR-2,ULAC,PISTÃO,490,2,2008,BRASIL,1
PUBPH,ULTRALEVE,DESCONHECIDO,CONQUEST 180,ULAC,PISTÃO,750,2,2009,BRASIL,1
PUBRA,ULTRALEVE,FABRICACAO PROPRIA,EXPERIMENTAL,ULAC,PISTÃO,0,0,0,BRASIL,1
PUBRT,ULTRALEVE,CIMAER,SPORTCRUISER SS120,ULAC,PISTÃO,600,2,2010,BRASIL,1
PUBSR,ULTRALEVE,SPS TRADING IMP. E EXPORTADORA LTDA,XT912 TUNDRA,ULAC,PISTÃO,450,2,2009,BRASIL,1
PUBTB,ULTRALEVE,FLYER,RV-9 A,ULAC,PISTÃO,750,2,2008,BRASIL,1
PUBTO,ULTRALEVE,DESCONHECIDO,CONQUEST,ULAC,PISTÃO,650,2,2003,BRASIL,1
PUBTZ,ULTRALEVE,FLAVIO BUCHALLA,RV- 9A,ULAC,PISTÃO,750,2,2012,BRASIL,1
PUBZE,AVIÃO,AEROBRAVO IND. AERONÁUTICA LTDA.,BRAVO 700,ULAC,PISTÃO,600,2,NULL,BRASIL,1
PUCBR,ULTRALEVE,NULL,JABIRU J250,ULAC,PISTÃO,700,2,2008,BRASIL,1
PUCBZ,ULTRALEVE,DESCONHECIDO,PELICAN 500BR,ULAC,PISTÃO,600,2,2007,BRASIL,1
PUCCF,ULTRALEVE,DESCONHECIDO,FOX VECTOR V6,ULAC,PISTÃO,420,2,2004,BRASIL,1
PUCCL,ULTRALEVE,ULTRALEGER,MISTRAL 582C,ULAC,PISTÃO,430,2,1995,BRASIL,1
PUCCO,ULTRALEVE,DIMAR JEFERSON NEUWALD,NORTH LAND PA-18,ULAC,PISTÃO,750,2,2016,BRASIL,1
PUCDA,ULTRALEVE,NULL,RANS S9 CHAOS,ULAC,PISTÃO,308,2,1998,BRASIL,1
PUCDF,ULTRALEVE,FILIPE LEITE DE AZEVEDO SODRAK,SUPER PETREL LS,ULAC,PISTÃO,600,2,2011,BRASIL,1
PUCDI,ULTRALEVE,FLYER,KOLBFLYER SS,ULAC,PISTÃO,600,2,2013,BRASIL,1
PUCEM,ULTRALEVE,MARCOS AURELIO DA SILVA,PARADISE P-1,ULAC,PISTÃO,750,2,2011,BRASIL,1
PUCEP,ULTRALEVE,NULL,EXCEL CARGO,ULAC,PISTÃO,750,2,2009,BRASIL,1
PUCFB,ULTRALEVE,CHALLENGER DO BRASIL,CHALLENGER II,ULAC,PISTÃO,342,2,1991,BRASIL,1
PUCGP,ULTRALEVE,CARLOS GERALDINO DA SILVA PADILHA,SUPER PETREL LS,ULAC,PISTÃO,600,2,2011,BRASIL,1
PUCHE,ULTRALEVE,DESCONHECIDO,KR-LAC,ULAC,PISTÃO,489,2,2005,BRASIL,1
PUCHO,ULTRALEVE,CARLOS HENRIQUE FONSECA DE OLIVEIRA,FOX V-5 SUPER,ULAC,PISTÃO,420,2,2010,BRASIL,1
PUCJM,ULTRALEVE,DESCONHECIDO,BRAVO 700,ULAC,PISTÃO,580,2,2008,BRASIL,1
PUCJR,ULTRALEVE,DESCONHECIDO,MXP-740,ULAC,PISTÃO,472,2,1997,BRASIL,1
PUCMO,ULTRALEVE,DESCONHECIDO,ADVENTURE,ZZZZ,PISTÃO,450,NULL,NULL,BRASIL,1
PUCMR,ULTRALEVE,CARLOS GILBERTO FRAGA MARQUES,G FLY,ULAC,PISTÃO,600,2,2012,BRASIL,1
PUCMV,ULTRALEVE,DESCONHECIDO,P2002 SIERRA DELUXE,ZZZZ,PISTÃO,600,NULL,NULL,BRASIL,1
PUCQT,ULTRALEVE,NULL,CONQUEST 180,ULAC,PISTÃO,650,2,2005,BRASIL,1
PUCSE,ULTRALEVE,NULL,IKARUS C42B,ULAC,PISTÃO,510,2,2004,BRASIL,1
PUCST,ULTRALEVE,DESCONHECIDO,CORSARIO MK III,ULAC,PISTÃO,500,2,1995,BRASIL,1
PUDAB,ULTRALEVE,NULL,FK9 MK3,ULAC,PISTÃO,464,2,2000,BRASIL,1
PUDAL,ULTRALEVE,DESCONHECIDO,BRAVO 700,ULAC,PISTÃO,580,2,2006,BRASIL,1
PUDAY,ULTRALEVE,PARADISE,P1 LSA,ZZZZ,PISTÃO,600,2,2013,BRASIL,1
PUDBL,ULTRALEVE,EVANDRO FLAVIO TROIAN,EVIAN,ULAC,PISTÃO,604,2,2003,BRASIL,1
PUDET,ULTRALEVE,DESCONHECIDO,PARADISE,ULAC,PISTÃO,680,2,2006,BRASIL,1
PUDFK,ULTRALEVE,DESCONHECIDO,PATRIOT,ULAC,PISTÃO,600,2,2009,BRASIL,1
PUDGH,ULTRALEVE,AEROBRAVO,BRAVO700,ULAC,PISTÃO,600,2,2013,BRASIL,1
PUDGM,ULTRALEVE,NULL,FOX VECTOR V6,ULAC,PISTÃO,420,2,2008,BRASIL,1
PUDJB,ULTRALEVE,DANILO JOSE BATTISTELLA,KR-2S,ULAC,PISTÃO,550,2,2009,BRASIL,1
PUDJS,ULTRALEVE,DESCONHECIDO,MISTRAL 582C,ULAC,PISTÃO,420,2,1997,BRASIL,1
PUDLD,ULTRALEVE,FLYER,RV-9A,ULAC,PISTÃO,735,2,2007,BRASIL,1
PUDLG,AVIÃO,MONTAER LTDA.,MONTAER MC01,MC01,PISTÃO,600,0,2020,BRASIL,1
PUDMR,ULTRALEVE,DESCONHECIDO,ECHO P92S,ULAC,PISTÃO,499,2,2000,BRASIL,1
PUDNA,ANFÍBIO,MAURICIO BRAGA DE ARAUJO,SEAMAX M-22,NULL,PISTÃO,600,2,2008,BRASIL,1
PUDRP,ULTRALEVE,DESCONHECIDO,PELICAN 500BR,ULAC,PISTÃO,600,2,2005,BRASIL,1
PUDVA,ULTRALEVE,JOAO HENRIQUE SIGNORELLI DRAEGER,VENTURA,ULAC,PISTÃO,550,2,2010,BRASIL,1
PUDVD,AVIÃO,TRIKE ICAROS IND. AERONAUTICA LTDA,ADVENTURE,ZZZZ,PISTÃO,495,2,NULL,BRASIL,1
PUEAM,ULTRALEVE,EDRA,SUPER PETREL100,ULAC,PISTÃO,500,2,2006,BRASIL,1
PUEAP,ULTRALEVE,AEROALCOOL,AA-155 QUASARLITE II,ZZZZ,PISTÃO,500,2,2013,BRASIL,1
PUEAS,ULTRALEVE,AEROALCOOL TECNOLOGIA LTDA,AA-155 QUASAR LITE II,ZZZZ,PISTÃO,500,2,2012,BRASIL,1
PUECH,ULTRALEVE,EGIDIO CHINI,EXCEL CARGO,ULAC,PISTÃO,750,2,2011,BRASIL,1
PUEDR,ULTRALEVE,ANDRE A.FERDINAND,BUCKER,ULAC,PISTÃO,700,2,2005,BRASIL,1
PUEFD,ULTRALEVE,DESCONHECIDO,FLYER GT,ULAC,PISTÃO,460,2,1991,BRASIL,1
PUEFG,ULTRALEVE,EDUARDO F. H. GONTIJO,FOX VECTOR V-6,ULAC,PISTÃO,450,2,2009,BRASIL,1
PUEFP,ULTRALEVE,AEROBRAVO,AMAZON,ULAC,PISTÃO,600,2,2016,BRASIL,1
PUEGJ,ULTRALEVE,ELIAS GUTIERREZ JUNIOR,RV-4,ULAC,PISTÃO,680,2,2010,BRASIL,1
PUEIB,AVIÃO,"Johnson, R.W.; Read, J.M.",RV-4,ULAC,PISTÃO,680,2,NULL,BRASIL,1
PUELI,ULTRALEVE,DESCONHECIDO,CONQUEST 180,ULAC,PISTÃO,650,2,2007,BRASIL,1
PUELO,ULTRALEVE,ULTRAVIA,PELICAN GS,ULAC,PISTÃO,550,2,1995,BRASIL,1
PUELP,ULTRALEVE,DESCONHECIDO,CTU,ULAC,PISTÃO,458,2,2001,BRASIL,1
PUEMJ,ULTRALEVE,DESCONHECIDO,CONQUEST 180,ULAC,PISTÃO,750,2,2009,BRASIL,1
PUENU,ULTRALEVE,PARADISE,PARADISE P1 LSA,ZZZZ,PISTÃO,600,1,2017,BRASIL,1
PUEPF,ULTRALEVE,FABIO LUIZ DE ALMEIDA,PARADISE P1,ULAC,PISTÃO,750,2,2011,BRASIL,1
PUEPM,ULTRALEVE,EDSON PIMENTEL MATHEUS,MAX M22,ULAC,PISTÃO,550,2,2002,BRASIL,1
PUERB,ULTRALEVE,DESCONHECIDO,FOX II,ULAC,PISTÃO,320,2,1990,BRASIL,1
PUERW,ULTRALEVE,ENIO ROBERTO WILDNER,WEGA,ULAC,PISTÃO,750,2,2012,BRASIL,1
PUERZ,ULTRALEVE,STARFLIGHT IND. AER. LTDA,FOX V-5 SUPER,ULAC,PISTÃO,417,2,2004,BRASIL,1
PUESK,ULTRALEVE,AEROBRAVO,SKYRANGER,ULAC,PISTÃO,472,2,2008,BRASIL,1
PUETD,AVIÃO,MONTAER LTDA,MC01,ZZZZ,PISTÃO,600,2,2015,BRASIL,1
PUEVO,ULTRALEVE,(INPAER) INDÚSTRIA PAULISTA DE AERONÁUTICA,CONQUEST 180LS,ZZZZ,PISTÃO,600,2,2012,BRASIL,1
PUEZV,ULTRALEVE,(INPAER) INDÚSTRIA PAULISTA DE AERONÁUTICA,CONQUEST 180,ULAC,PISTÃO,710,2,2007,BRASIL,1
PUFAB,ULTRALEVE,NULL,RV-9A,ULAC,PISTÃO,735,2,2008,BRASIL,1
PUFAI,ULTRALEVE,FLYER LTDA,PELICAN 500BR,ULAC,PISTÃO,600,2,2007,BRASIL,1
PUFAT,ULTRALEVE,FABRICACAO PROPRIA,FOX V5 SUPER,ULAC,PISTÃO,417,0,0,BRASIL,1
PUFBA,ULTRALEVE,DESCONHECIDO,FK-9MK IV,ULAC,PISTÃO,520,2,2008,BRASIL,1
PUFCC,AVIÃO,FERNANDO JOSE C. CIRIGLIANO,FC-04 PEGASUS,ULAC,PISTÃO,500,2,NULL,BRASIL,1
PUFCN,ULTRALEVE,TECNAM CONSTRUZIONI AERONAUTICHE,P 2002 SIERRA,ULAC,PISTÃO,600,1,2006,BRASIL,1
PUFCO,ULTRALEVE,F C OLIVEIRA E CIA LTDA,PARADISE,ULAC,PISTÃO,510,2,2005,BRASIL,1
PUFDG,GIROCÓPTERO,HUMMINGBIRD INDÚSTRIA AERONÁUTICA LTDA.,HUMMINGBIRD H1,ULAC,PISTÃO,370,1,0,BRASIL,1
PUFDN,ULTRALEVE,CHS AMAZONAS IMP E EXP LTDA,SEAMAX M22,ULAC,PISTÃO,600,2,2008,BRASIL,1
PUFEM,AVIÃO,INPAER INDÚSTRIA PAULISTA DE AERONAVES,CONQUEST 180 LSA,ZZZZ,PISTÃO,600,2,2013,BRASIL,1
PUFFC,ULTRALEVE,EDRA,SUPER PETREL LS,ULAC,PISTÃO,600,2,2009,BRASIL,1
PUFFE,ULTRALEVE,DESCONHECIDO,REMOS G3-600,ULAC,PISTÃO,600,2,2007,BRASIL,1
PUFFF,ULTRALEVE,DESCONHECIDO,PELICAN 500BR,ULAC,PISTÃO,600,2,2005,BRASIL,1
PUFGG,ULTRALEVE,DESCONHECIDO,MISTRAL,ULAC,PISTÃO,390,2,1995,BRASIL,1
PUFHL,ULTRALEVE,DESCONHECIDO,KOLBFLYER SS,ULAC,PISTÃO,598,2,2008,BRASIL,1
PUFIN,ULTRALEVE,DESCONHECIDO,SUPERPULSAR 100,ULAC,PISTÃO,630,2,2006,BRASIL,1
PUFJA,ULTRALEVE,DESCONHECIDO,VIRUS SW,ULAC,PISTÃO,472,1,2008,BRASIL,1
PUFJP,ULTRALEVE,FLYER,PELICAN 500 BR,ULAC,PISTÃO,600,2,2005,BRASIL,1
PUFKE,ULTRALEVE,PRISCILA CABRAL FIGUEIREDO,FK9 Mk IVB,ULAC,PISTÃO,600,2,2011,BRASIL,1
PUFLD,ULTRALEVE,DESCONHECIDO,STORM 300,ULAC,PISTÃO,562,2,2004,BRASIL,1
PUFLK,ULTRALEVE,NULL,RV-9,ULAC,PISTÃO,735,2,2004,BRASIL,1
PUFLO,ULTRALEVE,PARADISE,PARADISE P1 LSA,ZZZZ,PISTÃO,600,1,NULL,BRASIL,1
PUFMC,ULTRALEVE,NULL,BRAVO 700,ULAC,PISTÃO,500,2,2004,BRASIL,1
PUFMD,ULTRALEVE,FAUD MIGUEL D'EPIRO,RV-9A,ULAC,PISTÃO,750,2,2010,BRASIL,1
PUFNA,ULTRALEVE,DESCONHECIDO,FASCINATION,ULAC,PISTÃO,450,2,1998,BRASIL,1
PUFOZ,ULTRALEVE,DESCONHECIDO,FOZ 400,ULAC,PISTÃO,425,2,2006,BRASIL,1
PUFSC,ULTRALEVE,FABIANO COSTA,AGUIAII,ULAC,PISTÃO,550,2,2005,BRASIL,1
PUFSZ,AVIÃO,PARADISE INDUSTRIA AERONÁUTICA LTDA,PARADISE P1 LSA,ULAC,PISTÃO,600,2,2016,BRASIL,1
PUFTF,ULTRALEVE,DESCONHECIDO,P92-S ECHO,ULAC,PISTÃO,550,2,2002,BRASIL,1
PUFTT,ULTRALEVE,NULL,SG-ES COYOTE,ULAC,PISTÃO,410,2,1996,BRASIL,1
PUGAT,ULTRALEVE,DESCONHECIDO,FOX V-4,ULAC,PISTÃO,420,2,1991,BRASIL,1
PUGBT,ULTRALEVE,GILBERTO MONTENEGRO COSTA FILHO,BRAVO 700,ULAC,PISTÃO,550,2,2010,BRASIL,1
PUGCF,ULTRALEVE,GILBERTO CALEFFI FAURI,STORCH S500,ULAC,PISTÃO,500,2,2013,BRASIL,1
PUGCP,ULTRALEVE,NULL,FENIX 0202,ULAC,PISTÃO,470,2,1990,BRASIL,1
PUGCR,GIROCÓPTERO,RUBENS ALEXANDRE DE BARROS LUCIOLA,MTO SPORT,ULAC,PISTÃO,500,2,2018,BRASIL,1
PUGED,ULTRALEVE,AEROJET TRANSPORTE E ABASTECIMENTO LTDA,SUPER PETREL LS,ULAC,PISTÃO,600,2,2011,BRASIL,1
PUGEM,AVIÃO,EDRA AERONÁUTICA LTDA,DYNAMIC WT-9,ULAC,PISTÃO,600,2,0,BRASIL,1
PUGGA,ULTRALEVE,GLAUCO ANDRE MACHADO - ME,JABIRU J250,ULAC,PISTÃO,700,2,2010,BRASIL,1
PUGIB,ULTRALEVE,DESCONHECIDO,P92 ECHO SUPER,ULAC,PISTÃO,560,2,2008,BRASIL,1
PUGIL,ULTRALEVE,NULL,COYOTE II,ULAC,PISTÃO,490,2,1998,BRASIL,1
PUGIP,HIDROAVIÃO,ROSS HANSEN,REBEL,ULAC,PISTÃO,748,2,0,BRASIL,1
PUGIV,ULTRALEVE,NULL,SUPER PETREL LS,ZZZZ,PISTÃO,600,NULL,NULL,BRASIL,1
PUGIZ,AVIÃO,ERICO BROSSI,RÉPLICA J3,ULAC,PISTÃO,700,2,0,BRASIL,1
PUGMJ,ULTRALEVE,TOMAS EDSON ANDRADE DA CUNHA,GOLDEN VENTURA,ULAC,PISTÃO,550,2,2010,BRASIL,1
PUGMN,ULTRALEVE,DESCONHECIDO,CONQUEST 180 LSA,ZZZZ,PISTÃO,600,NULL,NULL,BRASIL,1
PUGOS,ULTRALEVE,DESCONHECIDO,SANHAUA,ULAC,PISTÃO,600,2,2007,BRASIL,1
PUGRB,ULTRALEVE,BRUNO DE OLIVEIRA SOUZA SANTOS,PARADISE P1,ULAC,PISTÃO,750,2,2011,BRASIL,1
PUGUL,ULTRALEVE,MARCO AUGUSTO SCOBOZA GULIN,ASTRO AC-101,ULAC,PISTÃO,420,2,2010,BRASIL,1
PUGUT,ULTRALEVE,FLYER,RANS S-6ES,ULAC,PISTÃO,410,2,1998,BRASIL,1
PUHAR,ULTRALEVE,NULL,HARMONY LSA,ULAC,PISTÃO,600,NULL,NULL,BRASIL,1
PUHBA,ULTRALEVE,NULL,FK-9 MKIV,ULAC,PISTÃO,520,2,2007,BRASIL,1
PUHCJ,ULTRALEVE,DESCONHECIDO,ML 400T,ULAC,PISTÃO,390,2,1992,BRASIL,1
PUHEZ,ULTRALEVE,(INPAER) INDÚSTRIA PAULISTA DE AERONÁUTICA,CONQUEST 180,ULAC,PISTÃO,710,2,2008,BRASIL,1
PUHGM,GIROCÓPTERO,FLAVIUS NEVES,H2,ZZZZ,PISTÃO,500,2,2019,BRASIL,1
PUHGV,ULTRALEVE,NULL,SPORT TRAINER,ULAC,PISTÃO,635,2,2007,BRASIL,1
PUHHC,ULTRALEVE,HENRIQUE HAMILTON CERQUEIRA SANTOS,R-12,ULAC,PISTÃO,732,2,2009,BRASIL,1
PUHHH,ULTRALEVE,HERMANO VIANNA,P2002 SIERRA RG,ULAC,PISTÃO,600,2,2007,BRASIL,1
PUHLA,ULTRALEVE,PARTICULAR,CURUMIM II,ULAC,PISTÃO,600,2,2014,BRASIL,1
PUHNF,ULTRALEVE,HELIO NEGRI FERNANDES,P92 EAGLET,ULAC,PISTÃO,600,2,2012,BRASIL,1
PUHPM,ULTRALEVE,DESCONHECIDO,KR-2S,ULAC,PISTÃO,510,2,2002,BRASIL,1
PUHRJ,ULTRALEVE,FABRICACAO PROPRIA,TRIKE,ULAC,PISTÃO,0,0,0,BRASIL,1
PUHUM,ULTRALEVE,FASOR ADM.DE BENS,SEAMAX M22,ULAC,PISTÃO,600,2,2009,BRASIL,1
PUHVL,ULTRALEVE,DESCONHECIDO,CORSARIO MK V,ULAC,PISTÃO,550,2,2006,BRASIL,1
PUIAA,AVIÃO,AEROBRAVO,AMAZON,ZZZZ,PISTÃO,600,2,2016,BRASIL,1
PUICL,ULTRALEVE,NULL,PARADISE I,ULAC,PISTÃO,720,2,2007,BRASIL,1
PUIHP,ULTRALEVE,DESCONHECIDO,RV9 A,ULAC,PISTÃO,735,2,2005,BRASIL,1
PUIHS,ULTRALEVE,DIEGO CÂMARA MORAIS,CONQUEST 180,ULAC,PISTÃO,750,2,2011,BRASIL,1
PUIJC,ULTRALEVE,NULL,RV-9A,ULAC,PISTÃO,735,2,2007,BRASIL,1
PUILS,ULTRALEVE,DESCONHECIDO,VENTURA IAM,ULAC,PISTÃO,550,2,2009,BRASIL,1
PUILT,ULTRALEVE,NULL,PELICAN 500 BR,ULAC,PISTÃO,600,2,2004,BRASIL,1
PUIMO,ULTRALEVE,DESCONHECIDO,P92 EAGLET,ULAC,PISTÃO,495,2,2009,BRASIL,1
PUINP,ULTRALEVE,DESCONHECIDO,CONQUEST,ULAC,PISTÃO,650,2,2003,BRASIL,1
PUIPF,AVIÃO,INPAER INDÚSTRIA PAULISTA DE AERONÁUTICA,CONQUEST 180 LSA,ZZZZ,PISTÃO,600,2,0,BRASIL,1
PUIRB,ULTRALEVE,NULL,RV-9A,ULAC,PISTÃO,750,2,2009,BRASIL,1
PUIRZ,ULTRALEVE,NULL,VIMANA R-12,ULAC,PISTÃO,520,2,2007,BRASIL,1
PUISS,AVIÃO,SCODA AERONÁUTICA,SUPER PETREL LS,ZZZZ,PISTÃO,600,2,NULL,BRASIL,1
PUIVN,ULTRALEVE,DESCONHECIDO,SAVANNAH-S,ULAC,PISTÃO,600,NULL,NULL,BRASIL,1
PUJAF,ULTRALEVE,JOAO ANTONIO FRANCIOSI,PARADISE I,ULAC,PISTÃO,505,2,2003,BRASIL,1
PUJBI,ULTRALEVE,DESCONHECIDO,CONQUEST 160,ULAC,PISTÃO,650,2,2005,BRASIL,1
PUJBW,ULTRALEVE,FLYER,RANS S6ES AIRAI,ULAC,PISTÃO,415,2,1995,BRASIL,1
PUJCA,ULTRALEVE,DESCONHECIDO,P 92 ECHO,ULAC,PISTÃO,499,2,1998,BRASIL,1
PUJCD,ULTRALEVE,DESCONHECIDO,PARADISE I,ULAC,PISTÃO,502,2,2003,BRASIL,1
PUJCV,ANFÍBIO,SEAMAX AIRCRAFT LTDA.,SEAMAX M-22,SMAX,PISTÃO,600,2,NULL,BRASIL,1
PUJGA,ULTRALEVE,FABRICACAO PROPRIA,EXPERIMENT,ULAC,PISTÃO,0,0,0,BRASIL,1
PUJIV,ULTRALEVE,JOÃO ISMAEL VICENTINI,Excel Cargo,ULAC,PISTÃO,750,2,2012,BRASIL,1
PUJJG,ULTRALEVE,NULL,AGUIA JA,ULAC,PISTÃO,550,0,0,BRASIL,1
PUJJL,ULTRALEVE,MICROLEVE,ML450T,ULAC,PISTÃO,390,2,1995,BRASIL,1
PUJJR,ULTRALEVE,AERO BRAVO,BRAVO 700,ULAC,PISTÃO,500,2,2002,BRASIL,1
PUJJV,ULTRALEVE,FLYER,KOLBFLYER SS,ULAC,PISTÃO,598,2,2008,BRASIL,1
PUJMT,ULTRALEVE,JOSE MAINHARDT,FASCINATION D4 BK-BR,ULAC,PISTÃO,540,2,2002,BRASIL,1
PUJPA,ULTRALEVE,DESCONHECIDO,P92 S ECHO,ULAC,PISTÃO,499,2,2000,BRASIL,1
PUJPF,ULTRALEVE,NULL,PARADISE,ULAC,PISTÃO,510,2,2005,BRASIL,1
PUJYZ,ULTRALEVE,DESCONHECIDO,STORM 300 BRG,ULAC,PISTÃO,562,2,2003,BRASIL,1
PUKAK,ULTRALEVE,DESCONHECIDO,PARADISE I,ULAC,PISTÃO,700,2,2007,BRASIL,1
PUKFR,ULTRALEVE,KURT KOFLER,SAVAGE CUB,ULAC,PISTÃO,600,2,2015,BRASIL,1
PUKFV,ULTRALEVE,FRANCISCO E.D.,AGUIA V,ULAC,PISTÃO,580,2,2008,BRASIL,1
PUKLK,ULTRALEVE,FLYER,STORM-30B,ULAC,PISTÃO,540,2,2001,BRASIL,1
PUKRT,ULTRALEVE,KURT KOFLER,SAVAGE CUB-S,ULAC,PISTÃO,600,2,2015,BRASIL,1
PUKSK,ULTRALEVE,CARLOS EDUARDO NASCIMENTO SEVERO,AA-2120,ULAC,PISTÃO,580,2,2011,BRASIL,1
PULAM,ULTRALEVE,NULL,TL-2000RG STING,ULAC,PISTÃO,550,2,2009,BRASIL,1
PULAY,ULTRALEVE,DESCONHECIDO,LIGHTNING,ULAC,PISTÃO,647,2,2008,BRASIL,1
PULDN,AVIÃO,LUIZ DORNELO DE AZEVEDO,TJA-22,ULAC,PISTÃO,600,2,0,BRASIL,1
PULEP,ULTRALEVE,EMERSON DE SOUZA PEDRO,P-1,ULAC,PISTÃO,600,2,2013,BRASIL,1
PULFI,ULTRALEVE,DESCONHECIDO,VIMANA R-12,ULAC,PISTÃO,520,2,2007,BRASIL,1
PULGD,ULTRALEVE,EDRA,PETREL AV,ULAC,PISTÃO,0,0,0,BRASIL,1
PULHC,ULTRALEVE,AEROBRAVO,BRAVO 700,ULAC,PISTÃO,650,2,1996,BRASIL,1
PULJR,ULTRALEVE,NULL,SEAMAX M22,ULAC,PISTÃO,600,2,2009,BRASIL,1
PULLK,AVIÃO,MONTAER,MONTAER MC01,ZZZZ,PISTÃO,600,2,2018,BRASIL,1
PULLO,ULTRALEVE,AEROBRAVO,BRAVO 700,ULAC,PISTÃO,600,2,2013,BRASIL,1
PULMN,ULTRALEVE,DESCONHECIDO,STOL CH-701,ULAC,PISTÃO,500,2,2007,BRASIL,1
PULPT,ULTRALEVE,LUCIANO OLIVEIRA JUNIOR,DYNAMIC WT-9,ULAC,PISTÃO,560,2,2010,BRASIL,1
PULRR,ULTRALEVE,S.G. AVIATION,STORM 300 B,ULAC,PISTÃO,540,2,2001,BRASIL,1
PULVG,ULTRALEVE,EDRA,SUPER PETREL LS,ULAC,PISTÃO,600,2,NULL,BRASIL,1
PUMAQ,ULTRALEVE,(INPAER) INDÚSTRIA PAULISTA DE AERONÁUTICA,CONQUEST 180 LSA,ULAC,PISTÃO,600,0,0,BRASIL,1
PUMAW,ULTRALEVE,FLYER INDÚSTRIA AERONÁUTICA LTDA,RV-9A,ULAC,PISTÃO,750,NULL,2014,BRASIL,1
PUMBH,ULTRALEVE,NULL,EXCEL CARGO,ULAC,PISTÃO,750,1,2008,BRASIL,1
PUMBT,AVIÃO,LUIZ ANTONIO PANCERI,AP-18,ULAC,PISTÃO,750,2,2021,BRASIL,1
PUMBV,ULTRALEVE,DESCONHECIDO,ASTRO II,ULAC,PISTÃO,420,2,1998,BRASIL,1
PUMBZ,ULTRALEVE,NULL,CONDOR MB,ULAC,PISTÃO,498,2,1999,BRASIL,1
PUMCL,ULTRALEVE,JEFFERSON A. M. CAMPELO,VIMANA R-12,ULAC,PISTÃO,506,2,2003,BRASIL,1
PUMDJ,ULTRALEVE,DESCONHECIDO,P2002 SIERRA DE LUXE,ZZZZ,PISTÃO,600,NULL,NULL,BRASIL,1
PUMED,ULTRALEVE,FLYER INDUSTRIA AERONAUTICA LTDA,RV-6A,ULAC,PISTÃO,641,2,2007,BRASIL,1
PUMEL,ULTRALEVE,NULL,MISTRAL 582C,ULAC,PISTÃO,430,2,2000,BRASIL,1
PUMFO,ULTRALEVE,MARCO ANTONIO FREITAS JUNIOR,TRIKE ALBATROZ,ULAC,PISTÃO,355,2,2003,BRASIL,1
PUMGH,ULTRALEVE,HOTEL CHAMA LTDA ME,CONQUEST 180,ULAC,PISTÃO,750,2,2011,BRASIL,1
PUMGR,ULTRALEVE,NULL,VIMANA R-12,ULAC,PISTÃO,520,2,2007,BRASIL,1
PUMHB,ULTRALEVE,DESCONHECIDO,FOX V-5 SUPER,ULAC,PISTÃO,417,2,2005,BRASIL,1
PUMHV,ULTRALEVE,DESCONHECIDO,P2004 BRAVO,ULAC,PISTÃO,580,2,2007,BRASIL,1
PUMIM,ULTRALEVE,NULL,FOX II,ULAC,PISTÃO,360,2,1988,BRASIL,1
PUMJG,ULTRALEVE,DESCONHECIDO,FOX V5,ULAC,PISTÃO,417,2,1998,BRASIL,1
PUMLD,ULTRALEVE,DESCONHECIDO,CORSARIOMK III,ULAC,PISTÃO,420,2,1997,BRASIL,1
PUMLG,ULTRALEVE,NULL,MISTRAL 582,ULAC,PISTÃO,390,2,1995,BRASIL,1
PUMLP,ULTRALEVE,DESCONHECIDO,CONQUEST 180,ULAC,PISTÃO,650,2,2005,BRASIL,1
PUMLU,ULTRALEVE,DESCONHECIDO,J250,ULAC,PISTÃO,700,2,2007,BRASIL,1
PUMMM,ULTRALEVE,DESCONHECIDO,STORM 300B,ULAC,PISTÃO,650,2,2001,BRASIL,1
PUMMT,ULTRALEVE,DESCONHECIDO,PARADISE I,ULAC,PISTÃO,700,2,2007,BRASIL,1
PUMNM,ULTRALEVE,TECNAM CONSTRUZIONI AERONAUTICHE,P2008,ZZZZ,PISTÃO,600,2,2011,BRASIL,1
PUMON,ULTRALEVE,AVENOR AUGUSTO MONTANDON,EXCEL CARGO,ULAC,PISTÃO,750,2,2010,BRASIL,1
PUMSM,ULTRALEVE,JOÃO MARQUES DA MOTTA SOBRINHO NETO,CT-U,ULAC,PISTÃO,458,2,1999,BRASIL,1
PUMSN,ULTRALEVE,SEBASTIÃO DE PAULA DO NASCIMENTO,AA-2120,ULAC,PISTÃO,580,2,2012,BRASIL,1
PUMSO,ULTRALEVE,DESCONHECIDO,TEKNAVIA MARK-4,ULAC,PISTÃO,520,2,2009,BRASIL,1
PUMTI,ULTRALEVE,MARCOS A.S. SILVA,JEGVENTURA,ULAC,PISTÃO,550,2,2008,BRASIL,1
PUMVB,ULTRALEVE,AEROBRAVO LTDA,STOL CH 701,ULAC,PISTÃO,580,2,2008,BRASIL,1
PUNCC,ULTRALEVE,NULL,ADVENTURE,ULAC,PISTÃO,420,2,2003,BRASIL,1
PUNHP,ULTRALEVE,LABORTEC ENGENHARIA LTDA,PARADISE P-1,ULAC,PISTÃO,750,2,2010,BRASIL,1
PUNNI,ULTRALEVE,DESCONHECIDO,CONQUEST 180,ULAC,PISTÃO,650,2,2004,BRASIL,1
PUNRY,ULTRALEVE,NILSON ROBERTO YAMAÃ‡AKE,VENTURA,ULAC,PISTÃO,600,2,2011,BRASIL,1
PUOCE,ULTRALEVE,NULL,CONQUEST 180,ULAC,PISTÃO,650,2,2007,BRASIL,1
PUODE,ULTRALEVE,DESCONHECIDO,GREAT BLK.HAWK,ULAC,PISTÃO,390,2,2009,BRASIL,1
PUODJ,ULTRALEVE,DESCONHECIDO,ADVENTURE,ZZZZ,PISTÃO,495,NULL,NULL,BRASIL,1
PUOGL,ULTRALEVE,DESCONHECIDO,CONQUEST 180,ULAC,PISTÃO,750,1,2008,BRASIL,1
PUOGS,ULTRALEVE,OGLACIR ALVES SPENCE,AA-2120,ULAC,PISTÃO,580,2,2010,BRASIL,1
PUOLC,ULTRALEVE,LOUIS CRAIG WOODSON HARTMAN,PARADISE P1,ULAC,PISTÃO,750,2,2012,BRASIL,1
PUOOO,ULTRALEVE,DESCONHECIDO,KOLBFLYER,ULAC,PISTÃO,598,2,2009,BRASIL,1
PUOPA,ULTRALEVE,ALMIR JAMAS BARBOSA,SUPER PETREL LS,ULAC,PISTÃO,600,2,2011,BRASIL,1
PUOSB,ULTRALEVE,EDRA,SUPER PETREL LS,ULAC,PISTÃO,600,2,2013,BRASIL,1
PUOSM,ULTRALEVE,DESCONHECIDO,SEAMAX M22,ULAC,PISTÃO,600,2,2009,BRASIL,1
PUOVC,ULTRALEVE,DESCONHECIDO,PELICAN 500BR,ULAC,PISTÃO,480,2,2002,BRASIL,1
PUPAG,ULTRALEVE,NULL,ULTRALEVE,ULAC,PISTÃO,300,2,1995,BRASIL,1
PUPAI,ULTRALEVE,VECTOR ULTRALIGHT,FOX ADVANCED,ULAC,PISTÃO,417,2,1994,BRASIL,1
PUPCA,ULTRALEVE,DESCONHECIDO,CONQUEST 210,ULAC,PISTÃO,750,2,2007,BRASIL,1
PUPCM,ULTRALEVE,DESCONHECIDO,ZENITH CH 701,ULAC,PISTÃO,435,2,1991,BRASIL,1
PUPDR,ULTRALEVE,EVALDO TORRES SANTOS,CAP-TAIN,ULAC,PISTÃO,620,2,2011,BRASIL,1
PUPEK,ULTRALEVE,EDRA,SUPER PETREL LS,ZZZZ,PISTÃO,600,2,2012,BRASIL,1
PUPEN,ULTRALEVE,DESCONHECIDO,FOX II,ULAC,PISTÃO,417,2,1990,BRASIL,1
PUPFU,ULTRALEVE,FLYER,RANS S6ESCOIOTE,ULAC,PISTÃO,510,2,1999,BRASIL,1
PUPIC,ULTRALEVE,DANIEL DO PRADO FERREIRA PINTO,BRAVO 700,ULAC,PISTÃO,550,2,2010,BRASIL,1
PUPNM,ULTRALEVE,MICROLEVE COMERCIO E INDUSTRIA LTDA,ML 400T,ULAC,PISTÃO,440,2,1994,BRASIL,1
PUPOT,ULTRALEVE,DESCONHECIDO,POTY,ULAC,PISTÃO,550,2,2009,BRASIL,1
PUPPC,ULTRALEVE,PAULO CESAR CASTRO MOURA,DYNAMIC WT-9,ULAC,PISTÃO,560,2,2010,BRASIL,1
PUPPP,ULTRALEVE,EDRA,DYNAMIC WT-9,ULAC,PISTÃO,600,2,2012,BRASIL,1
PUPPY,ULTRALEVE,DESCONHECIDO,PARADISE,ULAC,PISTÃO,480,2,2002,BRASIL,1
PUPRI,ULTRALEVE,FLYER,RANS COYOTE,ULAC,PISTÃO,510,2,1997,BRASIL,1
PUPRP,ULTRALEVE,LUIZ MARCELO S. SALGADO,SEAMAX M22,ULAC,PISTÃO,600,2,2010,BRASIL,1
PUPSF,ULTRALEVE,NULL,ORION F1-A,ULAC,PISTÃO,450,2,2004,BRASIL,1
PUPYM,ULTRALEVE,NULL,SEAMAX M22,ULAC,PISTÃO,600,2,2009,BRASIL,1
PURAK,ULTRALEVE,AEROBRAVO,BRAVO 700,ULAC,PISTÃO,550,2,2012,BRASIL,1
PURBR,ULTRALEVE,AEROBRAVO,BRAVO 700,ULAC,PISTÃO,600,2,2013,BRASIL,1
PURCJ,ULTRALEVE,NULL,TRIKE CX,ULAC,PISTÃO,355,2,2002,BRASIL,1
PURCR,ULTRALEVE,DESCONHECIDO,CARCARA I,ULAC,PISTÃO,377,2,2003,BRASIL,1
PURDC,ULTRALEVE,FLYER,PELICAN 500BR,ULAC,PISTÃO,600,2,2007,BRASIL,1
PURDI,ULTRALEVE,ROBSON DIAS LIMA,EXCEL CARGO,ULAC,PISTÃO,750,2,2011,BRASIL,1
PURGC,ULTRALEVE,DESCONHECIDO,RANSCOYOTE S6ES,ULAC,PISTÃO,410,2,1997,BRASIL,1
PURHM,ULTRALEVE,NULL,FOX II,ULAC,PISTÃO,417,2,1990,BRASIL,1
PURHR,ULTRALEVE,ROMULO ARAUJO / HUGO FREIRE M JUNIOR,PARADISE P-1,ULAC,PISTÃO,750,2,2011,BRASIL,1
PURID,ULTRALEVE,DESCONHECIDO,BRAVO 700,ULAC,PISTÃO,500,2,1998,BRASIL,1
PURIK,ULTRALEVE,ORION LTDA,ORION CLIPPER,ULAC,PISTÃO,520,2,2009,BRASIL,1
PURIZ,ULTRALEVE,NULL,CONQUEST 180,ULAC,PISTÃO,750,2,2009,BRASIL,1
PURJM,ULTRALEVE,SALUSTINO REFEIÇÕES LTDA ME,RV-9A,ULAC,PISTÃO,750,2,2011,BRASIL,1
PURJO,ULTRALEVE,CAIO C J JORDAO,CONQUEST 180,ULAC,PISTÃO,750,2,2009,BRASIL,1
PURKK,ULTRALEVE,DESCONHECIDO,RK-2,ULAC,PISTÃO,595,1,2009,BRASIL,1
PURKL,ULTRALEVE,ROBERTO KELLER,FEELING,ULAC,PISTÃO,500,2,2005,BRASIL,1
PURME,ULTRALEVE,DESCONHECIDO,P2002 SIERRA,ULAC,PISTÃO,550,2,2006,BRASIL,1
PURMR,ULTRALEVE,VECTOR ULTRALIGHT,FOX V5 ADVANCED,ULAC,PISTÃO,399,2,1993,BRASIL,1
PURPC,AVIÃO,MONTAER LTDA,MONTAER MC01,AT3T,PISTÃO,600,2,2019,BRASIL,1
PURPI,ULTRALEVE,ANTONIO CARLOS RODRIGUES,PATRIOT,ULAC,PISTÃO,600,2,2010,BRASIL,1
PURTD,ULTRALEVE,JOSE SALVADOR CARLOS CAMPANHA,TL-3000 Sirius,ULAC,PISTÃO,600,2,2010,BRASIL,1
PURVA,ULTRALEVE,FLYER INDUSTRIA AERONAUTICA LTDA,RV-9A,ULAC,PISTÃO,735,2,2007,BRASIL,1
PURVX,ULTRALEVE,FLYER INDUSTRIA AERONAUTICA LTDA,RV-9A,ULAC,PISTÃO,750,2,2008,BRASIL,1
PURVY,ULTRALEVE,FLYER,RV-9A,ULAC,PISTÃO,750,2,2008,BRASIL,1
PURVZ,ULTRALEVE,DESCONHECIDO,RV-9A,ULAC,PISTÃO,750,2,2007,BRASIL,1
PUSAA,ULTRALEVE,FLYER IND AERONAUTICA LTDA,HIDROFLYER,ULAC,PISTÃO,475,0,1995,BRASIL,1
PUSAX,ULTRALEVE,AEROBRAVO,PATRIOT,ULAC,PISTÃO,600,2,2008,BRASIL,1
PUSBN,ULTRALEVE,ANTONIO SERGIO NETO,VIMANA R-12,ULAC,PISTÃO,520,2,2005,BRASIL,1
PUSCS,ULTRALEVE,SERGIO LEMOS SOLHA,PIX,ULAC,PISTÃO,352,1,2002,BRASIL,1
PUSED,ULTRALEVE,DESCONHECIDO,KOLB FLYER SS,ULAC,PISTÃO,650,2,2009,BRASIL,1
PUSEH,ULTRALEVE,HENRIQUE DRUMOND LIMA DE OLIVEIRA,PARADISE P-1,ULAC,PISTÃO,750,2,2010,BRASIL,1
PUSGA,ULTRALEVE,NULL,PELICAN 500BR,ULAC,PISTÃO,600,2,2007,BRASIL,1
PUSHO,ULTRALEVE,FLYER,RV-4,ULAC,PISTÃO,700,2,2004,BRASIL,1
PUSIL,ULTRALEVE,DESCONHECIDO,PELICAN 500BR,ULAC,PISTÃO,540,2,2003,BRASIL,1
PUSJB,AVIÃO,ZENAIR,STOL CH 701,ZZZZ,PISTÃO,0,2,2025,BRASIL,1
PUSLP,ULTRALEVE,(INPAER) INDÚSTRIA PAULISTA DE AERONÁUTICA,CONQUEST 180 LSA,ZZZZ,PISTÃO,600,0,2014,BRASIL,1
PUSLT,ULTRALEVE,TECNAM,P2008,ZZZZ,PISTÃO,600,2,2011,BRASIL,1
PUSMN,ULTRALEVE,NULL,AA-155 Q.L. II,ULAC,PISTÃO,500,2,2009,BRASIL,1
PUSNP,ULTRALEVE,JOSE CALEIDE,PARADISE I,ULAC,PISTÃO,720,2,2008,BRASIL,1
PUSNX,ULTRALEVE,SONEX LTDA,SONEX,ULAC,PISTÃO,300,2,2002,BRASIL,1
PUSOO,ULTRALEVE,POLISAT TRANSPORTE E ARMAZENS GERAIS LTD,PARADISE P-1,ULAC,PISTÃO,750,2,2010,BRASIL,1
PUSOR,ULTRALEVE,EURIPIDES MOURA FERREIRA FILHO,FOX NEWSTAR V7,ULAC,PISTÃO,600,2,2012,BRASIL,1
PUSPE,ULTRALEVE,NULL,PETREL,ULAC,PISTÃO,500,2,2007,BRASIL,1
PUSPX,ULTRALEVE,SAVIO PEDROTTI,CONQUEST 180,ULAC,PISTÃO,750,2,2010,BRASIL,1
PUSRG,ULTRALEVE,DESCONHECIDO,P92 ECHO SUPER,ULAC,PISTÃO,550,2,2008,BRASIL,1
PUSRT,ULTRALEVE,PATRICIA VIEIRA DE MELLO,CONQUEST 180,ULAC,PISTÃO,750,2,2010,BRASIL,1
PUSSA,ULTRALEVE,RUBENS ANTONIO AZEVEDO,RV-9A,ULAC,PISTÃO,740,2,2011,BRASIL,1
PUSSR,ULTRALEVE,DESCONHECIDO,VIRUS,ULAC,PISTÃO,472,1,2009,BRASIL,1
PUSTB,ULTRALEVE,DESCONHECIDO,SAVANNAH-S,ULAC,PISTÃO,600,NULL,NULL,BRASIL,1
PUSTF,ULTRALEVE,REMOS AIRCRAFT,REMOS GX,ZZZZ,PISTÃO,600,2,2012,BRASIL,1
PUSUC,ULTRALEVE,EDRA,SUPER PETREL LS,ULAC,PISTÃO,600,2,2012,BRASIL,1
PUSUN,ULTRALEVE,DESCONHECIDO,CONQUEST 180,ULAC,PISTÃO,650,2,2005,BRASIL,1
PUTBH,ULTRALEVE,NULL,ADVENTURE,ULAC,PISTÃO,420,2,2005,BRASIL,1
PUTBW,ULTRALEVE,NULL,ADVENTURE,ULAC,PISTÃO,420,2,2007,BRASIL,1
PUTDE,ULTRALEVE,TRIKE ICAROS LTDA,ADVENTURE,ULAC,PISTÃO,420,2,2008,BRASIL,1
PUTDP,ULTRALEVE,NULL,ADVENTURE,ULAC,PISTÃO,420,2,2008,BRASIL,1
PUTDT,ULTRALEVE,TRIKE ICAROS,ADVENTURE,ULAC,PISTÃO,450,1,0,BRASIL,1
PUTDV,ULTRALEVE,ISMAEL FERNANDES NUNES JUNIOR,ADVENTURE,ULAC,PISTÃO,420,2,2011,BRASIL,1
PUTEG,ULTRALEVE,NULL,ADVENTURE,ULAC,PISTÃO,420,2,2009,BRASIL,1
PUTFL,ULTRALEVE,JOAO LUIZ FAUSTINO,ADVENTURE,ULAC,PISTÃO,420,2,2011,BRASIL,1
PUTFM,ULTRALEVE,FLYER,COYOTE II,ULAC,PISTÃO,443,2,1996,BRASIL,1
PUTHG,ULTRALEVE,TARSO GOROZEVSKI,CORSARIO MK5,ULAC,PISTÃO,550,2,2011,BRASIL,1
PUTIS,ULTRALEVE,DESCONHECIDO,P92 ECHO,ULAC,PISTÃO,550,2,2002,BRASIL,1
PUTJF,ULTRALEVE,TACILLO JACOB FROHLICH,D3,ULAC,PISTÃO,579,2,2003,BRASIL,1
PUTKK,ULTRALEVE,DESCONHECIDO,ADVENTURE,ULAC,PISTÃO,420,2,2005,BRASIL,1
PUTLW,ULTRALEVE,ITARO SARABANDA WALKER,TL-2000 STING,ULAC,PISTÃO,600,2,2008,BRASIL,1
PUTMV,ULTRALEVE,TRIKE ICAROS LTDA,Adventure,ULAC,PISTÃO,450,2,2012,BRASIL,1
PUTNT,ULTRALEVE,DESCONHECIDO,RANS S-9,ULAC,PISTÃO,308,1,1998,BRASIL,1
PUTOP,ULTRALEVE,FLYER,PELICAN 500BR,ULAC,PISTÃO,650,2,2007,BRASIL,1
PUTRB,ULTRALEVE,TRIKE ICAROS,ADVENTURE,ULAC,PISTÃO,420,2,2005,BRASIL,1
PUTRR,ULTRALEVE,DESCONHECIDO,ADVENTURE,ULAC,PISTÃO,420,2,2007,BRASIL,1
PUTRV,ULTRALEVE,THIAGO RODRIGO VENTURA GOMES,PEGASUS IB-02,ULAC,PISTÃO,550,1,2008,BRASIL,1
PUTTB,ULTRALEVE,TRINCHETTE PARTICIPAÇÕE S.A.,BRAVO 700,ULAC,PISTÃO,550,2,2009,BRASIL,1
PUTUK,ULTRALEVE,ANDERSON BRITO SPINELLI,PARADISE P-1,ULAC,PISTÃO,750,2,2011,BRASIL,1
PUTZS,AVIÃO,JOÃO FERRARI JUNIOR,SPORT TRAINER,ULAC,PISTÃO,735,2,2013,BRASIL,1
PUUAM,ULTRALEVE,DESCONHECIDO,SKYPAX,ULAC,PISTÃO,650,2,2003,BRASIL,1
PUUFV,AVIÃO,MONTAER LTDA,MC01,ZZZZ,PISTÃO,600,2,2016,BRASIL,1
PUULI,ULTRALEVE,EDRA,PATURI 912,ULAC,PISTÃO,600,2,1998,BRASIL,1
PUUMG,ULTRALEVE,DESCONHECIDO,CONQUEST 180,ULAC,PISTÃO,750,1,2008,BRASIL,1
PUURA,ULTRALEVE,MARIO CARLOS CARDOSO,MCC VENTURA,ULAC,PISTÃO,550,2,2010,BRASIL,1
PUUSS,ULTRALEVE,NULL,P2004 BRAVO,ULAC,PISTÃO,580,2,2007,BRASIL,1
PUVAI,ULTRALEVE,DESCONHECIDO,CONQUEST 180,ULAC,PISTÃO,710,2,2007,BRASIL,1
PUVAL,ULTRALEVE,NULL,VIMANA R-12,ULAC,PISTÃO,506,2,1998,BRASIL,1
PUVAS,ULTRALEVE,DESCONHECIDO,FAX V4,ULAC,PISTÃO,450,2,1991,BRASIL,1
PUVBC,ULTRALEVE,NULL,MISTRAL,ULAC,PISTÃO,450,2,1991,BRASIL,1
PUVDV,ULTRALEVE,DESCONHECIDO,T-51 MUSTANG,ULAC,PISTÃO,650,2,2007,BRASIL,1
PUVET,ULTRALEVE,FLAVIO GIMENIS FERNANDES,FOX VECTOR V6,ULAC,PISTÃO,420,2,2008,BRASIL,1
PUVGA,AVIÃO,EDRA,DYNAMIC WT9,ULAC,PISTÃO,600,2,2014,BRASIL,1
PUVJO,ULTRALEVE,NULL,CONQUEST 180,ULAC,PISTÃO,650,2,2007,BRASIL,1
PUVLC,ULTRALEVE,DESCONHECIDO,M22 FW,ZZZZ,PISTÃO,600,NULL,2014,BRASIL,1
PUVLE,ULTRALEVE,PARADISE,PARADISE P1 LSA,ZZZZ,PISTÃO,600,2,2013,BRASIL,1
PUVPR,ULTRALEVE,MIGUEL ANGELO STEFFAN DE SOUZA,FM250 VAMPIRE,ULAC,PISTÃO,473,2,2011,BRASIL,1
PUVRB,ULTRALEVE,TECNAM CONSTRUZIONI AERONAUTICHE,P92 ECHO 2000 RG,ULAC,PISTÃO,525,2,2001,BRASIL,1
PUVSB,ULTRALEVE,NULL,RANS S6,ULAC,PISTÃO,510,0,0,BRASIL,1
PUVSM,ULTRALEVE,MAURICIO WIECHMANN CATAI,DYNAMIC WT-9,ULAC,PISTÃO,560,2,2011,BRASIL,1
PUVTC,AVIÃO,GFLY INDÚSTRIA AERONÁUTICA LTDA,ANGEL,ZZZZ,PISTÃO,600,2,2017,BRASIL,1
PUVVB,ULTRALEVE,DESCONHECIDO,RV-9 A,ULAC,PISTÃO,750,2,2007,BRASIL,1
PUVVS,AVIÃO,TRIKE ICAROS,ADVENTURE,ZZZZ,PISTÃO,495,2,2016,BRASIL,1
PUVVV,ULTRALEVE,NULL,VENTURA TOO,ULAC,PISTÃO,570,2,2007,BRASIL,1
PUWAD,AVIÃO,TECNAM Construzione Aeronautiche,P92 Echo Light,ZZZZ,PISTÃO,500,2,2013,BRASIL,1
PUWCB,ULTRALEVE,DESCONHECIDO,CTU,ULAC,PISTÃO,560,0,0,BRASIL,1
PUWCW,ULTRALEVE,AEROBRAVO,BRAVO700,ULAC,PISTÃO,600,2,2012,BRASIL,1
PUWFA,ULTRALEVE,DESCONHECIDO,FASCINATION,ULAC,PISTÃO,500,2,2002,BRASIL,1
PUWHM,ULTRALEVE,JOSE ANTONIO ZATTAR JR,NYNJA,ULAC,PISTÃO,472,2,2012,BRASIL,1
PUWMW,ULTRALEVE,DESCONHECIDO,KF-IV,ULAC,PISTÃO,550,2,1992,BRASIL,1
PUWNM,ULTRALEVE,DESCONHECIDO,FOX II,ULAC,PISTÃO,417,2,1990,BRASIL,1
PUWRG,ULTRALEVE,DESCONHECIDO,FLYER GT,ULAC,PISTÃO,460,2,1990,BRASIL,1
PUWYE,ULTRALEVE,FLYER,PELICAN 500BR,ULAC,PISTÃO,480,2,2000,BRASIL,1
PUXAC,ULTRALEVE,DESCONHECIDO,AC-16,ULAC,PISTÃO,520,2,2006,BRASIL,1
PUXIK,ULTRALEVE,FRANCISCO BRAGANTE JUNIOR,ALTO HENKEL,ULAC,PISTÃO,600,2,2011,BRASIL,1
PUXOA,ULTRALEVE,NULL,IBIS GS 700,ULAC,PISTÃO,570,2,2008,BRASIL,1
PUXRV,ULTRALEVE,NULL,RV-9A,ULAC,PISTÃO,735,2,2004,BRASIL,1
PUXXX1,ULTRALEVE,MAULE AIRCRAFT,ULTRALEVE,NULL,PISTÃO,0,0,0,BRASIL,1
PUXXX15,AVIÃO,KORTH SIMEON R \\t,KORTH-CUBBY,A569E,PISTÃO,734,2,2004,BRASIL,1
PUXXX17,TRIKE,DESCONHECIDO,NULL,NULL,PISTÃO,0,0,0,BRASIL,1
PUXXX6,ULTRALEVE,DESCONHECIDO,NULL,NULL,PISTÃO,0,NULL,0,BRASIL,1
PUXYZ,ULTRALEVE,PAULO CESAR OLENSCKI,ULTRALEVE,ULAC,PISTÃO,674,2,2003,BRASIL,1
PUYAN,ULTRALEVE,ANTONINO MOTA,KOLBFLYER SS,ULAC,PISTÃO,650,2,2011,BRASIL,1
PUZBI,AVIÃO,AEROÁLCOOL TECNOLOGIA,AA-155,NULL,PISTÃO,500,2,2018,BRASIL,1
PUZBO,ULTRALEVE,VERA LUCIA NICIOLI,RV-9A,ULAC,PISTÃO,750,2,2013,BRASIL,1
PUZCQ,ULTRALEVE,ANTONIO CELSO QUEIROZ BORBOREMA,RV-9A,ULAC,PISTÃO,750,2,2009,BRASIL,1
PUZEM,ANFÍBIO,MICROLEVE,CORSARIO MK V,ULAC,PISTÃO,550,2,2006,BRASIL,1
PUZEP,ULTRALEVE,CLINICA MEDICA PRIETO & ANTUNES LTDA.,AA-155,ULAC,PISTÃO,500,2,2011,BRASIL,1
PUZEZ,ULTRALEVE,NULL,PELICAN 500BR,ULAC,PISTÃO,480,2,2000,BRASIL,1
PUZFL,ULTRALEVE,NULL,FLOPES,ULAC,PISTÃO,477,2,2003,BRASIL,1
PUZMZ,ULTRALEVE,FLYER,PELICAN 500BR,ULAC,PISTÃO,600,2,2006,BRASIL,1
PUZOD,ULTRALEVE,DESCONHECIDO,CH 601 XL,ULAC,PISTÃO,650,2,2006,BRASIL,1
PUZRM,ULTRALEVE,SERGIO MAURO,CP-750 BERYL,ULAC,PISTÃO,750,2,1991,BRASIL,1
PUZUM,AVIÃO,VANS,RV-04,*,TURBOÉLICE,680,2,NULL,BRASIL,1
PUZUZ,ULTRALEVE,EDRA,SUPER PETREL LS,ULAC,PISTÃO,600,2,2012,BRASIL,1
PUZZB,ULTRALEVE,EDRA,PETREL AV12,ULAC,PISTÃO,50,1,1995,BRASIL,1
PUZZC,ULTRALEVE,LUCAS ZANELLO,GLASTAR TRICICL,ULAC,PISTÃO,750,2,2009,BRASIL,1
PUZZZ,ULTRALEVE,ULTRALEGER,MISTRAL,ULAC,PISTÃO,395,2,1995,BRASIL,1
RA0976G,DIRIGÍVEL,MAULE AIRCRAFT,NULL,SHIP,PISTÃO,250,0,0,RÚSSIA,1
SPBBP,DIRIGÍVEL,MAULE AIRCRAFT,NULL,SHIP,PISTÃO,250,0,0,POLÔNIA,1
XX-XXX,NULL,NULL,NULL,NULL,DESCONHECIDO,0,NULL,NULL,BRASIL,1
ZPBCA,AVIÃO,CESSNA AIRCRAFT,T206H,NULL,PISTÃO,1633,0,0,PARAGUAI,1
ZPBCH,AVIÃO,CESSNA AIRCRAFT,210M,C210,PISTÃO,1724,0,1976,PARAGUAI,1
ZPBCK,AVIÃO,CESSNA AIRCRAFT,C206,NULL,PISTÃO,1633,0,0,PARAGUAI,1
ZPBIL,AVIÃO,BEECH AIRCRAFT,B36TC,BE36,PISTÃO,1746,NULL,1997,PARAGUAI,1
ZPBLY,AVIÃO,PIPER AIRCRAFT,PA-32R-301,PA32,TURBOÉLICE,1633,NULL,1983,PARAGUAI,1
ZPTSS,AVIÃO,CESSNA AIRCRAFT,TU206G,NULL,PISTÃO,1633,0,0,PARAGUAI,1
ZUIXM,AVIÃO,NULL,THE AIRPLANE FACTORY SLING4,SLG4,TURBOÉLICE,700,0,0,ÁFRICA DO SUL,1
CCBEK,AVIÃO,AIRBUS,A321,NULL,JATO,83000,0,0,CHILE,0
CCCRG,AVIÃO,BOEING COMPANY,B-767,NULL,NULL,0,0,0,CHILE,0
CFVLX,AVIÃO,BOEING,B787,NULL,JATO,78000,0,0,CANADÁ,0
CGDUZ,AVIÃO,BOEING COMPANY,B763,NULL,NULL,0,0,0,CANADÁ,0
CP3151,AVIÃO,BOEING,737,NULL,JATO,80000,0,0,BOLÍVIA,0
CPU123,AVIÃO,BOEING COMPANY,B727 C,NULL,NULL,0,0,0,BOLÍVIA,0
CXB00,AVIÃO,BOEING COMPANY,B737,NULL,NULL,65990,0,0,URUGUAI,0
DABVR,AVIÃO,BOEING,747-431,B747,JATO,396895,0,1997,NÃO IDENTIFICADO,0
DABZA,AVIÃO,BOEING COMPANY,B7172,NULL,NULL,0,0,0,ALEMANHA,0
FAP2035,AVIÃO,CESSNA AIRCRAFT,C-212,NULL,PISTÃO,0,0,0,FRANÇA,0
FGSQV,AVIÃO,BOEING COMPANY,777-328ER,NULL,JATO,263080,0,0,FRANÇA,0
FWNUI,AVIÃO,ATR - GIE AVIONS DE TRANSPORT RÉGIONAL,ATR 72-212A,NULL,TURBOÉLICE,22800,0,0,FRANÇA,0
HBIWP,AVIÃO,MCDONNELL DOUGLAS,MD-11,NULL,NULL,0,0,0,SUIÇA,0
LVBHF,AVIÃO,MCDONNELL DOUGLAS,MD82,NULL,NULL,67800,0,0,ARGENTINA,0
LVWMM,AVIÃO,DASSAULT AVIATION,FA20,NULL,NULL,0,0,0,ARGENTINA,0
LXJCV,AVIÃO,BOEING,B747-400,NULL,JATO,397000,0,0,LUXEMBURGO,0
N1762B,AVIÃO,MCDONNELL DOUGLAS,MD-11,NULL,NULL,0,0,0,ESTADOS UNIDOS,0
N1764B,AVIÃO,MCDONNELL DOUGLAS,MD-11,NULL,NULL,0,0,0,ESTADOS UNIDOS,0
N300R,AVIÃO,EMBRAER,E55P,NULL,NULL,0,0,0,ESTADOS UNIDOS,0
N360,AVIÃO,BOEING COMPANY,B763,NULL,NULL,0,0,0,ESTADOS UNIDOS,0
N379AA,AVIÃO,BOEING COMPANY,B763 N,NULL,NULL,0,0,0,ESTADOS UNIDOS,0
N4862R,AVIÃO,CESSNA AIRCRAFT,A188B,NULL,PISTÃO,0,0,0,ESTADOS UNIDOS,0
N535MC,AVIÃO,BOEING COMPANY,B74720,NULL,NULL,0,0,0,ESTADOS UNIDOS,0
N537MC,AVIÃO,BOEING COMPANY,B747 N,NULL,NULL,0,0,0,ESTADOS UNIDOS,0
N542LA,AVIÃO,BOEING,767,NULL,JATO,129000,0,0,BRASIL,0
N67052,AVIÃO,BOEING COMPANY,B767-400,NULL,JATO,179000,0,0,ESTADOS UNIDOS,0
N726AV,AVIÃO,AIRBUS,A319-115,NULL,JATO,75500,0,0,ESTADOS UNIDOS,0
N730AN,AVIÃO,BOEING,B777-32ER,NULL,JATO,351,0,0,ESTADOS UNIDOS,0
N814A,AVIÃO,BOEING,787-800,NULL,JATO,0,0,0,ESTADOS UNIDOS,0
N87070,AVIÃO,MCDONNELL DOUGLAS,MD-11,NULL,NULL,0,0,0,ESTADOS UNIDOS,0
N901AR,AVIÃO,BOEING,747-4R7F,NULL,NULL,0,0,1997,ESTADOS UNIDOS,0
N986AN,AVIÃO,BOEING COMPANY,B763 N,NULL,NULL,0,0,0,ESTADOS UNIDOS,0
NB56FT,AVIÃO,BOEING COMPANY,B74720,NULL,NULL,0,0,0,ESTADOS UNIDOS,0
PPCMC,AVIÃO,EMBRAER,EMB-500,E50P,JATO,4855,0,2017,BRASIL,0
PPFII,PLANADOR,INDÚSTRIA PARANAENSE DE ESTRUTURAS,IPE-02B,GLID,SEM TRAÇÃO,565,2,1988,BRASIL,0
PPFIJ,PLANADOR,INDÚSTRIA PARANAENSE DE ESTRUTURAS,IPE-02B,GLID,SEM TRAÇÃO,565,2,1988,BRASIL,0
PPFIM,PLANADOR,(IPAE) INDÚSTRIA PARANAENSE DE ESTRUTURAS,IPE-02B,GLID,SEM TRAÇÃO,565,2,1988,BRASIL,0
PPFIS,PLANADOR,INDÚSTRIA PARANAENSE DE ESTRUTURAS,IPE-02B,GLID,SEM TRAÇÃO,565,2,1988,BRASIL,0
PPFJF,PLANADOR,INDÚSTRIA PARANAENSE DE ESTRUTURAS,IPE-02B,GLID,SEM TRAÇÃO,565,2,1989,BRASIL,0
PPFJS,PLANADOR,INDÚSTRIA PARANAENSE DE ESTRUTURAS,IPE-02B,GLID,SEM TRAÇÃO,565,2,1989,BRASIL,0
PPFJX,PLANADOR,INDÚSTRIA PARANAENSE DE ESTRUTURAS,IPE-02B,GLID,SEM TRAÇÃO,565,2,1989,BRASIL,0
PPFJZ,PLANADOR,(IPAE) INDÚSTRIA PARANAENSE DE ESTRUTURAS,IPE-02B,GLID,SEM TRAÇÃO,565,2,1989,BRASIL,0
PPNUN,AVIÃO,BEECH AIRCRAFT,V35,BE35,PISTÃO,0,0,0,BRASIL,0
PPXVG,BALÃO,RVB BALÕES E INFLÁVEIS LTDA. ME,RVB-N77,BALL,SEM TRAÇÃO,550,2,2016,BRASIL,0
PPXZB,PLANADOR,SHEMPP-HIRTH FLUGZEUBAU,NIMBUS 3D PLAN.,ZZZZ,NULL,750,0,0,BRASIL,0
PPZBO,BALÃO,GOLFIER BALLOONS LTDA.,G32-10000,BALL,SEM TRAÇÃO,2500,18,2022,BRASIL,0
PPZDK,PLANADOR,DESCONHECIDO,SZD 51 1,ULAC,SEM TRAÇÃO,380,1,1989,BRASIL,0
PPZEG,PLANADOR,NULL,FALCON G3,ULAC,SEM TRAÇÃO,340,1,1988,BRASIL,0
PPZKV,AVIÃO,EMBRAER,EMB-402,NULL,NULL,0,0,0,BRASIL,0
PPZLG,BALÃO,DESCONHECIDO,BALAO M 36,BALL,SEM TRAÇÃO,950,6,1988,BRASIL,0
PPZQR,PLANADOR,QUINTINO ROMAGNA FILHO,QR-15P LARUS,ZZZZ,SEM TRAÇÃO,450,1,2013,BRASIL,0
PRAKO,AVIÃO,ATR - GIE AVIONS DE TRANSPORT RÉGIONAL,ATR-72-212A (600),AT76,TURBOÉLICE,22000,0,2021,BRASIL,0
PRBBK,AVIÃO,CIRRUS DESIGN,SR22,SR22,PISTÃO,1633,0,2014,BRASIL,0
PRCRZ,AVIÃO,PIPER AIRCRAFT,PA-WNE,NULL,NULL,1315,0,0,BRASIL,0
PRJKM,HELICÓPTERO,SIKORSKY AIRCRAFT,S-92A,NULL,TURBOEIXO,12020,0,2013,BRASIL,0
PRKAJ,AVIÃO,GROB AIRCRAFT,TWIN ASTIR,GLID,SEM TRAÇÃO,650,0,1978,BRASIL,0
PRMRE,AVIÃO,CIRRUS DESIGN,SR22,SR22,PISTÃO,1633,0,2020,BRASIL,0
PRNJH,AVIÃO,TWIN COMMANDER,690B,AC90,TURBOÉLICE,4683,7,1979,BRASIL,0
PRTFT,AVIÃO,PIPER AIRCRAFT,PA-34-200T,PA34,TURBOÉLICE,2073,6,1978,BRASIL,0
PSCNE,AVIÃO,CESSNA AIRCRAFT,208B,NULL,TURBOÉLICE,4110,0,2022,BRASIL,0
PSGPR,AVIÃO,BOEING COMPANY,727-C3,B721,NULL,76657,0,0,BRASIL,0
PSUNI,AVIÃO,TEXTRON AVIATION,C90GTI,NULL,TURBOÉLICE,4581,0,0,BRASIL,0
PTMBR,AVIÃO,HAWKER BEECHCRAFT,G58,BE58,PISTÃO,2495,0,2013,BRASIL,0
PTPAZ,PLANADOR,LAISTER-KAUFFMAN,LK-10A,GLID,SEM TRAÇÃO,397,2,1945,BRASIL,0
PTPEK,PLANADOR,CAPRONI VIZZOLA,CALIF A21S,GLID,SEM TRAÇÃO,644,2,1977,BRASIL,0
PTPFG,PLANADOR,EIRI-AVION,PIK-20D,GLID,SEM TRAÇÃO,450,1,1979,BRASIL,0
PTPFH,PLANADOR,INDÚSTRIA PARANAENSE DE ESTRUTURAS,KW1,GLID,SEM TRAÇÃO,280,1,1981,BRASIL,0
PTPFO,PLANADOR,INDÚSTRIA PARANAENSE DE ESTRUTURAS,KW1,GLID,SEM TRAÇÃO,280,1,1980,BRASIL,0
PTPIW,PLANADOR,PZL-BIELSKO,SZD-48-1,GLID,SEM TRAÇÃO,535,1,1982,BRASIL,0
PTPJD,PLANADOR,ALEXANDER SCHLEICHER,ASW20,GLID,SEM TRAÇÃO,454,1,1982,BRASIL,0
PTPJE,PLANADOR,GROB AIRCRAFT,G103,GLID,SEM TRAÇÃO,580,2,1983,BRASIL,0
PTPJJ,PLANADOR,INDÚSTRIA PARANAENSE DE ESTRUTURAS,KW1,GLID,SEM TRAÇÃO,280,1,1983,BRASIL,0
PTPJX,PLANADOR,(IPAE) INDÚSTRIA PARANAENSE DE ESTRUTURAS,KW1,GLID,SEM TRAÇÃO,280,1,1983,BRASIL,0
PTPKA,PLANADOR,(IPAE) INDÚSTRIA PARANAENSE DE ESTRUTURAS,KW1,GLID,SEM TRAÇÃO,280,1,1983,BRASIL,0
PTPKD,PLANADOR,INDÚSTRIA PARANAENSE DE ESTRUTURAS,KW1,GLID,SEM TRAÇÃO,280,1,1983,BRASIL,0
PTPKX,PLANADOR,INDÚSTRIA PARANAENSE DE ESTRUTURAS,KW1,GLID,SEM TRAÇÃO,280,1,1984,BRASIL,0
PTPOE,PLANADOR,PZL-BIELSKO,SZD-48-3,GLID,SEM TRAÇÃO,540,1,1987,BRASIL,0
PTPOH,PLANADOR,PZL-BIELSKO,SZD-48-3,GLID,SEM TRAÇÃO,540,1,1989,BRASIL,0
PTPOI,PLANADOR,PZL-BIELSKO,SZD-48-3,GLID,SEM TRAÇÃO,540,1,1989,BRASIL,0
PTPPA,PLANADOR,LET AIRCRAFT,L23,GLID,SEM TRAÇÃO,510,2,1993,BRASIL,0
PTTHK,AVIÃO,EMBRAER,E50P,NULL,NULL,4520,0,0,BRASIL,0
PTZAZ,AVIÃO,NULL,PA-24-310 AVIAO,ZZZZ,NULL,680,0,0,BRASIL,0
PTZLT,AVIÃO,DESCONHECIDO,P64B,ZZZZ,NULL,1100,0,0,BRASIL,0
PUDSJ,NULL,DESCONHECIDO,NULL,NULL,NULL,0,0,0,BRASIL,0
PUGKA,ULTRALEVE,ARNALDO HENRIQUE GERALDO REIJERS,STOLKING,ULAC,PISTÃO,700,0,2016,BRASIL,0
PUIMG,ULTRALEVE,FABRICACAO PROPRIA,NULL,NULL,NULL,0,0,0,BRASIL,0
PUJAM,ULTRALEVE,DESCONHECIDO,NULL,ULAC,NULL,0,0,0,BRASIL,0
