codigo_ocorrencia,taxonomia_tipo_icao
28256,LALT
28335,CFIT
28355,SCF-NP-2
28375,CTOL
28377,SCF-PP-1
28379,CFIT
28381,UNK
28395,SCF-NP-2
28437,SCF-PP-1
28455,CTOL
28475,ARC-1
28575,LOC-I
28615,CTOL
28617,SCF-PP-1
28636,GCOL
28637,ARC-1
28735,CTOL
28775,SCF-PP-1
28795,SCF-PP-1
28815,SCF-PP-1
28915,CTOL
28935,LOC-G
28955,CTOL
29095,SCF-PP-3
29159,ARC-1
29161,RE-1
29175,SCF-PP-1
29195,LOC-G
29215,SCF-PP-1
29216,SCF-PP-1
29218,CTOL
29255,CFIT
29495,SCF-PP-1
29535,LOC-I
29555,LOC-I
29595,GCOL
29618,SCF-NP-1
29619,OTHR-16
29635,GCOL
29636,SCF-NP-1
29655,LOC-G
29677,SCF-NP-1
29678,SCF-NP-1
29715,GCOL
29735,BIRD
29736,RE-1
29775,LOC-I
29776,SCF-NP-3
29795,GCOL
29796,GCOL
29855,CTOL
29858,OTHR-1
29859,LOC-G
29860,LOC-G
29861,SCF-PP-1
29895,SCF-PP-1
29915,LOC-G
29916,SCF-PP-1
29918,CTOL
29936,CTOL
29955,LOC-I
29995,LOC-G
30016,SCF-NP-3
30035,SCF-NP-3
30036,SCF-NP-1
30037,CTOL
30039,RE-1
30040,LOC-I
30041,LOC-I
30042,SCF-PP-1
30044,SCF-PP-1
30045,OTHR-13
30056,UNK
30057,UNK
30058,OTHR-1
30075,SCF-PP-1
30076,SCF-NP-4
30077,LOC-G
30095,SCF-NP-1
30096,LOC-G
30097,RE-1
30098,SCF-PP-4
30099,LOC-G
30100,BIRD
30179,SCF-PP-1
30180,LOC-I
30181,OTHR-6
30250,GCOL
30316,LOC-I
30335,SCF-PP-1
30415,UNK
30416,SCF-NP-1
30417,FUEL
30475,SCF-PP-1
30495,SCF-NP-1
30535,SCF-NP-3
30555,FUEL
30556,SCF-NP-1
30575,CTOL
30576,LOC-G
30595,LOC-G
30636,LOC-I
30640,ARC-2
30655,LOC-G
30656,SCF-PP-1
30658,SCF-PP-1
30677,SCF-PP-1
30678,ARC-1
30679,SCF-PP-1
30680,SCF-NP-5
30681,LOC-G
30879,SCF-PP-1
30895,LOC-I
30896,SCF-PP-1
30899,SCF-PP-3
31036,SCF-PP-1
31038,SCF-NP-3
31076,SCF-PP-1
31077,LOC-I
31078,LOC-I
31079,CTOL
31080,LOC-I
31081,SCF-PP-1
31120,SCF-NP-1
31121,SCF-NP-4
31123,OTHR-1
31128,LOC-I
31129,LOC-I
31176,SCF-PP-1
31197,LOC-I
31255,LOC-G
31255,RE-1
31275,SCF-PP-3
31276,CTOL
31277,LOC-I
31278,SCF-PP-1
31295,SCF-PP-1
31315,LOC-I
31316,LOC-I
31335,SCF-PP-1
31336,SCF-NP-4
31377,GCOL
31379,LOC-I
31395,OTHR-1
31396,SCF-PP-1
31415,LOC-I
31416,SCF-PP-1
31435,LOC-I
31455,SCF-PP-1
31456,LOC-G
31475,SCF-PP-1
31595,LOC-I
31662,SCF-PP-1
31675,LOC-I
31676,GCOL
31695,SCF-NP-3
31715,SCF-PP-1
31716,GCOL
31755,SCF-PP-1
31758,SCF-NP-1
31776,SCF-NP-1
31777,OTHR-16
31778,SCF-NP-1
31779,SCF-NP-1
31780,SCF-NP-6
31781,OTHR-3
31795,SCF-NP-1
31815,LOC-G
31816,SCF-NP-1
31817,SCF-NP-1
31818,SCF-NP-1
31819,SCF-NP-1
31821,SCF-NP-1
31822,SCF-NP-1
31823,SCF-NP-1
31824,SCF-NP-1
31825,SCF-NP-4
31826,OTHR-1
31827,SCF-NP-1
31828,SCF-NP-4
31829,SCF-NP-1
31835,SCF-PP-5
31836,SCF-PP-6
31837,SCF-PP-6
31838,OTHR-16
31855,OTHR-10
31856,CTOL
31857,OTHR-9
31858,SCF-NP-7
31859,SCF-PP-1
31860,CTOL
31861,CTOL
31863,LALT
31864,OTHR-1
31865,GCOL
31866,LOC-I
31867,LOC-I
31868,LOC-I
31869,ARC-2
31871,CTOL
31875,RE-2
31875,LOC-G
31935,BIRD
31936,GCOL
31937,OTHR-5
31938,SCF-PP-1
31975,LOC-I
31977,SCF-NP-3
31978,SCF-NP-12
31979,OTHR-16
31995,SCF-PP-1
32018,OTHR-1
32035,SCF-PP-1
32036,SCF-PP-1
32055,FUEL
32056,SCF-PP-1
32076,CTOL
32137,SCF-PP-1
32138,SCF-NP-4
32155,F-NI-1
32156,SCF-PP-1
32176,SCF-PP-1
32195,SCF-PP-1
32196,CTOL
32215,SCF-NP-4
32244,SCF-NP-1
32245,ARC-2
32246,SCF-NP-4
32275,SCF-NP-3
32276,OTHR-1
32277,OTHR-1
32278,OTHR-1
32279,OTHR-1
32280,SCF-PP-1
32281,SCF-NP-7
32284,LOC-I
32295,ARC-2
32335,SCF-NP-1
32355,LOC-I
32375,SCF-PP-1
32376,CFIT
32377,SCF-PP-1
32378,LOC-I
32379,OTHR-10
32380,LOC-I
32478,GCOL
32495,SCF-PP-1
32496,SCF-NP-1
32555,OTHR-1
32579,SCF-PP-1
32581,OTHR-5
32583,OTHR-3
32595,SCF-NP-1
32615,LOC-I
32635,ARC-1
32638,OTHR-1
32641,OTHR-13
32642,SCF-PP-3
32655,CTOL
32675,LOC-I
32676,OTHR-1
32896,SCF-PP-1
32897,GCOL
32916,GCOL
32916,RE-2
32917,ARC-2
32935,LOC-G
32975,SCF-NP-4
32997,OTHR-1
32999,SCF-NP-4
33021,OTHR-3
33024,SCF-NP-3
33035,OTHR-16
33055,SCF-NP-4
33056,SCF-NP-3
33076,SCF-NP-4
33077,LOC-I
33218,LOC-I
33219,SCF-PP-1
33220,LOC-G
33221,ARC-2
33222,SCF-PP-6
33223,SCF-PP-1
33256,SCF-NP-1
33275,SCF-NP-4
33276,OTHR-1
33277,OTHR-17
33278,SCF-NP-1
33279,LOC-G
33280,OTHR-13
33315,USOS-1
33335,SCF-PP-1
33336,LOC-G
33378,OTHR-13
33435,SCF-PP-1
33480,LOC-I
33595,OTHR-3
33735,SCF-PP-1
33835,LOC-G
33836,LOC-I
33855,SCF-NP-3
33856,SCF-NP-3
33918,SCF-PP-3
33919,SCF-NP-3
33922,SCF-NP-4
33936,SCF-NP-8
33937,SCF-NP-1
33938,SCF-NP-4
33941,BIRD
33942,BIRD
33955,BIRD
33975,BIRD
33976,BIRD
33977,BIRD
33978,BIRD
33979,MAC-1
33981,SCF-PP-1
33995,SCF-PP-1
33996,SCF-PP-1
34016,UNK
34035,SCF-NP-4
34036,BIRD
34037,LOC-G
34038,OTHR-13
34039,LOC-I
34040,SCF-PP-1
34075,LOC-G
34076,LOC-I
34077,SCF-NP-12
34078,LOC-G
34079,SCF-PP-6
34080,SCF-PP-1
34082,SCF-PP-1
34083,OTHR-1
34095,SCF-PP-1
34096,RE-1
34156,OTHR-13
34157,SCF-NP-3
34218,MAC-1
34235,SCF-PP-1
34255,SCF-NP-4
34256,SCF-NP-1
34257,SCF-PP-1
34258,SCF-PP-6
34276,MAC-1
34296,SCF-PP-6
34336,MAC-1
34339,LOC-G
34340,SCF-PP-1
34342,SCF-NP-1
34415,LOC-I
34416,OTHR-1
34435,ARC-1
34495,SCF-PP-1
34496,LOC-I
34497,FUEL
34498,CTOL
34500,OTHR-13
34501,SCF-PP-1
34502,LOC-G
34503,LOC-G
34515,SCF-PP-1
34516,LOC-I
34518,CTOL
34535,SCF-PP-1
34536,SCF-PP-1
34537,ARC-1
34538,FUEL
34539,LOC-I
34540,SCF-PP-1
34555,LOC-I
34575,SCF-PP-1
34596,CTOL
34616,SCF-NP-1
34635,ARC-2
34636,RE-2
34636,LOC-G
34637,OTHR-15
34639,SCF-PP-3
34641,ARC-1
34644,SCF-NP-9
34646,LOC-G
34647,GCOL
34648,OTHR-11
34649,SCF-NP-3
34650,OTHR-13
34651,SCF-NP-12
34652,SCF-NP-9
34653,ARC-1
34655,SCF-PP-1
34656,CFIT
34657,CTOL
34658,OTHR-1
34659,OTHR-13
34696,F-NI-1
34697,OTHR-13
34698,BIRD
34702,SCF-NP-4
34715,MAC-1
34716,SCF-NP-1
34717,SCF-NP-4
34718,OTHR-1
34735,SCF-NP-1
34736,MAC-1
34737,OTHR-1
34738,SCF-NP-1
34739,LOC-I
34740,SCF-NP-1
34741,SCF-NP-10
34742,BIRD
34743,BIRD
34755,CTOL
34775,LOC-G
34776,SCF-PP-1
34836,F-NI-1
34838,CTOL
34840,CFIT
34841,CFIT
34842,LOC-G
34844,LOC-I
34855,OTHR-13
34856,ARC-2
34858,LALT
34896,SCF-NP-4
34897,LOC-G
34898,OTHR-17
34899,SCF-PP-6
34915,SCF-PP-1
34935,SCF-PP-1
34936,SCF-PP-1
34955,CTOL
34956,SCF-PP-1
34975,SCF-NP-12
34976,BIRD
34977,OTHR-1
34978,OTHR-1
34979,SCF-NP-1
34996,SCF-NP-1
35016,SCF-PP-1
35035,LOC-G
35036,SCF-NP-3
35055,OTHR-3
35056,RE-1
35057,ARC-2
35058,SCF-NP-1
35059,CTOL
35060,SCF-PP-1
35076,F-NI-2
35077,GCOL
35175,LOC-G
35176,LOC-I
35182,FUEL
35195,LOC-G
35255,SCF-PP-1
35256,SCF-PP-1
35275,FUEL
35477,SCF-PP-1
35495,RE-1
35496,SCF-NP-1
35497,SCF-NP-7
35502,SCF-PP-1
35503,LOC-I
35515,SCF-PP-1
35537,SCF-NP-3
35538,SCF-NP-4
35539,SCF-PP-1
35540,LOC-G
35541,SCF-PP-1
35555,OTHR-1
35556,SCF-NP-3
35575,SCF-NP-1
35580,SCF-NP-1
35581,SCF-NP-1
35582,BIRD
35583,BIRD
35584,BIRD
35586,BIRD
35587,OTHR-10
35588,LOC-I
35589,BIRD
35590,BIRD
35591,BIRD
35595,SCF-NP-1
35596,BIRD
35597,SCF-NP-1
35598,BIRD
35599,SCF-NP-1
35601,SCF-NP-4
35602,LOC-G
35615,F-NI-3
35616,SCF-NP-4
35617,F-NI-3
35618,SCF-PP-1
35636,SCF-NP-1
35637,SCF-NP-1
35638,BIRD
35639,SCF-NP-8
35640,SCF-NP-10
35641,LOC-G
35642,SCF-NP-3
35657,LALT
35675,OTHR-7
35676,SCF-NP-12
35678,SCF-NP-3
35679,SCF-PP-1
35680,SCF-PP-1
35682,LOC-I
35683,LOC-G
35715,BIRD
35735,SCF-NP-1
35755,SCF-PP-1
35756,OTHR-18
35757,SCF-NP-1
35775,SCF-PP-1
35776,SCF-NP-1
35777,OTHR-3
35795,OTHR-5
35796,OTHR-3
35798,BIRD
35800,LOC-I
35835,SCF-NP-1
35836,SCF-NP-3
35837,SCF-NP-4
35838,SCF-NP-4
35839,SCF-NP-1
35840,SCF-NP-1
35855,SCF-NP-1
35857,SCF-NP-1
35858,SCF-NP-1
35860,BIRD
35862,BIRD
35863,BIRD
35876,BIRD
35877,SCF-NP-1
35878,SCF-NP-1
35916,SCF-PP-1
35939,OTHR-11
35941,SCF-PP-1
35942,UNK
35943,LOC-G
35944,OTHR-16
35955,SCF-NP-3
35975,SCF-NP-1
36035,LOC-I
36036,SCF-PP-1
36055,LOC-G
36056,LOC-I
36075,LOC-G
36076,SCF-PP-1
36077,SCF-PP-1
36078,GCOL
36097,OTHR-13
36136,SCF-PP-1
36138,GCOL
36215,FUEL
36216,ARC-2
36217,LOC-I
36218,SCF-NP-4
36235,BIRD
36236,SCF-PP-1
36238,SCF-NP-1
36240,BIRD
36244,BIRD
36246,BIRD
36255,SCF-NP-1
36256,SCF-NP-5
36259,OTHR-1
36260,MAC-1
36264,SCF-NP-1
36265,OTHR-5
36270,OTHR-16
36276,SCF-NP-4
36277,SCF-NP-1
36280,MAC-1
36281,BIRD
36282,MAC-1
36283,SCF-PP-1
36284,SCF-NP-1
36292,SCF-NP-1
36295,SCF-NP-1
36297,OTHR-5
36298,SCF-NP-3
36299,BIRD
36301,OTHR-5
36302,OTHR-16
36305,OTHR-5
36308,GCOL
36309,MAC-1
36313,SCF-NP-1
36314,SCF-PP-6
36315,F-NI-2
36318,SCF-NP-4
36320,OTHR-5
36326,MAC-1
36336,SCF-NP-4
36337,SCF-NP-4
36338,SCF-PP-3
36339,BIRD
36341,SCF-NP-3
36343,BIRD
36345,GCOL
36346,SCF-PP-1
36348,ARC-1
36352,SCF-NP-3
36353,SCF-NP-8
36354,OTHR-13
36355,LOC-G
36357,OTHR-1
36358,GCOL
36359,SCF-PP-1
36361,LOC-G
36363,BIRD
36365,OTHR-1
36367,SCF-NP-3
36368,ARC-1
36369,SCF-PP-1
36370,ARC-2
36371,SCF-NP-3
36372,SCF-NP-1
36373,OTHR-1
36374,SCF-NP-4
36375,ARC-1
36376,SCF-NP-8
36377,SCF-NP-1
36395,SCF-NP-4
36396,SCF-PP-1
36398,OTHR-1
36400,BIRD
36401,SCF-PP-1
36415,LOC-I
36416,SCF-NP-3
36418,SCF-NP-8
36419,SCF-NP-4
36420,LOC-G
36421,LOC-G
36422,CTOL
36424,GCOL
36425,SCF-PP-1
36426,SCF-NP-8
36428,LOC-G
36430,LOC-G
36432,SCF-NP-4
36434,SCF-PP-1
36435,SCF-NP-4
36437,SCF-PP-1
36438,CTOL
36440,SCF-NP-1
36442,SCF-NP-3
36445,OTHR-16
36447,LOC-G
36448,ARC-2
36449,LOC-G
36450,SCF-NP-4
36452,LOC-G
36453,LOC-G
36455,SCF-NP-4
36456,SCF-NP-4
36458,SCF-NP-3
36460,CTOL
36461,SCF-PP-1
36462,SCF-PP-1
36464,SCF-NP-4
36465,SCF-NP-12
36467,GCOL
36469,ARC-2
36471,UNK
36473,SCF-PP-1
36475,SCF-NP-3
36476,CTOL
36477,SCF-NP-4
36479,SCF-NP-4
36480,ARC-1
36481,SCF-PP-1
36495,OTHR-1
36496,BIRD
36497,SCF-NP-3
36498,SCF-NP-1
36500,SCF-NP-1
36501,OTHR-1
36515,SCF-NP-1
36516,SCF-NP-1
36517,SCF-NP-3
36518,OTHR-3
36535,SCF-NP-1
36536,SCF-PP-1
36556,OTHR-5
36557,SCF-NP-1
36559,SCF-NP-1
36560,OTHR-1
36561,GCOL
36562,F-NI-3
36564,SCF-PP-1
36575,SCF-NP-7
36576,OTHR-1
36578,SCF-NP-1
36579,SCF-NP-1
36580,SCF-NP-1
36581,SCF-NP-8
36582,BIRD
36585,SCF-NP-4
36586,BIRD
36587,SCF-NP-1
36595,SCF-NP-4
36596,SCF-NP-3
36597,SCF-NP-1
36598,LOC-G
36599,BIRD
36600,OTHR-16
36601,SCF-NP-1
36602,SCF-NP-1
36603,SCF-NP-4
36604,SCF-NP-1
36605,BIRD
36606,SCF-NP-4
36609,SCF-PP-1
36611,SCF-NP-1
36612,BIRD
36613,SCF-NP-1
36615,OTHR-5
36618,FUEL
36619,SCF-NP-4
36620,SCF-NP-1
36623,BIRD
36624,BIRD
36625,BIRD
36626,OTHR-16
36628,SCF-NP-1
36657,FUEL
36675,SCF-NP-3
36676,SCF-PP-1
36678,BIRD
36679,SCF-PP-1
36680,SCF-NP-4
36681,SCF-NP-4
36682,SCF-NP-3
36684,LOC-G
36685,LOC-G
36687,BIRD
36688,SCF-NP-3
36689,SCF-NP-1
36690,SCF-NP-1
36691,SCF-NP-1
36692,OTHR-1
36694,SCF-NP-3
36696,BIRD
36715,SCF-PP-1
36738,CTOL
36777,LOC-G
36795,LOC-G
36815,OTHR-11
36816,SCF-NP-1
36818,OTHR-13
36838,SCF-NP-1
36839,SCF-NP-5
36840,SCF-NP-1
36842,SCF-NP-3
36842,RE-2
36868,OTHR-16
36869,SCF-NP-1
36870,SCF-PP-1
36872,SCF-PP-1
36873,SCF-PP-6
36874,SCF-NP-3
36876,SCF-NP-4
36895,GCOL
36917,SCF-PP-1
36918,SCF-NP-4
36919,SCF-NP-1
36935,SCF-NP-1
36995,MAC-1
36996,LOC-G
37000,SCF-PP-1
37001,MAC-1
37016,MAC-1
37017,SCF-PP-1
37018,SCF-PP-1
37019,OTHR-1
37020,USOS-1
37038,BIRD
37043,SCF-PP-1
37045,SCF-NP-8
37048,SCF-NP-1
37049,BIRD
37050,SCF-NP-4
37115,SCF-NP-8
37175,SCF-PP-1
37176,OTHR-1
37178,SCF-NP-1
37179,OTHR-1
37180,SCF-NP-3
37182,LALT
37183,SCF-PP-1
37235,LOC-I
37236,SCF-NP-1
37237,SCF-NP-1
37238,SCF-NP-3
37239,BIRD
37315,GCOL
37357,CTOL
37375,ARC-2
37376,OTHR-3
37377,GCOL
37378,LOC-I
37379,CFIT
37416,BIRD
37435,SCF-PP-1
37457,OTHR-19
37459,SCF-NP-1
37461,SCF-PP-1
37462,LOC-G
37465,SCF-NP-5
37499,SCF-NP-4
37500,SCF-NP-1
37501,SCF-NP-1
37535,LOC-G
37536,SCF-PP-1
37555,SCF-PP-1
37577,CTOL
37578,USOS-1
37615,SCF-NP-4
37627,SCF-NP-1
37655,SCF-NP-1
37656,SCF-NP-1
37658,SCF-NP-1
37663,OTHR-1
37664,SCF-NP-4
37665,LOC-G
37667,BIRD
37669,SCF-NP-1
37676,SCF-NP-1
37678,SCF-NP-4
37695,SCF-NP-8
37696,SCF-NP-8
37697,SCF-NP-8
37702,BIRD
37715,BIRD
37736,OTHR-1
37755,LOC-G
37796,SCF-NP-3
37797,RI
37815,OTHR-1
37817,RE-2
37817,LOC-G
37818,LOC-G
37819,BIRD
37835,OTHR-1
37857,GCOL
37876,LOC-G
37877,MAC-1
37879,ARC-1
37896,SCF-NP-12
37897,SCF-NP-3
37898,SCF-PP-6
37899,OTHR-1
37917,BIRD
37918,SCF-NP-4
37995,SCF-NP-1
38035,F-NI-2
38055,ARC-2
38075,SCF-PP-1
38096,MAC-1
38097,SCF-NP-1
38098,SCF-NP-3
38100,SCF-NP-4
38101,SCF-NP-6
38102,SCF-NP-1
38103,SCF-NP-4
38115,LOC-G
38116,SCF-NP-1
38118,BIRD
38119,SCF-NP-3
38121,MAC-1
38122,BIRD
38137,SCF-NP-3
38176,SCF-PP-1
38200,OTHR-3
38215,BIRD
38221,LOC-G
38237,SCF-NP-12
38238,GCOL
38239,SCF-NP-3
38255,UNK
38278,LOC-G
38279,SCF-PP-1
38280,SCF-NP-12
38316,LOC-G
38335,ARC-1
38358,USOS-1
38359,SCF-PP-1
38375,SCF-PP-1
38376,LOC-G
38377,LOC-G
38378,LOC-G
38379,LOC-G
38395,OTHR-1
38396,OTHR-1
38397,BIRD
38399,SCF-NP-4
38400,SCF-NP-4
38401,ARC-1
38402,OTHR-16
38403,BIRD
38404,OTHR-1
38406,ARC-2
38408,SCF-NP-4
38416,OTHR-13
38417,LOC-G
38419,GCOL
38420,OTHR-3
38421,ARC-1
38423,SCF-PP-1
38425,OTHR-13
38426,SCF-PP-1
38475,SCF-PP-1
38495,LOC-G
38520,BIRD
38521,BIRD
38524,BIRD
38536,BIRD
38577,OTHR-3
38578,LALT
38579,SCF-NP-3
38581,SCF-NP-1
38583,BIRD
38584,BIRD
38615,SCF-NP-3
38635,LOC-I
38636,LOC-I
38638,LOC-I
38639,LOC-G
38641,FUEL
38643,LOC-G
38644,OTHR-1
38645,SCF-PP-1
38646,ARC-1
38647,OTHR-13
38655,FUEL
38656,LOC-I
38657,LOC-I
38658,LOC-I
38659,LOC-G
38660,RE-1
38675,SCF-PP-1
38677,SCF-PP-1
38815,LOC-G
38816,GCOL
38818,OTHR-3
38819,SCF-PP-1
38820,SCF-PP-1
38835,OTHR-1
38837,ARC-2
38838,LOC-I
38839,FUEL
38840,GCOL
38841,OTHR-13
38842,LOC-I
38843,OTHR-1
38844,ARC-2
38845,SCF-NP-10
38846,LOC-I
38855,LOC-I
38856,UNK
38875,LOC-G
38896,LOC-G
38915,SCF-NP-3
38936,SCF-NP-5
38955,SCF-PP-1
38956,LOC-G
38959,SCF-NP-12
38995,FUEL
39015,CTOL
39115,FUEL
39155,SCF-NP-9
39156,F-NI-1
39158,SCF-PP-5
39176,SCF-NP-1
39178,SCF-NP-1
39235,LOC-I
39237,GCOL
39255,LOC-I
39275,SCF-NP-1
39295,LOC-I
39315,OTHR-1
39316,USOS-1
39317,ARC-2
39318,SCF-PP-1
39319,FUEL
39320,LOC-I
39321,LOC-I
39322,LOC-I
39323,LOC-I
39365,BIRD
39367,LOC-G
39385,ARC-1
39386,SCF-PP-1
39405,LOC-I
39487,ARC-1
39507,SCF-PP-1
39527,LALT
39627,OTHR-11
39687,SCF-PP-1
39707,SCF-NP-3
39709,SCF-NP-1
39711,SCF-NP-3
39727,SCF-NP-3
39747,CTOL
39748,CTOL
39768,OTHR-3
39772,SCF-NP-4
39787,LOC-G
39789,SCF-NP-1
39807,SCF-NP-4
39809,BIRD
39810,SCF-NP-4
39828,BIRD
39847,GCOL
39848,OTHR-3
39849,SCF-NP-1
39850,SCF-NP-3
39851,OTHR-1
39887,SCF-NP-1
39910,GCOL
39913,SCF-NP-8
39913,RE-2
39914,SCF-NP-1
39916,SCF-NP-4
39930,OTHR-17
39933,CTOL
39967,SCF-PP-1
39969,SCF-PP-1
39972,SCF-NP-1
39987,SCF-NP-4
39988,SCF-NP-4
39992,RE-2
39993,SCF-PP-1
40027,LOC-G
40067,LOC-G
40069,LOC-G
40074,SCF-PP-1
40087,SCF-PP-1
40088,RE-1
40089,RE-2
40089,LOC-I
40107,CTOL
40127,SCF-NP-3
40147,RE-2
40147,SCF-NP-1
40148,FUEL
40149,SCF-PP-1
40150,SCF-NP-3
40168,SCF-PP-1
40169,SCF-NP-3
40170,SCF-NP-4
40171,SCF-PP-1
40187,SCF-NP-12
40190,OTHR-1
40207,MAC-1
40209,SCF-NP-1
40210,SCF-NP-1
40211,MAC-1
40212,SCF-PP-6
40213,SCF-NP-3
40214,OTHR-13
40215,MAC-1
40227,OTHR-16
40228,BIRD
40247,LOC-G
40248,SCF-NP-4
40250,LOC-I
40251,SCF-NP-1
40258,GCOL
40260,BIRD
40261,ARC-1
40262,GCOL
40264,OTHR-13
40267,SCF-PP-1
40269,SCF-NP-3
40269,RE-2
40270,F-NI-2
40271,LOC-I
40273,SCF-NP-8
40275,OTHR-1
40287,SCF-NP-1
40288,BIRD
40290,OTHR-1
40291,SCF-PP-1
40292,SCF-PP-1
40293,SCF-NP-1
40294,SCF-NP-1
40295,OTHR-1
40296,SCF-PP-1
40307,SCF-NP-4
40310,MAC-1
40311,MAC-1
40312,SCF-NP-1
40314,SCF-NP-1
40316,SCF-NP-1
40318,SCF-NP-1
40320,SCF-NP-3
40321,OTHR-1
40322,SCF-NP-3
40323,SCF-NP-3
40324,OTHR-1
40325,OTHR-13
40326,SCF-NP-1
40327,MAC-1
40328,LOC-G
40329,SCF-NP-4
40330,OTHR-1
40331,OTHR-3
40332,MAC-1
40349,BIRD
40350,FUEL
40351,BIRD
40352,MAC-1
40353,SCF-PP-5
40354,OTHR-11
40355,LOC-G
40356,SCF-NP-5
40357,LOC-G
40358,LOC-G
40359,SCF-NP-1
40360,GCOL
40360,RE-2
40368,SCF-NP-1
40369,SCF-NP-3
40370,LOC-G
40390,OTHR-11
40412,SCF-NP-1
40413,SCF-PP-1
40414,BIRD
40447,UNK
40489,OTHR-16
40508,SCF-NP-3
40509,SCF-NP-1
40510,SCF-NP-1
40522,SCF-NP-1
40523,SCF-NP-4
40524,SCF-NP-4
40525,SCF-NP-1
40527,BIRD
40554,LOC-I
40572,SCF-PP-1
40573,SCF-PP-1
40575,SCF-NP-4
40576,SCF-PP-1
40577,SCF-NP-1
40579,SCF-NP-3
40581,SCF-NP-4
40583,SCF-NP-7
40617,BIRD
40620,SCF-NP-5
40621,SCF-NP-3
40622,BIRD
40623,SCF-NP-1
40624,SCF-NP-4
40652,RE-2
40652,LOC-G
40672,SCF-NP-1
40695,SCF-NP-12
40698,GCOL
40712,SCF-PP-5
40732,SCF-PP-1
40774,SCF-NP-1
40791,SCF-NP-1
40793,RE-2
40793,SCF-NP-1
40819,SCF-NP-8
40821,SCF-NP-1
40823,SCF-NP-3
40825,OTHR-14
40826,MAC-1
40827,MAC-1
40834,SCF-PP-1
40835,SCF-NP-1
40837,SCF-NP-12
40839,SCF-PP-1
40842,BIRD
40843,OTHR-1
40853,SCF-NP-10
40855,SCF-PP-1
40857,OTHR-5
40858,SCF-NP-1
40860,SCF-PP-1
40862,SCF-NP-4
40868,OTHR-1
40869,SCF-NP-3
40870,OTHR-1
40872,SCF-PP-6
40873,SCF-NP-6
40875,BIRD
40877,BIRD
40882,MAC-1
40883,OTHR-16
40884,MAC-1
40885,SCF-PP-1
40889,LOC-G
40891,BIRD
40896,OTHR-5
40898,OTHR-1
40899,OTHR-1
40900,SCF-NP-4
40902,SCF-NP-4
40903,SCF-NP-4
40905,SCF-PP-1
40906,SCF-PP-1
40907,SCF-NP-1
40915,OTHR-1
40919,OTHR-1
40923,SCF-NP-4
40924,SCF-PP-1
40925,GCOL
40926,SCF-PP-1
40928,BIRD
40933,SCF-PP-1
40982,LOC-G
40983,SCF-NP-8
40985,SCF-NP-4
40987,SCF-NP-4
40990,SCF-NP-1
40995,SCF-NP-1
41003,SCF-NP-1
41053,CFIT
41054,BIRD
41059,SCF-NP-4
41061,SCF-NP-4
41062,SCF-NP-4
41070,LOC-G
41075,SCF-NP-3
41076,BIRD
41092,SCF-NP-1
41132,OTHR-1
41155,RE-2
41155,LOC-G
41172,OTHR-1
41174,BIRD
41177,LOC-G
41178,LOC-G
41179,SCF-NP-3
41181,SCF-PP-1
41224,SCF-NP-4
41235,SCF-NP-1
41236,CTOL
41252,SCF-PP-1
41272,SCF-NP-4
41274,OTHR-1
41352,SCF-NP-1
41374,LOC-I
41375,SCF-NP-1
41376,SCF-NP-1
41377,ARC-2
41378,SCF-PP-1
41380,SCF-NP-4
41381,OTHR-16
41382,SCF-NP-1
41383,SCF-NP-4
41384,MAC-1
41385,SCF-NP-1
41387,GCOL
41392,LOC-G
41393,SCF-PP-1
41394,SCF-NP-8
41395,SCF-NP-1
41396,SCF-PP-1
41399,OTHR-16
41401,SCF-NP-1
41403,OTHR-1
41409,OTHR-2
41411,RE-2
41411,LOC-G
41413,SCF-NP-1
41414,SCF-NP-3
41430,SCF-NP-1
41431,LOC-G
41432,SCF-NP-1
41433,SCF-NP-1
41434,OTHR-1
41435,OTHR-1
41436,OTHR-3
41450,SCF-NP-8
41452,SCF-NP-10
41454,SCF-NP-3
41456,SCF-PP-6
41457,BIRD
41458,BIRD
41469,BIRD
41473,ARC-1
41474,LOC-G
41476,SCF-NP-4
41477,SCF-NP-3
41478,SCF-PP-4
41480,ARC-2
41481,SCF-NP-1
41482,SCF-PP-1
41484,SCF-NP-4
41485,SCF-PP-6
41487,SCF-PP-1
41488,LOC-I
41491,SCF-NP-4
41551,SCF-NP-4
41552,OTHR-1
41553,SCF-NP-1
41569,LOC-G
41571,SCF-NP-8
41573,SCF-NP-1
41574,SCF-NP-1
41577,SCF-NP-4
41578,ARC-1
41579,SCF-NP-3
41589,OTHR-16
41591,SCF-NP-1
41592,SCF-NP-6
41595,SCF-PP-1
41609,GCOL
41610,SCF-PP-5
41629,SCF-NP-4
41649,SCF-NP-1
41655,SCF-NP-1
41661,BIRD
41664,SCF-NP-4
41665,BIRD
41670,SCF-NP-1
41672,BIRD
41676,SCF-NP-1
41678,BIRD
41680,SCF-NP-9
41682,SCF-NP-1
41684,SCF-PP-1
41689,LOC-G
41729,LOC-I
41749,RE-2
41749,LOC-I
41750,LOC-I
41751,FUEL
41789,FUEL
41829,RE-2
41829,SCF-PP-1
41832,SCF-NP-3
41834,SCF-PP-1
41837,CTOL
41840,SCF-PP-1
41844,OTHR-1
41845,SCF-NP-8
41850,GCOL
41852,SCF-PP-1
41854,BIRD
41898,OTHR-13
41899,SCF-NP-4
41900,SCF-NP-1
41902,SCF-NP-1
41904,SCF-NP-1
41908,BIRD
41909,OTHR-6
41910,SCF-PP-1
41913,SCF-NP-1
41914,SCF-NP-1
41915,BIRD
41916,CFIT
41917,ARC-2
41939,BIRD
41960,LOC-I
41973,BIRD
41976,SCF-NP-5
41984,SCF-NP-4
41985,OTHR-1
41986,BIRD
41988,BIRD
41991,SCF-NP-4
41994,BIRD
41998,BIRD
41999,BIRD
42001,RE-2
42001,LOC-G
42009,OTHR-6
42010,MAC-1
42011,MAC-1
42012,MAC-1
42013,MAC-1
42015,SCF-NP-1
42038,OTHR-1
42039,OTHR-13
42058,SCF-NP-4
42061,SCF-PP-1
42063,SCF-NP-1
42067,SCF-PP-1
42068,SCF-NP-3
42071,SCF-PP-1
42073,OTHR-1
42142,MAC-1
42143,MAC-1
42144,SCF-NP-6
42145,OTHR-16
42146,OTHR-1
42232,BIRD
42249,SCF-NP-4
42250,RE-2
42250,LOC-G
42251,CTOL
42263,SCF-NP-4
42284,SCF-NP-4
42286,OTHR-1
42287,SCF-PP-1
42289,SCF-PP-1
42292,SCF-NP-4
42303,FUEL
42323,USOS-1
42365,CTOL
42367,OTHR-1
42368,GCOL
42386,RE-2
42386,USOS-1
42387,RE-2
42387,LOC-I
42388,LOC-G
42425,OTHR-1
42427,SCF-PP-1
42429,SCF-NP-8
42431,SCF-PP-4
42432,LOC-G
42433,OTHR-11
42434,OTHR-1
42436,SCF-NP-4
42439,OTHR-16
42443,BIRD
42446,SCF-NP-3
42447,OTHR-1
42448,ARC-2
42449,BIRD
42451,SCF-NP-1
42452,SCF-NP-3
42456,SCF-NP-1
42458,ARC-1
42460,ARC-2
42461,BIRD
42465,OTHR-1
42466,SCF-PP-3
42485,SCF-PP-1
42486,BIRD
42506,BIRD
42565,FUEL
42585,LOC-G
42587,SCF-NP-3
42588,SCF-NP-1
42589,SCF-NP-4
42590,BIRD
42592,GCOL
42595,SCF-NP-4
42597,OTHR-1
42598,OTHR-1
42601,OTHR-1
42602,SCF-NP-3
42603,SCF-NP-1
42606,SCF-NP-3
42614,SCF-NP-1
42618,SCF-NP-4
42619,SCF-NP-3
42626,SCF-NP-5
42634,SCF-NP-12
42636,SCF-NP-4
42638,OTHR-1
42646,SCF-NP-1
42666,SCF-NP-3
42672,LOC-G
42675,SCF-NP-6
42677,BIRD
42678,OTHR-1
42680,BIRD
42681,SCF-NP-1
42682,SCF-NP-4
42683,SCF-NP-3
42698,SCF-NP-8
42701,SCF-NP-1
42705,OTHR-1
42707,BIRD
42713,SCF-NP-4
42714,SCF-PP-1
42715,SCF-PP-1
42716,GCOL
42717,SCF-NP-4
42718,RE-2
42718,LOC-G
42723,SCF-PP-1
42735,OTHR-2
42738,GCOL
42740,MAC-1
42742,MAC-1
42756,SCF-NP-4
42757,SCF-NP-3
42758,LOC-I
42760,RE-2
42760,LOC-G
42781,BIRD
42838,SCF-PP-1
42860,MAC-1
42863,SCF-NP-1
42865,ARC-1
42866,SCF-NP-10
42868,MAC-1
42880,RE-1
42882,RE-1
42883,SCF-NP-3
42902,SCF-NP-4
42903,SCF-NP-4
42919,SCF-PP-1
42921,CFIT
42960,SCF-NP-3
42960,LOC-G
42980,SCF-NP-3
42981,BIRD
42983,LOC-G
42984,SCF-NP-4
42986,SCF-NP-4
42987,SCF-PP-1
42988,F-NI-2
42989,OTHR-1
42990,SCF-PP-1
42991,SCF-PP-1
42994,OTHR-1
42997,SCF-PP-1
42999,ARC-1
43002,SCF-NP-4
43003,LOC-I
43005,OTHR-16
43007,LOC-G
43008,OTHR-3
43015,SCF-NP-1
43019,SCF-NP-4
43021,SCF-PP-1
43022,CTOL
43023,SCF-PP-1
43026,SCF-PP-1
43027,SCF-PP-1
43030,OTHR-16
43033,SCF-NP-1
43035,SCF-NP-1
43042,SCF-PP-1
43043,LOC-I
43044,SCF-NP-2
43061,SCF-NP-4
43062,LOC-I
43063,LOC-I
43064,ARC-2
43065,SCF-PP-1
43067,OTHR-3
43070,ARC-1
43082,OTHR-1
43083,SCF-PP-6
43085,SCF-PP-1
43086,SCF-NP-4
43089,LOC-G
43090,SCF-NP-4
43091,LOC-G
43093,SCF-PP-1
43094,OTHR-9
43095,SCF-NP-1
43132,OTHR-13
43153,GCOL
43155,SCF-NP-1
43156,SCF-NP-4
43157,SCF-NP-1
43158,SCF-PP-1
43171,MAC-1
43253,SCF-NP-1
43256,FUEL
43257,SCF-NP-1
43258,LOC-G
43259,SCF-NP-3
43260,OTHR-3
43261,BIRD
43262,LOC-G
43263,SCF-NP-8
43264,SCF-PP-1
43266,LOC-I
43268,LALT
43282,ARC-2
43283,OTHR-1
43288,BIRD
43289,SCF-NP-8
43290,LOC-I
43294,LOC-I
43318,BIRD
43321,LOC-I
43325,SCF-NP-1
43329,BIRD
43333,BIRD
43335,BIRD
43348,LOC-G
43350,SCF-NP-7
43361,LOC-G
43365,BIRD
43374,SCF-NP-1
43383,SCF-NP-3
43384,SCF-NP-3
43385,SCF-NP-7
43389,OTHR-1
43390,FUEL
43392,UNK
43393,FUEL
43403,SCF-PP-1
43404,LOC-I
43405,OTHR-11
43406,OTHR-3
43407,SCF-NP-5
43414,GCOL
43439,MAC-1
43446,CTOL
43447,LOC-G
43449,LOC-G
43450,LOC-I
43451,OTHR-3
43451,RE-2
43452,SCF-PP-1
43454,OTHR-3
43455,SCF-PP-1
43457,SCF-NP-3
43458,SCF-PP-1
43459,RE-2
43459,LOC-G
43461,SCF-NP-1
43462,SCF-NP-5
43463,FUEL
43464,SCF-NP-3
43465,SCF-NP-5
43466,SCF-NP-1
43467,OTHR-1
43470,SCF-NP-1
43471,SCF-PP-1
43472,SCF-NP-3
43472,RE-2
43473,GCOL
43473,RE-2
43474,SCF-PP-1
43480,SCF-PP-1
43503,SCF-NP-10
43524,UNK
43527,BIRD
43531,BIRD
43534,SCF-NP-8
43538,BIRD
43547,BIRD
43548,BIRD
43551,BIRD
43555,BIRD
43572,BIRD
43578,BIRD
43581,BIRD
43589,BIRD
43603,BIRD
43610,BIRD
43619,BIRD
43620,BIRD
43628,ARC-1
43629,LOC-I
43630,SCF-PP-1
43631,SCF-PP-1
43633,RE-2
43633,LOC-G
43634,SCF-NP-3
43637,SCF-NP-4
43639,LOC-G
43642,LOC-G
43643,SCF-NP-4
43648,BIRD
43649,OTHR-3
43652,SCF-NP-1
43653,OTHR-1
43655,SCF-NP-4
43656,LOC-G
43657,LOC-I
43658,LOC-I
43667,OTHR-1
43668,SCF-NP-3
43668,RE-2
43671,SCF-NP-1
43678,SCF-NP-4
43680,SCF-NP-4
43684,SCF-PP-1
43685,SCF-NP-1
43692,SCF-PP-1
43697,OTHR-9
43699,SCF-NP-1
43700,LOC-G
43702,SCF-PP-1
43703,LOC-G
43704,SCF-NP-2
43705,CFIT
43706,SCF-PP-1
43707,SCF-PP-1
43711,OTHR-1
43715,SCF-NP-9
43719,LOC-I
43721,SCF-NP-3
43721,RE-2
43722,LOC-G
43724,GCOL
43725,LOC-G
43726,LOC-I
43727,LOC-G
43729,UNK
43730,SCF-NP-3
43731,SCF-PP-1
43732,GCOL
43733,GCOL
43735,SCF-NP-8
43738,SCF-NP-4
43742,OTHR-1
43752,OTHR-1
43754,BIRD
43764,LOC-G
43767,BIRD
43774,SCF-NP-1
43775,LOC-I
43776,LOC-G
43778,SCF-PP-1
43779,SCF-NP-4
43790,SCF-NP-1
43793,SCF-NP-1
43794,LOC-I
43802,MAC-1
43806,SCF-NP-4
43808,CFIT
43809,LALT
43811,ARC-1
43812,LOC-G
43814,FUEL
43817,BIRD
43818,BIRD
43819,BIRD
43820,FUEL
43828,SCF-NP-1
43829,SCF-NP-1
43831,BIRD
43832,LOC-I
43836,BIRD
43837,OTHR-6
43838,BIRD
43842,LOC-G
43869,MAC-2
43870,SCF-NP-3
43871,BIRD
43872,GCOL
43873,SCF-NP-4
43874,LOC-G
43875,OTHR-9
43876,BIRD
43885,BIRD
43894,SCF-PP-1
43895,SCF-NP-4
43899,SCF-NP-3
43900,OTHR-13
43901,RE-2
43901,SCF-PP-1
43903,RE-2
43903,LOC-G
43904,SCF-PP-1
43906,LOC-I
43908,LALT
43909,LOC-I
43910,OTHR-13
43911,LOC-I
43912,OTHR-11
43913,SCF-PP-1
43914,SCF-PP-1
43915,RE-1
43921,SCF-NP-1
43945,BIRD
43946,BIRD
43973,LOC-G
43975,MAC-1
43977,SCF-PP-1
43978,RE-1
43979,SCF-NP-1
43980,OTHR-1
43981,OTHR-1
43983,SCF-NP-1
43984,FUEL
43986,SCF-NP-1
43986,LOC-I
43988,FUEL
43989,SCF-PP-1
43992,SCF-NP-3
43994,SCF-PP-1
43998,SCF-NP-1
44001,SCF-NP-3
44003,SCF-PP-1
44004,MAC-1
44005,MAC-1
44007,MAC-1
44008,OTHR-1
44009,MAC-1
44011,MAC-1
44012,SCF-PP-1
44014,OTHR-1
44017,SCF-NP-4
44022,SCF-NP-1
44040,LOC-G
44043,OTHR-1
44045,OTHR-16
44052,BIRD
44055,BIRD
44060,BIRD
44062,SCF-NP-3
44062,RE-2
44064,SCF-NP-4
44078,SCF-PP-1
44079,FUEL
44081,LOC-I
44082,OTHR-10
44085,OTHR-1
44086,OTHR-1
44087,SCF-NP-4
44118,LOC-I
44122,SCF-NP-8
44125,LOC-G
44128,SCF-NP-4
44131,SCF-NP-1
44140,LOC-I
44141,SCF-PP-1
44143,GCOL
44144,SCF-NP-5
44146,SCF-PP-1
44148,BIRD
44149,BIRD
44153,BIRD
44155,BIRD
44156,BIRD
44159,BIRD
44173,BIRD
44188,OTHR-1
44198,UNK
44231,SCF-NP-3
44233,OTHR-13
44235,SCF-NP-5
44238,SCF-NP-1
44242,SCF-NP-1
44244,SCF-NP-4
44244,RE-1
44248,CTOL
44315,MAC-1
44316,LOC-I
44318,SCF-NP-1
44319,SCF-PP-1
44321,SCF-PP-3
44325,BIRD
44327,SCF-NP-4
44329,BIRD
44336,LOC-G
44338,OTHR-13
44339,LOC-G
44340,LOC-I
44344,OTHR-1
44346,OTHR-1
44347,SCF-PP-1
44348,F-NI-3
44355,SCF-NP-4
44358,OTHR-1
44361,SCF-NP-2
44374,BIRD
44377,LOC-G
44378,SCF-NP-3
44390,SCF-NP-4
44395,MAC-1
44399,FUEL
44400,ARC-2
44402,SCF-NP-3
44403,LOC-G
44404,RE-2
44404,LOC-G
44405,OTHR-1
44407,BIRD
44420,BIRD
44422,OTHR-1
44424,GCOL
44425,SCF-NP-4
44427,BIRD
44430,SCF-NP-4
44431,SCF-NP-4
44432,OTHR-1
44434,UNK
44435,MAC-1
44436,LOC-I
44437,RE-1
44439,OTHR-13
44441,SCF-NP-12
44442,OTHR-1
44448,LOC-G
44458,SCF-PP-1
44463,OTHR-3
44464,LOC-G
44479,SCF-NP-4
44480,SCF-NP-1
44481,MAC-1
44483,SCF-NP-1
44484,CTOL
44485,OTHR-16
44487,SCF-NP-12
44489,SCF-NP-4
44492,SCF-NP-12
44501,SCF-NP-4
44502,SCF-NP-1
44504,F-NI-1
44506,SCF-NP-10
44507,OTHR-11
44508,OTHR-1
44509,OTHR-1
44510,RE-2
44510,LOC-G
44512,SCF-NP-3
44515,SCF-PP-1
44517,BIRD
44527,F-NI-3
44528,OTHR-3
44530,SCF-PP-1
44531,FUEL
44533,FUEL
44536,LOC-G
44537,MAC-1
44538,SCF-NP-8
44539,FUEL
44540,MAC-1
44541,OTHR-10
44542,MAC-1
44543,LALT
44543,LOC-I
44545,LOC-G
44548,SCF-NP-1
44549,OTHR-1
44552,F-NI-2
44553,SCF-PP-1
44554,SCF-PP-1
44556,MAC-1
44564,MAC-1
44569,SCF-NP-7
44571,SCF-NP-4
44575,OTHR-1
44576,UNK
44577,OTHR-13
44579,LOC-I
44580,SCF-NP-4
44589,ARC-1
44592,UNK
44594,BIRD
44597,OTHR-8
44598,LOC-G
44601,RE-2
44601,LOC-G
44602,ARC-2
44606,LOC-I
44609,OTHR-13
44611,SCF-NP-1
44612,LALT
44614,SCF-PP-4
44627,ARC-1
44629,LOC-G
44630,LOC-G
44635,BIRD
44644,LOC-G
44645,LOC-G
44647,BIRD
44648,MAC-1
44649,SCF-NP-10
44652,RE-1
44655,SCF-NP-3
44656,RE-1
44660,CFIT
44661,OTHR-1
44670,FUEL
44677,BIRD
44698,MAC-1
44700,LALT
44700,LOC-I
44703,SCF-PP-1
44705,RE-2
44708,SCF-NP-4
44712,LOC-G
44734,UNK
44736,SCF-PP-1
44737,OTHR-1
44738,SCF-NP-4
44741,SCF-NP-4
44742,OTHR-1
44749,LOC-I
44751,SCF-PP-1
44753,LOC-I
44755,LOC-I
44757,LOC-I
44759,SCF-PP-1
44761,OTHR-3
44762,LOC-I
44763,SCF-NP-3
44766,OTHR-1
44769,BIRD
44770,SCF-NP-4
44772,SCF-NP-4
44775,OTHR-3
44777,LOC-G
44780,SCF-PP-1
44784,SCF-NP-4
44793,OTHR-13
44794,LOC-G
44795,UNK
44796,SCF-PP-1
44801,SCF-NP-4
44804,OTHR-13
44806,SCF-NP-4
44811,UNK
44812,MAC-1
44813,UNK
44814,SCF-PP-1
44816,SCF-NP-12
44817,CTOL
44820,RE-2
44828,OTHR-13
44834,SCF-PP-1
44836,SCF-NP-12
44837,FUEL
44838,SCF-NP-3
44843,LOC-G
44845,GCOL
44846,SCF-NP-4
44850,LOC-I
44851,GCOL
44853,LOC-G
44855,CFIT
44856,MAC-1
44858,SCF-NP-3
44859,OTHR-1
44863,GCOL
44865,BIRD
44878,LOC-G
44879,LOC-I
44880,ARC-2
44881,LOC-G
44882,SCF-NP-3
44884,SCF-PP-6
44885,SCF-PP-1
44887,OTHR-16
44888,SCF-NP-1
44890,OTHR-1
44891,OTHR-1
44892,BIRD
44893,GCOL
44897,OTHR-11
44901,MAC-1
44902,SCF-NP-3
44903,SCF-PP-1
44906,OTHR-13
44907,OTHR-11
44917,OTHR-1
44920,MAC-1
44921,SCF-NP-1
44922,OTHR-1
44924,LOC-I
44926,SCF-PP-1
44927,SCF-PP-1
44935,OTHR-13
44939,OTHR-1
44942,OTHR-1
44944,MAC-2
44945,MAC-1
44947,BIRD
44951,BIRD
44955,SCF-NP-4
44957,BIRD
44959,SCF-NP-4
44964,OTHR-13
44965,BIRD
44966,CTOL
44967,ARC-1
44968,LOC-G
44969,LOC-G
44974,SCF-NP-1
44975,ARC-2
44977,RE-1
44983,LOC-G
44986,SCF-PP-4
44988,RE-1
44990,OTHR-1
44992,GCOL
44993,SCF-PP-1
44995,FUEL
44996,ARC-1
44999,SCF-NP-3
45001,SCF-PP-1
45003,SCF-PP-1
45005,LOC-G
45007,SCF-NP-4
45008,SCF-NP-1
45010,SCF-NP-4
45011,LOC-G
45012,LOC-G
45013,SCF-NP-12
45016,SCF-NP-4
45025,SCF-PP-1
45036,LOC-G
45045,LOC-I
45047,SCF-PP-1
45048,LALT
45049,SCF-PP-1
45050,LOC-I
45051,LOC-I
45052,SCF-NP-3
45053,LOC-I
45054,SCF-NP-12
45055,ARC-1
45056,CTOL
45057,LOC-G
45058,SCF-NP-1
45059,UNK
45060,SCF-PP-1
45061,GCOL
45062,LOC-G
45063,LOC-G
45064,OTHR-1
45065,CTOL
45070,SCF-PP-1
45071,OTHR-3
45072,LOC-G
45087,LALT
45088,LOC-I
45089,RE-1
45090,LOC-G
45091,LOC-I
45094,SCF-NP-12
45096,SCF-PP-1
45098,SCF-NP-3
45100,LOC-G
45102,ARC-2
45104,SCF-PP-1
45106,GCOL
45109,SCF-PP-5
45111,MAC-1
45127,ARC-1
45128,OTHR-1
45149,SCF-PP-1
45151,LOC-I
45153,LOC-I
45167,SCF-PP-1
45168,SCF-PP-1
45169,LOC-I
45187,LOC-G
45188,LOC-G
45210,SCF-PP-1
45211,SCF-PP-1
45212,ARC-1
45213,CTOL
45215,OTHR-10
45217,SCF-NP-12
45218,OTHR-13
45222,MAC-1
45224,MAC-1
45226,OTHR-1
45227,SCF-PP-1
45228,LOC-G
45229,SCF-NP-3
45230,MAC-1
45232,LOC-G
45233,LOC-G
45235,SCF-NP-12
45236,SCF-PP-1
45237,OTHR-13
45238,OTHR-3
45247,LOC-I
45250,CFIT
45251,LOC-G
45252,CTOL
45253,RE-1
45267,OTHR-1
45268,LOC-G
45269,LOC-G
45270,LOC-I
45271,GCOL
45272,LOC-G
45273,LOC-G
45274,LOC-G
45277,CTOL
45279,LOC-I
45280,SCF-PP-1
45282,LOC-G
45284,LOC-G
45285,LOC-G
45286,LOC-G
45288,LOC-I
45289,SCF-NP-9
45290,OTHR-13
45291,LOC-I
45292,SCF-NP-3
45293,OTHR-1
45294,OTHR-1
45296,SCF-PP-1
45307,SCF-NP-3
45310,UNK
45311,UNK
45312,SCF-NP-1
45313,SCF-PP-6
45327,SCF-NP-1
45328,OTHR-16
45329,SCF-PP-1
45331,OTHR-7
45332,LOC-G
45333,SCF-PP-1
45334,SCF-NP-4
45390,LALT
45391,SCF-PP-1
45392,LOC-I
45393,RE-2
45393,LOC-G
45396,SCF-NP-3
45397,SCF-PP-1
45399,SCF-PP-1
45400,F-NI-1
45401,SCF-PP-1
45403,OTHR-1
45405,SCF-NP-5
45407,LOC-G
45408,LOC-I
45409,LOC-I
45410,LOC-G
45412,SCF-NP-12
45413,CTOL
45414,SCF-NP-3
45414,SCF-PP-1
45415,LOC-G
45417,ARC-2
45447,SCF-PP-1
45450,SCF-PP-1
45466,ARC-1
45469,SCF-PP-4
45470,SCF-NP-5
45487,SCF-PP-1
45490,OTHR-10
45522,LOC-G
45523,SCF-PP-1
45524,RE-2
45524,LOC-G
45525,SCF-PP-1
45526,CTOL
45527,LOC-I
45528,FUEL
45529,OTHR-13
45553,SCF-NP-1
45554,RE-1
45564,SCF-PP-1
45569,SCF-PP-1
45570,LOC-I
45571,SCF-NP-1
45572,LOC-I
45573,SCF-NP-10
45576,ARC-2
45579,CTOL
45580,CTOL
45582,SCF-NP-3
45582,RE-2
45584,ARC-1
45585,CTOL
45586,CTOL
45587,LOC-G
45588,OTHR-3
45589,WSTRW
45589,LOC-I
45594,SCF-PP-1
45596,LOC-I
45597,SCF-NP-3
45597,RE-2
45598,LOC-G
45599,SCF-NP-3
45600,SCF-PP-1
45601,MAC-1
45602,UNK
45604,MAC-1
45609,BIRD
45610,GCOL
45611,RE-1
45612,LOC-G
45618,SCF-PP-1
45619,LOC-I
45624,F-NI-3
45625,SCF-NP-4
45647,SCF-NP-10
45651,SCF-PP-1
45652,LOC-I
45653,LOC-G
45654,SCF-NP-3
45654,RE-2
45655,ARC-2
45656,SCF-NP-3
45658,SCF-NP-4
45667,SCF-PP-1
45668,OTHR-13
45669,OTHR-11
45670,OTHR-1
45671,SCF-PP-1
45677,SCF-NP-5
45678,SCF-NP-1
45680,SCF-NP-5
45681,BIRD
45682,MAC-1
45684,OTHR-13
45685,SCF-NP-6
45686,BIRD
45689,MAC-1
45691,BIRD
45692,BIRD
45693,SCF-NP-1
45694,SCF-NP-4
45695,OTHR-16
45696,GCOL
45697,SCF-NP-1
45698,OTHR-14
45699,OTHR-16
45700,OTHR-3
45701,OTHR-1
45703,SCF-NP-4
45705,SCF-NP-4
45706,SCF-NP-3
45707,SCF-NP-4
45709,BIRD
45710,SCF-NP-1
45711,GCOL
45712,SCF-PP-1
45713,GCOL
45714,SCF-NP-1
45715,SCF-NP-1
45718,SCF-NP-4
45719,LOC-G
45727,OTHR-1
45728,OTHR-3
45729,LOC-G
45729,RE-1
45730,RE-2
45730,LOC-G
45731,SCF-PP-1
45732,LOC-I
45733,SCF-NP-3
45734,SCF-PP-1
45746,LOC-I
45747,ARC-1
45748,SCF-NP-3
45749,SCF-NP-3
45750,LOC-I
45751,LOC-G
45751,RE-1
45752,RE-2
45752,LOC-G
45753,RE-2
45753,ARC-2
45754,RE-2
45754,LOC-G
45755,LOC-G
45756,OTHR-1
45757,LOC-I
45759,SCF-NP-1
45760,SCF-PP-1
45768,SCF-PP-1
45769,SCF-PP-1
45773,SCF-NP-4
45774,SCF-NP-3
45775,SCF-NP-4
45776,SCF-PP-1
45777,OTHR-17
45778,SCF-NP-4
45779,CTOL
45780,SCF-NP-8
45781,SCF-NP-1
45783,OTHR-1
45784,OTHR-3
45785,OTHR-8
45786,SCF-NP-4
45789,UNK
45790,SCF-NP-4
45791,SCF-PP-1
45792,BIRD
45793,SCF-NP-4
45794,OTHR-3
45795,SCF-NP-7
45796,OTHR-16
45797,LOC-G
45798,LOC-G
45799,SCF-PP-1
45800,SCF-NP-3
45801,SCF-PP-6
45802,SCF-NP-1
45803,OTHR-1
45804,SCF-PP-1
45819,SCF-PP-1
45820,CTOL
45821,CTOL
45822,SCF-PP-1
45829,CTOL
45830,LOC-G
45831,LOC-G
45833,SCF-PP-1
45834,SCF-NP-1
45835,LOC-G
45841,OTHR-1
45842,GCOL
45843,MAC-1
45844,F-NI-3
45845,OTHR-14
45849,LOC-G
45850,OTHR-1
45853,SCF-PP-4
45854,SCF-NP-3
45856,SCF-PP-3
45857,LOC-I
45859,SCF-NP-3
45860,OTHR-1
45861,SCF-NP-12
45862,F-NI-1
45864,OTHR-13
45865,SCF-NP-12
45866,CTOL
45867,CTOL
45887,SCF-NP-3
45889,LOC-G
45890,SCF-NP-12
45891,SCF-NP-3
45892,SCF-PP-1
45894,CTOL
45895,GCOL
45897,SCF-NP-1
45898,SCF-NP-3
45899,LOC-G
45900,CTOL
45901,OTHR-1
45902,LOC-I
45903,MAC-1
45904,SCF-NP-4
45912,LOC-G
45913,SCF-PP-1
45914,LOC-G
45915,LOC-G
45916,MAC-1
45917,OTHR-1
45918,OTHR-1
45927,SCF-NP-3
45928,F-NI-2
45929,RE-1
45930,SCF-PP-4
45931,SCF-NP-3
45932,SCF-NP-3
45932,RE-2
45933,SCF-PP-1
45934,OTHR-1
45935,LOC-G
45936,SCF-PP-1
45937,RE-1
45938,RE-1
45939,LOC-I
45940,UNK
45941,RE-2
45941,SCF-PP-1
45942,SCF-NP-3
45943,OTHR-1
45944,ARC-2
45945,SCF-NP-3
45946,BIRD
45947,SCF-NP-12
45948,SCF-NP-4
45949,SCF-NP-4
45950,LOC-G
45951,SCF-NP-7
45952,SCF-PP-1
45959,MAC-1
45960,SCF-NP-4
45964,BIRD
45972,SCF-NP-4
45973,OTHR-11
45980,OTHR-1
45981,OTHR-16
45982,MAC-1
45983,SCF-PP-1
45985,SCF-NP-1
45989,SCF-NP-1
46019,SCF-NP-4
46022,BIRD
46024,RE-2
46024,LOC-G
46026,USOS-1
46029,SCF-NP-12
46032,MAC-1
46036,OTHR-1
46038,RE-2
46038,LOC-G
46042,SCF-PP-1
46043,SCF-NP-3
46043,RE-2
46045,FUEL
46046,SCF-NP-4
46048,SCF-NP-4
46048,RE-2
46049,CTOL
46052,SCF-PP-1
46053,MAC-1
46055,SCF-PP-5
46056,SCF-NP-1
46067,OTHR-13
46068,OTHR-1
46069,CTOL
46070,GCOL
46072,LOC-G
46073,SCF-PP-1
46092,OTHR-20
46093,FUEL
46094,RE-2
46094,LOC-G
46095,LOC-I
46096,SCF-NP-4
46098,SCF-PP-1
46105,OTHR-1
46106,OTHR-14
46109,OTHR-1
46110,SCF-NP-1
46111,OTHR-1
46116,SCF-PP-1
46117,OTHR-1
46152,CFIT
46153,LOC-I
46154,SCF-NP-3
46155,MAC-1
46156,LOC-G
46157,F-NI-3
46158,LOC-G
46159,SCF-NP-3
46160,SCF-NP-12
46161,SCF-PP-1
46170,SCF-NP-10
46171,SCF-NP-1
46172,FUEL
46173,SCF-PP-1
46178,LOC-G
46179,LOC-G
46180,UNK
46181,RE-1
46187,SCF-PP-4
46188,LOC-G
46189,BIRD
46190,OTHR-1
46191,BIRD
46192,SCF-NP-4
46193,GCOL
46194,MAC-1
46195,BIRD
46196,SCF-PP-3
46197,LOC-G
46198,LOC-G
46199,FUEL
46200,SCF-PP-1
46201,SCF-NP-3
46202,CFIT
46209,OTHR-1
46210,SCF-NP-8
46211,SCF-NP-1
46212,LOC-G
46213,SCF-PP-1
46214,OTHR-13
46215,OTHR-13
46216,SCF-NP-1
46217,SCF-PP-1
46218,MAC-1
46219,SCF-NP-4
46253,SCF-NP-3
46255,MAC-2
46256,USOS-1
46257,SCF-PP-1
46258,SCF-NP-10
46259,OTHR-18
46259,RE-2
46260,BIRD
46261,CTOL
46263,RE-1
46264,OTHR-13
46279,SCF-NP-3
46280,CTOL
46281,RE-2
46281,LOC-G
46282,ARC-1
46296,SCF-NP-1
46297,SCF-NP-5
46298,LOC-G
46299,LOC-G
46300,SCF-NP-4
46301,F-NI-2
46302,RE-2
46302,LOC-G
46305,LOC-I
46306,LOC-G
46307,SCF-NP-4
46308,FUEL
46309,OTHR-1
46310,OTHR-1
46311,LOC-G
46312,SCF-PP-1
46336,LOC-G
46337,RE-2
46337,LOC-G
46338,OTHR-1
46339,LOC-I
46340,ARC-2
46341,OTHR-16
46342,BIRD
46344,LOC-G
46345,LOC-G
46346,BIRD
46347,LOC-G
46348,OTHR-14
46349,LOC-G
46350,SCF-NP-1
46354,LOC-I
46356,LOC-I
46358,SCF-NP-4
46359,SCF-NP-4
46362,SCF-NP-1
46368,LOC-I
46371,BIRD
46373,SCF-PP-1
46377,SCF-NP-1
46378,OTHR-13
46379,GCOL
46411,GCOL
46412,UNK
46413,ARC-1
46414,CTOL
46415,SCF-NP-1
46416,ARC-2
46417,LOC-I
46418,GCOL
46419,OTHR-10
46431,SCF-NP-1
46432,LOC-I
46433,SCF-PP-1
46434,LALT
46435,LOC-I
46436,SCF-PP-1
46437,LOC-I
46438,SCF-PP-1
46439,LOC-G
46443,SCF-PP-1
46444,GCOL
46445,SCF-NP-3
46446,RE-2
46446,LOC-G
46448,SCF-PP-1
46449,RE-2
46449,LOC-G
46450,ARC-1
46451,OTHR-13
46452,SCF-NP-4
46453,OTHR-11
46454,SCF-NP-1
46455,SCF-NP-5
46456,SCF-NP-4
46471,SCF-PP-1
46472,SCF-NP-4
46473,SCF-NP-4
46474,SCF-NP-4
46475,FUEL
46476,GCOL
46477,OTHR-1
46478,OTHR-3
46479,ARC-2
46480,SCF-NP-4
46481,GCOL
46484,SCF-NP-3
46485,SCF-PP-1
46486,SCF-NP-4
46487,SCF-NP-5
46495,SCF-NP-1
46496,SCF-PP-4
46497,LOC-G
46498,LOC-I
46499,SCF-PP-1
46512,FUEL
46513,ARC-1
46514,LOC-G
46515,GCOL
46516,SCF-PP-1
46517,SCF-NP-4
46518,SCF-NP-4
46519,OTHR-3
46520,SCF-NP-1
46521,SCF-NP-4
46522,OTHR-11
46523,SCF-NP-4
46561,SCF-NP-1
46562,LOC-I
46563,SCF-PP-1
46564,SCF-PP-1
46565,OTHR-13
46566,ARC-1
46567,OTHR-18
46568,SCF-PP-1
46569,OTHR-1
46570,RE-1
46571,LOC-I
46572,LOC-G
46573,LOC-G
46574,SCF-NP-5
46575,SCF-NP-5
46576,SCF-PP-1
46577,SCF-PP-1
46581,LOC-I
46582,OTHR-3
46583,FUEL
46584,SCF-PP-1
46585,LOC-I
46586,CTOL
46587,SCF-NP-3
46588,OTHR-1
46589,LOC-G
46590,LOC-G
46591,CFIT
46592,RE-2
46592,LOC-G
46593,SCF-NP-3
46594,SCF-NP-3
46597,ARC-1
46598,SCF-NP-4
46599,BIRD
46600,SCF-NP-4
46601,ARC-2
46602,ARC-1
46603,OTHR-1
46604,SCF-NP-4
46605,SCF-NP-4
46606,SCF-NP-4
46612,SCF-NP-3
46613,BIRD
46614,OTHR-1
46615,SCF-NP-4
46616,SCF-NP-4
46617,SCF-NP-1
46618,SCF-NP-4
46624,SCF-NP-1
46625,SCF-NP-1
46626,SCF-PP-4
46627,MAC-1
46628,SCF-NP-4
46629,CTOL
46630,LOC-G
46633,SCF-PP-1
46638,OTHR-3
46639,UNK
46640,SCF-NP-1
46647,SCF-NP-8
46648,OTHR-3
46649,SCF-NP-1
46650,SCF-NP-1
46651,SCF-NP-5
46652,SCF-NP-1
46653,OTHR-3
46655,FUEL
46671,OTHR-14
46672,SCF-PP-5
46673,BIRD
46674,SCF-NP-1
46675,SCF-NP-8
46676,MAC-1
46677,MAC-1
46679,CTOL
46680,OTHR-1
46681,OTHR-1
46682,SCF-NP-3
46683,SCF-NP-4
46684,SCF-NP-4
46685,OTHR-1
46686,OTHR-1
46687,OTHR-1
46688,SCF-PP-1
46689,SCF-NP-1
46691,OTHR-3
46692,OTHR-1
46693,SCF-PP-1
46694,OTHR-3
46695,MAC-1
46696,OTHR-15
46698,BIRD
46699,OTHR-13
46701,OTHR-1
46702,LOC-I
46703,FUEL
46704,OTHR-1
46705,RE-2
46705,ARC-1
46706,ARC-2
46707,BIRD
46708,LOC-G
46710,SCF-NP-1
46712,RE-2
46712,LOC-G
46713,SCF-NP-4
46714,SCF-NP-4
46715,SCF-NP-9
46716,SCF-NP-4
46717,OTHR-13
46718,MAC-1
46719,SCF-NP-4
46720,MAC-1
46721,BIRD
46722,SCF-NP-4
46723,SCF-NP-1
46734,SCF-PP-1
46735,LOC-G
46746,CTOL
46747,LOC-I
46748,RE-2
46748,LOC-G
46749,SCF-NP-1
46750,SCF-NP-4
46751,RE-2
46752,LOC-I
46753,FUEL
46754,ARC-1
46755,LOC-G
46756,LOC-I
46757,CTOL
46758,SCF-NP-4
46759,OTHR-3
46760,SCF-NP-1
46761,SCF-NP-3
46762,OTHR-11
46763,OTHR-9
46764,SCF-NP-12
46765,SCF-NP-4
46766,MAC-1
46767,SCF-NP-1
46768,SCF-NP-6
46780,OTHR-1
46781,SCF-NP-2
46781,LOC-I
46782,OTHR-3
46783,SCF-NP-1
46784,SCF-NP-1
46785,SCF-PP-1
46786,SCF-NP-3
46787,SCF-NP-7
46788,OTHR-16
46789,SCF-NP-1
46790,OTHR-1
46791,SCF-PP-3
46792,SCF-NP-4
46793,SCF-NP-1
46811,OTHR-1
46812,ARC-2
46813,SCF-NP-4
46814,SCF-NP-1
46819,SCF-NP-4
46820,SCF-PP-1
46821,SCF-NP-4
46822,FUEL
46823,OTHR-13
46839,SCF-PP-1
46840,LOC-I
46841,ARC-2
46842,LOC-I
46844,LOC-G
46845,UNK
46846,OTHR-1
46847,SCF-PP-1
46850,ARC-1
46852,LOC-I
46853,ARC-1
46854,LOC-I
46855,FUEL
46856,SCF-NP-3
46857,UIMC
46857,LOC-I
46858,SCF-PP-1
46859,SCF-PP-1
46860,SCF-PP-1
46861,LOC-G
46862,OTHR-1
46863,SCF-NP-3
46864,LOC-G
46865,SCF-NP-3
46866,OTHR-16
46868,SCF-NP-1
46869,OTHR-1
46870,OTHR-1
46871,ARC-2
46872,LOC-I
46873,SCF-PP-1
46874,GCOL
46874,RE-2
46876,SCF-NP-4
46877,MAC-1
46878,SCF-PP-6
46879,LOC-G
46881,LOC-G
46883,LOC-G
46884,OTHR-3
46885,SCF-NP-4
46896,SCF-PP-1
46897,SCF-PP-1
46898,SCF-PP-1
46900,LOC-I
46901,SCF-NP-3
46904,SCF-PP-1
46905,FUEL
46910,OTHR-13
46914,LOC-G
46916,LOC-I
46918,F-NI-1
46919,UNK
46919,RE-2
46921,LOC-G
46922,SCF-NP-4
46969,ICE
46972,ARC-2
46973,SCF-PP-1
46977,UNK
46980,SCF-PP-1
46982,GCOL
46984,OTHR-3
46987,LOC-G
47011,RE-2
47011,LOC-G
47012,USOS-1
47013,LOC-G
47014,FUEL
47015,CTOL
47016,LOC-I
47017,LOC-I
47018,USOS-1
47019,UNK
47023,OTHR-1
47024,LOC-G
47025,SCF-PP-1
47042,OTHR-13
47047,LOC-I
47048,LOC-G
47049,OTHR-1
47050,OTHR-1
47052,BIRD
47053,SCF-NP-1
47054,SCF-NP-4
47055,RE-1
47056,OTHR-1
47057,SCF-NP-1
47058,OTHR-1
47059,SCF-NP-3
47060,SCF-NP-7
47061,SCF-NP-1
47062,LOC-G
47063,SCF-NP-4
47064,SCF-NP-4
47065,SCF-NP-1
47074,SCF-PP-1
47075,SCF-NP-8
47080,SCF-PP-1
47081,SCF-PP-1
47082,UNK
47083,OTHR-13
47084,BIRD
47085,SCF-NP-3
47086,SCF-NP-4
47087,BIRD
47095,OTHR-2
47096,OTHR-3
47097,OTHR-3
47098,OTHR-3
47099,OTHR-3
47100,SCF-PP-1
47102,RE-1
47108,LOC-I
47109,FUEL
47110,LOC-I
47111,SCF-NP-4
47112,SCF-NP-4
47113,SCF-NP-4
47114,SCF-NP-7
47115,SCF-NP-7
47116,SCF-NP-4
47117,SCF-NP-7
47131,SCF-NP-4
47132,ARC-1
47133,LOC-G
47134,CTOL
47138,SCF-PP-1
47142,LOC-I
47143,SCF-NP-4
47144,SCF-NP-3
47145,SCF-NP-3
47146,OTHR-1
47153,SCF-NP-3
47154,SCF-PP-1
47155,LOC-I
47156,LOC-I
47158,LOC-G
47159,LOC-G
47200,SCF-NP-4
47201,SCF-NP-3
47207,SCF-NP-9
47208,OTHR-1
47209,SCF-NP-5
47210,OTHR-1
47211,SCF-NP-4
47213,SCF-NP-10
47217,SCF-PP-1
47219,SCF-NP-4
47245,GCOL
47246,SCF-NP-4
47296,UNK
47297,LOC-G
47298,GCOL
47299,BIRD
47300,SCF-PP-6
47302,SCF-NP-4
47304,F-NI-2
47305,SCF-NP-1
47309,OTHR-1
47310,SCF-NP-4
47311,SCF-NP-4
47312,SCF-NP-4
47313,SCF-NP-4
47314,SCF-NP-1
47332,SCF-NP-1
47333,ARC-2
47334,SCF-NP-3
47339,LOC-I
47351,LOC-G
47353,SCF-NP-3
47354,SCF-PP-1
47422,LOC-G
47423,SCF-NP-1
47432,MAC-1
47433,BIRD
47434,SCF-NP-4
47435,CTOL
47436,BIRD
47437,MAC-1
47457,SCF-NP-1
47458,SCF-NP-4
47459,OTHR-3
47460,ARC-1
47461,SCF-NP-1
47462,GCOL
47463,SCF-NP-4
47464,SCF-NP-4
47466,SCF-PP-1
47467,OTHR-1
47468,SCF-NP-6
47469,UNK
47470,SCF-NP-4
47472,UNK
47474,SCF-NP-3
47475,LOC-G
47477,SCF-NP-1
47479,SCF-NP-1
47480,LOC-I
47482,ARC-2
47483,OTHR-1
47484,OTHR-1
47485,OTHR-13
47486,OTHR-13
47487,SCF-NP-4
47488,SCF-NP-3
47489,SCF-NP-8
47490,ARC-2
47491,CTOL
47492,OTHR-11
47494,ARC-1
47495,OTHR-5
47498,SCF-PP-1
47499,SCF-NP-4
47500,SCF-NP-3
47503,ARC-1
47504,OTHR-9
47505,LOC-G
47506,LOC-G
47507,GCOL
47513,SCF-PP-6
47515,SCF-NP-3
47516,SCF-NP-4
47517,SCF-PP-1
47518,SCF-NP-3
47519,SCF-NP-1
47520,SCF-NP-1
47521,SCF-PP-1
47522,SCF-NP-1
47523,SCF-NP-1
47524,SCF-NP-10
47527,SCF-NP-3
47528,SCF-NP-4
47530,LOC-I
47531,SCF-PP-1
47532,CTOL
47533,SCF-NP-3
47535,SCF-NP-1
47536,SCF-NP-1
47538,SCF-NP-4
47539,SCF-PP-4
47540,GCOL
47541,SCF-NP-1
47542,OTHR-1
47543,OTHR-1
47544,OTHR-3
47545,SCF-NP-7
47547,SCF-NP-4
47548,SCF-NP-1
47550,SCF-NP-3
47551,SCF-PP-1
47553,SCF-NP-9
47554,ARC-1
47555,SCF-NP-3
47556,SCF-NP-4
47557,SCF-NP-1
47558,SCF-NP-4
47559,SCF-NP-4
47560,SCF-NP-3
47561,SCF-NP-1
47562,SCF-PP-1
47563,LOC-G
47564,SCF-NP-1
47565,SCF-NP-7
47566,SCF-NP-4
47568,SCF-NP-4
47568,RE-2
47569,SCF-NP-1
47573,OTHR-9
47574,SCF-NP-1
47575,SCF-NP-4
47576,SCF-PP-6
47577,SCF-NP-3
47578,SCF-NP-4
47579,SCF-NP-4
47580,SCF-PP-1
47581,OTHR-1
47582,SCF-NP-4
47583,SCF-NP-1
47584,SCF-NP-1
47591,SCF-PP-1
47592,SCF-NP-3
47593,SCF-NP-3
47594,SCF-NP-4
47595,SCF-NP-1
47597,LOC-G
47598,LOC-G
47599,SCF-NP-1
47600,SCF-PP-5
47601,SCF-NP-4
47602,SCF-NP-1
47603,OTHR-1
47604,SCF-NP-1
47606,LOC-G
47607,SCF-NP-3
47608,LOC-G
47610,SCF-PP-1
47611,OTHR-1
47612,ARC-1
47613,SCF-NP-3
47614,GCOL
47615,SCF-NP-3
47616,SCF-NP-4
47618,OTHR-13
47619,SCF-NP-3
47620,SCF-NP-3
47621,SCF-PP-1
47622,MAC-1
47623,SCF-PP-1
47625,OTHR-16
47626,SCF-NP-1
47628,SCF-PP-1
47630,OTHR-16
47631,SCF-NP-3
47632,GCOL
47633,SCF-NP-4
47634,SCF-NP-1
47635,ARC-1
47636,SCF-NP-4
47637,ARC-1
47638,SCF-NP-4
47639,OTHR-13
47641,GCOL
47642,SCF-PP-5
47644,LOC-G
47645,LOC-G
47647,SCF-NP-1
47648,SCF-PP-1
47649,SCF-PP-1
47650,LOC-I
47651,CTOL
47652,LOC-G
47653,SCF-PP-6
47656,SCF-NP-4
47658,OTHR-1
47659,LOC-I
47660,SCF-NP-4
47661,GCOL
47662,LOC-G
47663,SCF-NP-4
47664,SCF-NP-1
47665,LOC-G
47674,CTOL
47675,SCF-NP-7
47694,LOC-G
47697,LOC-G
47698,CTOL
47699,SCF-NP-1
47704,OTHR-13
47707,SCF-NP-1
47709,SCF-NP-4
47755,BIRD
47759,OTHR-13
47761,BIRD
47762,SCF-NP-1
47763,OTHR-3
47765,OTHR-3
47766,BIRD
47767,BIRD
47768,OTHR-13
47769,SCF-NP-4
47871,SCF-NP-4
47872,LOC-I
47876,SCF-PP-1
47879,SCF-PP-1
47888,OTHR-13
47894,FUEL
47901,SCF-NP-3
47926,OTHR-1
47936,SCF-NP-1
47938,GCOL
47939,SCF-NP-3
47965,SCF-PP-1
47966,SCF-NP-12
47979,UNK
47980,SCF-PP-1
47981,LOC-I
47983,CTOL
47992,ARC-2
47998,LOC-G
48012,LOC-I
48013,LOC-I
48014,LOC-G
48053,SCF-PP-1
48055,LOC-I
48058,GCOL
48064,SCF-NP-4
48074,SCF-PP-1
48078,SCF-NP-8
48083,SCF-NP-4
48091,SCF-NP-4
48096,RE-2
48096,LOC-G
48102,SCF-PP-1
48103,OTHR-16
48104,SCF-NP-10
48105,SCF-NP-4
48107,SCF-NP-4
48109,SCF-NP-1
48110,SCF-NP-3
48112,MAC-1
48113,LOC-G
48114,GCOL
48142,OTHR-5
48144,OTHR-1
48145,OTHR-5
48159,SCF-NP-4
48162,SCF-NP-1
48163,MAC-1
48172,BIRD
48219,BIRD
48429,ARC-1
48438,RE-1
48442,SCF-NP-4
48446,SCF-NP-3
48451,LOC-G
48474,SCF-PP-1
48512,SCF-NP-1
48516,OTHR-3
48578,MAC-1
48580,OTHR-1
48582,SCF-NP-3
48584,SCF-PP-1
48599,SCF-NP-1
48630,SCF-PP-1
48652,[RAMP]
48653,OTHR-13
48654,ARC-1
48656,OTHR-1
48657,OTHR-1
48658,SCF-PP-1
48659,SCF-NP-10
48660,SCF-NP-3
48661,LOC-G
48662,SCF-NP-3
48691,ARC-2
48693,BIRD
48694,SCF-NP-4
48696,ARC-2
48711,SCF-NP-3
48714,ARC-2
48716,OTHR-3
48727,OTHR-10
48729,SCF-PP-1
48731,SCF-NP-3
48734,SCF-PP-1
48736,SCF-NP-3
48738,SCF-PP-1
48739,SCF-NP-4
48751,SCF-NP-4
48753,OTHR-13
48754,SCF-NP-1
48755,OTHR-1
48757,OTHR-3
48759,OTHR-1
48761,BIRD
48762,SCF-PP-3
48772,SCF-NP-3
48791,OTHR-1
48793,ARC-2
48795,CTOL
48796,SCF-PP-1
48797,LOC-G
48797,RE-1
48799,SCF-NP-3
48799,RE-2
48800,CTOL
48801,LOC-I
48803,LOC-G
48804,SCF-PP-1
48812,OTHR-1
48813,SCF-NP-1
48814,SCF-NP-3
48816,OTHR-17
48832,BIRD
48833,OTHR-1
48837,OTHR-13
48848,GCOL
48850,BIRD
48852,GCOL
48871,OTHR-14
48876,ARC-1
48878,SCF-NP-3
48879,LOC-G
48881,LOC-G
48883,SCF-NP-3
48884,SCF-NP-1
48893,OTHR-1
48894,BIRD
48895,BIRD
48896,BIRD
48897,UNK
48898,SCF-NP-3
48899,LOC-G
48912,SCF-NP-7
48915,OTHR-5
49053,LOC-I
49058,SCF-NP-3
49113,OTHR-13
49115,SCF-PP-1
49116,LOC-G
49117,SCF-NP-3
49118,CTOL
49119,LOC-G
49120,UNK
49121,LOC-G
49122,ARC-1
49123,SCF-PP-1
49124,SCF-NP-3
49125,FUEL
49152,LOC-G
49154,LOC-G
49155,SCF-NP-1
49156,LOC-G
49157,LOC-G
49158,ICE
49158,LOC-I
49171,MAC-1
49192,OTHR-1
49194,SCF-PP-1
49233,SCF-PP-1
49237,LOC-I
49252,SCF-NP-3
49252,RE-2
49254,OTHR-1
49255,SCF-PP-1
49258,LOC-G
49261,SCF-NP-12
49262,BIRD
49263,CTOL
49264,SCF-PP-1
49265,OTHR-1
49267,SCF-NP-2
49269,OTHR-1
49271,OTHR-1
49272,OTHR-16
49274,SCF-NP-1
49276,SCF-NP-1
49278,SCF-NP-1
49279,SCF-NP-1
49280,SCF-NP-1
49281,OTHR-1
49282,OTHR-1
49283,SCF-NP-8
49284,OTHR-1
49285,SCF-NP-1
49286,SCF-NP-1
49288,SCF-NP-4
49289,SCF-NP-4
49290,OTHR-1
49291,OTHR-13
49292,SCF-NP-4
49294,SCF-NP-4
49295,SCF-PP-1
49451,LOC-G
49454,SCF-PP-1
49472,GCOL
49473,SCF-PP-1
49474,OTHR-3
49475,SCF-NP-3
49476,OTHR-13
49478,OTHR-18
49479,LOC-G
49493,SCF-NP-3
49494,LOC-G
49511,F-NI-2
49513,SCF-PP-1
49514,GCOL
49515,OTHR-1
49516,SCF-NP-4
49517,SCF-NP-4
49518,SCF-NP-1
49519,OTHR-17
49520,SCF-NP-4
49521,SCF-PP-1
49522,SCF-NP-4
49523,SCF-NP-4
49524,MAC-1
49525,GCOL
49527,LOC-G
49528,SCF-NP-4
49529,SCF-NP-4
49532,SCF-NP-3
49533,BIRD
49534,MAC-1
49536,LOC-G
49537,SCF-NP-4
49538,RE-1
49539,SCF-NP-3
49591,SCF-PP-1
49592,LOC-I
49593,SCF-PP-1
49594,SCF-PP-1
49611,SCF-NP-1
49612,LOC-G
49614,SCF-NP-3
49615,LOC-G
49616,FUEL
49617,SCF-NP-3
49618,OTHR-16
49619,LOC-G
49620,LOC-G
49621,RE-1
49623,SCF-NP-1
49624,SCF-NP-1
49632,SCF-NP-4
49634,GCOL
49635,SCF-NP-4
49636,SCF-NP-4
49637,CTOL
49638,SCF-NP-1
49639,SCF-NP-4
49640,SCF-NP-1
49641,SCF-NP-4
49642,OTHR-3
49644,BIRD
49651,SCF-PP-1
49671,LOC-I
49672,FUEL
49673,LOC-G
49691,SCF-NP-4
49692,SCF-NP-7
49693,SCF-NP-4
49694,MAC-1
49695,SCF-NP-4
49696,OTHR-13
49697,SCF-NP-4
49698,SCF-NP-3
49699,SCF-NP-4
49700,OTHR-1
49702,SCF-NP-1
49703,SCF-NP-4
49704,SCF-NP-1
49705,OTHR-1
49706,BIRD
49708,SCF-NP-4
49709,SCF-NP-4
49710,SCF-NP-4
49711,OTHR-1
49712,BIRD
49751,LOC-G
49752,SCF-NP-1
49753,OTHR-1
49754,OTHR-16
49792,SCF-NP-10
49792,LOC-I
49795,SCF-PP-1
49796,SCF-PP-1
49797,SCF-NP-3
49798,SCF-NP-3
49814,LOC-G
49819,SCF-PP-1
49831,SCF-PP-1
49832,SCF-PP-1
49833,SCF-NP-1
49834,SCF-NP-4
49876,OTHR-13
49878,SCF-PP-1
49880,SCF-PP-1
49882,SCF-PP-1
49892,SCF-PP-1
49911,LOC-I
49931,SCF-NP-3
49932,LOC-G
49933,LOC-I
49934,ARC-1
49935,SCF-NP-3
49951,SCF-NP-3
49953,OTHR-1
49954,SCF-NP-4
49955,SCF-NP-4
49956,SCF-NP-4
49957,BIRD
49958,UNK
49959,SCF-NP-4
49961,SCF-NP-4
49962,SCF-NP-1
49963,SCF-NP-4
49964,SCF-NP-1
49965,SCF-NP-1
49966,SCF-NP-12
49967,SCF-PP-6
49968,SCF-NP-1
50053,LOC-G
50091,CTOL
50093,FUEL
50095,OTHR-1
50097,RE-1
50099,ARC-1
50131,LOC-G
50132,CFIT
50152,OTHR-11
50153,SCF-NP-4
50173,SCF-NP-8
50174,OTHR-1
50176,OTHR-1
50192,BIRD
50211,SCF-NP-1
50213,SCF-NP-4
50214,OTHR-3
50233,SCF-PP-3
50234,LOC-G
50236,CTOL
50238,SCF-PP-1
50239,SCF-PP-1
50240,OTHR-1
50245,CTOL
50246,SCF-NP-1
50248,LOC-I
50251,LOC-G
50252,SCF-PP-1
50253,CTOL
50254,BIRD
50255,SCF-NP-3
50257,BIRD
50258,OTHR-1
50259,SCF-NP-1
50260,OTHR-1
50271,MAC-1
50273,BIRD
50275,GCOL
50276,BIRD
50291,SCF-PP-3
50292,LOC-I
50313,ARC-1
50314,SCF-PP-1
50315,LOC-G
50317,LOC-I
50318,LOC-I
50319,ARC-2
50320,LOC-I
50321,UNK
50322,ARC-1
50324,SCF-PP-1
50325,SCF-NP-4
50331,SCF-NP-1
50332,SCF-NP-1
50333,SCF-PP-1
50334,SCF-PP-1
50335,FUEL
50337,LOC-I
50339,SCF-PP-1
50341,LOC-G
50342,OTHR-1
50343,ARC-2
50344,ARC-1
50346,ARC-1
50347,LOC-G
50348,LOC-I
50349,OTHR-1
50352,UNK
50353,LOC-I
50354,CTOL
50371,OTHR-3
50372,SCF-NP-4
50373,OTHR-13
50374,OTHR-1
50375,FUEL
50376,SCF-NP-1
50377,SCF-NP-4
50378,SCF-NP-4
50379,SCF-NP-4
50380,SCF-NP-4
50381,SCF-NP-4
50382,SCF-PP-5
50383,SCF-NP-4
50384,MAC-1
50388,SCF-NP-1
50389,SCF-NP-1
50390,SCF-NP-4
50399,SCF-NP-4
50412,OTHR-1
50431,OTHR-1
50433,CTOL
50434,SCF-NP-3
50435,SCF-NP-3
50453,FUEL
50511,CTOL
50513,SCF-NP-3
50515,SCF-NP-12
50516,RE-1
50517,MAC-1
50531,SCF-PP-4
50532,OTHR-1
50533,SCF-NP-3
50534,OTHR-1
50535,SCF-NP-1
50542,MAC-1
50543,OTHR-1
50544,SCF-NP-4
50545,OTHR-1
50546,OTHR-1
50547,MAC-1
50549,SCF-NP-1
50551,SCF-NP-4
50552,SCF-NP-1
50554,OTHR-1
50556,OTHR-1
50557,OTHR-1
50558,OTHR-1
50559,FUEL
50560,SCF-NP-4
50561,OTHR-3
50562,OTHR-3
50563,BIRD
50564,SCF-NP-8
50565,SCF-NP-1
50654,SCF-NP-1
50672,CTOL
50673,BIRD
50674,SCF-NP-4
50692,OTHR-1
50693,SCF-NP-10
50712,UNK
50713,LOC-G
50714,ARC-1
50753,SCF-PP-1
50771,LOC-G
50791,CTOL
50792,SCF-PP-1
50794,SCF-PP-1
50797,SCF-NP-1
50799,SCF-PP-1
50800,LOC-G
50801,GCOL
50802,LOC-I
50803,LOC-G
50804,LOC-I
50805,CTOL
50806,SCF-PP-3
50807,SCF-PP-1
50808,OTHR-10
50809,LOC-I
50810,SCF-NP-4
50812,SCF-NP-1
50831,LOC-I
50838,LOC-I
50916,SCF-NP-7
50918,LOC-I
50919,CTOL
50921,SCF-NP-8
50922,SCF-PP-1
50923,SCF-PP-1
50952,SCF-PP-1
50972,SCF-PP-1
50973,RE-2
50973,LOC-G
50974,LOC-I
50975,SCF-PP-1
50976,FUEL
50977,CTOL
50978,SCF-NP-12
50979,ARC-1
50980,OTHR-1
50981,LOC-I
50983,SCF-PP-1
50984,LOC-I
50985,LOC-G
50991,UNK
50992,LOC-I
50993,OTHR-9
50994,SCF-PP-1
50995,LOC-I
50996,CTOL
50998,GCOL
50999,SCF-NP-3
51000,SCF-NP-3
51001,CTOL
51002,SCF-PP-1
51003,SCF-PP-1
51004,LOC-I
51005,LOC-G
51006,SCF-PP-1
51007,SCF-NP-3
51008,ARC-1
51009,LOC-I
51010,LOC-I
51011,SCF-NP-1
51012,UNK
51013,SCF-NP-10
51015,SCF-PP-1
51016,LOC-G
51017,SCF-NP-3
51018,MAC-1
51019,ARC-2
51020,SCF-NP-5
51021,OTHR-1
51022,FUEL
51023,RE-2
51023,LOC-G
51024,ARC-1
51025,LOC-G
51026,LOC-G
51027,OTHR-13
51031,FUEL
51032,RE-2
51032,LOC-G
51033,WILD
51052,ARC-1
51053,SCF-PP-1
51054,SCF-PP-1
51055,CTOL
51071,SCF-PP-1
51072,SCF-PP-1
51073,OTHR-16
51074,OTHR-6
51075,OTHR-1
51076,ARC-1
51077,OTHR-3
51078,SCF-NP-12
51079,OTHR-6
51080,GCOL
51081,SCF-NP-1
51082,F-NI-3
51083,BIRD
51084,OTHR-1
51086,OTHR-1
51087,ARC-2
51091,SCF-NP-1
51092,SCF-NP-1
51093,OTHR-1
51094,OTHR-1
51095,SCF-NP-1
51096,BIRD
51097,SCF-NP-1
51098,SCF-NP-5
51099,MAC-1
51111,SCF-NP-8
51112,SCF-NP-4
51131,SCF-NP-5
51132,OTHR-2
51133,SCF-NP-1
51134,BIRD
51135,OTHR-1
51137,SCF-NP-4
51139,OTHR-1
51140,SCF-PP-1
51141,SCF-NP-4
51142,OTHR-3
51143,SCF-NP-4
51144,OTHR-1
51145,GCOL
51146,SCF-NP-4
51147,LOC-G
51148,SCF-NP-12
51149,SCF-NP-1
51151,SCF-NP-4
51153,LOC-G
51154,OTHR-1
51155,OTHR-16
51156,OTHR-1
51157,SCF-NP-4
51158,SCF-NP-4
51159,OTHR-1
51160,MAC-1
51161,SCF-NP-4
51162,BIRD
51163,CTOL
51164,MAC-1
51165,SCF-NP-1
51179,SCF-PP-6
51181,SCF-NP-5
51182,SCF-NP-1
51185,SCF-NP-1
51186,MAC-1
51189,GCOL
51211,MAC-1
51258,SCF-PP-1
51259,SCF-NP-4
51260,SCF-NP-4
51261,SCF-NP-1
51262,GCOL
51263,OTHR-1
51264,SCF-NP-1
51265,GCOL
51266,SCF-NP-1
51267,UNK
51268,SCF-NP-4
51269,SCF-NP-1
51285,OTHR-1
51302,SCF-NP-1
51304,BIRD
51307,SCF-NP-1
51308,SCF-NP-1
51309,SCF-NP-1
51310,SCF-NP-1
51314,OTHR-16
51315,ARC-2
51317,BIRD
51318,F-NI-2
51319,OTHR-1
51320,SCF-PP-1
51321,SCF-NP-4
51322,SCF-NP-1
51323,BIRD
51324,SCF-NP-1
51325,SCF-NP-4
51326,SCF-PP-1
51327,SCF-NP-4
51328,F-NI-3
51330,SCF-NP-6
51336,SCF-NP-4
51337,SCF-NP-4
51338,SCF-NP-3
51339,SCF-NP-1
51340,SCF-NP-4
51341,SCF-NP-4
51342,SCF-PP-1
51343,SCF-NP-1
51344,SCF-NP-1
51345,SCF-NP-1
51346,BIRD
51347,BIRD
51391,SCF-NP-3
51393,LOC-I
51394,SCF-PP-1
51412,LOC-I
51413,LOC-G
51414,WILD
51416,LOC-I
51417,GCOL
51418,SCF-PP-1
51419,UNK
51420,SCF-PP-1
51421,SCF-PP-1
51432,UNK
51433,GCOL
51434,SCF-PP-1
51435,CTOL
51436,MAC-2
51437,SCF-PP-1
51438,SCF-NP-1
51439,RE-2
51439,ARC-2
51440,RE-2
51440,LOC-G
51441,ARC-1
51442,CTOL
51443,RE-1
51444,SCF-NP-1
51445,RE-2
51445,LOC-G
51446,SCF-NP-3
51448,RE-2
51448,ARC-1
51449,SCF-NP-3
51449,RE-2
51451,MAC-1
51452,MAC-1
51453,SCF-NP-4
51454,SCF-NP-5
51455,OTHR-3
51456,GCOL
51457,SCF-NP-5
51458,F-NI-3
51459,SCF-NP-1
51460,BIRD
51461,SCF-NP-4
51462,SCF-NP-4
51463,SCF-NP-1
51464,SCF-NP-4
51465,SCF-NP-3
51471,SCF-NP-4
51472,LOC-G
51473,SCF-NP-1
51474,BIRD
51475,SCF-NP-4
51477,SCF-NP-4
51478,SCF-NP-4
51479,SCF-NP-4
51480,SCF-PP-1
51481,OTHR-13
51482,SCF-NP-1
51517,FUEL
51531,SCF-PP-1
51532,F-NI-2
51533,SCF-NP-3
51534,RE-2
51534,SCF-NP-1
51535,CTOL
51536,RE-2
51536,LOC-G
51537,SCF-NP-1
51538,OTHR-6
51539,OTHR-1
51540,CTOL
51541,SCF-NP-4
51542,SCF-NP-1
51543,F-NI-2
51544,RE-2
51545,OTHR-1
51546,SCF-NP-5
51547,SCF-NP-3
51548,SCF-NP-4
51549,SCF-PP-1
51550,BIRD
51551,GCOL
51552,SCF-PP-5
51553,BIRD
51554,BIRD
51555,MAC-1
51556,SCF-PP-5
51557,SCF-NP-1
51558,SCF-PP-1
51559,SCF-NP-8
51567,LOC-G
51568,RE-1
51569,SCF-NP-4
51570,RE-2
51571,SCF-NP-4
51591,SCF-NP-4
51592,OTHR-11
51593,SCF-NP-1
51594,SCF-NP-1
51596,FUEL
51597,RE-2
51597,SCF-NP-1
51653,LOC-I
51654,CTOL
51655,GCOL
51656,OTHR-3
51671,RE-2
51671,LOC-G
51672,LOC-I
51673,OTHR-1
51674,ARC-1
51675,SCF-PP-1
51676,SCF-PP-1
51691,SCF-NP-1
51692,SCF-NP-4
51693,SCF-NP-8
51694,SCF-NP-4
51695,BIRD
51711,SCF-NP-1
51712,SCF-NP-4
51713,OTHR-1
51716,SCF-PP-1
51719,LOC-G
51720,GCOL
51731,SCF-PP-1
51732,SCF-NP-4
51733,SCF-NP-1
51734,OTHR-16
51735,SCF-NP-4
51740,SCF-NP-1
51741,SCF-NP-1
51751,LALT
51752,LOC-G
51753,RE-2
51753,LOC-I
51754,SCF-PP-1
51755,RE-2
51755,LOC-G
51756,FUEL
51757,SCF-PP-1
51758,BIRD
51759,SCF-NP-4
51760,SCF-NP-1
51761,SCF-NP-4
51762,LOC-G
51763,OTHR-1
51764,OTHR-11
51765,MAC-1
51766,BIRD
51768,OTHR-3
51771,FUEL
51774,SCF-PP-3
51775,LOC-I
51776,SCF-NP-12
51777,SCF-NP-3
51778,MAC-1
51780,SCF-NP-3
51781,GCOL
51783,SCF-NP-3
51784,OTHR-10
51785,OTHR-3
51786,SCF-NP-8
51787,SCF-NP-3
51789,ARC-1
51792,SCF-NP-1
51793,GCOL
51794,OTHR-1
51795,SCF-NP-4
51796,SCF-NP-1
51797,SCF-NP-1
51798,SCF-NP-9
51801,SCF-NP-1
51806,SCF-NP-1
51807,GCOL
51808,BIRD
51809,SCF-NP-4
51815,BIRD
51816,SCF-NP-1
51818,BIRD
51819,CTOL
51820,SCF-NP-7
51823,BIRD
51824,SCF-NP-4
51825,LOC-G
51828,SCF-NP-3
51830,MAC-1
51831,SCF-PP-1
51834,SCF-NP-3
51835,OTHR-3
51836,SCF-NP-3
51851,OTHR-3
51853,GCOL
51854,GCOL
51855,SCF-PP-1
51856,SCF-NP-3
51857,SCF-PP-6
51858,ARC-2
51860,OTHR-13
51861,OTHR-1
51863,GCOL
51864,MAC-1
51867,F-NI-3
51868,OTHR-1
51869,SCF-NP-4
51870,SCF-NP-4
51872,BIRD
51873,BIRD
51874,OTHR-1
51877,OTHR-13
51878,BIRD
51880,SCF-NP-8
51881,OTHR-3
51882,BIRD
51883,GCOL
51884,SCF-PP-1
51885,SCF-NP-7
51886,BIRD
51887,SCF-NP-1
51888,MAC-1
51991,SCF-NP-10
52051,SCF-NP-4
52053,OTHR-13
52054,GCOL
52055,SCF-NP-1
52056,SCF-NP-1
52057,SCF-NP-3
52058,LOC-G
52059,SCF-PP-1
52060,GCOL
52061,OTHR-16
52062,OTHR-1
52063,MAC-1
52064,OTHR-1
52065,SCF-NP-4
52066,OTHR-1
52067,SCF-NP-1
52068,SCF-NP-4
52069,SCF-NP-3
52070,SCF-NP-3
52071,OTHR-1
52072,SCF-NP-4
52073,OTHR-1
52231,SCF-NP-3
52231,RE-2
52240,SCF-PP-1
52241,SCF-NP-3
52242,SCF-NP-4
52243,BIRD
52244,SCF-NP-3
52245,SCF-NP-4
52246,OTHR-14
52247,SCF-PP-1
52248,SCF-NP-4
52262,UNK
52263,ARC-1
52264,ARC-1
52265,LOC-I
52271,CTOL
52273,SCF-PP-3
52274,SCF-PP-1
52275,RE-2
52275,LOC-G
52276,UNK
52277,LOC-I
52278,LOC-I
52279,CTOL
52280,SCF-PP-1
52281,LOC-G
52282,SCF-PP-1
52283,LOC-I
52284,OTHR-3
52285,F-NI-2
52286,LOC-G
52287,OTHR-11
52288,MAC-1
52289,ARC-1
52290,RE-2
52290,LOC-G
52291,LOC-G
52292,SCF-NP-3
52292,RE-2
52293,RE-1
52295,SCF-NP-4
52296,SCF-PP-1
52297,MAC-1
52298,SCF-PP-1
52300,OTHR-3
52301,SCF-NP-1
52302,SCF-NP-1
52303,OTHR-1
52304,SCF-PP-1
52305,BIRD
52306,RE-2
52306,LOC-G
52307,SCF-NP-6
52308,OTHR-1
52309,SCF-NP-4
52310,SCF-NP-4
52311,SCF-NP-4
52312,SCF-PP-1
52313,BIRD
52314,SCF-NP-4
52315,MAC-1
52316,SCF-NP-4
52317,BIRD
52318,SCF-NP-1
52331,SCF-NP-4
52332,F-NI-3
52333,SCF-NP-1
52334,SCF-PP-1
52335,SCF-NP-4
52336,OTHR-5
52337,SCF-NP-4
52338,SCF-NP-3
52340,CTOL
52341,UNK
52342,SCF-PP-1
52343,MAC-1
52344,SCF-NP-4
52345,MAC-1
52346,SCF-NP-4
52471,RE-2
52471,LOC-G
52531,CTOL
52532,SCF-NP-12
52533,SCF-PP-1
52536,UNK
52537,SCF-PP-1
52538,GCOL
52538,RE-2
52539,MAC-2
52551,SCF-NP-3
52551,RE-2
52552,RE-2
52553,RE-2
52553,LOC-G
52554,SCF-NP-3
52554,RE-2
52571,BIRD
52572,SCF-PP-1
52591,OTHR-11
52592,SCF-NP-1
52594,SCF-NP-4
52595,SCF-NP-4
52596,AMAN
52597,SCF-NP-8
52598,SCF-PP-6
52599,SCF-NP-1
52600,SCF-NP-1
52611,SCF-NP-4
52613,SCF-NP-12
52614,MAC-1
52615,SCF-NP-1
52617,SCF-NP-4
52618,SCF-NP-4
52620,SCF-NP-4
52621,BIRD
52622,SCF-NP-4
52623,SCF-NP-4
52624,SCF-NP-3
52631,GCOL
52632,UNK
52633,CTOL
52634,FUEL
52635,SCF-PP-1
52636,RE-2
52637,SCF-PP-1
52638,SCF-NP-1
52639,RE-2
52639,LOC-G
52640,SCF-NP-3
52651,FUEL
52652,SCF-PP-1
52653,RE-2
52653,LOC-G
52654,SCF-PP-1
52671,LOC-I
52672,OTHR-1
52673,UNK
52674,OTHR-13
52675,LOC-G
52676,FUEL
52691,SCF-PP-1
52692,RE-2
52692,SCF-NP-7
52693,CTOL
52694,RE-2
52694,LOC-G
52695,RE-2
52695,LOC-G
52696,LOC-I
52697,SCF-NP-8
52698,SCF-PP-1
52699,OTHR-1
52700,OTHR-1
52713,SCF-NP-4
52714,OTHR-1
52715,OTHR-6
52716,SCF-NP-4
52717,SCF-NP-4
52718,SCF-NP-3
52719,SCF-NP-4
52720,BIRD
52721,SCF-NP-4
52722,SCF-NP-3
52723,OTHR-1
52724,OTHR-1
52725,OTHR-1
52726,SCF-NP-1
52727,SCF-NP-12
52728,SCF-NP-4
52729,SCF-NP-4
52730,SCF-PP-1
52731,SCF-PP-1
52751,SCF-PP-1
52752,SCF-NP-4
52753,SCF-PP-1
52754,OTHR-5
52755,SCF-NP-4
52757,SCF-NP-4
52758,SCF-NP-1
52759,SCF-PP-1
52760,SCF-NP-1
52761,SCF-NP-1
52762,SCF-NP-1
52763,SCF-NP-4
52764,SCF-NP-4
52779,RE-2
52779,LOC-G
52793,SCF-PP-1
52811,LOC-I
52812,LOC-I
52813,ARC-2
52814,LOC-I
52815,LOC-I
52816,SCF-PP-1
52817,SCF-PP-1
52818,LOC-G
52819,LOC-I
52831,LOC-I
52832,LOC-I
52833,RE-2
52834,ARC-2
52835,OTHR-1
52836,LOC-I
52837,CTOL
52838,LOC-I
52839,LOC-G
52840,RE-2
52841,SCF-NP-3
52843,SCF-NP-3
52844,OTHR-1
52845,BIRD
52846,OTHR-1
52847,SCF-NP-8
52848,OTHR-16
52849,OTHR-3
52850,SCF-PP-1
52851,SCF-PP-1
52852,SCF-NP-4
52853,OTHR-1
52854,BIRD
52855,SCF-NP-4
52856,SCF-NP-4
52857,BIRD
52858,OTHR-16
52871,SCF-NP-4
52872,RE-2
52872,LOC-G
52873,UNK
52874,LOC-I
52875,SCF-PP-1
52876,UNK
52933,SCF-PP-1
52934,LOC-I
52935,LOC-G
52936,OTHR-3
52937,FUEL
52938,RE-2
52938,LOC-G
52939,LOC-I
52940,CTOL
52941,RE-2
52941,OTHR-1
52942,ARC-1
52943,MAC-1
52944,SCF-NP-7
52945,SCF-PP-1
52946,CTOL
52947,FUEL
52948,LOC-G
52950,SCF-NP-4
52951,SCF-NP-4
52952,SCF-NP-9
52953,OTHR-16
52954,SCF-PP-1
52955,OTHR-1
52956,OTHR-1
52958,CTOL
52959,SCF-NP-4
52967,LOC-G
52968,SCF-PP-1
52970,LOC-I
52971,LOC-G
52972,LALT
52973,LOC-I
52974,LOC-I
52975,LOC-I
52976,SCF-PP-1
52977,LOC-G
52978,CTOL
52979,SCF-PP-1
52980,CTOL
52981,SCF-PP-1
52982,CTOL
52983,LOC-I
52984,LOC-I
52987,LOC-I
52988,ARC-2
52989,FUEL
52990,SCF-NP-3
52991,SCF-NP-3
52992,GCOL
52993,F-NI-2
52994,SCF-NP-3
52995,SCF-PP-1
52996,SCF-PP-1
52997,SCF-PP-1
52998,SCF-NP-4
52999,SCF-NP-4
53000,SCF-NP-1
53001,OTHR-18
53002,SCF-NP-1
53003,SCF-NP-8
53004,SCF-NP-3
53005,SCF-NP-4
53006,SCF-NP-4
53007,LOC-G
53008,SCF-NP-4
53009,OTHR-5
53010,OTHR-11
53012,SCF-NP-4
53061,SCF-NP-4
53062,SCF-NP-4
53063,OTHR-16
53064,SCF-NP-1
53065,BIRD
53066,SCF-PP-1
53067,SCF-PP-1
53068,SCF-NP-1
53069,SCF-NP-1
53070,SCF-NP-1
53071,SCF-NP-1
53072,BIRD
53073,SCF-NP-3
53074,SCF-NP-4
53075,SCF-NP-1
53076,GCOL
53077,BIRD
53078,SCF-NP-3
53079,BIRD
53080,GCOL
53081,SCF-NP-4
53082,BIRD
53103,LOC-G
53104,GCOL
53105,OTHR-3
53106,SCF-PP-1
53107,SCF-NP-8
53108,LOC-G
53109,SCF-NP-3
53110,SCF-PP-6
53111,LOC-I
53112,OTHR-1
53113,MAC-1
53114,LOC-G
53115,LOC-I
53116,LOC-I
53117,SCF-PP-1
53118,LOC-G
53119,UNK
53120,LOC-G
53121,SCF-NP-1
53122,SCF-NP-4
53123,OTHR-3
53124,F-NI-3
53125,OTHR-1
53126,F-NI-2
53127,BIRD
53128,OTHR-3
53129,SCF-NP-1
53130,SCF-NP-5
53131,SCF-NP-3
53132,OTHR-3
53133,SCF-NP-1
53148,LOC-G
53149,CTOL
53150,LOC-I
53151,RE-2
53151,LOC-G
53152,SCF-NP-12
53153,BIRD
53154,SCF-NP-4
53164,LOC-G
53165,CTOL
53166,OTHR-1
53167,SCF-NP-4
53168,SCF-NP-3
53169,OTHR-1
53170,OTHR-3
53175,SCF-NP-8
53176,SCF-NP-12
53177,SCF-PP-1
53178,LOC-I
53179,SCF-PP-1
53180,SCF-PP-1
53181,CTOL
53182,LALT
53183,OTHR-13
53184,SCF-PP-1
53185,OTHR-1
53186,SCF-NP-8
53187,SCF-NP-3
53188,SCF-NP-4
53189,OTHR-1
53190,OTHR-3
53191,SCF-PP-1
53192,LOC-I
53193,LOC-I
53194,RE-2
53194,OTHR-13
53195,SCF-NP-10
53196,SCF-NP-3
53197,SCF-PP-1
53198,LOC-G
53199,LOC-I
53200,LOC-G
53201,RE-2
53202,OTHR-1
53203,USOS-1
53204,OTHR-5
53205,OTHR-1
53206,OTHR-1
53207,OTHR-16
53208,SCF-NP-4
53209,SCF-PP-1
53210,OTHR-13
53211,OTHR-11
53212,SCF-NP-4
53213,SCF-NP-4
53222,SCF-PP-1
53223,LOC-G
53224,SCF-PP-1
53225,LOC-G
53226,SCF-NP-4
53227,SCF-NP-4
53228,SCF-NP-4
53229,SCF-NP-1
53230,SCF-NP-1
53231,LOC-I
53232,SCF-PP-1
53233,RE-2
53233,LOC-G
53234,SCF-PP-1
53235,LOC-I
53236,SCF-PP-1
53237,LOC-I
53238,CTOL
53239,SCF-NP-1
53240,SCF-NP-4
53241,SCF-NP-4
53247,SCF-PP-1
53248,BIRD
53254,CTOL
53255,UNK
53256,CTOL
53257,LOC-G
53258,SCF-PP-1
53259,CTOL
53260,SCF-PP-1
53261,OTHR-18
53262,CTOL
53263,ARC-2
53264,SCF-PP-1
53265,RE-1
53266,FUEL
53267,OTHR-1
53268,RE-1
53269,CTOL
53270,SCF-PP-1
53271,SCF-NP-3
53272,FUEL
53273,SCF-PP-1
53274,SCF-PP-1
53275,OTHR-1
53276,OTHR-1
53277,OTHR-16
53278,SCF-NP-4
53279,ARC-1
53280,SCF-NP-4
53281,BIRD
53282,SCF-NP-7
53283,SCF-NP-4
53284,SCF-NP-4
53285,SCF-NP-3
53286,BIRD
53287,SCF-PP-1
53288,SCF-NP-1
53289,SCF-NP-8
53290,SCF-NP-9
53306,CFIT
53307,LOC-I
53308,LOC-I
53309,SCF-PP-1
53310,SCF-NP-4
53311,OTHR-3
53312,SCF-NP-1
53313,SCF-NP-8
53314,BIRD
53315,SCF-NP-4
53316,BIRD
53317,SCF-NP-4
53318,SCF-NP-1
53323,CTOL
53324,FUEL
53325,LOC-G
53326,SCF-PP-3
53327,SCF-PP-1
53328,CTOL
53330,SCF-NP-1
53331,CFIT
53332,SCF-NP-1
53333,RE-2
53333,LOC-G
53339,LOC-G
53340,OTHR-1
53341,LOC-I
53342,FUEL
53343,SCF-NP-1
53344,SCF-PP-1
53345,BIRD
53346,SCF-NP-4
53347,SCF-NP-8
53348,SCF-NP-4
53349,SCF-NP-8
53351,SCF-NP-1
53352,SCF-PP-1
53353,SCF-PP-1
53354,SCF-NP-4
53355,OTHR-1
53356,RE-2
53356,LOC-G
53357,SCF-NP-3
53357,RE-2
53358,CTOL
53359,USOS-1
53360,SCF-PP-1
53361,LOC-G
53362,SCF-NP-3
53363,SCF-NP-1
53364,SCF-NP-4
53370,SCF-PP-1
53371,SCF-NP-1
53372,LOC-I
53373,LOC-G
53374,SCF-PP-1
53375,LOC-I
53376,LOC-I
53377,ARC-2
53378,CTOL
53379,SCF-NP-1
53380,SCF-PP-1
53381,SCF-PP-1
53382,SCF-PP-1
53385,SCF-NP-3
53386,BIRD
53387,SCF-NP-4
53388,SCF-NP-4
53389,OTHR-11
53390,RE-1
53391,SCF-NP-4
53392,BIRD
53402,SCF-NP-3
53410,SCF-NP-3
53411,SCF-NP-3
53412,SCF-NP-12
53413,OTHR-1
53416,SCF-NP-4
53417,SCF-NP-4
53418,UNK
53419,RE-2
53419,LOC-G
53420,SCF-NP-4
53421,CTOL
53422,SCF-NP-4
53423,ARC-2
53424,SCF-NP-12
53426,RE-2
53426,LOC-G
53427,SCF-PP-1
53428,RE-2
53428,ARC-2
53430,SCF-NP-5
53431,LOC-I
53432,BIRD
53433,LOC-I
53434,RE-2
53434,LOC-G
53435,CTOL
53436,LOC-G
53437,UNK
53438,CTOL
53440,SCF-NP-1
53441,F-NI-2
53442,OTHR-1
53449,SCF-NP-4
53450,SCF-NP-4
53451,SCF-NP-4
53452,SCF-NP-1
53453,BIRD
53454,SCF-NP-4
53455,SCF-PP-1
53462,RE-2
53462,LOC-G
53463,FUEL
53465,LOC-I
53466,SCF-NP-3
53466,RE-2
53467,CTOL
53468,SCF-PP-1
53469,SCF-PP-1
53470,LOC-I
53471,RE-2
53471,LOC-G
53472,CTOL
53473,SCF-NP-2
53474,FUEL
53475,SCF-NP-4
53476,SCF-NP-4
53477,RE-2
53477,OTHR-1
53478,OTHR-1
53480,SCF-NP-1
53481,SCF-NP-1
53482,LOC-I
53483,SCF-NP-4
53484,SCF-PP-1
53485,OTHR-9
53486,RE-2
53486,LOC-G
53487,RE-2
53487,LOC-G
53488,LOC-I
53489,ARC-1
53490,SCF-PP-1
53491,SCF-PP-1
53492,OTHR-1
53493,SCF-NP-12
53494,RE-2
53494,LOC-G
53495,RE-2
53495,LOC-G
53496,SCF-NP-3
53497,LOC-I
53498,RE-1
53499,RE-1
53500,LOC-I
53501,UNK
53502,SCF-PP-1
53503,OTHR-16
53504,SCF-NP-1
53505,SCF-NP-1
53506,OTHR-14
53507,SCF-NP-1
53508,SCF-NP-9
53509,SCF-PP-1
53510,SCF-NP-4
53511,SCF-NP-4
53512,SCF-NP-3
53513,SCF-NP-1
53514,SCF-NP-4
53515,SCF-PP-6
53516,SCF-PP-1
53517,SCF-NP-4
53518,SCF-NP-4
53519,LOC-G
53520,SCF-NP-1
53524,OTHR-3
53532,SCF-NP-4
53533,SCF-NP-4
53534,SCF-NP-1
53543,RE-2
53543,LOC-I
53545,SCF-NP-4
53545,RE-2
53546,LOC-I
53547,LOC-I
53550,CTOL
53551,RE-2
53551,LOC-G
53552,RE-2
53552,LOC-G
53553,SCF-PP-1
53554,SCF-PP-1
53555,LOC-I
53556,SCF-NP-2
53557,SCF-PP-1
53558,LOC-G
53559,SCF-NP-1
53560,OTHR-18
53561,LOC-I
53562,CTOL
53563,SCF-PP-1
53564,LOC-I
53565,SCF-NP-1
53566,OTHR-13
53567,F-NI-3
53568,SCF-NP-3
53568,RE-2
53569,OTHR-16
53570,SCF-PP-1
53571,RE-2
53571,LOC-G
53572,LOC-I
53573,SCF-NP-3
53574,FUEL
53575,OTHR-16
53576,SCF-PP-1
53577,SCF-PP-1
53578,SCF-PP-1
53579,LOC-I
53580,RE-2
53580,LOC-I
53581,LOC-G
53582,SCF-NP-1
53583,BIRD
53584,GCOL
53585,SCF-NP-1
53586,SCF-NP-4
53587,BIRD
53589,SCF-NP-4
53590,SCF-NP-4
53591,SCF-PP-1
53592,SCF-NP-4
53593,SCF-NP-1
53594,SCF-NP-12
53595,OTHR-13
53596,SCF-NP-8
53597,SCF-NP-4
53598,OTHR-16
53599,SCF-NP-4
53601,OTHR-1
53602,SCF-NP-1
53603,BIRD
53604,SCF-NP-3
53605,SCF-NP-4
53606,SCF-NP-4
53607,CTOL
53608,MAC-2
53609,SCF-NP-4
53610,SCF-NP-9
53611,OTHR-11
53618,SCF-NP-1
53625,CFIT
53626,RE-2
53626,LOC-G
53627,SCF-PP-1
53628,SCF-PP-1
53629,SCF-PP-1
53630,SCF-NP-4
53631,SCF-PP-1
53633,SCF-PP-1
53634,SCF-PP-1
53635,SCF-NP-4
53636,SCF-NP-3
53637,SCF-NP-4
53638,BIRD
53639,BIRD
53640,GCOL
60600,OTHR-3
60601,OTHR-16
60602,OTHR-16
60603,SCF-NP-8
60604,SCF-NP-4
60605,SCF-NP-12
60608,SCF-NP-4
60609,LOC-G
60610,SCF-NP-4
60611,OTHR-3
60612,LOC-G
60613,CFIT
60615,ARC-2
60616,LOC-I
60620,LOC-G
60625,RE-2
60625,LOC-G
60629,USOS-1
60630,USOS-1
60631,LOC-I
60632,SCF-PP-1
60634,LOC-I
60636,SCF-NP-4
60637,LOC-G
60639,OTHR-18
60640,SCF-NP-4
60641,SCF-NP-4
60642,UNK
60645,FUEL
60649,RE-2
60649,SCF-PP-1
60651,SCF-PP-1
60653,SCF-NP-3
60653,RE-2
60657,SCF-NP-4
60659,SCF-NP-4
60660,RE-1
60661,LOC-I
60662,OTHR-12
60664,LOC-I
60665,FUEL
60667,ARC-1
60668,SCF-NP-3
60669,GCOL
60669,RE-2
60671,SCF-NP-3
60672,BIRD
60676,CTOL
60677,RE-2
60677,LOC-G
60679,OTHR-1
60681,ARC-2
60682,LOC-G
60686,SCF-PP-1
60688,SCF-PP-1
60689,SCF-PP-1
60690,SCF-NP-4
60691,RE-2
60692,SCF-PP-1
60693,UNK
60694,LOC-I
60696,SCF-NP-3
60697,SCF-PP-6
60708,SCF-NP-1
60709,SCF-NP-3
60710,SCF-NP-1
60711,SCF-NP-4
60712,OTHR-16
60713,SCF-PP-1
60721,BIRD
60721,RE-2
60721,LOC-I
60725,SCF-NP-4
60726,MAC-1
60727,SCF-NP-4
60728,SCF-PP-1
60729,RE-2
60729,LOC-G
60730,SCF-NP-1
60732,RE-2
60732,LOC-G
60734,LOC-I
60735,SCF-PP-1
60738,LOC-G
60739,SCF-NP-4
60740,F-NI-2
60741,SCF-NP-4
60745,GCOL
60749,SCF-NP-8
60751,SCF-NP-12
60752,RE-2
60752,LOC-G
60753,UNK
60756,FUEL
60767,SCF-PP-1
60768,SCF-PP-1
60769,SCF-PP-1
60770,LALT
60783,CTOL
60784,SCF-NP-4
60785,SCF-PP-1
60787,MAC-1
60790,SCF-PP-1
60792,SCF-PP-1
60793,RE-2
60793,SCF-PP-1
60800,CFIT
60802,UNK
60805,SCF-NP-4
60808,SCF-NP-4
60809,SCF-NP-4
60810,SCF-NP-4
60811,SCF-NP-5
60817,SCF-PP-1
60819,RE-2
60819,OTHR-1
60836,SCF-NP-1
60837,BIRD
60841,SCF-PP-1
60844,RE-1
60845,CTOL
60846,MAC-1
60847,SCF-NP-4
60849,SCF-PP-1
60853,GCOL
60857,BIRD
60859,RE-2
60859,LOC-G
60861,CTOL
60862,SCF-NP-8
60864,OTHR-13
60867,OTHR-3
60869,SCF-NP-5
60870,SCF-NP-9
60872,LOC-I
60877,SCF-NP-4
60878,SCF-PP-1
60881,RE-2
60881,LOC-G
60882,LOC-I
60883,RE-2
60883,OTHR-13
60892,RE-2
60892,LOC-G
60894,RE-2
60894,SCF-PP-1
60897,CTOL
60903,UNK
60904,OTHR-1
60914,SCF-PP-1
60917,OTHR-2
60922,FUEL
60924,RE-2
60924,LOC-G
60925,OTHR-13
60927,SCF-NP-5
60929,SCF-NP-4
60930,RE-2
60930,SCF-PP-1
60936,SCF-NP-1
60944,SCF-NP-4
60947,MAC-2
60948,SCF-NP-1
60949,SCF-NP-12
60951,LOC-I
60954,OTHR-3
60955,LOC-I
60956,RE-1
60966,SCF-NP-1
60972,SCF-NP-1
60974,SCF-PP-1
60975,RE-2
60975,LOC-G
60976,SCF-NP-1
60980,LOC-I
60981,RE-2
60981,LOC-G
60983,LOC-I
60984,LOC-I
60988,CTOL
60991,RE-2
60991,SCF-PP-1
60992,BIRD
60994,BIRD
60996,RI
60997,SCF-PP-1
60998,SCF-NP-4
61000,MAC-1
61001,RE-1
61002,SCF-NP-1
61003,CTOL
61004,LOC-G
61006,SCF-NP-4
61007,OTHR-13
61008,SCF-NP-10
61009,SCF-NP-6
61010,RE-2
61010,LOC-G
61011,ARC-1
61012,RE-2
61012,USOS-1
61014,MAC-1
61015,RE-2
61015,SCF-PP-1
61025,SCF-PP-1
61030,SCF-NP-4
61031,LOC-I
61033,ARC-1
61037,SCF-NP-4
61042,CTOL
61043,SCF-NP-3
61051,FUEL
61052,SCF-NP-4
61053,LOC-I
61070,RE-2
61070,ARC-2
61071,CTOL
61073,SCF-NP-6
61075,OTHR-2
61079,ARC-1
61080,ARC-2
64933,SCF-NP-1
64934,SCF-NP-4
64935,ARC-1
64936,GCOL
64937,SCF-NP-4
64938,SCF-NP-4
64939,OTHR-1
64940,SCF-NP-4
64941,SCF-NP-11
64942,LOC-G
64943,SCF-NP-1
64944,SCF-NP-1
64945,SCF-NP-12
64946,OTHR-13
64947,OTHR-13
64948,SCF-NP-4
64949,SCF-NP-3
64950,SCF-NP-8
64951,ARC-2
64952,CTOL
64953,OTHR-11
64954,ARC-1
64955,OTHR-5
64956,OTHR-3
64957,SCF-NP-1
64958,SCF-NP-7
64959,SCF-NP-1
64960,SCF-NP-1
64961,SCF-NP-6
64962,SCF-PP-6
64963,SCF-NP-3
64964,OTHR-1
64965,SCF-NP-1
64966,LOC-I
64967,ARC-2
64968,SCF-NP-4
64969,SCF-PP-1
64970,SCF-NP-4
64971,GCOL
64972,OTHR-1
64973,ARC-1
64974,LOC-G
64975,GCOL
64976,SCF-NP-1
64977,SCF-PP-6
64978,SCF-NP-3
64979,SCF-NP-1
64980,SCF-PP-1
64981,OTHR-1
64982,SCF-NP-4
64983,SCF-NP-3
64984,SCF-NP-4
64985,SCF-NP-1
64986,SCF-NP-1
64987,SCF-NP-1
64988,SCF-NP-1
64989,SCF-NP-1
64990,SCF-PP-1
64991,SCF-NP-1
64992,SCF-NP-1
64993,SCF-NP-1
64994,SCF-NP-10
64995,UNK
64996,SCF-NP-4
64997,SCF-NP-3
64998,LOC-I
64999,GCOL
65000,SCF-PP-1
65001,CTOL
65002,SCF-NP-3
65003,SCF-NP-1
65004,SCF-NP-1
65005,SCF-NP-1
65006,SCF-NP-4
65007,SCF-NP-1
65008,SCF-NP-1
65009,SCF-NP-1
65010,SCF-NP-1
65011,SCF-PP-4
65012,GCOL
65013,SCF-NP-1
65014,OTHR-1
65015,OTHR-3
65016,OTHR-1
65017,LOC-G
65018,SCF-NP-4
65019,SCF-NP-1
65020,SCF-PP-1
65021,SCF-NP-9
65022,SCF-NP-3
65023,LOC-G
65024,ARC-1
65025,SCF-NP-3
65026,SCF-NP-4
65027,SCF-NP-1
65028,SCF-NP-4
65029,SCF-PP-1
65030,SCF-NP-3
65031,SCF-NP-1
65032,SCF-NP-1
65033,SCF-NP-3
65034,SCF-NP-7
65035,SCF-NP-4
65036,SCF-NP-1
65037,OTHR-5
65038,SCF-NP-4
65039,OTHR-7
65040,SCF-PP-6
65041,OTHR-16
65042,SCF-NP-4
65043,SCF-NP-3
65044,SCF-NP-4
65045,SCF-NP-3
65046,OTHR-11
65047,UNK
65048,SCF-NP-4
65049,SCF-NP-1
65050,LOC-G
65051,OTHR-9
65052,SCF-NP-4
65053,SCF-NP-1
65054,SCF-NP-9
65055,OTHR-1
65056,SCF-NP-4
65057,SCF-NP-1
65058,SCF-NP-1
65059,SCF-NP-3
65060,SCF-NP-3
65061,SCF-NP-1
65062,SCF-NP-3
65063,SCF-NP-3
65064,SCF-NP-4
65065,SCF-NP-1
65066,SCF-NP-1
65067,LOC-G
65068,SCF-NP-1
65069,UNK
65070,SCF-NP-1
65071,LOC-G
65072,SCF-NP-3
65073,SCF-NP-1
65074,SCF-NP-1
65075,OTHR-16
65076,SCF-NP-1
65077,SCF-PP-5
65078,SCF-NP-4
65079,SCF-NP-4
65080,SCF-NP-1
65081,SCF-PP-6
65082,SCF-NP-12
65083,SCF-NP-1
65084,UNK
65085,SCF-NP-4
65086,SCF-NP-3
65087,LOC-G
65088,LOC-G
65089,SCF-NP-1
65090,SCF-PP-1
65091,SCF-NP-10
65092,OTHR-1
65093,OTHR-16
65094,ARC-1
65095,SCF-NP-1
65096,GCOL
65097,OTHR-5
65098,SCF-NP-3
65099,SCF-NP-4
65100,SCF-NP-3
65101,OTHR-13
65102,SCF-NP-3
65103,GCOL
65104,OTHR-5
65105,SCF-NP-1
65106,SCF-PP-1
65107,OTHR-16
65108,SCF-PP-1
65109,SCF-NP-1
65110,UNK
65111,UNK
65112,UNK
65113,SCF-NP-6
65114,MAC-1
65115,SCF-PP-1
65116,UNK
65117,UNK
65118,OTHR-1
65119,F-NI-2
65120,UNK
65121,SCF-NP-3
65122,GCOL
65123,OTHR-14
65124,SCF-NP-4
65125,SCF-NP-1
65126,ARC-1
65127,SCF-NP-4
65128,SCF-NP-4
65129,SCF-PP-4
65130,OTHR-13
65131,GCOL
65132,SCF-PP-5
65133,LOC-G
65134,GCOL
65135,LOC-G
65136,SCF-PP-6
65137,SCF-NP-3
65138,OTHR-1
65139,SCF-NP-4
65140,SCF-NP-4
65141,LOC-G
65142,SCF-NP-4
65143,OTHR-13
65144,SCF-NP-1
65145,SCF-NP-3
65146,CTOL
65147,SCF-NP-4
65148,SCF-NP-1
65149,SCF-NP-1
65150,SCF-NP-3
65151,SCF-PP-1
65152,SCF-NP-1
65153,OTHR-1
65154,SCF-PP-1
65155,OTHR-3
65156,SCF-NP-1
65157,SCF-PP-1
65158,SCF-NP-1
65159,SCF-NP-1
65160,SCF-NP-8
65161,SCF-PP-1
65162,SCF-NP-3
65163,LOC-G
65164,SCF-PP-1
65165,SCF-NP-4
65166,LOC-G
65167,SCF-NP-8
65168,CTOL
65169,OTHR-1
65170,ARC-2
65171,GCOL
65172,SCF-NP-3
65173,SCF-PP-1
65174,SCF-NP-1
65175,SCF-NP-1
65176,OTHR-5
65177,SCF-NP-4
65180,SCF-PP-1
65185,SCF-NP-4
65186,UNK
65190,SCF-NP-1
65192,SCF-NP-1
65198,CTOL
65200,OTHR-1
65202,LOC-G
65203,SCF-NP-3
65210,LOC-I
65218,LOC-I
65229,OTHR-3
65237,RE-1
65244,SCF-PP-1
65255,LOC-I
65259,OTHR-3
65262,SCF-NP-4
65270,SCF-NP-12
65272,OTHR-11
65275,OTHR-11
65288,SCF-NP-4
65289,RE-2
65289,OTHR-16
65290,OTHR-11
65292,RE-2
65292,RI
65293,SCF-NP-3
65312,CFIT
65318,RE-2
65318,LOC-G
65321,SCF-NP-12
65324,SCF-NP-1
65330,SCF-PP-1
65337,RE-2
65337,LOC-G
65358,SCF-PP-1
65359,LOC-G
65360,CFIT
65367,SCF-PP-1
65372,SCF-NP-1
65380,SCF-PP-1
65383,SCF-NP-2
65389,BIRD
65392,LOC-G
65394,LOC-I
65397,OTHR-1
65399,SCF-NP-9
65412,SCF-NP-4
65412,RE-2
65413,RE-2
65413,ARC-2
65414,SCF-PP-1
65418,BIRD
65420,RI
65421,CTOL
65422,SCF-NP-4
65424,RE-2
65424,LOC-G
65425,SCF-PP-1
65426,SCF-NP-4
65441,RE-2
65441,SCF-PP-1
65443,OTHR-13
65445,MAC-2
65446,SCF-NP-4
65448,SCF-PP-1
65450,SCF-PP-1
65459,SCF-NP-1
65460,SCF-NP-4
65461,OTHR-1
65469,ARC-2
65471,LOC-I
65483,SCF-NP-4
65487,BIRD
65490,SCF-PP-1
65491,ARC-2
65492,SCF-NP-3
65493,SCF-NP-3
65494,SCF-NP-5
65496,OTHR-1
65507,SCF-PP-1
65509,ARC-1
65512,SCF-NP-4
65516,SCF-NP-4
65518,SCF-NP-1
65519,SCF-NP-4
65528,SCF-NP-1
65530,MAC-1
65536,CTOL
65543,SCF-NP-1
65545,SCF-NP-4
65546,RE-2
65546,SCF-PP-1
65548,ADRM
65548,ARC-3
65548,RE-2
65563,OTHR-18
65563,RE-2
65569,SCF-PP-1
65572,SCF-PP-1
65575,SCF-NP-12
65589,SCF-PP-6
65622,RE-2
65622,LOC-G
65623,SCF-NP-4
65627,SCF-PP-1
65632,LOC-I
65633,LALT
65633,LOC-I
65653,RE-1
65659,BIRD
65660,SCF-NP-4
65662,RI
65674,SCF-NP-4
65679,SCF-NP-4
65684,SCF-NP-7
65693,SCF-NP-5
65694,LOC-I
65695,OTHR-3
65713,FUEL
65714,GCOL
65714,RE-2
65715,OTHR-3
65716,RE-2
65716,LOC-G
65717,RE-2
65717,USOS-1
65722,LOC-I
65724,SCF-PP-1
65736,OTHR-15
65741,SCF-NP-3
65743,OTHR-21
65745,RE-2
65745,SCF-NP-1
65749,ARC-1
65750,UNK
65754,SCF-PP-1
65757,BIRD
65758,OTHR-1
65765,OTHR-11
65766,BIRD
65768,SCF-NP-4
65770,BIRD
65771,LOC-G
65774,LOC-I
65794,UNK
65795,ARC-2
65797,SCF-PP-6
65799,RE-2
65799,SCF-NP-1
65800,OTHR-14
65808,CTOL
65809,LOC-I
65810,CTOL
65813,RE-2
65813,SCF-NP-1
65815,SCF-PP-1
65818,OTHR-3
65820,SCF-NP-4
65824,SCF-NP-4
65825,LALT
65827,SCF-PP-1
65831,OTHR-14
65834,CTOL
65835,RE-2
65835,LOC-G
65839,CTOL
65840,SCF-NP-12
65843,RE-2
65843,LOC-G
65844,GCOL
65854,SCF-NP-1
65863,LOC-I
65864,SCF-PP-1
65865,SCF-PP-1
65866,OTHR-2
65867,LALT
65876,OTHR-11
65878,SCF-NP-1
65890,OTHR-11
65892,LOC-G
65893,LOC-I
65916,BIRD
65920,SCF-NP-4
65921,GCOL
65922,OTHR-13
65923,SCF-PP-1
65929,LOC-I
65931,SCF-NP-1
65934,LOC-I
65936,SCF-NP-4
65953,SCF-NP-4
65963,RI
65972,SCF-NP-1
65974,SCF-NP-4
65978,RE-2
65980,SCF-PP-1
65981,SCF-NP-8
65982,SCF-PP-1
65984,SCF-NP-12
65990,SCF-PP-1
65994,SCF-NP-4
65998,SCF-NP-4
66005,SCF-NP-3
66005,RE-2
66007,SCF-NP-1
66019,RE-2
66019,SCF-NP-1
66020,SCF-NP-1
66021,SCF-NP-4
66022,LOC-I
66034,FUEL
66036,SCF-NP-4
66037,SCF-NP-4
66039,SCF-NP-4
66048,SCF-NP-3
66049,CTOL
66050,OTHR-18
66050,RE-2
66051,LOC-G
66064,F-NI-3
66065,CTOL
66066,CTOL
66073,F-NI-3
66075,GCOL
66076,SCF-PP-1
66078,LOC-I
66081,SCF-NP-4
66082,OTHR-11
66083,SCF-NP-3
66084,OTHR-13
66086,SCF-PP-1
66088,BIRD
66089,SCF-NP-1
66090,RE-2
66090,LOC-G
66093,RE-2
66093,ARC-1
66094,SCF-PP-1
66100,LOC-I
66109,SCF-NP-1
66121,RE-2
66121,LOC-G
66127,RE-2
66127,LOC-G
66128,SCF-NP-1
66128,AMAN
66129,BIRD
66131,SCF-PP-1
66140,SCF-NP-1
66145,SCF-NP-1
66155,SCF-NP-12
66156,UNK
66158,SCF-NP-1
66159,FUEL
66160,LALT
66192,RE-2
66197,SCF-NP-8
66198,LOC-I
66199,OTHR-13
66203,FUEL
66204,LOC-G
66210,RE-2
66210,OTHR-1
66215,CTOL
66216,RE-2
66216,LOC-G
66221,RE-2
66221,SCF-PP-1
66222,LOC-I
66223,RE-2
66223,LOC-G
66244,CTOL
66247,SCF-NP-3
66250,SCF-NP-1
66253,CTOL
66261,GCOL
66262,LALT
66263,SCF-NP-1
66265,CTOL
66270,SCF-NP-4
66271,SCF-NP-4
66272,SCF-PP-1
66273,BIRD
66274,OTHR-1
66278,LOC-I
66281,SCF-NP-6
66282,LALT
66287,BIRD
66290,OTHR-1
66298,SCF-NP-1
66300,SCF-NP-3
66301,OTHR-3
66309,LOC-I
66310,LOC-I
66321,SCF-NP-1
66323,SCF-NP-5
66324,RE-1
66325,SCF-NP-4
66329,OTHR-16
66332,RE-2
66332,LOC-I
66333,LOC-I
66334,LOC-G
66335,RE-2
66335,LOC-I
66342,OTHR-20
66349,SCF-PP-1
66350,SCF-NP-3
66350,RE-2
66352,RE-2
66352,LOC-I
66362,CTOL
66368,SCF-NP-4
66378,SCF-NP-3
66378,RE-2
66382,OTHR-13
66385,SCF-PP-5
66394,SCF-NP-3
66394,RE-2
66395,SCF-NP-4
66395,RE-2
66397,LOC-I
66405,SCF-NP-4
66406,LOC-I
66409,BIRD
66412,SCF-NP-4
66414,SCF-NP-4
66417,CTOL
66427,OTHR-13
66430,SCF-NP-1
66431,F-NI-2
66432,F-NI-4
66434,BIRD
66437,SCF-NP-1
66440,BIRD
66443,SCF-PP-1
66444,RE-2
66444,SCF-PP-6
66444,LOC-G
66445,GCOL
66446,LOC-I
66449,SCF-NP-10
66450,ARC-1
66451,LOC-I
66454,SCF-NP-1
66455,SCF-NP-1
66457,ARC-2
66477,CTOL
66489,LOC-I
66500,OTHR-1
66503,CTOL
66508,BIRD
66509,ARC-2
66510,SCF-PP-1
66512,SCF-NP-4
66514,SCF-NP-3
66516,SCF-NP-1
66521,SCF-NP-1
66522,FUEL
66524,SCF-NP-4
66525,SCF-NP-3
66525,RE-2
66527,SCF-NP-4
66527,RE-2
66529,FUEL
66531,RE-2
66531,LOC-G
66532,SCF-PP-1
66536,BIRD
66539,SCF-NP-1
66541,CTOL
66543,SCF-NP-10
66544,OTHR-1
66549,CTOL
66550,RE-2
66550,LOC-G
66551,SCF-NP-4
66552,SCF-NP-8
66555,LOC-G
66556,SCF-NP-3
66556,RE-2
66557,SCF-PP-1
66559,RE-2
66559,LOC-G
66562,SCF-NP-4
66562,RE-2
66566,OTHR-1
66570,BIRD
66578,F-NI-2
66579,SCF-NP-9
66582,SCF-NP-1
66585,FUEL
66592,SCF-NP-3
66594,SCF-NP-4
66595,SCF-NP-1
66597,SCF-NP-4
66607,SCF-PP-1
66608,SCF-NP-4
66609,SCF-PP-1
66613,CFIT
66616,CTOL
66623,SCF-NP-4
66624,SCF-NP-1
66639,CTOL
66640,RE-2
66640,LOC-G
66645,FUEL
66646,CFIT
66654,CTOL
66655,FUEL
66660,OTHR-1
66662,SCF-NP-4
66665,OTHR-13
66667,OTHR-13
66669,SCF-NP-3
66669,RE-2
66670,SCF-NP-1
66674,SCF-PP-1
66675,RE-2
66679,ARC-2
66682,SCF-NP-1
66684,SCF-NP-1
66685,LOC-I
66695,ARC-1
66696,SCF-NP-5
66697,SCF-NP-4
66700,SCF-NP-4
66703,SCF-NP-8
66707,OTHR-1
66708,SCF-PP-1
66711,OTHR-3
66717,SCF-NP-1
66721,SCF-NP-10
66723,GCOL
66725,SCF-NP-1
66729,SCF-NP-1
66730,BIRD
66731,BIRD
66735,F-NI-3
66739,SCF-PP-1
66740,SCF-NP-1
66741,OTHR-1
66742,RE-2
66742,LOC-G
66743,RE-2
66743,OTHR-13
66745,SCF-NP-1
66746,SCF-NP-3
66757,GCOL
66758,BIRD
66759,OTHR-3
66760,SCF-NP-1
66762,SCF-PP-1
66766,SCF-NP-1
66769,SCF-NP-1
66770,SCF-NP-5
66771,SCF-NP-4
66773,SCF-NP-1
66777,BIRD
66779,FUEL
66780,SCF-NP-3
66786,RE-2
66786,LOC-G
66787,ARC-1
66788,SCF-NP-4
66791,SCF-NP-4
66792,SCF-NP-4
66800,UNK
66801,UNK
66807,SCF-NP-1
66809,BIRD
66810,LOC-I
66816,SCF-PP-1
66824,F-NI-2
66826,OTHR-13
66838,OTHR-1
66839,SCF-NP-1
66842,OTHR-3
66843,RE-1
66844,OTHR-1
66846,SCF-NP-1
66854,SCF-PP-5
66860,OTHR-1
66866,SCF-NP-1
66872,RE-2
66873,SCF-NP-4
66874,SCF-NP-1
66878,SCF-NP-4
66879,OTHR-16
66880,SCF-PP-1
66881,OTHR-1
66891,OTHR-1
66895,OTHR-1
66903,SCF-NP-4
66907,FUEL
66911,OTHR-3
66916,SCF-NP-1
66922,BIRD
66924,OTHR-1
66925,OTHR-1
66934,SCF-NP-4
66937,SCF-NP-4
66952,SCF-NP-12
66953,SCF-PP-1
66957,OTHR-2
66962,RE-1
66970,OTHR-13
66971,BIRD
66972,RE-2
66972,LOC-G
66973,SCF-NP-4
66974,SCF-NP-8
66977,SCF-NP-3
66977,RE-2
66979,SCF-PP-1
66980,OTHR-16
66987,SCF-PP-1
66988,CTOL
66989,SCF-NP-4
66991,MAC-1
67003,SCF-NP-4
67005,SCF-NP-4
67008,OTHR-1
67009,RI
67010,SCF-NP-1
67011,RE-2
67011,LOC-G
67022,OTHR-16
67028,SCF-NP-1
67034,OTHR-1
67038,SCF-PP-4
67040,SCF-PP-1
67047,SCF-PP-1
67048,SCF-NP-4
67053,SCF-NP-4
67054,SCF-PP-1
67055,OTHR-1
67058,SCF-PP-1
67066,RE-1
67068,F-NI-1
67075,SCF-PP-1
67077,OTHR-3
67078,SCF-NP-3
67086,SCF-NP-5
67096,BIRD
67098,RE-2
67098,LOC-G
67100,SCF-NP-3
67100,RE-2
67101,OTHR-16
67114,SCF-PP-1
67118,ARC-3
67118,RE-2
67119,OTHR-16
67121,OTHR-1
67127,OTHR-7
67129,OTHR-13
67136,SCF-NP-3
67137,SCF-PP-1
67139,LOC-G
67140,SCF-NP-4
67142,CFIT
67152,SCF-PP-3
67155,BIRD
67158,BIRD
67159,BIRD
67163,SCF-NP-1
77200,LOC-I
77202,RE-2
77203,OTHR-1
77205,SCF-NP-1
77206,LOC-I
77208,SCF-NP-4
77209,OTHR-11
77211,SCF-PP-4
77213,CTOL
77230,SCF-NP-1
77239,SCF-NP-8
77244,LOC-G
77245,SCF-NP-4
77247,SCF-NP-1
77248,SCF-NP-3
77249,RE-2
77249,LOC-G
77250,OTHR-1
77251,SCF-PP-1
77252,UNK
77255,CTOL
77256,SCF-NP-4
77257,SCF-NP-1
77258,F-NI-3
77259,ARC-1
77264,ARC-2
77265,SCF-PP-1
77267,RE-2
77267,LOC-G
77271,WILD
77271,RE-2
77276,OTHR-18
77276,RE-2
77277,ARC-1
77278,SCF-NP-3
77281,MAC-1
77285,SCF-NP-1
77288,SCF-NP-1
77289,ARC-2
77294,SCF-NP-4
77296,OTHR-3
77297,RE-2
77297,LOC-G
77298,OTHR-3
77299,CTOL
77301,RE-2
77301,SCF-NP-1
77303,F-NI-3
77304,LOC-I
77306,SCF-PP-1
77307,OTHR-1
77311,SCF-PP-1
77312,GCOL
77314,SCF-NP-1
77315,SCF-NP-1
77316,RE-2
77320,RE-1
77322,OTHR-1
77323,OTHR-16
77324,RE-2
77324,LOC-G
77327,SCF-PP-3
77329,SCF-NP-4
77331,OTHR-13
77333,LOC-I
77337,CTOL
77338,SCF-NP-1
77345,LOC-I
77348,BIRD
77349,ARC-1
77351,RE-2
77352,SCF-NP-4
77353,LALT
77354,SCF-PP-1
77357,SCF-PP-1
77360,CTOL
77364,SCF-NP-4
77368,SCF-NP-4
77371,SCF-NP-4
77371,RE-2
77375,FUEL
77377,SCF-NP-4
77378,RE-1
77386,LOC-I
77388,SCF-NP-4
77391,RE-1
77394,SCF-PP-1
77395,OTHR-3
77398,UNK
77399,SCF-PP-1
77401,SCF-NP-1
77402,SCF-NP-1
77404,SCF-PP-1
77407,LALT
77410,SCF-PP-1
77413,RE-2
77413,LOC-G
77414,SCF-NP-1
77421,SCF-NP-1
77424,OTHR-1
77429,SCF-PP-1
77431,SCF-NP-4
77431,RE-2
77437,SCF-PP-1
77438,GCOL
77439,RE-2
77439,LOC-I
77441,RE-2
77446,SCF-PP-1
77447,LOC-I
77449,SCF-NP-9
77450,LOC-I
77452,FUEL
77454,LOC-G
77470,RE-2
77470,LOC-G
77474,OTHR-13
77475,UNK
77483,SCF-NP-1
77487,LOC-G
77492,OTHR-11
77494,RI
77495,SCF-PP-1
77498,GCOL
77500,RE-2
77500,LOC-G
77501,SCF-NP-4
77502,RE-2
77503,ARC-2
77504,SCF-NP-1
77505,RE-2
77507,SCF-NP-4
77510,SCF-NP-1
77513,SCF-NP-1
77515,SCF-NP-1
77521,RE-2
77521,ARC-2
77522,UNK
77524,SCF-NP-1
77535,SCF-NP-7
77536,OTHR-11
77537,SCF-NP-1
77542,SCF-NP-3
77544,SCF-PP-1
77550,SCF-NP-1
77552,BIRD
77553,SCF-NP-8
77554,SCF-PP-1
77556,SCF-NP-1
77562,SCF-PP-1
77565,RE-2
77565,ARC-1
77568,SCF-NP-12
77569,SCF-NP-1
77571,LOC-G
77572,ARC-2
77573,SCF-NP-4
77575,SCF-PP-1
77576,LOC-I
77580,SCF-PP-1
77581,FUEL
77586,RE-2
77586,SCF-NP-1
77587,BIRD
77594,LOC-G
77595,SCF-PP-1
77602,RE-2
77603,SCF-PP-1
77607,SCF-PP-1
77608,SCF-PP-1
77610,ARC-1
77612,LOC-I
77614,LOC-G
77616,SCF-PP-1
77617,SCF-NP-4
77622,OTHR-3
77627,SCF-NP-4
77630,OTHR-1
77631,ARC-2
77632,SCF-PP-1
77636,OTHR-1
77637,SCF-NP-1
77638,UNK
77639,UNK
77640,LOC-I
77641,SCF-NP-1
77642,OTHR-18
77643,SCF-PP-6
77649,LALT
77650,RE-2
77650,LOC-G
77653,RE-2
77653,LOC-G
77656,SCF-NP-4
77657,LALT
77660,LOC-I
77661,BIRD
77663,RE-2
77663,RI
77666,USOS-1
77667,SCF-PP-1
77667,LOC-I
77670,LOC-I
77672,RE-2
77672,LOC-G
77673,RE-2
77673,LOC-G
77675,GCOL
77676,BIRD
77678,SCF-NP-2
77679,SCF-PP-1
77680,LALT
77682,BIRD
77684,RE-2
77684,LOC-G
77685,LOC-G
77686,USOS-1
77687,LALT
77688,SCF-NP-3
77689,RE-2
77689,LOC-G
77690,LOC-I
77691,LOC-I
77693,SCF-PP-1
77694,LOC-G
77695,OTHR-1
77695,OTHR-17
77696,WILD
77696,RE-2
77697,RE-2
77698,LALT
77699,LOC-I
77700,LOC-I
77701,SCF-NP-3
77702,OTHR-2
77703,LALT
77704,OTHR-11
77705,ARC-1
77707,SCF-NP-1
77710,LOC-I
77716,SCF-NP-3
77717,RE-1
77718,SCF-NP-10
77719,BIRD
77724,RE-2
77724,LOC-G
77726,SCF-PP-4
77728,SEC
77729,ARC-3
77730,SCF-NP-1
77731,GCOL
77732,UNK
77733,SCF-PP-1
77734,RE-2
77734,LOC-G
77736,BIRD
77740,SCF-NP-1
77741,CTOL
77742,LALT
77743,SCF-PP-1
77747,BIRD
77749,FUEL
77750,LALT
77751,GCOL
77752,SCF-PP-1
77753,SCF-PP-1
77754,RE-2
77754,LOC-G
77755,SCF-NP-2
77756,LALT
77757,ARC-1
77761,SCF-NP-3
77763,SCF-NP-1
77764,SCF-NP-1
77765,OTHR-13
77766,RE-2
77766,LOC-G
77768,SCF-PP-1
77769,SCF-NP-4
77770,FUEL
77771,SCF-PP-1
77773,CFIT
77774,SCF-NP-4
77775,SCF-NP-4
77778,LALT
77779,SCF-NP-1
77780,WSTRW
77781,MAC-2
77782,OTHR-1
77784,SCF-NP-3
77785,SCF-NP-2
77786,LOC-I
77787,OTHR-17
77789,RE-2
77789,LOC-G
77790,LALT
77791,SCF-NP-5
77792,SCF-PP-1
77793,CFIT
77794,SCF-NP-1
77800,SCF-NP-1
77803,RI
77805,SCF-PP-1
77807,WILD
77807,RE-2
77808,ARC-2
77809,ARC-2
77814,SCF-NP-1
77816,RE-2
77816,ARC-2
77818,SCF-NP-4
77819,RE-2
77819,OTHR-13
77820,SCF-PP-1
77823,FUEL
77826,RE-2
77827,SCF-NP-6
77830,LOC-G
77832,OTHR-14
77835,GCOL
77836,SCF-NP-3
77836,RE-2
77838,GCOL
77839,SCF-NP-1
77840,LOC-G
77841,SCF-PP-1
77842,SCF-NP-4
77846,OTHR-16
77847,FUEL
77848,CTOL
77848,RE-2
77849,SCF-PP-1
77850,SCF-PP-1
77851,ARC-1
77852,LOC-I
77853,LOC-I
77856,ADRM
77857,SCF-NP-8
77859,OTHR-1
77860,SCF-PP-1
77861,SCF-NP-4
77861,RE-2
77862,GCOL
77863,TURB
77864,LOC-I
77865,SCF-NP-12
77866,CTOL
77867,RE-2
77867,LOC-G
77868,LOC-I
77871,SCF-NP-8
77872,SCF-PP-1
77875,SCF-NP-3
77877,SCF-NP-1
77878,LALT
77878,LOC-I
77886,SCF-NP-4
77890,SCF-NP-1
77891,SCF-NP-1
77893,LOC-I
77894,SCF-NP-1
77895,LOC-I
77896,LALT
77898,SCF-NP-1
77899,SCF-NP-4
77900,SCF-PP-1
77901,SCF-NP-3
77903,GCOL
77904,RE-2
77905,SCF-PP-1
77909,SCF-NP-1
77910,UNK
77911,RE-2
77911,ARC-2
77916,OTHR-2
77917,RE-2
77918,SCF-PP-1
77919,SCF-PP-1
77921,SCF-PP-2
77923,ARC-3
77923,RE-2
77924,SCF-NP-4
77930,OTHR-16
77933,RE-2
77934,RE-2
77934,LOC-G
77935,SCF-NP-1
77936,SCF-PP-1
77939,SCF-NP-4
77940,SCF-NP-1
77942,SCF-NP-3
77942,RE-2
77943,SCF-NP-3
77944,SCF-NP-3
77946,OTHR-3
77957,OTHR-16
77958,SCF-PP-1
77961,SCF-NP-1
77963,ADRM
77966,TURB
77967,BIRD
77969,SCF-NP-1
77974,SCF-PP-1
77975,SCF-NP-4
77977,SCF-PP-1
77978,SCF-NP-1
77980,SCF-NP-1
77981,AMAN
77985,OTHR-1
77987,OTHR-11
77989,SCF-NP-4
77991,SCF-NP-1
77993,OTHR-13
77994,UNK
77995,RE-2
77995,ARC-2
77996,SCF-NP-4
78004,SCF-NP-3
78006,LOC-I
78008,CTOL
78010,OTHR-3
78011,OTHR-13
78013,ARC-1
78014,CTOL
78015,SCF-NP-4
78018,RE-2
78018,LOC-G
78020,TURB
78021,SCF-NP-8
78023,RE-2
78023,LOC-G
78024,F-NI-3
78025,UNK
78026,SCF-NP-4
78028,ARC-2
78031,MAC-1
78032,SCF-PP-1
78033,SCF-NP-3
78034,OTHR-4
78035,MAC-1
78036,LOC-I
78037,OTHR-1
78041,SCF-NP-1
78042,RE-2
78042,LOC-G
78045,LOC-G
78051,SCF-PP-2
78052,RE-2
78052,LOC-G
78053,SCF-NP-1
78054,LOC-I
78054,OTHR-17
78055,SCF-NP-3
78055,RE-2
78057,SCF-NP-1
78058,CFIT
78061,SCF-NP-4
78066,OTHR-13
78067,OTHR-3
78071,MAC-2
78072,OTHR-11
78075,SCF-NP-1
78076,SCF-PP-1
78078,SCF-PP-2
78079,LOC-I
78080,UNK
78081,RE-2
78081,LOC-G
78082,SCF-NP-1
78084,SCF-NP-1
78085,SCF-NP-4
78088,SCF-NP-8
78089,TURB
78091,SCF-NP-1
78093,RE-2
78093,LOC-G
78094,SCF-NP-8
78095,OTHR-1
78098,OTHR-11
78099,SCF-PP-1
78102,LALT
78103,OTHR-7
78105,OTHR-1
78108,CTOL
78109,SCF-NP-3
78110,SCF-NP-3
78110,RE-2
78111,SCF-PP-2
78117,ARC-2
78121,RE-2
78123,ARC-2
78125,SCF-NP-3
78125,RE-2
78134,SCF-NP-4
78137,SCF-NP-3
78138,SCF-NP-4
78140,BIRD
78141,OTHR-16
78143,SCF-NP-3
78143,RE-2
78144,WILD
78146,SCF-NP-4
78147,ICE
78149,SCF-PP-2
78152,ARC-3
78153,SCF-NP-4
78154,UNK
78157,SCF-PP-6
78158,UNK
78160,SCF-PP-1
78161,OTHR-21
78162,ARC-1
78163,SCF-NP-1
78165,SCF-NP-8
78171,RE-2
78172,SCF-NP-1
78174,SCF-NP-1
78175,RE-2
78175,USOS-1
78175,OTHR-13
78176,ARC-1
78181,OTHR-7
78182,RE-2
78182,SCF-PP-1
78183,CFIT
78184,SCF-NP-4
78185,SCF-NP-4
78186,SCF-NP-1
78187,OTHR-3
78188,SCF-NP-4
78189,SCF-NP-1
78192,SCF-PP-1
78198,RE-2
78200,WSTRW
78200,RE-2
78201,SCF-NP-3
78202,LOC-G
78203,ATM/CNS
78203,RI
78204,ARC-2
78205,SCF-NP-1
78206,SCF-NP-3
78206,RE-2
78207,ARC-3
78207,RE-2
78208,SCF-NP-1
78213,SCF-PP-1
78220,SCF-NP-4
78228,SCF-NP-3
78230,RE-2
78230,OTHR-13
78231,SCF-PP-1
78233,BIRD
78235,OTHR-1
78237,SCF-NP-1
78238,SCF-PP-1
78239,SCF-PP-1
78240,LOC-I
78240,ARC-2
78241,SCF-PP-1
78243,UNK
78246,GCOL
78247,SCF-NP-1
78249,MAC-2
78254,OTHR-3
78256,OTHR-18
78258,ADRM
78260,SCF-PP-2
78263,RE-2
78263,SCF-NP-1
78264,SCF-NP-3
78266,SCF-NP-1
78267,TURB
78273,SCF-NP-3
78274,SCF-PP-2
78275,GCOL
78276,SCF-PP-3
78278,SCF-NP-3
78278,RE-2
78281,SCF-NP-4
78282,LALT
78282,LOC-I
78283,UIMC
78283,LOC-I
78284,GCOL
78287,SCF-PP-1
78289,LOC-I
78291,SCF-PP-1
78292,SCF-NP-4
78293,OTHR-14
78295,SCF-NP-4
78296,RE-2
78298,OTHR-3
78300,GCOL
78306,[RAMP]
78308,OTHR-13
78309,SCF-NP-4
78310,SCF-NP-4
78311,FUEL
78312,OTHR-13
78313,SCF-PP-1
78314,CTOL
78315,SCF-NP-9
78316,SCF-NP-1
78317,UNK
78318,ADRM
78320,SCF-NP-3
78321,SCF-NP-12
78322,SCF-NP-4
78324,SCF-NP-2
78325,SCF-NP-4
78326,OTHR-11
78330,SCF-PP-1
78332,RE-2
78333,LOC-I
78334,SCF-NP-3
78336,OTHR-11
78337,CTOL
78338,ARC-1
78339,LALT
78340,OTHR-11
78341,RE-2
78342,LALT
78342,LOC-I
78343,ARC-2
78344,SCF-PP-1
78347,UNK
78348,OTHR-13
78349,SCF-NP-1
78350,UIMC
78350,CFIT
78351,SCF-NP-1
78352,RE-2
78353,ARC-1
78354,SCF-NP-1
78356,UNK
78357,SCF-NP-1
78359,SCF-PP-1
78360,SCF-NP-3
78363,SCF-PP-1
78366,SCF-NP-3
78367,SCF-NP-3
78367,RE-2
78368,OTHR-13
78370,LALT
78371,LOC-G
78372,SCF-PP-1
78373,SCF-PP-6
78374,FUEL
78375,OTHR-1
78379,ARC-2
78380,SCF-NP-1
78383,F-NI-3
78384,SCF-NP-4
78387,SCF-PP-1
78388,RE-2
78390,LALT
78390,LOC-I
78391,SCF-PP-4
78394,CFIT
78396,UNK
78397,SCF-NP-3
78397,RE-2
78405,SCF-PP-1
78406,OTHR-11
78407,SCF-PP-1
78408,OTHR-16
78409,SCF-NP-4
78410,F-NI-2
78411,MAC-1
78412,RE-2
78416,RE-2
78416,OTHR-1
78418,SCF-NP-1
78426,RE-2
78427,SCF-PP-1
78428,SCF-PP-1
78429,LOC-I
78430,LALT
78432,UIMC
78433,SCF-PP-1
78435,BIRD
78437,LALT
78438,LOC-I
78439,UNK
78442,SCF-PP-1
78444,SCF-PP-1
78445,SCF-PP-1
78454,BIRD
78455,LALT
78459,GCOL
78460,SCF-PP-3
78461,SCF-NP-8
78467,RE-1
78468,SCF-PP-1
78469,OTHR-15
78471,SCF-NP-4
78472,RE-2
78478,LOC-I
78479,LALT
78483,SCF-PP-6
78485,CTOL
78488,OTHR-17
78489,GCOL
78492,SCF-NP-4
78493,FUEL
78494,LALT
78496,SCF-NP-3
78497,GCOL
78498,SCF-NP-3
78499,OTHR-16
78513,LALT
78514,RE-2
78516,ARC-1
78517,OTHR-3
78518,LOC-G
78520,SCF-NP-1
78522,LALT
78523,SCF-NP-4
78524,ARC-1
78525,LOC-I
78526,SCF-NP-4
78527,LALT
78528,CTOL
78529,SCF-PP-6
78530,SCF-NP-3
78531,SCF-PP-1
78532,SCF-PP-1
78533,ARC-1
78535,FUEL
78536,SCF-NP-1
78538,SCF-PP-1
78540,F-NI-3
78542,SCF-NP-7
78544,SCF-NP-4
78546,SCF-PP-6
78548,SCF-PP-1
78549,SCF-NP-10
78550,LOC-I
78551,LOC-I
78552,RE-2
78552,SCF-NP-1
78553,FUEL
78554,SCF-NP-3
78556,SCF-NP-4
78557,SCF-PP-1
78559,SCF-NP-4
78560,SCF-NP-1
78562,SCF-NP-7
78563,SCF-PP-1
78564,USOS-2
78568,OTHR-3
78568,SCF-NP-8
78570,SCF-NP-1
78571,BIRD
78572,FUEL
78575,RE-2
78575,LOC-G
78576,SCF-NP-1
78578,OTHR-1
78579,SCF-PP-1
78580,SCF-NP-1
78582,LALT
78583,SCF-NP-10
78585,SCF-NP-1
78586,SCF-NP-4
78587,LALT
78588,SCF-PP-1
78589,F-NI-3
78590,SCF-PP-6
78591,RI
78593,SCF-NP-3
78595,LOC-I
78596,SCF-PP-1
78597,OTHR-16
78599,FUEL
78601,SCF-NP-1
78603,SCF-NP-8
78604,F-NI-3
78605,SCF-NP-3
78605,RE-2
78607,LALT
78608,WILD
78609,LALT
78610,LALT
78610,LOC-I
78612,ARC-2
78616,SCF-PP-1
78617,CTOL
78619,CTOL
78620,SCF-PP-1
78623,SCF-PP-1
78624,SCF-NP-8
78625,SCF-NP-1
78626,LOC-I
78627,RE-2
78628,OTHR-16
78629,SCF-NP-6
78631,OTHR-1
78632,SCF-NP-4
78635,SCF-PP-1
78636,F-NI-3
78637,BIRD
78638,FUEL
78640,SCF-PP-1
78641,FUEL
78643,RE-2
78645,GCOL
78650,SCF-NP-4
78651,SCF-PP-1
78652,RE-2
78653,UNK
78655,ARC-3
78655,RE-2
78656,SCF-PP-1
78657,SCF-PP-3
78661,OTHR-1
78662,SCF-PP-1
78665,RE-2
78669,SCF-NP-1
78673,SCF-NP-4
78674,RE-2
78674,LOC-G
78683,AMAN
78684,F-NI-2
78695,TURB
78696,SCF-NP-4
78697,BIRD
78698,SCF-NP-3
78699,RE-2
78700,SCF-PP-1
78701,SCF-PP-1
78702,OTHR-3
78703,LOC-I
78704,SCF-NP-4
78706,SCF-PP-1
78707,SCF-PP-1
78708,SCF-NP-1
78709,SCF-PP-1
78710,LALT
78711,OTHR-13
78712,CFIT
78713,BIRD
78714,CTOL
78714,RE-2
78715,UNK
78716,SCF-NP-4
78717,LOC-I
78718,SCF-NP-1
78719,SCF-PP-1
78720,SCF-NP-4
78721,SCF-NP-4
78722,CFIT
78723,F-NI-3
78724,SCF-NP-1
78724,F-NI-3
78725,SCF-NP-12
78726,SCF-PP-1
78727,LOC-G
78728,UNK
78730,BIRD
78731,SCF-NP-4
78732,FUEL
78733,SCF-PP-1
78735,SCF-PP-3
78737,FUEL
78738,UNK
78740,SCF-NP-1
78741,SCF-NP-3
78742,RE-2
78743,SCF-NP-3
78743,RE-2
78744,SCF-PP-1
78745,F-POST
78745,LOC-I
78746,LOC-I
78747,FUEL
78748,SCF-NP-3
78748,RE-2
78749,RE-2
78749,LOC-G
78750,RE-2
78750,LOC-G
78751,RE-1
78752,SCF-NP-3
78753,OTHR-21
78754,RE-2
78755,UNK
78756,LOC-G
78757,UNK
78758,ARC-2
78759,EXTL
78760,SCF-NP-3
78761,RE-2
78762,SCF-NP-1
78762,LOC-G
78763,GCOL
78764,ARC-2
78765,SCF-NP-1
78766,SCF-NP-3
78767,SCF-PP-2
78768,LOC-G
78768,RE-1
78769,SCF-PP-1
78770,LOC-I
78771,SCF-NP-8
78772,LOC-I
78773,RE-2
78773,AMAN
78774,CTOL
78775,RE-2
78775,LOC-G
78776,LOC-I
78777,FUEL
78778,SCF-NP-3
78779,LALT
78780,CTOL
78780,RE-2
78780,LOC-G
78781,SCF-PP-1
78782,SCF-PP-1
78783,SCF-PP-2
78784,FUEL
78785,WSTRW
78786,CFIT
78787,LOC-I
78788,SCF-PP-1
78789,SCF-PP-1
78790,SCF-NP-3
78792,SCF-PP-1
78792,RE-1
78793,SCF-PP-1
78793,LOC-I
78795,CTOL
78796,UNK
78797,SCF-NP-1
78798,SCF-NP-10
78799,MAC-1
78800,LOC-I
78810,ATM/CNS
78811,SCF-NP-3
78812,UNK
78813,SCF-PP-1
78816,SCF-NP-3
78817,RE-2
78818,LOC-I
78819,SCF-NP-3
78820,OTHR-3
78821,[RAMP]
78822,SCF-NP-1
78823,ARC-2
78824,OTHR-3
78826,SCF-NP-4
78828,OTHR-1
78830,UNK
78831,SCF-PP-1
78832,USOS-1
78833,ARC-2
78834,SCF-PP-1
78835,SCF-NP-3
78836,UNK
78837,UNK
78838,RE-2
78838,SCF-PP-1
78839,RI
78855,SCF-PP-2
78856,BIRD
78857,SCF-NP-1
78858,SCF-NP-12
78859,BIRD
78860,GCOL
78861,OTHR-13
78862,SCF-PP-2
78863,SCF-PP-2
78864,SCF-NP-1
78865,MAC-3
78866,ARC-2
78867,OTHR-1
78868,SCF-NP-3
78869,OTHR-17
78870,LALT
78872,SCF-NP-1
78873,SCF-NP-4
78874,BIRD
78875,SCF-NP-1
78876,SCF-NP-1
78877,LALT
78878,EXTL
78879,RE-2
78879,SCF-NP-1
78879,LOC-G
78880,SCF-NP-1
78881,SCF-PP-1
78882,SCF-PP-2
78883,OTHR-1
78884,SCF-PP-2
78885,SCF-NP-3
78886,SCF-NP-4
78887,SCF-NP-3
78888,SCF-NP-12
78889,SCF-PP-1
78890,SCF-NP-1
78891,SCF-NP-1
78892,SCF-NP-3
78893,ARC-2
78894,LOC-G
78895,BIRD
78896,ARC-2
78897,MAC-1
78898,RE-2
78899,SCF-NP-1
78900,SCF-PP-1
78901,SCF-NP-4
78902,ADRM
78903,SCF-NP-1
78904,GCOL
78904,SCF-NP-4
78904,RE-2
78905,OTHR-1
78906,UNK
78907,RI
78908,SCF-PP-1
78909,TURB
78910,SCF-NP-1
78911,SCF-NP-1
78912,OTHR-1
78913,SCF-PP-1
78914,OTHR-1
78915,OTHR-14
78916,SCF-NP-1
78917,SCF-NP-1
78918,SCF-PP-1
78919,SCF-NP-1
78920,LOC-G
78921,SCF-PP-6
78922,TURB
78923,SCF-NP-3
78924,SCF-NP-1
78925,SCF-PP-1
78926,ARC-2
78927,SCF-NP-5
78928,SCF-PP-1
78929,SCF-NP-3
78930,SCF-NP-1
78932,LALT
78933,SCF-PP-2
78934,SCF-NP-1
78935,AMAN
78936,SCF-NP-1
78937,OTHR-13
78938,SCF-PP-2
78939,SCF-PP-2
78940,ADRM
78941,LALT
78942,ATM/CNS
78943,SCF-NP-3
78944,SCF-NP-3
78945,SCF-NP-3
78945,RE-2
78946,OTHR-13
78947,GCOL
78948,SCF-NP-3
78949,OTHR-13
78950,OTHR-1
78951,SCF-NP-8
78952,SCF-NP-10
78953,SCF-NP-1
78954,SCF-NP-1
78955,SCF-NP-1
78956,SCF-NP-4
78957,SCF-PP-5
78958,SCF-NP-1
78959,SCF-PP-4
78960,SCF-NP-1
78961,SCF-NP-3
78962,SCF-NP-1
78963,SCF-PP-1
78964,OTHR-3
78965,SCF-NP-1
78966,OTHR-9
78967,SCF-PP-1
78968,OTHR-13
78969,SCF-NP-1
78970,SCF-NP-1
78971,SCF-NP-1
78972,ARC-2
78973,SCF-NP-1
78974,WSTRW
78975,WILD
78976,SCF-NP-1
78977,ATM/CNS
78978,SCF-NP-1
78979,SCF-NP-1
78980,RE-2
78981,RE-2
78981,LOC-G
78982,SCF-NP-1
78983,SCF-NP-8
78984,SCF-NP-4
78985,ARC-2
78986,BIRD
78987,SCF-PP-3
78988,SCF-NP-4
78989,SCF-NP-1
78990,AMAN
78990,LOC-G
78991,SCF-NP-3
78992,OTHR-17
78993,RE-2
78994,ARC-2
78995,SCF-NP-3
78996,SCF-PP-1
78997,SCF-NP-4
78998,RE-2
78999,SCF-PP-1
79000,FUEL
79001,CTOL
79002,SCF-NP-1
79003,LOC-G
79004,RE-2
79004,LOC-G
79005,SCF-NP-8
79006,SCF-NP-3
79007,SCF-PP-1
79008,SCF-PP-6
79009,SCF-NP-1
79010,SCF-NP-13
79011,SCF-NP-1
79012,[RAMP]
79013,WILD
79014,SCF-NP-3
79015,SCF-NP-4
79016,SCF-NP-4
79017,SCF-NP-12
79018,SCF-PP-2
79019,SCF-NP-4
79020,ATM/CNS
79021,GCOL
79022,BIRD
79023,F-NI-4
79024,LALT
79025,SCF-NP-4
79025,LOC-G
79026,SCF-NP-4
79027,SCF-PP-1
79028,SCF-NP-1
79029,ATM/CNS
79030,SCF-NP-3
79032,CFIT
79033,ARC-2
79034,LOC-G
79035,LALT
79036,SCF-PP-1
79037,SCF-NP-3
79038,SCF-NP-3
79039,SCF-NP-3
79042,FUEL
79043,LOC-G
79044,SCF-PP-1
79044,RE-1
79045,SCF-PP-1
79048,SCF-PP-1
79048,LALT
79049,SCF-PP-1
79050,SCF-PP-1
79051,BIRD
79052,SCF-NP-1
79054,SCF-NP-1
79055,SCF-PP-1
79056,SCF-NP-1
79057,CTOL
79059,UNK
79060,CTOL
79060,RE-2
79061,UNK
79062,RE-2
79063,UNK
79064,OTHR-13
79066,MAC-1
79067,MAC-1
79068,SCF-NP-1
79070,SCF-NP-1
79071,F-NI-4
79072,F-NI-3
79073,SCF-NP-1
79074,SCF-NP-1
79075,SCF-NP-1
79076,SCF-NP-4
79077,SCF-NP-1
79078,ICE
79079,SCF-NP-1
79080,BIRD
79081,SCF-NP-4
79082,SCF-NP-1
79083,SCF-NP-5
79085,BIRD
79086,SCF-NP-3
79087,SCF-PP-6
79088,SCF-NP-3
79089,MAC-1
79094,SCF-NP-4
79096,SCF-NP-3
79097,FUEL
79098,LOC-I
79099,SCF-PP-1
79100,LOC-G
79101,OTHR-11
79102,RE-2
79102,SCF-NP-1
79104,UNK
79105,UNK
79106,OTHR-1
79107,UNK
79109,RI
79110,OTHR-17
79111,SCF-PP-1
79115,CTOL
79117,UNK
79118,SCF-NP-3
79118,RE-2
79119,UNK
79120,LALT
79121,OTHR-5
79123,UNK
79124,LALT
79124,LOC-I
79125,OTHR-10
79126,SCF-PP-1
79127,SCF-PP-1
79128,FUEL
79129,TURB
79130,SCF-NP-3
79131,CTOL
79132,UNK
79134,RE-2
79135,SCF-NP-1
79136,SCF-NP-1
79137,OTHR-13
79138,OTHR-13
79140,SCF-NP-1
79141,SCF-NP-1
79142,SCF-NP-1
79143,SCF-PP-6
79147,BIRD
79148,SCF-NP-1
79149,SCF-NP-5
79153,SCF-NP-1
79154,SCF-NP-1
79155,CTOL
79155,RE-2
79156,SCF-PP-1
79157,SCF-NP-1
79158,LOC-G
79160,SCF-NP-1
79161,SCF-NP-1
79162,SCF-NP-4
79164,SCF-NP-3
79165,SCF-NP-1
79166,SCF-NP-1
79167,SCF-PP-1
79168,SCF-NP-3
79169,SCF-NP-6
79170,SCF-NP-1
79171,[RAMP]
79172,SCF-NP-1
79173,OTHR-21
79175,SCF-NP-1
79176,SCF-PP-1
79177,SCF-NP-1
79178,ARC-2
79179,LOC-I
79180,LALT
79180,LOC-I
79182,OTHR-11
79183,SCF-NP-3
79184,LOC-G
79185,SCF-PP-1
79186,SCF-NP-3
79195,SCF-PP-1
79196,SCF-PP-1
79197,WILD
79198,LALT
79199,LALT
79201,LOC-G
79203,SCF-NP-1
79204,OTHR-1
79206,FUEL
79206,LOC-I
79207,SCF-PP-1
79210,FUEL
79211,SCF-PP-1
79213,LOC-G
79214,SCF-PP-1
79215,SCF-PP-1
79216,ARC-2
79217,BIRD
79218,SCF-NP-4
79220,SCF-PP-1
79221,SCF-NP-4
79222,SCF-NP-4
79223,FUEL
79224,GCOL
79225,BIRD
79226,GCOL
79228,LOC-I
79230,RE-2
79230,LOC-G
79231,RI
79232,CTOL
79233,SCF-NP-12
79234,UNK
79235,SCF-PP-1
79236,SCF-NP-4
79237,ARC-1
79238,SCF-NP-4
79240,OTHR-18
79241,SCF-NP-3
79242,SCF-PP-1
79243,ARC-3
79244,SCF-NP-1
79245,SCF-NP-6
79246,SCF-NP-1
79247,SCF-NP-1
79248,LOC-G
79249,SCF-NP-1
79250,SCF-NP-1
79251,SCF-PP-1
79252,SCF-NP-1
79253,SCF-NP-1
79255,SCF-NP-1
79256,SCF-PP-1
79257,RE-1
79259,RE-2
79259,LOC-G
79261,SCF-NP-1
79262,OTHR-11
79263,LALT
79265,UNK
79266,SCF-PP-1
79267,SCF-NP-3
79268,SCF-NP-1
79269,SCF-NP-1
79270,SCF-NP-1
79272,RE-2
79273,SCF-NP-12
79274,SCF-NP-3
79275,OTHR-1
79276,LOC-G
79277,SCF-PP-1
79278,SCF-NP-1
79279,SCF-NP-4
79281,LOLI
79282,LOC-I
79283,SCF-NP-4
79284,WSTRW
79285,LOC-I
79286,SCF-NP-1
79287,SCF-NP-1
79288,SCF-NP-1
79289,SCF-PP-1
79290,UNK
79291,SCF-NP-1
79292,SCF-NP-1
79293,SCF-NP-1
79294,ARC-2
79296,SCF-NP-1
79297,SCF-NP-1
79298,SCF-PP-3
79299,OTHR-13
79300,WILD
79301,CFIT
79302,LALT
79303,SCF-NP-3
79304,SCF-NP-4
79305,SCF-NP-3
79307,SCF-PP-1
79308,LALT
79309,SCF-PP-1
79313,ARC-1
79314,BIRD
79315,UNK
79316,SCF-PP-1
79317,RE-2
79318,SCF-NP-4
79319,SCF-NP-1
79321,BIRD
79323,LOC-G
79324,BIRD
79324,RE-2
79326,LOC-I
79327,LOC-I
79328,SCF-NP-4
79329,SCF-NP-3
79330,ARC-1
79331,SCF-NP-3
79332,SCF-NP-3
79333,SCF-NP-3
79338,GCOL
79339,OTHR-10
79339,AMAN
79340,RE-1
79341,SCF-PP-1
79342,BIRD
79344,RE-2
79344,OTHR-1
79345,SCF-NP-3
79346,SCF-PP-1
79347,LOC-I
79349,OTHR-14
79350,SCF-NP-8
79351,SCF-NP-3
79355,RI
79356,FUEL
79356,OTHR-13
79357,BIRD
79358,RE-2
79358,SCF-PP-1
79359,UNK
79360,SCF-NP-4
79361,LALT
79362,RE-2
79363,LOC-I
79365,SCF-PP-1
79366,OTHR-1
79367,SCF-NP-1
79368,SCF-NP-3
79371,SCF-NP-10
79372,GCOL
79378,SCF-PP-1
79380,SCF-NP-1
79381,BIRD
79383,SCF-NP-4
79384,AMAN
79385,RE-2
79386,RE-2
79386,LOC-G
79388,SCF-NP-4
79391,WILD
79392,BIRD
79393,SCF-NP-7
79395,SCF-NP-5
79396,OTHR-9
79397,LALT
79397,LOC-I
79398,SCF-NP-4
79399,CTOL
79400,BIRD
79402,SCF-PP-1
79403,FUEL
79404,UNK
79405,SCF-PP-1
79406,OTHR-11
79407,LOC-I
79412,SCF-PP-1
79414,FUEL
79414,RE-2
79415,SCF-PP-1
79419,SCF-PP-1
79420,SCF-NP-8
79422,SCF-PP-1
79423,LOC-I
79424,SCF-NP-4
79425,SCF-PP-1
79427,SCF-NP-4
79428,SCF-PP-1
79429,LOC-G
79430,LOC-I
79431,SCF-PP-1
79432,UNK
79434,SCF-NP-6
79436,OTHR-7
79437,SCF-PP-1
79438,RE-2
79439,RI
79440,GCOL
79441,[RAMP]
79444,SCF-NP-8
79445,UNK
79446,EXTL
79447,SCF-PP-1
79448,RE-2
79449,SCF-PP-1
79450,SCF-NP-3
79451,UNK
79453,ARC-2
79454,OTHR-18
79454,RE-2
79455,LOC-I
79456,ADRM
79456,RE-2
79457,SCF-PP-1
79458,SCF-NP-1
79460,CFIT
79461,SCF-PP-5
79462,SCF-NP-4
79464,SCF-NP-5
79465,RE-1
79466,LOC-G
79467,SCF-NP-3
79468,BIRD
79469,SCF-PP-5
79470,SCF-NP-1
79471,SCF-NP-1
79472,OTHR-13
79474,RE-2
79475,OTHR-16
79477,F-NI-3
79478,SCF-NP-3
79479,SCF-NP-4
79481,SCF-NP-3
79482,SCF-NP-4
79483,RE-2
79484,SCF-PP-1
79485,SCF-NP-4
79486,LOC-I
79487,SCF-NP-4
79488,ARC-1
79489,SCF-PP-1
79490,UNK
79491,SCF-NP-3
79492,LOC-G
79493,LALT
79494,FUEL
79495,SCF-PP-1
79496,SCF-NP-9
79497,LALT
79497,LOC-I
79498,RE-2
79498,ARC-2
79499,SCF-NP-1
79500,RE-2
79501,SCF-NP-4
79502,UNK
79503,SCF-PP-1
79504,SCF-NP-3
79505,ARC-3
79505,RE-2
79507,SCF-NP-1
79508,SCF-NP-4
79509,ARC-2
79510,LOC-I
79511,SCF-PP-1
79512,SCF-NP-3
79514,SCF-NP-1
79515,CTOL
79516,SCF-NP-4
79517,SCF-PP-1
79518,UNK
79519,FUEL
79520,LOC-I
79521,SCF-NP-8
79522,ARC-3
79523,GCOL
79523,RE-2
79524,RE-2
79525,SCF-PP-1
79527,SCF-PP-1
79528,SCF-NP-3
79529,SCF-PP-5
79530,LOC-I
79531,[RAMP]
79532,SCF-NP-4
79532,RE-2
79534,SCF-NP-1
79536,GCOL
79537,SCF-NP-1
79538,SCF-NP-3
79539,SCF-NP-1
79540,SCF-PP-1
79541,SCF-PP-1
79542,UNK
79543,RE-1
79544,UNK
79545,EXTL
79546,ARC-3
79547,F-NI-3
79548,SCF-NP-4
79550,SCF-NP-3
79552,CTOL
79554,SCF-NP-4
79555,SCF-NP-1
79555,LOC-I
79556,SCF-NP-1
79559,RE-1
79563,SCF-PP-1
79564,LOC-I
79565,SCF-PP-1
79566,BIRD
79567,SCF-PP-3
79568,SCF-PP-1
79569,SCF-NP-1
79570,OTHR-13
79571,SCF-NP-1
79572,LALT
79573,OTHR-13
79574,CTOL
79575,SCF-NP-4
79577,SCF-NP-4
79580,LOC-I
79582,SCF-NP-1
79584,F-NI-4
79585,SCF-NP-4
79586,SCF-NP-4
79587,SCF-PP-1
79588,SCF-NP-5
79589,MAC-1
79591,SCF-PP-1
79592,ARC-2
79593,GCOL
79595,LALT
79595,LOC-I
79598,UNK
79599,SCF-PP-1
79600,CTOL
79601,SCF-NP-4
79605,SCF-PP-1
79606,SCF-NP-4
79607,SCF-PP-1
79608,UNK
79609,MAC-1
79617,RE-2
79617,SCF-NP-1
79618,BIRD
79619,WILD
79620,WILD
79620,RE-2
79620,LOC-G
79621,LOC-I
79623,AMAN
79624,SCF-NP-1
79625,CTOL
79625,SCF-PP-1
79626,SCF-NP-3
79627,SCF-PP-1
79627,LOC-I
79632,WILD
79634,SCF-NP-1
79636,SCF-PP-1
79637,BIRD
79639,SCF-NP-4
79640,RE-1
79641,FUEL
79644,SCF-NP-4
79645,UNK
79646,SCF-NP-1
79647,SCF-NP-3
79648,SCF-NP-4
79649,SCF-NP-1
79650,AMAN
79651,SCF-NP-3
79651,RE-2
79651,LOC-G
79652,SCF-NP-1
79657,SCF-NP-8
79663,OTHR-1
79664,CTOL
79666,SCF-NP-4
79667,OTHR-1
79668,SCF-NP-8
79669,UNK
79670,SCF-NP-4
79671,SCF-PP-1
79672,SCF-NP-4
79672,SCF-PP-6
79673,WSTRW
79673,SCF-NP-1
79674,SCF-NP-4
79674,SCF-NP-7
79675,EXTL
79678,UNK
79679,SCF-NP-8
79680,SCF-PP-1
79681,LALT
79683,SCF-NP-4
79684,SCF-NP-4
79685,OTHR-2
79685,RE-2
79687,SCF-NP-1
79688,SCF-NP-4
79689,RE-1
79690,SCF-NP-3
79691,SCF-PP-1
79692,RE-1
79694,SCF-NP-1
79696,LOC-G
79697,SCF-NP-2
79698,SCF-NP-1
79699,SCF-NP-8
79700,SCF-NP-1
79701,UNK
79702,SCF-PP-1
79703,SCF-NP-6
79704,[RAMP]
79705,SCF-PP-1
79706,SCF-NP-4
79707,SCF-NP-1
79708,SCF-NP-1
79709,SCF-NP-1
79710,SCF-NP-1
79711,BIRD
79712,RE-2
79712,ARC-2
79713,FUEL
79714,OTHR-16
79716,LALT
79717,LALT
79718,RE-2
79719,SCF-PP-1
79720,FUEL
79722,FUEL
79723,SCF-PP-1
79724,EXCLUIR
79725,SCF-NP-1
79726,RE-2
79726,SCF-NP-1
79727,SCF-NP-4
79728,SCF-PP-1
79729,OTHR-13
79730,SCF-NP-8
79737,SCF-PP-1
79738,CTOL
79739,ATM/CNS
79739,RI
79740,SCF-PP-1
79741,SCF-PP-1
79742,SCF-PP-1
79743,LALT
79744,SCF-NP-1
79745,BIRD
79746,BIRD
79748,RE-2
79748,LOC-G
79749,SCF-PP-1
79750,SCF-NP-4
79751,RE-2
79752,BIRD
79753,RE-2
79754,RE-2
79754,LOC-G
79755,UIMC
79755,LOC-I
79756,OTHR-13
79757,SCF-PP-1
79758,BIRD
79759,SCF-NP-1
79766,SCF-NP-3
79766,RE-2
79769,SCF-NP-3
79769,RE-2
79770,SCF-NP-4
79776,RE-2
79784,BIRD
79785,SCF-NP-1
79786,SCF-NP-3
79787,SCF-NP-1
79798,SCF-PP-1
79799,RE-2
79800,SCF-NP-3
79801,ARC-1
79802,OTHR-16
79803,OTHR-1
79804,SCF-NP-5
79805,WILD
79808,SCF-NP-1
79809,SCF-NP-1
79810,SCF-PP-1
79811,LOC-I
79812,SCF-NP-1
79814,ARC-2
79816,SCF-NP-1
79818,RE-2
79818,ARC-2
79819,ARC-1
79820,OTHR-1
79821,BIRD
79822,SCF-NP-1
79823,CFIT
79824,LOC-I
79825,SCF-PP-3
79826,SCF-PP-1
79827,SCF-PP-6
79829,SCF-PP-1
79830,OTHR-1
79831,MAC-1
79833,SCF-PP-1
79834,SCF-PP-6
79835,SCF-NP-1
79836,SCF-NP-8
79837,SCF-NP-10
79839,SCF-NP-1
79840,LOC-I
79841,SCF-NP-3
79843,SCF-NP-4
79844,SCF-PP-1
79845,SCF-NP-4
79846,ARC-2
79847,ARC-1
79848,RE-2
79848,LOC-G
79849,SCF-PP-1
79850,ARC-3
79851,SCF-PP-1
79852,FUEL
79854,LOC-I
79857,CTOL
79858,WILD
79858,RE-2
79859,SCF-PP-1
79860,CTOL
79862,SCF-NP-1
79863,RE-2
79863,LOC-G
79864,CFIT
79865,SCF-PP-1
79866,FUEL
79867,SCF-NP-4
79868,SCF-NP-1
79869,SCF-NP-1
79870,RE-2
79871,LALT
79872,GCOL
79874,UNK
79875,SCF-NP-4
79876,SCF-NP-5
79877,SCF-NP-8
79878,SCF-NP-5
79879,SCF-NP-4
79880,SCF-NP-1
79881,ARC-2
79882,SCF-PP-1
79883,SCF-PP-6
79885,SCF-PP-1
79886,F-NI-1
79887,SCF-NP-4
79888,SCF-NP-4
79889,LOC-G
79890,SCF-PP-1
79892,SCF-PP-1
79893,FUEL
79894,LOC-I
79897,SCF-PP-2
79899,SCF-NP-1
79901,SCF-NP-6
79902,SCF-NP-1
79903,OTHR-3
79903,LALT
79904,SCF-NP-3
79905,SCF-NP-8
79906,LOC-G
79907,SCF-PP-1
79909,CTOL
79910,LALT
79911,SCF-PP-1
79912,SCF-NP-1
79914,SCF-NP-1
79916,OTHR-2
79917,LOC-G
79919,SCF-NP-1
79920,SCF-NP-1
79921,ARC-3
79922,RE-1
79924,ARC-1
79925,SCF-NP-3
79926,SCF-NP-1
79927,F-NI-3
79943,WILD
79947,RE-2
79947,LOC-I
79948,SCF-PP-1
79949,RE-1
79950,SCF-NP-1
79951,SCF-NP-4
79953,LOC-I
79954,BIRD
79955,SCF-PP-1
79956,UNK
79957,SCF-NP-1
79958,SCF-NP-1
79959,SCF-NP-1
79960,SCF-NP-1
79961,ARC-2
79962,SCF-NP-3
79963,CFIT
79966,CTOL
79968,CTOL
79969,SCF-PP-1
79970,SCF-NP-1
79971,LOC-G
79972,SCF-NP-1
79973,GTOW
79974,SCF-NP-4
79975,ARC-1
79976,SCF-PP-1
79977,SCF-PP-1
79978,SCF-NP-1
79979,WSTRW
79981,SCF-NP-4
79982,LOC-I
79983,RE-2
79985,SCF-PP-1
79988,SCF-NP-3
79989,SCF-NP-3
79990,RE-2
79990,SCF-PP-6
79991,RE-2
79991,LOC-G
79992,SCF-PP-1
79994,LALT
79996,RE-2
79996,LOC-G
79997,LOC-I
79999,UNK
80001,CTOL
80002,F-NI-4
80004,BIRD
80005,SCF-PP-1
80005,LOC-I
80006,CTOL
80007,SCF-PP-1
80011,SCF-PP-1
80012,SCF-NP-1
80014,SCF-NP-3
80014,ARC-2
80015,SCF-NP-4
80017,SCF-NP-3
80018,SCF-NP-3
80019,RE-2
80019,LOC-G
80020,SCF-NP-8
80021,SCF-PP-1
80022,LOC-G
80023,SCF-NP-1
80024,BIRD
80025,SCF-NP-1
80026,SCF-PP-1
80027,SCF-NP-1
80028,SCF-NP-3
80029,F-NI-3
80030,SCF-PP-1
80031,SCF-PP-1
80032,RE-2
80033,UNK
80034,LALT
80035,EXTL
80037,SCF-PP-1
80038,SCF-NP-1
80039,SCF-NP-1
80040,SCF-NP-4
80041,OTHR-1
80042,RE-1
80042,ARC-1
80043,SCF-NP-4
80044,SCF-NP-3
80045,SCF-NP-4
80046,LOC-I
80048,SCF-NP-4
80049,LOC-G
80050,LOC-I
80051,SCF-NP-4
80052,SCF-NP-4
80053,SCF-NP-1
80055,GCOL
80056,SCF-PP-1
80058,SCF-PP-1
80059,SCF-NP-4
80061,SCF-NP-1
80062,OTHR-1
80063,SCF-NP-3
80064,LOC-I
80065,RE-2
80065,LOC-G
80066,SCF-NP-1
80067,OTHR-11
80068,SCF-NP-8
80069,SCF-NP-1
80070,SCF-NP-1
80071,SCF-PP-1
80072,SCF-PP-1
80073,LOC-I
80074,LALT
80075,LALT
80076,LALT
80076,LOC-I
80077,OTHR-13
80078,SCF-PP-1
80079,SCF-PP-1
80079,AMAN
80080,SCF-PP-4
80081,LOC-G
80082,SCF-NP-4
80083,SCF-PP-1
80084,RE-1
80085,SCF-NP-3
80086,UIMC
80086,LOC-I
80087,SCF-PP-1
80088,OTHR-1
80089,SCF-PP-1
80090,SCF-NP-1
80092,UNK
80093,SCF-NP-5
80094,SCF-NP-4
80095,SCF-NP-4
80096,LOC-I
80097,BIRD
80098,SCF-NP-8
80099,RE-2
80099,LOC-G
80100,F-NI-1
80101,SCF-PP-1
80102,SCF-NP-1
80103,UNK
80104,SCF-NP-4
80105,EXCLUIR
80106,CFIT
80108,SCF-NP-1
80111,SCF-NP-4
80112,SCF-NP-4
80114,RE-2
80114,ARC-2
80115,SCF-NP-1
80116,RE-2
80116,LOC-G
80117,SCF-NP-10
80119,SCF-PP-1
80120,SCF-NP-1
80121,SCF-NP-1
80122,SCF-NP-1
80123,SCF-NP-1
80124,RI
80127,MAC-1
80128,SCF-NP-3
80129,SCF-NP-4
80130,SCF-PP-1
80131,SCF-PP-1
80132,F-NI-2
80133,SCF-NP-1
80134,SCF-NP-1
80135,SCF-NP-1
80136,SCF-NP-7
80137,ARC-2
80138,SCF-NP-1
80139,SCF-NP-1
80140,SCF-NP-1
80141,RE-2
80141,LOC-G
80142,SCF-PP-1
80143,RE-2
80143,SCF-NP-1
80144,RE-2
80144,SCF-NP-7
80145,SCF-NP-1
80146,OTHR-1
80147,OTHR-1
80148,OTHR-1
80150,CFIT
80151,ATM/CNS
80151,RI
80152,RI
80154,UNK
80155,SCF-NP-3
80156,RE-2
80156,LOC-G
80158,SCF-NP-1
80159,OTHR-1
80160,SCF-NP-1
80161,SCF-PP-2
80162,EXTL
80163,SCF-PP-3
80164,SCF-PP-1
80165,SCF-NP-4
80166,ARC-2
80167,SCF-NP-3
80168,SCF-PP-1
80169,SCF-NP-1
80170,SCF-NP-1
80171,CTOL
80172,RE-2
80172,LOC-G
80173,SCF-NP-3
80174,RI
80175,CTOL
80175,WSTRW
80176,LOC-I
80176,GTOW
80177,CTOL
80178,SCF-NP-1
80179,SCF-NP-3
80180,OTHR-1
80181,SCF-PP-1
80183,SCF-PP-1
80184,SCF-NP-4
80186,SCF-NP-3
80187,SCF-NP-4
80189,SCF-NP-8
80190,SCF-PP-1
80191,SCF-NP-4
80192,OTHR-11
80193,OTHR-1
80194,SCF-NP-4
80195,SCF-PP-1
80197,SCF-NP-1
80198,ARC-1
80199,BIRD
80200,AMAN
80201,ARC-2
80202,SCF-NP-1
80203,SCF-PP-1
80204,SCF-NP-1
80205,SCF-NP-1
80206,SCF-NP-8
80207,SCF-PP-1
80208,SCF-NP-4
80209,SCF-NP-4
80210,LALT
80212,OTHR-13
80213,OTHR-3
80216,SCF-NP-4
80218,RE-2
80219,SCF-PP-1
80220,SCF-NP-3
80221,RE-1
80222,BIRD
80224,EXTL
80225,SCF-NP-3
80226,MAC-1
80227,LOC-I
80228,SCF-NP-3
80229,OTHR-1
80230,GCOL
80231,ARC-3
80233,FUEL
80234,SCF-NP-8
80235,SCF-NP-4
80236,UNK
80237,SCF-PP-1
80237,OTHR-13
80238,ARC-1
80239,SCF-NP-3
80240,SCF-NP-4
80242,SCF-NP-1
80243,SCF-NP-4
80244,SCF-NP-4
80245,GCOL
80247,SCF-PP-1
80248,RE-2
80248,UNK
80249,SCF-NP-1
80251,SCF-NP-1
80252,UNK
80254,SCF-NP-3
80254,RE-2
80255,SCF-NP-3
80256,SCF-NP-3
80257,UNK
80258,WILD
80258,RE-2
80259,SCF-PP-2
80260,SCF-NP-1
80261,RE-1
80262,RE-2
80263,ARC-3
80265,ARC-3
80266,LOC-G
80267,SCF-NP-3
80268,SCF-NP-4
80269,SCF-PP-2
80270,SCF-NP-3
80271,SCF-NP-3
80272,RE-2
80272,LOC-G
80273,OTHR-9
80274,SCF-PP-2
80275,SCF-NP-4
80276,SCF-PP-2
80277,SCF-PP-2
80278,SCF-PP-1
80284,OTHR-1
80285,UNK
80286,UNK
80287,SCF-NP-1
80288,SCF-NP-1
80289,RE-2
80290,SCF-NP-4
80291,SCF-NP-1
80292,SCF-PP-2
80294,LOC-I
80295,SCF-NP-4
80296,SCF-NP-1
80297,SCF-NP-1
80298,ARC-2
80299,SCF-NP-4
80300,SCF-PP-2
80301,SCF-PP-1
80302,RE-2
80302,SCF-NP-1
80303,BIRD
80304,SCF-NP-1
80305,ARC-2
80307,RE-2
80308,WILD
80309,SCF-NP-4
80310,LALT
80310,LOC-I
80311,SCF-PP-1
80312,RI
80312,OTHR-13
80313,SCF-NP-8
80314,RE-2
80315,ARC-1
80316,SCF-NP-1
80317,USOS-1
80319,OTHR-1
80323,BIRD
80325,SCF-PP-1
80326,SCF-NP-1
80327,OTHR-1
80328,FUEL
80329,LOLI
80330,WSTRW
80331,BIRD
80332,BIRD
80333,GCOL
80334,F-NI-4
80335,SCF-NP-1
80336,ARC-3
80337,SCF-PP-1
80338,OTHR-17
80339,ARC-3
80339,RE-2
80340,LOC-G
80341,SCF-PP-3
80342,SCF-NP-4
80343,LOC-G
80344,CTOL
80345,SCF-NP-9
80347,SCF-PP-1
80348,FUEL
80349,RE-2
80349,LOC-G
80351,RE-2
80351,LOC-G
80358,LOC-I
80359,RE-1
80360,SCF-NP-1
80361,RI
80362,OTHR-2
80363,SCF-PP-2
80364,ATM/CNS
80364,RI
80365,LOC-I
80366,SCF-NP-4
80367,RE-2
80367,LOC-G
80368,ARC-2
80369,CFIT
80371,SCF-NP-9
80372,BIRD
80373,SCF-PP-1
80374,SCF-NP-4
80374,SCF-PP-1
80375,SCF-NP-1
80376,SCF-NP-1
80377,SCF-NP-1
80378,F-NI-4
80379,SCF-NP-4
80380,GCOL
80380,RE-2
80381,BIRD
80382,RE-2
80382,LOC-G
80383,LOC-I
80384,RE-2
80384,LOC-G
80385,SCF-NP-1
80386,RE-2
80387,UNK
80388,OTHR-13
80389,SCF-NP-4
80390,LOC-G
80390,ARC-2
80391,AMAN
80392,OTHR-2
80393,RE-2
80393,FUEL
80394,SCF-PP-1
80395,SCF-NP-3
80396,ARC-2
80397,RE-2
80398,LOC-I
80399,SCF-NP-1
80401,SCF-NP-4
80402,EVAC
80402,SCF-NP-1
80403,F-NI-4
80404,OTHR-13
80405,SCF-NP-4
80406,SCF-PP-1
80407,BIRD
80408,BIRD
80409,SCF-NP-3
80410,SCF-PP-1
80411,ARC-1
80412,OTHR-5
80413,LALT
80414,GCOL
80415,LALT
80416,SCF-PP-1
80417,SCF-PP-1
80418,SCF-PP-1
80419,SCF-NP-12
80420,SCF-PP-1
80421,SCF-NP-1
80422,SCF-PP-1
80423,OTHR-13
80424,SCF-PP-1
80425,OTHR-8
80426,SCF-PP-1
80427,RE-2
80428,LALT
80428,LOC-I
80429,RE-1
80430,SCF-NP-1
80431,BIRD
80433,SCF-PP-1
80434,LALT
80434,LOC-I
80435,SCF-NP-1
80436,SCF-PP-5
80437,SCF-PP-1
80438,SCF-NP-5
80440,LALT
80440,LOC-I
80441,RE-2
80441,LOC-G
80442,UNK
80443,SCF-NP-6
80444,LALT
80445,SCF-NP-3
80445,RE-2
80446,CFIT
80447,SCF-NP-1
80448,RE-2
80448,LOC-G
80450,SCF-NP-3
80450,RE-2
80451,SCF-NP-4
80452,LALT
80452,LOC-I
80453,SCF-NP-1
80454,RE-2
80454,LOC-G
80455,RE-2
80455,LOC-G
80456,SCF-NP-3
80456,RE-2
80457,ARC-2
80458,RE-2
80460,GCOL
80461,SCF-NP-3
80462,FUEL
80463,SCF-NP-1
80464,SCF-NP-4
80465,SCF-PP-1
80466,BIRD
80467,SCF-PP-1
80468,ATM/CNS
80469,SCF-PP-1
80470,SCF-NP-1
80470,LALT
80471,SCF-PP-1
80472,FUEL
80473,SCF-NP-4
80474,CTOL
80475,SCF-NP-3
80476,SCF-NP-4
80477,SCF-NP-3
80478,SCF-NP-12
80479,RE-2
80480,OTHR-13
80481,LOC-I
80482,SCF-NP-8
80483,[RAMP]
80483,LOC-G
80484,SCF-NP-1
80488,SCF-PP-1
80489,SCF-PP-1
80490,LALT
80491,LOC-I
80492,SCF-NP-3
80492,RE-2
80493,SCF-NP-10
80494,SCF-PP-1
80496,BIRD
80497,SCF-NP-3
80498,SCF-NP-4
80500,SCF-PP-1
80501,SCF-NP-4
80502,OTHR-3
80502,LOC-I
80502,OTHR-13
80503,RE-2
80503,LOC-G
80504,SCF-NP-1
80505,CTOL
80506,OTHR-3
80506,WSTRW
80507,SCF-NP-4
80508,SCF-NP-10
80509,BIRD
80510,SCF-NP-3
80511,OTHR-7
80512,LALT
80513,SCF-NP-5
80514,SCF-NP-3
80515,SCF-PP-1
80516,SCF-PP-1
80518,BIRD
80520,LALT
80520,LOC-I
80521,SCF-NP-4
80522,BIRD
80523,SCF-PP-1
80524,SCF-PP-5
80526,RI
80528,LOC-I
80529,SCF-NP-1
80530,SCF-PP-1
80531,SCF-PP-1
80533,SCF-NP-1
80534,OTHR-11
80535,OTHR-3
80535,WSTRW
80536,LALT
80537,LOC-G
80538,SCF-NP-8
80539,LOC-I
80540,LOC-I
80542,BIRD
80543,OTHR-2
80544,SCF-PP-1
80545,BIRD
80546,RE-2
80546,LOC-G
80547,LOC-G
80548,ARC-3
80549,SCF-PP-1
80550,RE-2
80551,OTHR-9
80551,SCF-PP-6
80553,SCF-PP-1
80554,SCF-PP-1
80555,RE-2
80555,SCF-PP-1
80556,SCF-NP-8
80557,RI
80558,SCF-PP-1
80560,OTHR-13
80561,LALT
80562,OTHR-13
80563,RE-2
80564,ARC-2
80565,SCF-PP-1
80565,LOC-I
80567,RE-2
80567,LOC-G
80568,SCF-NP-1
80569,SCF-NP-4
80571,OTHR-13
80572,SCF-PP-6
80573,SCF-NP-1
80574,SCF-NP-1
80576,BIRD
80578,SCF-NP-1
80579,SCF-PP-1
80580,ARC-2
80581,LOC-I
80582,SCF-NP-3
80583,RI
80584,SCF-NP-4
80585,SCF-PP-1
80586,GCOL
80587,SCF-NP-6
80588,ARC-3
80589,LOC-I
80590,SCF-NP-1
80591,SCF-NP-8
80591,WSTRW
80592,SCF-PP-1
80593,SCF-PP-1
80594,SCF-NP-1
80595,RI
80596,BIRD
80597,SCF-PP-3
80598,CTOL
80599,SCF-NP-10
80602,SCF-NP-1
80603,SCF-NP-1
80605,OTHR-1
80606,SCF-PP-1
80608,CTOL
80609,SCF-NP-3
80609,RE-2
80610,LALT
80611,SCF-NP-1
80612,SCF-NP-4
80613,OTHR-1
80614,SCF-NP-1
80615,SCF-NP-1
80616,RE-2
80617,SCF-NP-8
80618,SCF-NP-8
80619,LALT
80620,ARC-2
80621,LOC-G
80622,SCF-NP-4
80623,RE-2
80623,SCF-PP-1
80624,SCF-NP-1
80625,SCF-NP-1
80626,SCF-NP-1
80627,FUEL
80628,SCF-NP-1
80629,SCF-NP-3
80630,ADRM
80631,SCF-NP-8
80632,BIRD
80633,RE-2
80633,LOC-G
80634,SCF-NP-12
80635,UNK
80636,SCF-NP-3
80638,SCF-NP-1
80639,SCF-NP-1
80640,F-NI-4
80641,SCF-NP-1
80642,RE-2
80643,ADRM
80644,SCF-NP-1
80646,LOC-I
80647,SCF-NP-8
80648,SCF-NP-4
80648,RE-1
80649,SCF-NP-1
80650,SCF-NP-1
80651,RE-2
80651,SCF-PP-1
80653,LALT
80653,LOC-I
80655,UNK
80656,RE-1
80657,LALT
80657,LOC-I
80658,SCF-NP-5
80659,SCF-NP-1
80660,SCF-PP-1
80661,SCF-NP-4
80662,SCF-NP-3
80663,SCF-NP-1
80665,UNK
80666,RE-2
80666,ARC-2
80667,OTHR-8
80669,LOC-G
80670,SCF-NP-4
80671,RE-2
80671,LOC-G
80672,RE-2
80672,SCF-PP-6
80675,SCF-NP-1
80676,SCF-PP-1
80677,ICE
80678,SCF-NP-1
80680,SCF-NP-1
80682,SCF-NP-4
80683,SCF-NP-1
80684,SCF-NP-1
80685,RE-2
80685,ARC-2
80686,RE-2
80686,LOC-G
80687,BIRD
80688,RE-2
80689,GCOL
80690,BIRD
80691,LOC-I
80693,SCF-PP-1
80693,LALT
80695,SCF-NP-1
80696,SCF-NP-1
80700,F-NI-2
80701,SCF-PP-4
80702,LALT
80702,LOC-I
80703,SCF-PP-1
80704,CTOL
80705,SCF-NP-1
80707,ATM/CNS
80710,LOC-G
80711,ATM/CNS
80712,RE-2
80713,ATM/CNS
80713,RI
80714,SCF-NP-1
80715,SCF-NP-3
80716,BIRD
80718,SCF-PP-6
80720,SCF-PP-1
80721,BIRD
80723,OTHR-2
80724,BIRD
80727,LOC-I
80728,SCF-NP-1
80729,SCF-NP-1
80730,SCF-NP-10
80731,SCF-NP-1
80732,SCF-NP-4
80734,SCF-NP-10
80735,CTOL
80736,ARC-2
80737,BIRD
80738,LALT
80739,LALT
80740,SCF-NP-1
80741,SCF-PP-1
80742,RI
80743,SCF-PP-1
80744,SCF-NP-1
80745,EXTL
80746,SCF-NP-1
80747,SCF-NP-1
80748,CTOL
80749,FUEL
80750,ARC-2
80751,OTHR-16
80752,SCF-PP-2
80753,SCF-NP-1
80754,ADRM
80755,SCF-NP-3
80756,SCF-PP-1
80757,UNK
80759,SCF-NP-1
80763,RI
80764,SCF-NP-1
80766,RE-2
80766,SCF-NP-1
80767,SCF-NP-1
80768,RE-2
80769,SCF-NP-10
80771,SCF-NP-10
80772,LALT
80774,SCF-PP-1
80776,F-NI-3
80777,BIRD
80777,OTHR-13
80778,SCF-NP-3
80779,[RAMP]
80781,LOC-G
80782,SCF-NP-3
80783,BIRD
80784,BIRD
80785,RE-2
80785,LOC-G
80786,SCF-PP-2
80787,LOC-I
80788,BIRD
80789,SCF-PP-1
80790,SCF-NP-1
80791,SCF-PP-6
80793,SCF-NP-4
80794,SCF-NP-4
80795,UNK
80796,SCF-NP-3
80797,RE-2
80797,LOC-G
80799,SCF-NP-3
80799,RE-2
80800,RE-2
80800,LOC-G
80802,SCF-NP-1
80803,SCF-PP-1
80803,LOC-G
80804,RI
80805,RI
80806,SCF-NP-3
80807,EXTL
80808,F-NI-2
80809,ATM/CNS
80809,RI
80810,SCF-NP-1
80811,BIRD
80812,SCF-NP-4
80813,UNK
80814,OTHR-1
80815,SCF-NP-8
80816,SCF-PP-1
80817,SCF-NP-4
80818,UNK
80819,SCF-NP-4
80820,RE-2
80820,LOC-G
80821,SCF-NP-1
80822,SCF-NP-1
80823,SCF-NP-1
80824,SCF-NP-3
80825,SCF-NP-10
80827,LALT
80827,OTHR-13
80828,BIRD
80829,SCF-NP-10
80830,FUEL
80831,SCF-NP-1
80832,SCF-NP-1
80833,SCF-NP-1
80834,SCF-NP-4
80835,UNK
80836,SCF-PP-3
80837,WILD
80837,SCF-NP-4
80837,RE-2
80837,LOC-G
80838,LALT
80839,SCF-NP-4
80840,SCF-NP-10
80841,LALT
80842,OTHR-13
80843,SCF-NP-3
80844,GCOL
80846,AMAN
80848,UNK
80849,SCF-NP-4
80850,SCF-NP-4
80851,ATM/CNS
80852,SCF-NP-8
80853,SCF-NP-8
80854,UNK
80856,CFIT
80857,SCF-NP-1
80858,UNK
80860,OTHR-13
80861,SCF-PP-1
80862,ATM/CNS
80862,RI
80863,SCF-PP-1
80864,SCF-NP-3
80866,SCF-NP-3
80869,SCF-NP-3
80870,RI
80871,UNK
80872,BIRD
80873,SCF-NP-4
80874,BIRD
80875,RE-2
80876,OTHR-11
80877,SCF-NP-1
80878,RI
80879,SCF-PP-1
80881,SCF-NP-1
80882,SCF-NP-1
80883,SCF-NP-3
80884,BIRD
80885,RE-2
80885,SCF-NP-1
80886,SCF-NP-4
80887,ADRM
80890,SCF-NP-4
80891,[RAMP]
80894,ARC-3
80895,SCF-NP-3
80896,SCF-NP-1
80897,RE-2
80898,RE-2
80898,ARC-2
80899,CFIT
80900,SCF-PP-2
80902,SCF-PP-1
80903,SCF-PP-1
80903,F-NI-3
80903,OTHR-13
80904,RE-2
80904,LOC-G
80905,SCF-NP-6
80906,SCF-NP-6
80907,SCF-NP-4
80908,SCF-NP-4
80910,CTOL
80911,AMAN
80911,MAC-3
80912,BIRD
80913,SCF-NP-3
80914,SCF-PP-1
80915,SCF-NP-4
80916,RE-2
80916,LOC-G
80917,ADRM
80918,RE-2
80919,SCF-NP-4
80920,LOC-I
80921,UNK
80922,SCF-PP-1
80923,RE-2
80924,SCF-PP-1
80925,SCF-NP-3
80926,SCF-NP-3
80927,SCF-NP-1
80928,ARC-3
80929,SCF-PP-1
80930,SCF-PP-6
80931,FUEL
80932,SCF-NP-1
80934,USOS-2
80935,LOC-G
80936,CTOL
80938,ARC-3
80939,SCF-NP-1
80940,LALT
80941,RE-2
80941,LOC-G
80942,LOC-I
80943,SCF-NP-1
80943,F-NI-3
80945,LOC-G
80947,SCF-NP-6
80948,SCF-NP-1
80949,SCF-PP-1
80950,SCF-NP-1
80951,SCF-NP-3
80951,RE-2
80952,LOC-I
80953,SCF-NP-1
80954,[RAMP]
80955,SCF-NP-4
80956,BIRD
80958,SCF-NP-3
80959,ATM/CNS
80959,RI
80960,SCF-NP-1
80961,LOC-I
80962,SCF-PP-5
80963,SCF-NP-10
80964,SCF-NP-1
80966,RE-2
80967,[RAMP]
80968,SCF-NP-4
80969,ARC-2
80970,SCF-NP-3
80971,SCF-PP-1
80972,SCF-NP-8
80973,SCF-NP-1
80974,ARC-2
80975,RE-2
80975,SCF-PP-1
80976,OTHR-1
80977,FUEL
80978,SCF-PP-1
80979,LOC-I
80980,LOC-I
80981,SCF-PP-1
80982,SCF-NP-4
80984,RE-2
80984,LOC-G
80985,SCF-NP-1
80987,SCF-PP-1
80988,GCOL
80988,OTHR-13
80989,SCF-PP-1
80990,LOC-G
80993,LOC-I
80994,SCF-NP-1
80995,SCF-NP-3
80996,BIRD
80997,SCF-PP-1
80998,CTOL
81000,BIRD
81001,BIRD
81002,CTOL
81003,SCF-NP-3
81004,MAC-1
81006,SCF-NP-4
81007,SCF-NP-1
81008,SCF-NP-1
81009,RE-2
81009,LOC-G
81010,ARC-3
81011,FUEL
81012,SCF-NP-9
81014,UNK
81017,RE-2
81017,LOC-G
81018,SCF-PP-1
81019,LOC-I
81021,RE-2
81022,SCF-NP-1
81023,RE-2
81023,LOC-G
81025,SCF-NP-4
81026,SCF-NP-1
81027,RE-2
81028,SCF-NP-3
81029,SCF-NP-4
81030,SCF-NP-5
81031,SCF-NP-1
81032,ARC-2
81039,SCF-NP-4
81040,SCF-PP-3
81041,ARC-3
81042,UNK
81043,BIRD
81044,SCF-NP-4
81045,SCF-NP-4
81045,RE-2
81045,LOC-G
81046,SCF-NP-4
81047,SCF-NP-3
81048,SCF-PP-2
81049,CTOL
81050,SCF-NP-10
81051,SCF-NP-1
81052,SCF-NP-7
81053,BIRD
81055,ARC-2
81057,BIRD
81058,LALT
81059,OTHR-13
81060,BIRD
81061,SCF-NP-3
81062,SCF-NP-1
81063,OTHR-1
81064,FUEL
81065,SCF-NP-3
81066,SCF-PP-1
81068,SCF-NP-4
81069,SCF-PP-1
81070,SCF-NP-1
81071,SCF-NP-1
81072,SCF-NP-1
81073,SCF-NP-1
81074,SCF-NP-1
81075,[RAMP]
81076,SCF-NP-1
81077,BIRD
81079,BIRD
81081,SCF-NP-4
81082,MAC-1
81083,ATM/CNS
81084,SCF-NP-4
81085,SCF-PP-1
81086,WSTRW
81086,RE-2
81086,LOC-G
81087,ADRM
81088,SCF-NP-1
81089,SCF-NP-1
81090,SCF-PP-1
81091,SCF-NP-1
81092,SCF-NP-1
81093,WSTRW
81093,SCF-PP-1
81094,WSTRW
81095,SCF-NP-1
81106,SCF-PP-2
81108,RE-2
81108,SCF-NP-1
81109,SCF-PP-2
81113,SCF-PP-1
81113,LOC-I
81114,SCF-NP-4
81114,LOC-G
81115,UNK
81116,ATM/CNS
81116,RI
81117,SCF-NP-1
81118,OTHR-2
81119,SCF-PP-1
81120,ARC-1
81121,RI
81122,SCF-NP-1
81123,SCF-NP-1
81124,RE-2
81124,LOC-G
81125,SCF-NP-10
81126,RE-2
81127,SCF-NP-1
81128,OTHR-13
81130,SCF-PP-1
81130,LALT
81131,GCOL
81133,SCF-NP-1
81134,SCF-NP-10
81135,SCF-PP-1
81136,ARC-3
81138,ADRM
81139,LALT
81139,LOC-I
81140,SCF-PP-1
81140,LOC-I
81141,SCF-NP-4
81142,SCF-PP-1
81143,SCF-NP-4
81144,RE-2
81144,LOC-G
81145,WSTRW
81145,CFIT
81146,TURB
81147,SCF-NP-8
81148,SCF-PP-6
81149,SCF-PP-1
81150,SCF-NP-1
81151,BIRD
81152,SCF-NP-10
81153,SCF-PP-1
81154,SCF-NP-1
81155,CTOL
81156,GCOL
81157,SCF-NP-4
81158,SCF-PP-1
81159,SCF-PP-1
81160,SCF-NP-6
81161,SCF-NP-4
81161,RE-2
81162,SCF-PP-1
81163,SCF-NP-3
81165,SCF-NP-10
81166,SCF-PP-1
81167,SCF-NP-6
81168,BIRD
81169,RE-2
81169,ARC-2
81170,SCF-PP-1
81171,LOC-G
81172,OTHR-13
81173,SCF-NP-8
81174,RI
81175,LOC-G
81176,SCF-PP-1
81177,SCF-PP-6
81178,RE-2
81179,SCF-NP-1
81180,BIRD
81181,RE-2
81182,SCF-NP-4
81184,RI
81185,LOC-I
81186,SCF-NP-3
81187,SCF-NP-4
81188,ARC-3
81189,BIRD
81190,SCF-NP-4
81191,UNK
81194,RE-2
81194,LOC-G
81195,LOC-I
81196,RE-2
81196,LOC-G
81197,SCF-PP-1
81198,RE-2
81198,LOC-G
81199,LOC-G
81200,SCF-NP-4
81201,RE-2
81203,SCF-NP-3
81204,OTHR-1
81205,UIMC
81205,LOC-I
81206,SCF-NP-3
81207,LOC-G
81208,LOC-G
81209,SCF-PP-5
81210,SCF-NP-5
81211,SCF-NP-1
81212,SCF-NP-10
81213,ARC-2
81215,SCF-NP-1
81216,LOC-G
81217,RE-1
81218,SCF-NP-1
81219,SCF-NP-10
81220,LOC-I
81221,SCF-NP-12
81223,SCF-NP-4
81224,SCF-NP-4
81225,SCF-NP-1
81226,SCF-NP-3
81227,GCOL
81228,SCF-NP-1
81229,LOC-G
81230,SCF-PP-1
81232,BIRD
81233,RI
81234,SCF-PP-1
81239,CTOL
81240,SCF-NP-3
81241,LOC-G
81242,SCF-NP-1
81243,SCF-PP-1
81244,GCOL
81245,RE-2
81246,LALT
81247,SCF-NP-10
81249,SCF-NP-10
81250,SCF-NP-1
81251,SCF-PP-1
81253,UNK
81254,SCF-NP-12
81256,BIRD
81257,SCF-PP-2
81258,ARC-3
81259,SCF-NP-4
81260,UNK
81261,LOC-I
81262,SCF-PP-1
81263,SCF-PP-1
81264,SCF-PP-1
81265,SCF-NP-12
81266,SCF-PP-1
81267,BIRD
81268,LOC-I
81269,LOC-I
81271,SCF-PP-1
81272,SCF-NP-10
81273,SCF-NP-10
81274,SCF-NP-5
81275,LOC-G
81276,EXTL
81276,LALT
81281,SCF-PP-1
81281,OTHR-13
81282,SCF-NP-4
81283,SCF-NP-3
81284,RE-2
81284,LOC-G
81285,SCF-NP-3
81285,RE-2
81285,LOC-G
81286,SCF-PP-1
81287,SCF-PP-5
81288,ARC-3
81289,RE-2
81289,SCF-PP-1
81290,SCF-NP-10
81292,LOC-G
81293,LOC-G
81294,SCF-PP-1
81295,SCF-NP-10
81296,SCF-NP-10
81297,LOC-I
81298,SCF-PP-1
81299,LALT
81299,LOC-I
81300,ADRM
81301,UNK
81302,SCF-PP-1
81303,SCF-PP-1
81304,SCF-NP-1
81305,CTOL
81306,FUEL
81306,OTHR-1
81307,SCF-PP-1
81308,SCF-NP-3
81309,SCF-NP-1
81310,BIRD
81311,RE-2
81313,ADRM
81314,SCF-PP-1
81315,SCF-NP-3
81316,SCF-PP-1
81316,LALT
81317,OTHR-2
81318,SCF-NP-4
81319,BIRD
81320,SCF-PP-1
81321,SCF-NP-1
81322,CTOL
81323,RE-2
81325,SCF-PP-2
81325,OTHR-13
81326,SCF-NP-6
81327,LALT
81328,SCF-PP-1
81328,LALT
81329,SCF-PP-1
81330,SCF-PP-1
81332,F-NI-3
81334,LOC-I
81335,CTOL
81336,LOC-I
81337,UNK
81338,TURB
81339,SCF-PP-1
81339,OTHR-13
81340,SCF-PP-1
81341,SCF-PP-1
81342,LALT
81343,SCF-PP-1
81344,SCF-NP-5
81345,SCF-PP-1
81346,BIRD
81347,SCF-NP-3
81348,SCF-PP-1
81348,OTHR-13
81349,SCF-PP-1
81350,SCF-NP-8
81353,SCF-PP-3
81354,UNK
81355,F-NI-3
81358,LALT
81359,BIRD
81361,SCF-NP-4
81362,SCF-NP-4
81363,BIRD
81365,RE-1
81366,UIMC
81366,LOC-I
81368,SCF-NP-6
81369,SCF-NP-10
81370,SCF-PP-1
81371,BIRD
81372,SCF-NP-10
81373,BIRD
81374,SCF-NP-8
81376,SCF-PP-1
81377,SCF-PP-1
81379,FUEL
81379,LALT
81380,SCF-NP-1
81381,RI
81382,SCF-NP-3
81382,RE-2
81383,SCF-NP-12
81384,SCF-PP-1
81385,UNK
81386,SCF-PP-1
81386,LOC-I
81387,F-NI-1
81388,SCF-PP-1
81390,LALT
81391,SCF-PP-3
81392,BIRD
81393,SCF-PP-1
81394,SCF-PP-1
81395,SCF-PP-1
81396,LALT
81397,RI
81398,RE-2
81401,RE-2
81401,LOC-G
81402,LOC-I
81403,SCF-PP-1
81404,SCF-NP-8
81405,EXTL
81407,SCF-NP-10
81409,BIRD
81411,ARC-2
81412,BIRD
81413,LOC-I
81414,SCF-PP-2
81416,MAC-1
81420,SCF-NP-4
81422,SCF-NP-1
81424,SCF-PP-1
81426,ARC-1
81437,BIRD
81455,SCF-NP-1
81456,SCF-PP-1
81457,ADRM
81459,SCF-NP-4
81460,SCF-NP-1
81462,SCF-NP-1
81464,SCF-NP-1
81465,SCF-NP-3
81466,RE-2
81466,SCF-NP-1
81467,SCF-PP-2
81468,SCF-NP-4
81469,BIRD
81470,OTHR-18
81472,SCF-PP-3
81474,SCF-PP-1
81476,LALT
81477,SCF-PP-1
81478,MAC-1
81479,LALT
81479,LOC-I
81480,BIRD
81481,SCF-NP-1
81482,RE-2
81483,SCF-PP-1
81484,SCF-NP-1
81486,OTHR-1
81487,SCF-PP-1
81488,ARC-1
81489,SCF-PP-1
81490,SCF-NP-4
81493,SCF-NP-1
81494,ARC-2
81496,SCF-NP-1
81497,OTHR-11
81498,CTOL
81499,MAC-3
81512,SCF-NP-1
81522,SCF-PP-1
81523,SCF-NP-1
81524,SCF-PP-1
81525,OTHR-13
81526,SCF-NP-3
81527,LALT
81528,SCF-PP-1
81529,CTOL
81529,RE-2
81531,SCF-PP-1
81536,ARC-3
81537,RE-2
81537,LOC-G
81538,LOC-I
81539,LALT
81539,LOC-I
81540,UNK
81541,SCF-NP-4
81542,SCF-PP-1
81542,OTHR-13
81543,SCF-PP-1
81544,SCF-PP-5
81545,SCF-NP-4
81547,ARC-2
81548,LOC-I
81549,SCF-NP-1
81550,SCF-NP-3
81551,ARC-1
81552,RE-2
81553,SCF-NP-8
81556,ARC-3
81557,SCF-NP-1
81558,SCF-NP-3
81559,SCF-NP-1
81559,LOC-G
81560,LALT
81560,LOC-I
81561,ARC-3
81561,LOC-G
81562,SCF-NP-4
81563,SCF-NP-4
81564,CTOL
81564,RE-2
81565,LALT
81565,LOC-I
81570,SCF-NP-10
81572,LOC-G
81587,SCF-PP-2
81597,SCF-NP-3
81597,RE-2
81601,SCF-NP-3
81618,SCF-PP-6
81620,BIRD
81621,RE-2
81621,LOC-G
81622,SCF-NP-4
81623,CFIT
81624,LALT
81624,LOC-I
81633,CTOL
81649,RE-2
81653,UIMC
81671,SCF-NP-1
81672,MAC-1
81673,SCF-PP-1
81678,SCF-NP-3
81679,LALT
81679,LOC-I
81680,SCF-NP-4
81681,WILD
81684,OTHR-1
81685,ARC-2
81686,SCF-NP-4
81686,RE-2
81688,SCF-PP-1
81688,OTHR-13
81689,SCF-NP-1
81690,SCF-PP-6
81691,SCF-NP-3
81692,SCF-PP-1
81693,SCF-NP-9
81694,SCF-NP-4
81696,SCF-PP-1
81697,SCF-PP-1
81699,CTOL
81700,SCF-NP-6
81701,SCF-NP-6
81704,SCF-NP-1
81705,SCF-PP-1
81706,LOC-I
81707,OTHR-15
81708,LOC-G
81709,BIRD
81710,RE-2
81711,RE-1
81712,RE-2
81713,BIRD
81715,SCF-NP-4
81717,SCF-NP-1
81718,LALT
81719,SCF-NP-1
81720,SCF-NP-4
81721,SCF-NP-4
81723,GCOL
81724,UNK
81725,SCF-NP-10
81725,RE-2
81726,SCF-NP-1
81727,SCF-PP-1
81729,SCF-PP-1
81730,SCF-NP-4
81731,BIRD
81732,SCF-PP-1
81733,SCF-NP-4
81734,SCF-NP-1
81736,SCF-NP-1
81737,RE-2
81738,SCF-NP-4
81739,SCF-NP-4
81740,SCF-PP-1
81742,SCF-NP-10
81743,SCF-NP-1
81744,AMAN
81745,SCF-NP-1
81746,ARC-3
81747,SCF-NP-4
81748,SCF-PP-1
81749,ADRM
81750,SCF-NP-4
81751,SCF-PP-1
81752,SCF-NP-6
81753,CFIT
81754,SCF-PP-1
81755,LOC-G
81756,RE-2
81756,SCF-NP-1
81756,LOC-G
81759,SCF-NP-3
81760,SCF-NP-4
81761,BIRD
81764,SCF-NP-12
81766,RE-2
81767,OTHR-2
81771,BIRD
81772,SCF-NP-3
81782,SCF-PP-1
81790,SCF-PP-1
81791,SCF-NP-4
81794,SCF-NP-8
81795,LOC-I
81797,ARC-2
81798,SCF-NP-5
81799,SCF-NP-3
81801,SCF-PP-1
81802,SCF-NP-4
81803,LOC-G
81815,SCF-NP-4
81816,SCF-NP-1
81831,RE-2
81831,LOC-G
81832,SCF-NP-12
81833,OTHR-1
81835,SCF-NP-1
81847,ARC-3
81852,LOC-I
81856,[RAMP]
81858,SCF-NP-3
81859,ARC-3
81860,SCF-NP-1
81862,F-NI-4
81870,BIRD
81871,SCF-NP-1
81872,BIRD
81873,SCF-NP-1
81874,SCF-NP-1
81875,SCF-NP-1
81876,GCOL
81877,SCF-NP-1
81878,SCF-NP-1
81879,ADRM
81880,SCF-NP-1
81881,SCF-NP-1
81882,BIRD
81883,BIRD
81884,BIRD
81885,BIRD
81886,BIRD
81887,MAC-1
81888,BIRD
81889,SCF-NP-1
81890,BIRD
81891,SCF-NP-1
81893,SCF-NP-1
81894,SCF-NP-1
81895,SCF-NP-1
81896,SCF-NP-1
81897,SCF-NP-1
81898,OTHR-1
81899,BIRD
81904,SCF-NP-4
81905,SCF-PP-2
81906,SCF-NP-1
81907,SCF-NP-1
81908,RE-2
81909,RE-2
81911,SCF-NP-1
81912,BIRD
81913,SCF-NP-1
81914,SCF-NP-1
81915,SCF-NP-1
81916,BIRD
81918,SCF-NP-1
81919,SCF-PP-2
81921,BIRD
81922,BIRD
81923,BIRD
81924,SCF-NP-1
81925,ARC-3
81926,OTHR-7
81927,ADRM
81927,RE-2
81928,ADRM
81929,LALT
81930,ADRM
81931,RE-2
81932,ARC-3
81933,SCF-PP-2
81934,LOC-G
81935,CTOL
81936,SCF-NP-1
81937,LOC-I
81938,OTHR-1
81939,BIRD
81940,BIRD
81941,BIRD
81942,SCF-PP-2
81943,ARC-3
81944,SCF-NP-1
81945,CFIT
81946,SCF-NP-1
81947,RE-2
81948,SCF-NP-1
81949,UNK
81954,RE-2
81954,SCF-NP-1
81954,LOC-G
81955,BIRD
81956,GCOL
81957,SCF-NP-1
81957,OTHR-1
81958,OTHR-1
81959,[RAMP]
81960,SCF-NP-1
81961,BIRD
81962,ARC-3
81962,LOC-I
81963,SCF-NP-1
81964,UNK
81965,SCF-NP-1
81966,SCF-NP-1
81967,SCF-NP-1
81968,SCF-NP-1
81969,SCF-NP-1
81970,SCF-PP-6
81971,F-NI-4
81972,SCF-PP-2
81973,BIRD
81974,SCF-NP-1
81975,[RAMP]
81976,SCF-NP-1
81978,[RAMP]
81980,RE-2
81980,SCF-NP-1
81981,BIRD
81982,BIRD
81983,SCF-NP-1
81984,SCF-NP-1
81985,RE-2
81986,SCF-NP-1
81987,ARC-3
81988,SCF-NP-1
81989,SCF-PP-2
81990,ARC-3
81990,RE-2
81991,UNK
81992,SCF-NP-1
81993,BIRD
81994,SCF-NP-1
81995,SCF-NP-1
81996,SCF-NP-1
81997,RE-2
81997,LOC-G
81998,ADRM
82000,SCF-NP-1
82001,SCF-NP-1
82002,BIRD
82005,RE-2
82006,SCF-NP-1
82007,SCF-NP-1
82008,SCF-PP-1
82009,SCF-PP-2
82011,SCF-NP-3
82012,SCF-NP-1
82013,RE-2
82013,SCF-NP-1
82014,ARC-3
82015,SCF-NP-1
82017,BIRD
82018,BIRD
82019,BIRD
82020,BIRD
82021,BIRD
82022,BIRD
82023,BIRD
82024,RE-2
82024,SCF-NP-1
82025,BIRD
82026,BIRD
82027,BIRD
82028,BIRD
82029,BIRD
82030,BIRD
82031,BIRD
82032,BIRD
82033,BIRD
82034,BIRD
82035,BIRD
82036,BIRD
82037,BIRD
82038,BIRD
82039,BIRD
82040,BIRD
82042,BIRD
82044,LOC-G
82045,BIRD
82046,BIRD
82047,BIRD
82048,BIRD
82049,BIRD
82050,BIRD
82051,BIRD
82052,SCF-NP-1
82053,BIRD
82054,SCF-NP-1
82055,BIRD
82056,BIRD
82057,BIRD
82058,BIRD
82059,SCF-PP-2
82060,BIRD
82061,BIRD
82062,BIRD
82063,BIRD
82064,BIRD
82065,SCF-NP-1
82066,BIRD
82067,BIRD
82068,BIRD
82069,BIRD
82070,BIRD
82071,BIRD
82073,BIRD
82074,SCF-PP-2
82075,BIRD
82076,BIRD
82078,BIRD
82080,BIRD
82081,BIRD
82082,BIRD
82083,BIRD
82085,BIRD
82086,BIRD
82087,SCF-NP-1
82088,BIRD
82089,BIRD
82090,BIRD
82092,BIRD
82093,BIRD
82094,BIRD
82095,BIRD
82096,SCF-NP-1
82097,SCF-NP-1
82098,SCF-NP-1
82099,BIRD
82100,SCF-NP-1
82101,BIRD
82103,SCF-NP-1
82104,BIRD
82105,BIRD
82106,BIRD
82108,BIRD
82109,BIRD
82110,BIRD
82111,BIRD
82112,BIRD
82113,BIRD
82114,WILD
82115,BIRD
82116,BIRD
82117,BIRD
82118,BIRD
82119,BIRD
82121,BIRD
82122,BIRD
82123,BIRD
82124,BIRD
82125,BIRD
82126,BIRD
82127,WILD
82128,BIRD
82129,BIRD
82130,BIRD
82131,WILD
82132,BIRD
82133,UNK
82134,BIRD
82135,BIRD
82136,F-POST
82136,LOC-I
82137,BIRD
82138,FUEL
82139,BIRD
82140,GCOL
82141,BIRD
82142,BIRD
82143,BIRD
82144,BIRD
82145,BIRD
82146,WILD
82147,BIRD
82148,BIRD
82149,WILD
82150,BIRD
82151,BIRD
82152,BIRD
82153,BIRD
82154,BIRD
82155,WILD
82156,BIRD
82157,BIRD
82158,BIRD
82159,WILD
82160,BIRD
82161,BIRD
82163,BIRD
82164,BIRD
82165,BIRD
82166,WILD
82167,WILD
82168,BIRD
82169,BIRD
82170,BIRD
82171,SCF-PP-2
82172,BIRD
82173,BIRD
82174,BIRD
82175,BIRD
82176,BIRD
82177,BIRD
82178,BIRD
82179,BIRD
82180,BIRD
82181,SCF-PP-2
82182,BIRD
82183,BIRD
82184,SCF-NP-1
82185,BIRD
82188,BIRD
82189,BIRD
82190,BIRD
82191,BIRD
82192,BIRD
82193,BIRD
82195,BIRD
82196,BIRD
82198,SCF-PP-2
82199,BIRD
82200,BIRD
82201,BIRD
82202,BIRD
82203,BIRD
82204,BIRD
82205,BIRD
82206,BIRD
82207,BIRD
82208,BIRD
82209,BIRD
82210,SCF-PP-2
82211,ARC-3
82212,BIRD
82214,BIRD
82215,BIRD
82217,BIRD
82218,BIRD
82219,BIRD
82220,BIRD
82221,BIRD
82222,BIRD
82223,BIRD
82224,BIRD
82225,BIRD
82226,BIRD
82227,BIRD
82229,BIRD
82230,BIRD
82231,BIRD
82232,BIRD
82233,BIRD
82235,BIRD
82236,BIRD
82237,BIRD
82238,BIRD
82239,BIRD
82240,BIRD
82241,BIRD
82242,BIRD
82243,BIRD
82244,BIRD
82245,BIRD
82247,BIRD
82248,BIRD
82249,BIRD
82250,BIRD
82251,BIRD
82252,BIRD
82253,BIRD
82254,BIRD
82255,BIRD
82257,BIRD
82258,SCF-NP-1
82259,BIRD
82260,BIRD
82263,BIRD
82264,BIRD
82265,BIRD
82267,BIRD
82268,BIRD
82269,BIRD
82270,BIRD
82271,BIRD
82273,BIRD
82274,BIRD
82275,SCF-NP-1
82276,BIRD
82277,BIRD
82278,BIRD
82279,SCF-PP-2
82280,BIRD
82281,BIRD
82282,BIRD
82283,BIRD
82285,BIRD
82286,CTOL
82288,BIRD
82289,SCF-NP-1
82290,SCF-PP-2
82291,BIRD
82292,BIRD
82293,SCF-NP-4
82294,BIRD
82295,BIRD
82296,BIRD
82297,BIRD
82298,BIRD
82299,BIRD
82300,BIRD
82301,BIRD
82302,BIRD
82303,BIRD
82304,BIRD
82306,BIRD
82307,BIRD
82308,BIRD
82309,BIRD
82310,BIRD
82311,BIRD
82312,BIRD
82313,SCF-NP-1
82314,EXTL
82315,SCF-NP-1
82316,SCF-PP-2
82318,SCF-PP-2
82319,ARC-3
82320,RE-2
82321,LALT
82322,SCF-NP-1
82323,RE-2
82324,ARC-3
82325,RE-2
82325,SCF-NP-1
82326,SCF-NP-1
82327,LALT
82328,SCF-NP-1
82329,BIRD
82330,BIRD
82332,BIRD
82335,BIRD
82337,BIRD
82338,BIRD
82339,BIRD
82340,BIRD
82341,BIRD
82342,BIRD
82343,BIRD
82344,BIRD
82345,BIRD
82346,BIRD
82347,BIRD
82349,BIRD
82350,BIRD
82351,BIRD
82352,BIRD
82353,BIRD
82354,BIRD
82357,SCF-NP-1
82358,OTHR-1
82359,SCF-NP-1
82360,FUEL
82361,SCF-NP-1
82362,CTOL
82363,BIRD
82364,BIRD
82365,BIRD
82366,BIRD
82367,BIRD
82368,BIRD
82369,BIRD
82370,BIRD
82371,BIRD
82372,BIRD
82373,BIRD
82374,BIRD
82375,BIRD
82376,BIRD
82377,BIRD
82378,BIRD
82379,BIRD
82380,BIRD
82381,BIRD
82383,UNK
82384,FUEL
82385,UNK
82387,BIRD
82388,BIRD
82389,BIRD
82390,BIRD
82391,BIRD
82392,BIRD
82393,BIRD
82394,BIRD
82395,BIRD
82396,BIRD
82397,BIRD
82398,BIRD
82399,BIRD
82400,BIRD
82401,BIRD
82402,BIRD
82403,BIRD
82404,BIRD
82406,BIRD
82408,BIRD
82409,BIRD
82410,BIRD
82411,BIRD
82412,BIRD
82413,BIRD
82414,BIRD
82416,BIRD
82417,BIRD
82419,BIRD
82420,BIRD
82421,BIRD
82422,BIRD
82423,BIRD
82424,BIRD
82425,BIRD
82426,BIRD
82428,BIRD
82429,BIRD
82430,BIRD
82431,BIRD
82432,BIRD
82433,BIRD
82435,BIRD
82437,BIRD
82438,BIRD
82439,BIRD
82440,BIRD
82441,BIRD
82442,BIRD
82443,BIRD
82444,BIRD
82445,BIRD
82446,BIRD
82447,BIRD
82448,BIRD
82449,BIRD
82450,LOC-I
82451,BIRD
82452,BIRD
82453,BIRD
82454,SCF-NP-1
82455,[RAMP]
82456,SCF-NP-1
82457,SCF-NP-1
82458,LALT
82459,BIRD
82460,RE-2
82460,LOC-G
82461,SCF-NP-1
82462,SCF-NP-1
82463,BIRD
82464,BIRD
82465,BIRD
82466,USOS-2
82467,BIRD
82468,BIRD
82470,SCF-NP-1
82471,FUEL
82472,BIRD
82473,BIRD
82474,BIRD
82475,WSTRW
82476,ARC-3
82477,SCF-NP-1
82478,SCF-NP-1
82479,BIRD
82480,SCF-NP-1
82481,SCF-NP-1
82482,SCF-PP-2
82484,RE-2
82484,SCF-NP-1
82485,SCF-PP-2
82486,ADRM
82487,SCF-NP-1
82488,SCF-NP-1
82488,LOC-G
82489,BIRD
82490,BIRD
82491,WSTRW
82492,OTHR-13
82493,SCF-NP-1
82494,CFIT
82495,BIRD
82496,BIRD
82497,BIRD
82498,BIRD
82499,BIRD
82500,SCF-NP-1
82501,SCF-PP-2
82502,BIRD
82503,BIRD
82504,BIRD
82506,BIRD
82507,CFIT
82508,SCF-PP-2
82509,RE-2
82510,BIRD
82511,BIRD
82512,SCF-NP-1
82513,ADRM
82513,SCF-NP-3
82513,RE-2
82514,BIRD
82515,BIRD
82516,BIRD
82517,BIRD
82518,ARC-3
82519,ARC-3
82521,BIRD
82522,BIRD
82524,BIRD
82525,SCF-NP-1
82526,SCF-NP-1
82527,GCOL
82528,BIRD
82529,GCOL
82530,BIRD
82531,BIRD
82532,BIRD
82533,BIRD
82534,BIRD
82535,BIRD
82536,BIRD
82537,OTHR-13
82538,BIRD
82539,SCF-PP-2
82540,SCF-PP-2
82541,SCF-NP-1
82542,BIRD
82543,BIRD
82544,BIRD
82545,BIRD
82547,BIRD
82548,BIRD
82549,BIRD
82550,BIRD
82551,BIRD
82552,BIRD
82553,BIRD
82554,BIRD
82555,BIRD
82556,BIRD
82557,BIRD
82558,BIRD
82559,SCF-NP-1
82559,LOC-G
82560,SCF-PP-2
82561,SCF-PP-2
82561,OTHR-13
82562,SCF-NP-1
82563,SCF-PP-2
82567,BIRD
82568,RE-2
82569,WSTRW
82570,SCF-NP-1
82571,BIRD
82572,BIRD
82573,BIRD
82574,BIRD
82576,BIRD
82577,BIRD
82578,BIRD
82579,BIRD
82580,BIRD
82581,BIRD
82582,GCOL
82583,BIRD
82584,BIRD
82585,BIRD
82586,BIRD
82587,BIRD
82589,BIRD
82590,BIRD
82591,BIRD
82593,BIRD
82594,BIRD
82595,BIRD
82596,BIRD
82597,BIRD
82598,BIRD
82599,WILD
82600,SCF-PP-2
82600,F-NI-4
82602,BIRD
82603,BIRD
82604,BIRD
82605,BIRD
82606,BIRD
82607,BIRD
82608,BIRD
82609,BIRD
82610,BIRD
82611,BIRD
82612,BIRD
82613,BIRD
82614,BIRD
82615,BIRD
82616,BIRD
82617,BIRD
82618,BIRD
82619,BIRD
82620,BIRD
82621,BIRD
82622,BIRD
82623,BIRD
82624,SCF-NP-1
82625,BIRD
82626,BIRD
82627,BIRD
82628,BIRD
82629,BIRD
82630,BIRD
82631,SCF-NP-1
82632,SCF-NP-1
82633,BIRD
82634,BIRD
82636,BIRD
82637,BIRD
82638,BIRD
82639,BIRD
82640,SCF-NP-1
82641,SCF-NP-1
82642,F-NI-4
82643,SCF-NP-1
82644,BIRD
82645,BIRD
82646,BIRD
82647,BIRD
82648,BIRD
82649,BIRD
82650,BIRD
82651,BIRD
82652,BIRD
82654,BIRD
82655,BIRD
82656,BIRD
82657,BIRD
82658,BIRD
82659,BIRD
82660,BIRD
82661,BIRD
82662,BIRD
82663,BIRD
82664,BIRD
82665,BIRD
82666,BIRD
82667,BIRD
82668,BIRD
82669,BIRD
82670,BIRD
82671,BIRD
82672,SCF-NP-1
82673,BIRD
82674,BIRD
82675,BIRD
82676,BIRD
82677,BIRD
82678,BIRD
82679,BIRD
82680,BIRD
82681,BIRD
82684,BIRD
82685,BIRD
82686,BIRD
82687,BIRD
82688,BIRD
82689,BIRD
82690,BIRD
82691,BIRD
82692,BIRD
82693,BIRD
82694,BIRD
82695,BIRD
82696,SCF-PP-2
82697,WILD
82701,SCF-NP-1
82704,SCF-NP-1
82705,WILD
82706,BIRD
82707,BIRD
82708,BIRD
82709,BIRD
82710,BIRD
82711,BIRD
82713,BIRD
82714,BIRD
82715,BIRD
82716,BIRD
82717,BIRD
82720,BIRD
82721,BIRD
82724,BIRD
82725,BIRD
82728,BIRD
82729,BIRD
82730,BIRD
82731,BIRD
82732,BIRD
82733,BIRD
82734,BIRD
82735,BIRD
82736,BIRD
82737,BIRD
82738,BIRD
82739,BIRD
82740,BIRD
82741,BIRD
82742,BIRD
82743,BIRD
82744,BIRD
82745,BIRD
82746,BIRD
82747,BIRD
82748,BIRD
82749,BIRD
82750,BIRD
82751,BIRD
82752,BIRD
82753,BIRD
82754,BIRD
82755,BIRD
82756,BIRD
82757,BIRD
82758,BIRD
82759,BIRD
82760,BIRD
82761,BIRD
82762,BIRD
82763,BIRD
82764,BIRD
82765,BIRD
82766,BIRD
82767,BIRD
82768,BIRD
82769,BIRD
82770,BIRD
82771,BIRD
82772,BIRD
82773,BIRD
82774,BIRD
82775,BIRD
82776,BIRD
82777,BIRD
82778,BIRD
82779,BIRD
82780,BIRD
82781,BIRD
82782,BIRD
82783,BIRD
82784,BIRD
82785,BIRD
82786,BIRD
82787,BIRD
82788,BIRD
82789,BIRD
82790,BIRD
82791,BIRD
82792,BIRD
82793,BIRD
82794,BIRD
82795,BIRD
82796,SCF-PP-2
82797,SCF-NP-1
82798,SCF-NP-1
82799,[RAMP]
82800,[RAMP]
82801,SCF-NP-1
82802,SCF-NP-1
82804,RE-2
82805,RE-2
82806,WILD
82807,BIRD
82808,SCF-NP-1
82810,SCF-NP-1
82811,SCF-NP-1
82812,RI
82813,ARC-3
82815,SCF-NP-1
82816,SCF-PP-2
82817,SCF-NP-1
82818,SCF-PP-2
82819,SCF-NP-1
82820,SCF-NP-1
82821,SCF-NP-1
82822,BIRD
82823,BIRD
82824,BIRD
82825,BIRD
82826,BIRD
82827,BIRD
82828,BIRD
82829,BIRD
82830,BIRD
82831,BIRD
82832,BIRD
82833,BIRD
82834,BIRD
82835,BIRD
82836,BIRD
82837,BIRD
82838,BIRD
82839,BIRD
82840,BIRD
82841,BIRD
82842,BIRD
82843,BIRD
82844,BIRD
82845,BIRD
82846,BIRD
82847,BIRD
82848,BIRD
82849,BIRD
82850,BIRD
82851,BIRD
82852,BIRD
82853,BIRD
82854,BIRD
82855,BIRD
82856,BIRD
82857,BIRD
82858,BIRD
82859,BIRD
82860,BIRD
82861,BIRD
82862,[RAMP]
82863,SCF-NP-1
82864,SCF-NP-1
82865,SCF-NP-1
82866,SCF-NP-1
82867,SCF-NP-1
82868,TURB
82869,SCF-NP-1
82870,SCF-NP-1
82871,SCF-NP-1
82872,SCF-NP-1
82873,LOC-I
82874,LALT
82874,LOC-I
82876,CTOL
82877,F-NI-4
82878,WILD
82879,SCF-NP-1
82880,SCF-NP-1
82881,ARC-3
82882,[RAMP]
82883,SCF-NP-1
82884,TURB
82885,USOS-2
82886,[RAMP]
82887,BIRD
82888,BIRD
82889,BIRD
82890,BIRD
82891,BIRD
82892,BIRD
82894,SCF-PP-2
82895,OTHR-1
82896,CTOL
82897,CTOL
82898,SCF-NP-1
82899,SCF-PP-2
82900,UNK
82901,SCF-NP-1
82902,BIRD
82903,BIRD
82904,BIRD
82905,BIRD
82906,BIRD
82907,BIRD
82908,BIRD
82909,SCF-NP-1
82910,BIRD
82911,BIRD
82912,BIRD
82913,BIRD
82914,SCF-NP-1
82915,ARC-3
82916,[RAMP]
82917,SCF-PP-2
82918,BIRD
82919,BIRD
82920,BIRD
82921,[RAMP]
82922,WSTRW
82923,SCF-PP-2
82924,BIRD
82925,BIRD
82926,BIRD
82927,BIRD
82928,BIRD
82929,SCF-NP-1
82930,SCF-NP-1
82931,SCF-NP-1
82932,SCF-PP-2
82933,OTHR-1
82934,BIRD
82935,BIRD
82936,BIRD
82937,BIRD
82938,SCF-NP-1
82940,SCF-PP-2
82941,BIRD
82943,BIRD
82944,BIRD
82945,BIRD
82946,BIRD
82947,BIRD
82948,BIRD
82949,BIRD
82950,UNK
82951,BIRD
82952,BIRD
82953,BIRD
82954,BIRD
82955,BIRD
82956,BIRD
82957,BIRD
82958,BIRD
82959,BIRD
82962,BIRD
82963,BIRD
82964,BIRD
82965,BIRD
82966,BIRD
82967,BIRD
82968,BIRD
82969,BIRD
82970,BIRD
82971,BIRD
82972,BIRD
82973,BIRD
82974,BIRD
82975,BIRD
82976,GCOL
82977,SCF-NP-12
82978,SCF-PP-2
82979,SCF-NP-3
82980,SCF-NP-1
82981,WILD
82983,WILD
82984,WILD
82985,BIRD
82986,BIRD
82987,BIRD
82988,BIRD
82989,BIRD
82990,BIRD
82991,BIRD
82992,BIRD
82993,BIRD
82994,BIRD
82995,BIRD
82996,BIRD
82997,BIRD
82998,BIRD
82999,BIRD
83000,BIRD
83001,BIRD
83002,BIRD
83003,BIRD
83004,BIRD
83005,BIRD
83006,BIRD
83007,BIRD
83008,BIRD
83009,BIRD
83010,CTOL
83011,SCF-NP-1
83012,SCF-NP-1
83013,SCF-NP-1
83014,WILD
83015,SCF-NP-1
83016,SCF-PP-2
83017,SCF-NP-1
83018,WILD
83020,SCF-NP-1
83021,OTHR-1
83022,BIRD
83023,BIRD
83024,BIRD
83025,BIRD
83026,BIRD
83027,BIRD
83028,BIRD
83029,BIRD
83030,BIRD
83031,BIRD
83032,BIRD
83033,BIRD
83034,BIRD
83035,BIRD
83036,BIRD
83037,BIRD
83038,BIRD
83039,BIRD
83040,BIRD
83041,BIRD
83042,BIRD
83043,BIRD
83044,BIRD
83045,BIRD
83046,BIRD
83047,BIRD
83048,BIRD
83049,BIRD
83050,BIRD
83051,BIRD
83052,BIRD
83053,BIRD
83054,BIRD
83055,BIRD
83056,SCF-NP-1
83057,SCF-PP-2
83058,SCF-NP-1
83059,SCF-PP-2
83061,WILD
83062,WILD
83063,BIRD
83064,BIRD
83065,BIRD
83066,BIRD
83067,BIRD
83068,BIRD
83069,BIRD
83070,BIRD
83071,BIRD
83072,BIRD
83073,BIRD
83074,BIRD
83075,BIRD
83076,BIRD
83077,BIRD
83078,BIRD
83079,BIRD
83080,BIRD
83081,BIRD
83082,BIRD
83083,BIRD
83084,BIRD
83085,SCF-NP-1
83086,BIRD
83087,BIRD
83088,BIRD
83090,SCF-PP-2
83091,BIRD
83092,BIRD
83093,BIRD
83094,SCF-NP-1
83095,SCF-NP-1
83096,BIRD
83097,UNK
83098,BIRD
83099,OTHR-17
83101,SCF-NP-1
83102,SCF-NP-1
83103,SCF-NP-1
83104,SCF-PP-2
83106,RE-2
83107,BIRD
83109,GCOL
83109,LOC-I
83110,SCF-NP-1
83111,SCF-NP-1
83112,BIRD
83113,BIRD
83114,BIRD
83115,BIRD
83116,BIRD
83117,BIRD
83118,BIRD
83119,BIRD
83120,BIRD
83121,BIRD
83122,WILD
83123,BIRD
83124,BIRD
83125,BIRD
83127,BIRD
83128,BIRD
83129,BIRD
83130,SCF-NP-1
83131,OTHR-21
83132,LALT
83133,SCF-NP-1
83134,BIRD
83135,BIRD
83136,BIRD
83137,BIRD
83138,BIRD
83139,BIRD
83140,BIRD
83142,BIRD
83143,RE-2
83144,SCF-NP-1
83145,SCF-NP-1
83146,SCF-PP-2
83146,LALT
83147,WILD
83154,BIRD
83157,BIRD
83158,BIRD
83159,BIRD
83160,BIRD
83161,BIRD
83162,BIRD
83163,BIRD
83164,BIRD
83165,BIRD
83167,F-NI-4
83168,RE-2
83169,RE-2
83169,SCF-NP-1
83170,ARC-3
83175,BIRD
83177,BIRD
83178,BIRD
83183,BIRD
83184,LALT
83185,BIRD
83186,BIRD
83187,BIRD
83188,BIRD
83189,BIRD
83190,BIRD
83191,BIRD
83192,UNK
83193,LOC-G
83194,LOC-G
83195,ARC-3
83196,SCF-NP-1
83196,LOC-G
83197,BIRD
83198,BIRD
83199,BIRD
83200,BIRD
83201,BIRD
83202,BIRD
83203,BIRD
83204,BIRD
83205,BIRD
83206,BIRD
83207,BIRD
83208,BIRD
83209,BIRD
83210,BIRD
83211,BIRD
83212,WILD
83213,WILD
83214,BIRD
83215,BIRD
83216,BIRD
83217,UNK
83218,RI
83219,LOC-I
83220,LALT
83221,RE-2
83221,LOC-G
83222,SCF-NP-1
83223,SCF-NP-1
83224,SCF-PP-2
83226,SCF-NP-1
83227,SCF-NP-1
83228,SCF-NP-1
83231,SCF-NP-1
83232,MAC-1
83233,SCF-NP-1
83234,LOC-I
83236,SCF-NP-1
83237,F-NI-4
83239,SCF-NP-1
83240,SCF-NP-1
83241,SCF-NP-1
83242,SCF-NP-1
83243,SCF-PP-2
83244,SCF-NP-1
83245,OTHR-1
83246,SCF-NP-1
83247,F-NI-4
83248,LOC-I
83249,[RAMP]
83250,RE-2
83251,SCF-NP-1
83252,BIRD
83253,BIRD
83254,BIRD
83255,BIRD
83256,BIRD
83257,BIRD
83258,BIRD
83259,BIRD
83260,BIRD
83261,BIRD
83262,BIRD
83263,BIRD
83264,BIRD
83265,BIRD
83266,BIRD
83267,BIRD
83269,BIRD
83271,BIRD
83272,BIRD
83273,BIRD
83274,BIRD
83275,BIRD
83276,BIRD
83277,BIRD
83278,BIRD
83279,BIRD
83280,BIRD
83281,BIRD
83282,BIRD
83283,BIRD
83284,BIRD
83285,SCF-NP-1
83286,ARC-3
83288,WILD
83289,WILD
83290,BIRD
83291,UIMC
83292,SCF-NP-1
83293,SCF-NP-1
83294,SCF-NP-1
83295,SCF-NP-1
83296,[RAMP]
83297,F-NI-4
83298,WSTRW
83299,WSTRW
83300,[RAMP]
83301,SCF-NP-1
83302,BIRD
83303,RE-2
83304,CTOL
83308,WILD
83309,BIRD
83310,BIRD
83311,BIRD
83312,BIRD
83313,BIRD
83314,BIRD
83315,BIRD
83316,BIRD
83317,BIRD
83318,BIRD
83319,SCF-PP-2
83319,LALT
83321,SCF-NP-1
83322,FUEL
83323,SCF-NP-1
83324,LOC-I
83325,SCF-NP-1
83326,SCF-NP-1
83327,[RAMP]
83328,RE-2
83329,SCF-NP-1
83330,SCF-NP-1
83331,SCF-PP-2
83332,[RAMP]
83334,SCF-NP-1
83336,BIRD
83337,BIRD
83338,BIRD
83339,BIRD
83340,BIRD
83341,BIRD
83342,BIRD
83343,BIRD
83344,BIRD
83345,WILD
83346,BIRD
83347,BIRD
83348,BIRD
83349,BIRD
83350,BIRD
83351,BIRD
83352,BIRD
83353,BIRD
83354,BIRD
83355,BIRD
83356,BIRD
83357,BIRD
83358,BIRD
83359,BIRD
83360,BIRD
83361,BIRD
83362,BIRD
83363,BIRD
83364,BIRD
83365,BIRD
83366,BIRD
83367,BIRD
83368,BIRD
83369,BIRD
83370,[RAMP]
83371,SCF-PP-2
83372,SCF-NP-1
83373,SCF-PP-2
83374,SCF-NP-1
83375,F-NI-1
83376,SCF-NP-1
83377,SCF-NP-1
83378,SCF-NP-1
83379,SCF-NP-1
83380,BIRD
83381,BIRD
83382,BIRD
83383,BIRD
83384,BIRD
83385,BIRD
83386,BIRD
83387,BIRD
83388,BIRD
83389,BIRD
83390,BIRD
83391,BIRD
83392,BIRD
83393,BIRD
83394,BIRD
83395,BIRD
83396,BIRD
83397,BIRD
83398,BIRD
83399,BIRD
83400,BIRD
83401,BIRD
83402,BIRD
83403,BIRD
83404,BIRD
83405,BIRD
83406,BIRD
83407,BIRD
83408,BIRD
83409,BIRD
83410,SCF-PP-2
83418,WILD
83419,WILD
83420,WILD
83421,WILD
83422,LALT
83422,LOC-I
83424,SCF-NP-1
83425,SCF-NP-1
83426,BIRD
83427,BIRD
83428,BIRD
83429,BIRD
83430,BIRD
83431,BIRD
83432,BIRD
83433,BIRD
83434,BIRD
83435,BIRD
83436,BIRD
83437,BIRD
83438,BIRD
83439,BIRD
83440,BIRD
83441,BIRD
83442,BIRD
83443,BIRD
83444,BIRD
83445,BIRD
83446,BIRD
83447,BIRD
83448,BIRD
83449,BIRD
83450,BIRD
83451,BIRD
83452,BIRD
83453,BIRD
83454,BIRD
83455,BIRD
83456,BIRD
83457,BIRD
83458,BIRD
83459,BIRD
83460,BIRD
83461,BIRD
83462,BIRD
83463,CTOL
83463,RE-2
83465,SCF-NP-1
83466,ADRM
83467,SCF-NP-1
83468,SCF-NP-1
83469,SCF-NP-1
83470,BIRD
83471,BIRD
83472,BIRD
83473,BIRD
83474,BIRD
83475,BIRD
83476,BIRD
83477,BIRD
83478,BIRD
83479,WILD
83480,WILD
83481,WILD
83482,BIRD
83483,BIRD
83484,BIRD
83485,BIRD
83486,BIRD
83487,BIRD
83488,BIRD
83489,BIRD
83490,BIRD
83491,BIRD
83492,BIRD
83493,BIRD
83494,BIRD
83495,BIRD
83496,BIRD
83497,BIRD
83498,BIRD
83499,BIRD
83500,SCF-PP-2
83500,LOC-G
83501,BIRD
83502,SCF-NP-1
83503,SCF-NP-1
83504,SCF-NP-1
83505,SCF-NP-1
83506,SCF-NP-1
83507,SCF-NP-1
83508,SCF-NP-1
83509,SCF-NP-1
83510,BIRD
83511,BIRD
83512,BIRD
83513,BIRD
83514,BIRD
83515,BIRD
83517,SCF-PP-2
83518,SCF-PP-2
83519,[RAMP]
83520,CTOL
83520,RE-2
83521,SCF-NP-1
83522,RE-2
83522,SCF-NP-1
83523,SCF-NP-1
83524,SCF-NP-1
83525,RE-2
83527,BIRD
83528,BIRD
83529,BIRD
83530,BIRD
83531,BIRD
83532,BIRD
83533,BIRD
83534,BIRD
83535,BIRD
83538,SCF-NP-1
83539,SCF-NP-1
83540,WILD
83541,WILD
83542,WILD
83543,GCOL
83544,BIRD
83545,BIRD
83546,BIRD
83547,BIRD
83548,BIRD
83549,BIRD
83550,BIRD
83552,BIRD
83553,BIRD
83554,BIRD
83555,BIRD
83556,BIRD
83557,BIRD
83558,BIRD
83559,OTHR-1
83561,LOC-I
83562,UNK
83563,UNK
83564,LOC-I
83565,SCF-PP-2
83566,SCF-NP-1
83567,F-NI-4
83569,RE-2
83569,LOC-G
83570,WILD
83571,WILD
83572,WILD
83573,WILD
83574,BIRD
83575,BIRD
83576,BIRD
83577,BIRD
83578,BIRD
83579,BIRD
83580,BIRD
83581,BIRD
83582,BIRD
83583,BIRD
83584,BIRD
83585,BIRD
83586,BIRD
83587,BIRD
83588,BIRD
83589,BIRD
83590,BIRD
83592,SCF-NP-1
83593,BIRD
83594,BIRD
83595,BIRD
83596,BIRD
83597,BIRD
83598,BIRD
83599,SCF-NP-1
83600,[RAMP]
83601,BIRD
83602,BIRD
83603,BIRD
83604,BIRD
83605,BIRD
83606,BIRD
83608,BIRD
83609,LOC-G
83610,SCF-PP-2
83611,ARC-3
83612,WILD
83613,BIRD
83614,BIRD
83615,BIRD
83616,BIRD
83617,BIRD
83618,BIRD
83619,BIRD
83620,BIRD
83621,BIRD
83622,BIRD
83623,BIRD
83624,BIRD
83625,BIRD
83627,CTOL
83628,CTOL
83628,RE-2
83629,SCF-NP-1
83632,SCF-PP-2
83633,SCF-NP-1
83634,SCF-PP-2
83635,LOC-I
83636,BIRD
83637,BIRD
83638,BIRD
83639,RE-2
83639,LOC-G
83640,SCF-NP-1
83658,UNK
83659,SCF-NP-1
83660,SCF-NP-1
83661,WILD
83662,BIRD
83663,BIRD
83664,BIRD
83665,BIRD
83666,BIRD
83667,BIRD
83668,BIRD
83721,BIRD
83722,BIRD
83723,BIRD
83725,BIRD
83726,BIRD
83727,BIRD
83728,BIRD
83729,BIRD
83730,BIRD
83731,BIRD
83732,BIRD
83733,BIRD
83734,BIRD
83735,BIRD
83736,BIRD
83737,BIRD
83738,SCF-NP-1
83740,SCF-NP-1
83741,BIRD
83742,SCF-PP-2
83743,BIRD
83744,BIRD
83745,BIRD
83746,BIRD
83747,BIRD
83748,BIRD
83749,BIRD
83750,BIRD
83751,BIRD
83752,BIRD
83753,BIRD
83754,BIRD
83755,BIRD
83756,BIRD
83757,WILD
83758,BIRD
83759,WILD
83760,BIRD
83761,WILD
83762,BIRD
83763,BIRD
83764,WILD
83765,BIRD
83766,WILD
83767,BIRD
83768,WILD
83769,BIRD
83770,BIRD
83771,BIRD
83772,BIRD
83773,BIRD
83774,BIRD
83775,LOC-I
83776,SCF-NP-1
83776,SCF-PP-2
83778,SCF-NP-1
83779,SCF-NP-1
83780,SCF-NP-1
83781,SCF-NP-1
83782,SCF-NP-1
83783,SCF-NP-1
83785,BIRD
83786,BIRD
83787,BIRD
83788,BIRD
83789,BIRD
83790,BIRD
83792,SCF-NP-1
83793,[RAMP]
83794,SCF-NP-1
83795,SCF-NP-1
83796,RE-2
83797,SCF-PP-2
83797,LALT
83798,WILD
83799,WILD
83800,WILD
83801,SCF-PP-2
83802,BIRD
83804,BIRD
83805,BIRD
83806,BIRD
83807,BIRD
83808,BIRD
83809,BIRD
83810,BIRD
83811,BIRD
83812,BIRD
83813,RE-2
83814,SCF-NP-1
83815,SCF-NP-1
83816,SCF-NP-1
83817,SCF-NP-1
83818,BIRD
83819,BIRD
83820,SCF-NP-1
83821,RE-2
83822,RE-2
83823,BIRD
83824,BIRD
83825,BIRD
83826,BIRD
83827,BIRD
83828,BIRD
83829,BIRD
83830,BIRD
83831,BIRD
83832,BIRD
83833,BIRD
83834,BIRD
83835,SCF-NP-1
83836,BIRD
83837,BIRD
83838,BIRD
83839,WILD
83840,BIRD
83841,WILD
83842,BIRD
83843,WILD
83844,WILD
83850,BIRD
83851,BIRD
83852,BIRD
83853,BIRD
83854,BIRD
83855,SCF-NP-1
83856,SCF-NP-1
83857,ARC-3
83858,SCF-NP-1
83859,SCF-NP-1
83860,SCF-PP-2
83862,BIRD
83863,BIRD
83864,BIRD
83865,BIRD
83866,BIRD
83867,BIRD
83868,BIRD
83869,BIRD
83870,BIRD
83871,BIRD
83872,SCF-PP-2
83873,SCF-NP-1
83874,BIRD
83875,BIRD
83876,BIRD
83877,BIRD
83878,BIRD
83879,BIRD
83880,BIRD
83881,BIRD
83882,BIRD
83883,BIRD
83884,BIRD
83885,BIRD
83886,BIRD
83887,BIRD
83888,OTHR-13
83889,ARC-3
83889,SCF-NP-1
83890,SCF-PP-2
83891,SCF-NP-1
83892,BIRD
83893,BIRD
83894,BIRD
83895,SCF-NP-1
83896,RE-2
83896,LOC-G
83897,SCF-NP-1
83898,SCF-PP-2
83899,SCF-NP-1
83900,[RAMP]
83901,WSTRW
83902,[RAMP]
83903,[RAMP]
83904,SCF-NP-1
83905,SCF-NP-1
83906,SCF-PP-2
83907,BIRD
83908,BIRD
83909,SCF-NP-1
83910,OTHR-1
83911,ARC-3
83911,RE-2
83912,SCF-NP-1
83913,SCF-NP-1
83914,BIRD
83915,BIRD
83916,BIRD
83917,BIRD
83918,BIRD
83919,BIRD
83920,BIRD
83921,BIRD
83922,BIRD
83923,BIRD
83924,BIRD
83925,BIRD
83926,WILD
83927,WILD
83928,BIRD
83929,BIRD
83930,SCF-NP-1
83931,SCF-NP-1
83931,F-NI-4
83932,SCF-NP-1
83933,WILD
83934,BIRD
83935,BIRD
83936,BIRD
83937,BIRD
83938,WILD
83939,BIRD
83940,BIRD
83941,BIRD
83942,BIRD
83943,BIRD
83944,BIRD
83945,BIRD
83946,BIRD
83947,BIRD
83948,BIRD
83949,BIRD
83950,BIRD
83951,BIRD
83952,BIRD
83953,BIRD
83954,WILD
83955,BIRD
83956,BIRD
83957,BIRD
83958,BIRD
83959,WILD
83960,BIRD
83961,BIRD
83962,BIRD
83963,BIRD
83964,BIRD
83965,WILD
83966,BIRD
83967,BIRD
83968,BIRD
83969,WILD
83970,LOC-I
83971,OTHR-13
83973,SCF-NP-1
83974,BIRD
83975,BIRD
83976,WILD
83977,OTHR-1
83978,SCF-NP-1
83979,TURB
83980,F-NI-4
83981,SCF-NP-1
83982,SCF-NP-1
83983,CABIN
83984,SCF-NP-1
83985,ARC-3
83986,ARC-3
83987,SCF-NP-1
83988,SCF-NP-1
83990,BIRD
83991,BIRD
83992,SCF-PP-1
83993,SCF-PP-2
83994,SCF-NP-1
83995,BIRD
83996,SCF-NP-1
83997,SCF-NP-1
83998,SCF-NP-1
83999,SCF-NP-1
84000,SCF-NP-1
84002,BIRD
84003,BIRD
84004,BIRD
84005,BIRD
84006,BIRD
84007,BIRD
84008,BIRD
84009,BIRD
84010,BIRD
84011,SCF-NP-1
84012,SCF-NP-1
84013,SCF-NP-1
84015,BIRD
84016,BIRD
84017,BIRD
84018,WILD
84019,BIRD
84020,WILD
84021,BIRD
84022,BIRD
84023,WILD
84024,BIRD
84025,BIRD
84026,BIRD
84027,BIRD
84028,BIRD
84029,BIRD
84030,BIRD
84031,BIRD
84032,BIRD
84033,WILD
84034,BIRD
84035,BIRD
84036,BIRD
84037,BIRD
84038,BIRD
84039,BIRD
84040,BIRD
84041,BIRD
84042,BIRD
84043,BIRD
84044,BIRD
84045,BIRD
84046,BIRD
84047,BIRD
84048,BIRD
84049,BIRD
84050,BIRD
84051,BIRD
84052,BIRD
84053,BIRD
84054,BIRD
84055,BIRD
84056,BIRD
84057,BIRD
84058,BIRD
84059,BIRD
84060,BIRD
84061,SCF-NP-1
84062,SCF-NP-1
84063,SCF-PP-2
84064,LOC-G
84065,SCF-NP-1
84066,BIRD
84067,BIRD
84068,BIRD
84069,BIRD
84070,BIRD
84071,BIRD
84072,BIRD
84073,BIRD
84074,BIRD
84075,BIRD
84076,BIRD
84077,SCF-NP-1
84078,SCF-NP-1
84079,SCF-NP-1
84080,SCF-NP-1
84081,SCF-NP-1
84082,LALT
84082,LOC-I
84083,LALT
84084,SCF-PP-2
84085,[RAMP]
84086,SCF-PP-2
84087,SCF-NP-1
84088,SCF-NP-1
84089,SCF-PP-2
84090,BIRD
84091,BIRD
84092,BIRD
84093,BIRD
84094,WILD
84095,WILD
84096,BIRD
84097,BIRD
84098,BIRD
84099,WILD
84100,BIRD
84101,BIRD
84102,BIRD
84103,BIRD
84104,BIRD
84105,WILD
84106,BIRD
84107,WILD
84108,BIRD
84109,BIRD
84110,BIRD
84111,BIRD
84112,BIRD
84113,WILD
84114,BIRD
84115,BIRD
84116,WILD
84117,BIRD
84118,BIRD
84119,BIRD
84120,BIRD
84121,BIRD
84122,BIRD
84123,BIRD
84124,BIRD
84125,BIRD
84126,BIRD
84127,BIRD
84128,BIRD
84129,BIRD
84130,BIRD
84131,BIRD
84132,BIRD
84133,BIRD
84134,BIRD
84135,BIRD
84136,BIRD
84137,BIRD
84138,BIRD
84139,BIRD
84140,BIRD
84141,BIRD
84142,BIRD
84143,SCF-PP-2
84144,OTHR-1
84145,LALT
84145,LOC-I
84146,RE-2
84146,LOC-G
84147,CTOL
84148,SCF-PP-1
84201,LOC-G
84219,UNK
84220,LOC-I
84231,SCF-NP-1
84248,SCF-PP-2
84248,LALT
84249,SCF-PP-2
84249,LOC-G
84254,LOC-I
84255,SCF-PP-2
84257,RE-2
84257,LOC-G
84265,SCF-NP-1
84266,SCF-NP-1
84267,SCF-NP-1
84268,BIRD
84269,SCF-NP-1
84270,SCF-NP-1
84271,SCF-NP-1
84273,SCF-PP-2
84274,BIRD
84282,WILD
84285,WILD
84294,BIRD
84299,BIRD
84304,SCF-PP-2
84312,SCF-NP-1
84315,BIRD
84316,SCF-PP-2
84325,BIRD
84326,WILD
84327,BIRD
84341,SCF-NP-1
84342,WILD
84344,BIRD
84345,BIRD
84346,BIRD
84347,BIRD
84348,BIRD
84349,SCF-NP-1
84350,BIRD
84351,BIRD
84352,SCF-NP-1
84353,SCF-NP-1
84354,BIRD
84355,LOC-G
84357,BIRD
84358,SCF-NP-1
84359,BIRD
84360,BIRD
84361,BIRD
84362,SCF-NP-1
84363,BIRD
84365,SCF-NP-1
84366,SCF-NP-1
84367,SCF-NP-1
84368,SCF-PP-2
84369,SCF-NP-1
84371,SCF-NP-1
84372,BIRD
84373,SCF-NP-1
84374,SCF-NP-1
84375,SCF-NP-1
84377,SCF-NP-1
84378,ARC-3
84379,SCF-NP-1
84381,SCF-NP-1
84382,BIRD
84387,SCF-PP-2
84388,SCF-NP-1
84389,WILD
84390,SCF-NP-1
84391,SCF-NP-1
84392,SCF-NP-1
84394,SCF-NP-1
84399,LOC-I
84400,BIRD
84401,SCF-NP-1
84402,BIRD
84403,SCF-NP-1
84404,BIRD
84405,WILD
84406,BIRD
84407,BIRD
84408,RE-2
84409,UNK
84410,SCF-NP-1
84411,SCF-NP-1
84412,BIRD
84413,ADRM
84414,RE-2
84414,LOC-G
84415,BIRD
84416,WILD
84417,SCF-NP-1
84418,SCF-NP-1
84419,SCF-NP-1
84420,BIRD
84421,BIRD
84422,SCF-NP-1
84423,BIRD
84424,BIRD
84425,WILD
84427,BIRD
84429,SCF-NP-1
84430,BIRD
84431,SCF-NP-1
84432,BIRD
84433,SCF-NP-1
84434,BIRD
84435,BIRD
84436,SCF-NP-1
84437,SCF-NP-1
84438,SCF-NP-1
84439,SCF-NP-1
84440,SCF-NP-1
84441,SCF-NP-1
84442,USOS-2
84443,BIRD
84444,SCF-PP-2
84445,BIRD
84446,WILD
84447,SCF-NP-1
84448,BIRD
84449,BIRD
84450,BIRD
84451,BIRD
84452,BIRD
84453,BIRD
84454,BIRD
84455,SCF-NP-1
84456,WILD
84457,BIRD
84458,BIRD
84459,SCF-NP-1
84460,WILD
84461,TURB
84462,BIRD
84463,WILD
84464,BIRD
84465,WILD
84466,BIRD
84467,BIRD
84468,BIRD
84469,WILD
84470,BIRD
84471,BIRD
84472,BIRD
84473,WILD
84474,BIRD
84475,BIRD
84476,SCF-NP-1
84477,BIRD
84478,BIRD
84479,WILD
84480,WILD
84481,WILD
84483,SCF-PP-2
84483,LALT
84484,SCF-PP-2
84485,BIRD
84486,BIRD
84487,BIRD
84488,BIRD
84489,BIRD
84490,BIRD
84491,SCF-NP-1
84492,OTHR-1
84493,SCF-NP-1
84494,ARC-3
84495,SCF-NP-1
84496,SCF-NP-1
84497,SCF-PP-2
84498,BIRD
84499,BIRD
84500,BIRD
84501,WILD
84502,BIRD
84503,BIRD
84504,BIRD
84505,BIRD
84506,BIRD
84507,BIRD
84508,BIRD
84509,BIRD
84510,BIRD
84511,BIRD
84512,BIRD
84513,BIRD
84514,BIRD
84516,BIRD
84517,BIRD
84518,BIRD
84519,BIRD
84520,BIRD
84521,BIRD
84522,BIRD
84523,BIRD
84524,BIRD
84525,BIRD
84526,BIRD
84527,BIRD
84528,BIRD
84529,BIRD
84530,BIRD
84531,BIRD
84532,BIRD
84533,BIRD
84534,BIRD
84535,BIRD
84536,BIRD
84537,BIRD
84538,BIRD
84539,BIRD
84540,WILD
84541,BIRD
84542,BIRD
84543,WILD
84544,BIRD
84545,BIRD
84546,BIRD
84547,CFIT
84548,BIRD
84549,SCF-NP-1
84551,SCF-PP-2
84551,OTHR-1
84559,SCF-NP-1
84560,RE-2
84561,SCF-PP-2
84562,LALT
84563,RE-2
84563,SCF-NP-1
84564,SCF-NP-1
84565,SCF-NP-1
84566,SCF-PP-2
84567,SCF-NP-1
84568,SCF-NP-1
84569,SCF-NP-1
84570,WILD
84571,BIRD
84572,BIRD
84573,BIRD
84574,BIRD
84575,BIRD
84576,BIRD
84577,BIRD
84578,BIRD
84579,BIRD
84580,BIRD
84581,BIRD
84582,WILD
84583,WILD
84584,BIRD
84585,BIRD
84586,BIRD
84587,BIRD
84588,BIRD
84589,BIRD
84590,BIRD
84591,BIRD
84592,WILD
84593,SCF-PP-2
84594,BIRD
84595,CTOL
84595,SCF-PP-2
84596,SCF-NP-1
84597,SCF-PP-2
84597,LALT
84599,SCF-PP-2
84600,BIRD
84603,BIRD
84604,BIRD
84605,BIRD
84606,BIRD
84607,BIRD
84608,BIRD
84609,BIRD
84610,BIRD
84611,BIRD
84612,BIRD
84613,BIRD
84614,BIRD
84615,BIRD
84618,SCF-NP-1
84619,OTHR-1
84619,SEC
84620,SCF-NP-1
84622,BIRD
84623,BIRD
84624,SCF-NP-1
84625,BIRD
84630,ARC-3
84631,SCF-PP-2
84632,SCF-NP-1
84633,SCF-PP-2
84635,SCF-PP-2
84636,BIRD
84637,SCF-PP-2
84638,SCF-PP-2
84639,SCF-PP-2
84640,SCF-NP-1
84641,SCF-PP-2
84642,SCF-NP-1
84646,RI
84647,SCF-NP-1
84648,CFIT
84649,SCF-NP-1
84650,SCF-NP-1
84651,OTHR-1
84652,LOC-G
84653,CTOL
84654,BIRD
84655,BIRD
84656,SCF-NP-1
84657,ARC-3
84659,SCF-PP-2
84660,SCF-NP-1
84661,SCF-NP-1
84662,UNK
84663,OTHR-1
84664,LOC-I
84666,SCF-NP-1
84667,SCF-NP-1
84668,BIRD
84669,BIRD
84670,SCF-NP-1
84672,OTHR-1
84673,SCF-NP-1
84674,SCF-NP-1
84675,CTOL
84676,SEC
84677,BIRD
84678,SCF-NP-1
84679,SCF-PP-1
84680,BIRD
84682,SCF-NP-1
84683,BIRD
84684,SCF-PP-2
84685,SCF-NP-1
84686,BIRD
84687,BIRD
84688,SCF-NP-1
84689,BIRD
84690,BIRD
84691,SCF-NP-1
84692,OTHR-1
84693,FUEL
84695,SCF-PP-2
84696,SCF-NP-1
84697,LALT
84698,UNK
84699,SCF-NP-1
84700,SCF-NP-1
84701,BIRD
84702,BIRD
84703,SCF-NP-1
84704,SCF-NP-1
84705,SCF-NP-1
84706,SCF-PP-2
84707,ARC-3
84708,SCF-NP-1
84709,OTHR-1
84710,SCF-PP-2
84711,BIRD
84712,SCF-NP-1
84713,BIRD
84714,CTOL
84715,SCF-NP-1
84716,SCF-NP-1
84718,SCF-PP-2
84721,OTHR-1
84722,SCF-PP-2
84723,SCF-NP-1
84724,BIRD
84725,RE-2
84726,SCF-PP-2
84727,SCF-NP-1
84728,LOC-G
84729,SCF-NP-1
84730,SCF-NP-1
84731,SCF-NP-1
84732,SCF-NP-1
84733,SCF-NP-1
84734,SCF-NP-1
84735,SCF-NP-1
84736,SCF-NP-1
84737,SCF-PP-2
84738,SCF-NP-1
84739,SCF-NP-1
84740,SCF-NP-1
84741,ARC-3
84742,SCF-NP-1
84743,SCF-NP-1
84744,[RAMP]
84746,SCF-NP-1
84747,SCF-NP-1
84748,SCF-PP-2
84749,OTHR-1
84750,SCF-NP-1
84751,SCF-NP-1
84752,SCF-PP-2
84753,SCF-NP-1
84754,SCF-NP-1
84755,SCF-NP-1
84756,SCF-NP-1
84757,SCF-NP-1
84758,SCF-NP-1
84759,OTHR-1
84762,SCF-NP-1
84763,SCF-NP-1
84764,BIRD
84765,BIRD
84767,CTOL
84767,RE-2
84768,SCF-NP-1
84769,SCF-PP-2
84770,SCF-NP-1
84771,SCF-PP-2
84773,SCF-NP-1
84774,SCF-PP-2
84774,LOC-G
84776,SCF-NP-1
84777,SCF-NP-1
84779,SCF-NP-1
84780,SCF-NP-1
84781,SCF-NP-1
84782,SCF-NP-1
84783,SCF-NP-1
84784,SCF-NP-1
84785,SCF-NP-1
84786,SCF-NP-1
84787,BIRD
84788,SCF-NP-1
84789,SCF-NP-1
84792,CTOL
84792,OTHR-1
84793,SCF-PP-2
84794,ARC-3
84796,SCF-NP-1
84797,SCF-NP-1
84798,SCF-NP-1
84799,SCF-NP-1
84806,SCF-PP-2
84806,LOC-I
84807,CFIT
84815,SCF-NP-1
84816,SCF-NP-1
84817,SCF-NP-1
84818,SCF-NP-1
84819,SCF-NP-1
84820,SCF-NP-1
84823,SCF-NP-1
84824,SCF-NP-1
84826,SCF-PP-2
84828,SCF-NP-1
84829,SCF-NP-1
84830,SCF-NP-1
84831,SCF-NP-1
84832,SCF-NP-1
84833,SCF-NP-1
84834,SCF-NP-1
84835,LOC-I
84836,EXTL
84837,SCF-PP-2
84839,SCF-NP-1
84841,SCF-PP-2
84843,SCF-NP-1
84846,SCF-PP-2
84849,SCF-PP-2
84852,SCF-NP-1
84853,SCF-NP-1
84854,BIRD
84855,SCF-NP-1
84856,LOC-I
84857,RE-2
84857,LOC-G
84858,SCF-NP-1
84859,BIRD
84860,SCF-NP-1
84861,SCF-NP-1
84862,BIRD
84863,SCF-NP-1
84864,F-NI-4
84865,SCF-NP-1
84866,SCF-NP-1
84867,SCF-NP-1
84868,SCF-NP-1
84869,SCF-NP-1
84870,BIRD
84871,SCF-NP-1
84872,SCF-NP-1
84873,SCF-NP-1
84874,SCF-PP-2
84875,SCF-PP-2
84876,SCF-PP-2
84877,SCF-NP-1
84878,SCF-NP-1
84879,SCF-PP-2
84880,SCF-NP-1
84881,SCF-NP-1
84882,SCF-NP-1
84883,SCF-NP-1
84884,SCF-NP-1
84885,SCF-PP-2
84886,SCF-NP-1
84887,SCF-NP-1
84888,SCF-NP-1
84889,SCF-NP-1
84890,SCF-NP-1
84891,SCF-NP-1
84892,SCF-NP-1
84893,SCF-NP-1
84894,SCF-NP-1
84895,SCF-NP-1
84896,SCF-NP-1
84897,SCF-PP-2
84898,SCF-NP-1
84899,BIRD
84900,SCF-PP-2
84901,SCF-PP-2
84903,SCF-NP-1
84904,SCF-NP-1
84905,SCF-NP-1
84906,SCF-NP-1
84909,SCF-PP-2
84910,SCF-PP-2
84911,BIRD
84912,[RAMP]
84913,SCF-NP-1
84914,SCF-NP-1
84915,LOC-G
84917,ADRM
84918,SCF-NP-1
84919,SCF-NP-1
84920,SCF-NP-1
84921,SCF-NP-1
84923,SCF-NP-1
84924,SCF-NP-1
84926,OTHR-1
84927,SCF-PP-2
84928,OTHR-1
84929,SCF-NP-1
84931,SCF-NP-1
84932,RE-2
84934,SCF-NP-1
84935,SCF-NP-1
84936,SCF-NP-1
84937,SCF-NP-1
84939,BIRD
84940,BIRD
84941,BIRD
84942,BIRD
84943,BIRD
84944,BIRD
84945,BIRD
84946,BIRD
84947,BIRD
84948,BIRD
84950,RE-2
84950,SCF-PP-2
84951,BIRD
84952,BIRD
84954,BIRD
84955,BIRD
84956,BIRD
84957,BIRD
84958,BIRD
84959,BIRD
84960,WILD
84961,WILD
84962,BIRD
84963,BIRD
84964,BIRD
84965,BIRD
84966,BIRD
84967,BIRD
84968,BIRD
84969,BIRD
84970,BIRD
84971,BIRD
84972,BIRD
84973,BIRD
84974,BIRD
84975,BIRD
84976,BIRD
84977,BIRD
84978,BIRD
84990,BIRD
84991,BIRD
84993,SCF-NP-1
84994,SCF-NP-1
84995,SCF-NP-1
84997,BIRD
84998,SCF-NP-1
84999,SCF-NP-1
85000,SCF-NP-1
85001,SCF-NP-1
85002,SCF-NP-1
85003,SCF-PP-2
85004,SCF-NP-1
85005,SCF-NP-1
85007,SCF-PP-2
85008,BIRD
85009,SCF-PP-2
85010,UNK
85011,SCF-NP-1
85012,SCF-NP-1
85014,SCF-NP-1
85015,SCF-NP-1
85016,SCF-NP-1
85017,SCF-NP-1
85018,BIRD
85019,SCF-NP-1
85020,SCF-NP-1
85023,SCF-NP-1
85024,SCF-NP-1
85025,BIRD
85026,BIRD
85028,OTHR-1
85029,LOC-G
85030,SCF-PP-2
85031,BIRD
85032,BIRD
85034,ARC-3
85035,SCF-PP-2
85036,SCF-NP-1
85037,ADRM
85038,OTHR-1
85039,BIRD
85040,SCF-NP-1
85041,ADRM
85041,GCOL
85043,BIRD
85044,SCF-PP-2
85045,BIRD
85046,SCF-NP-1
85047,SCF-NP-1
85048,SCF-NP-1
85049,SCF-NP-1
85050,SCF-PP-2
85051,SCF-NP-1
85052,BIRD
85053,SCF-NP-1
85055,RE-2
85055,LOC-G
85056,SCF-NP-1
85057,SCF-NP-1
85058,SCF-NP-1
85059,SCF-NP-1
85060,SCF-NP-1
85061,SCF-NP-1
85062,SCF-PP-2
85063,SCF-NP-1
85064,SCF-PP-2
85065,SCF-NP-1
85067,SCF-NP-1
85068,BIRD
85069,OTHR-1
85070,SCF-NP-1
85072,SCF-NP-1
85073,SCF-PP-2
85074,SCF-NP-1
85075,SCF-NP-1
85076,SCF-NP-1
85077,SCF-NP-1
85078,SCF-NP-1
85079,SCF-NP-1
85080,SCF-NP-1
85081,ARC-3
85082,WSTRW
85083,SCF-NP-1
85084,SCF-NP-1
85085,SCF-NP-1
85086,BIRD
85087,SCF-NP-1
85088,SCF-NP-1
85089,SCF-NP-1
85090,SCF-NP-1
85091,SCF-NP-1
85092,SCF-PP-2
85093,SCF-NP-1
85094,GCOL
85095,SCF-NP-1
85098,SCF-NP-1
85099,SCF-NP-1
85100,SCF-NP-1
85101,SCF-NP-1
85102,RI
85103,LALT
85103,LOC-I
85104,BIRD
85105,SCF-NP-1
85106,SCF-PP-2
85108,RE-2
85108,SCF-NP-1
85108,LOC-G
85109,OTHR-1
85110,SCF-NP-1
85111,BIRD
85113,WILD
85114,SCF-NP-1
85115,BIRD
85116,BIRD
85117,RE-2
85117,LOC-G
85118,BIRD
85119,SCF-NP-1
85120,SCF-PP-2
85121,SCF-NP-1
85122,SCF-NP-1
85123,SCF-PP-2
85124,SCF-NP-1
85125,SCF-NP-1
85126,RE-2
85128,SCF-NP-1
85130,SCF-PP-2
85131,SCF-NP-1
85135,SCF-NP-1
85137,SCF-NP-1
85138,SCF-NP-1
85139,SCF-NP-1
85140,SCF-NP-1
85141,SCF-NP-1
85142,SCF-NP-1
85143,RE-2
85143,SCF-NP-1
85144,LALT
85145,SCF-PP-2
85147,SCF-NP-1
85148,SCF-NP-1
85149,SCF-NP-1
85150,SCF-NP-1
85151,ARC-3
85152,ARC-3
85153,BIRD
85154,SCF-PP-2
85155,SCF-PP-2
85156,RE-2
85156,LOC-G
85161,SCF-NP-1
85163,SCF-NP-1
85166,SCF-NP-1
85167,ARC-3
85168,SCF-PP-2
85169,BIRD
85171,UNK
85173,OTHR-1
85174,SCF-NP-1
85177,[RAMP]
85179,SCF-NP-1
85180,SCF-NP-1
85181,SCF-NP-1
85182,SCF-NP-1
85183,SCF-NP-1
85184,SCF-NP-1
85185,SCF-NP-1
85186,SCF-NP-1
85187,SCF-NP-1
85188,SCF-NP-1
85189,SCF-PP-2
85190,SCF-PP-2
85191,SCF-NP-1
85192,SCF-NP-1
85194,SCF-NP-1
85195,SCF-NP-1
85196,SCF-NP-1
85197,SCF-NP-1
85198,SCF-NP-1
85199,BIRD
85201,SCF-NP-1
85202,SCF-NP-1
85203,SCF-PP-2
85204,BIRD
85205,OTHR-1
85206,SCF-NP-1
85207,BIRD
85208,SCF-NP-1
85210,SCF-NP-1
85211,SCF-NP-1
85212,SCF-NP-1
85212,LOC-G
85213,SCF-NP-1
85214,BIRD
85215,GCOL
85216,LOC-I
85221,SCF-NP-1
85222,SCF-NP-1
85224,SCF-NP-1
85225,SCF-NP-1
85226,SCF-NP-1
85227,BIRD
85228,SCF-NP-1
85229,SCF-PP-2
85230,SCF-NP-1
85233,SCF-PP-2
85235,SCF-NP-1
85239,CFIT
85240,LOC-I
85241,ADRM
85242,SCF-NP-1
85243,SCF-NP-1
85244,ARC-3
85245,ADRM
85245,GCOL
85246,BIRD
85247,SCF-PP-2
85248,SCF-NP-1
85249,SCF-NP-1
85250,SCF-NP-1
85251,SCF-NP-1
85252,SCF-NP-1
85253,SCF-NP-1
85254,SCF-NP-1
85255,SCF-NP-1
85256,SCF-NP-1
85257,SCF-PP-2
85258,SCF-NP-1
85259,ICE
85259,LOC-I
85260,ARC-3
85261,BIRD
85262,SCF-PP-2
85266,SCF-NP-1
85270,SCF-PP-2
85271,SCF-PP-2
85273,SCF-PP-2
85273,OTHR-1
85274,RE-2
85274,SCF-PP-2
85275,SCF-NP-1
85277,SCF-PP-2
85280,SCF-NP-1
85281,SCF-PP-2
85282,SCF-NP-1
85283,SCF-NP-1
85284,SCF-NP-1
85286,SCF-NP-1
85288,SCF-NP-1
85289,SCF-PP-2
85290,SCF-NP-1
85291,SCF-NP-1
85292,SCF-NP-1
85293,SCF-NP-1
85294,SCF-NP-1
85295,SCF-NP-1
85296,SCF-PP-2
85297,SCF-NP-1
85298,SCF-NP-1
85303,SCF-NP-1
85304,SCF-NP-1
85309,SCF-NP-1
85311,SCF-NP-1
85312,SCF-NP-1
85313,SCF-NP-1
85314,SCF-NP-1
85315,SCF-NP-1
85316,SCF-NP-1
85317,SCF-NP-1
85318,SCF-NP-1
85319,SCF-PP-2
85320,SCF-NP-1
85321,SCF-NP-1
85324,GCOL
85325,LOC-I
85326,SCF-PP-2
85327,RE-2
85327,SCF-NP-1
85327,SCF-PP-2
85328,SCF-NP-1
85329,SCF-NP-1
85330,SCF-NP-1
85331,SCF-NP-1
85333,SCF-NP-1
85334,SCF-NP-1
85336,BIRD
85337,SCF-NP-1
85338,SCF-NP-1
85339,SCF-NP-1
85340,SCF-NP-1
85341,SCF-NP-1
85342,SCF-NP-1
85343,BIRD
85344,SCF-NP-1
85344,OTHR-1
85346,SCF-NP-1
85347,SCF-NP-1
85348,BIRD
85349,SCF-NP-1
85350,SCF-NP-1
85352,SCF-NP-1
85353,WSTRW
85354,SCF-NP-1
85355,SCF-NP-1
85356,SCF-NP-1
85357,SCF-NP-1
85358,OTHR-1
85359,SCF-NP-1
85360,SCF-NP-1
85361,SCF-PP-2
85362,BIRD
85363,RE-2
85363,LOC-G
85364,SCF-NP-1
85366,RE-2
85366,LOC-G
85367,SCF-NP-1
85368,SCF-NP-1
85369,SCF-NP-1
85370,SCF-NP-1
85371,SCF-NP-1
85372,SCF-PP-2
85373,SCF-NP-1
85374,SCF-NP-1
85375,SCF-NP-1
85376,SCF-NP-1
85377,SCF-NP-1
85378,SCF-NP-1
85379,SCF-NP-1
85380,SCF-NP-1
85381,OTHR-1
85382,SCF-NP-1
85384,SCF-NP-1
85386,SCF-NP-1
85387,SCF-NP-1
85388,SCF-NP-1
85389,SCF-NP-1
85390,SCF-NP-1
85391,BIRD
85392,SCF-NP-1
85393,SCF-PP-2
85394,SCF-NP-1
85395,SCF-NP-1
85396,SCF-NP-1
85397,SCF-PP-2
85398,SCF-NP-1
85399,SCF-NP-1
85400,SCF-NP-1
85401,SCF-NP-1
85402,SCF-NP-1
85403,SCF-NP-1
85405,SCF-NP-1
85406,SCF-NP-1
85407,SCF-NP-1
85408,SCF-NP-1
85409,SCF-NP-1
85413,RI
85415,SCF-NP-1
85416,SCF-NP-1
85417,SCF-NP-1
85418,SCF-NP-1
85419,SCF-NP-1
85420,SCF-PP-2
85421,SCF-NP-1
85423,ARC-3
85424,BIRD
85425,[RAMP]
85426,SCF-NP-1
85427,SCF-NP-1
85428,SCF-PP-2
85429,SCF-NP-1
85430,SCF-NP-1
85431,SCF-NP-1
85432,RE-2
85433,CTOL
85436,SCF-NP-1
85437,SCF-PP-2
85438,SCF-NP-1
85439,SCF-NP-1
85440,SCF-NP-1
85441,CTOL
85442,SCF-NP-1
85443,SCF-NP-1
85444,SCF-PP-2
85445,SCF-NP-1
85446,SCF-NP-1
85447,SCF-NP-1
85448,SCF-NP-1
85449,SCF-NP-1
85450,LALT
85451,SCF-NP-1
85452,SCF-NP-1
85453,SCF-NP-1
85454,SCF-NP-1
85455,SCF-NP-1
85456,SCF-NP-1
85457,SCF-NP-1
85458,SCF-NP-1
85459,SCF-NP-1
85460,SCF-NP-1
85461,SCF-NP-1
85465,SCF-PP-2
85466,SCF-NP-1
85468,SCF-NP-1
85469,SCF-PP-2
85470,RE-2
85470,SCF-NP-1
85470,LOC-G
85471,SCF-NP-1
85473,SCF-NP-1
85474,SCF-NP-1
85476,SCF-NP-1
85478,SCF-NP-1
85480,RI
85481,SCF-NP-1
85482,SCF-NP-1
85483,LOC-I
85484,LALT
85485,SCF-NP-1
85486,SCF-PP-2
85487,[RAMP]
85488,SCF-NP-1
85489,SCF-NP-1
85490,SCF-NP-1
85491,[RAMP]
85492,SCF-NP-1
85493,BIRD
85494,SCF-NP-1
85497,RE-2
85497,LOC-G
85498,SCF-NP-1
85499,SCF-NP-1
85500,SCF-NP-1
85501,SCF-NP-1
85502,SCF-NP-1
85503,SCF-NP-1
85504,SCF-NP-1
85505,SCF-NP-1
85506,SCF-NP-1
85507,SCF-PP-2
85508,SCF-NP-1
85509,SCF-NP-1
85510,SCF-NP-1
85511,BIRD
85512,BIRD
85513,SCF-PP-2
85514,SCF-NP-1
85515,SCF-NP-1
85516,SCF-NP-1
85517,SCF-NP-1
85518,SCF-NP-1
85519,SCF-NP-1
85520,SCF-NP-1
85521,SCF-PP-2
85522,SCF-NP-1
85523,SCF-NP-1
85524,CTOL
85525,SCF-PP-2
85526,RE-2
85526,LOC-G
85527,OTHR-1
85528,RE-2
85530,SCF-PP-2
85531,SCF-NP-1
85532,SCF-NP-1
85533,SCF-NP-1
85534,RE-2
85535,SCF-PP-2
85536,SCF-NP-1
85537,SCF-NP-1
85538,SCF-NP-1
85539,RE-2
85540,OTHR-1
85541,SCF-NP-1
85542,SCF-NP-1
85543,[RAMP]
85544,SCF-PP-2
85545,SCF-NP-1
85546,SCF-NP-1
85548,SCF-NP-1
85549,SCF-NP-1
85550,SCF-NP-1
85551,SCF-NP-1
85552,SCF-PP-2
85553,SCF-NP-1
85554,SCF-NP-1
85555,SCF-PP-2
85556,SCF-NP-1
85557,SCF-NP-1
85558,SCF-NP-1
85559,SCF-NP-1
85560,SCF-NP-1
85561,SCF-NP-1
85562,SCF-NP-1
85563,SCF-PP-2
85564,SCF-NP-1
85565,SCF-NP-1
85566,SCF-NP-1
85567,[RAMP]
85568,SCF-PP-2
85569,[RAMP]
85570,SCF-PP-2
85571,SCF-NP-1
85572,SCF-NP-1
85573,SCF-NP-1
85575,SCF-NP-1
85576,SCF-PP-2
85577,SCF-PP-2
85579,SCF-NP-1
85580,USOS-2
85581,SCF-PP-2
85582,SCF-NP-1
85583,SCF-NP-1
85584,ARC-3
85585,SCF-NP-1
85586,SCF-NP-1
85587,SCF-NP-1
85588,SCF-NP-1
85589,EXTL
85590,BIRD
85592,SCF-NP-1
85594,RE-2
85594,SCF-NP-1
85595,SCF-PP-2
85596,SCF-NP-1
85596,LOC-I
85597,SCF-NP-1
85599,SCF-NP-1
85601,SCF-PP-2
85602,CTOL
85603,SCF-NP-1
85605,OTHR-1
85606,RE-2
85606,LOC-I
85607,ATM/CNS
85608,GCOL
85609,RE-2
85609,LOC-G
85610,ARC-3
85610,SCF-PP-2
85611,SCF-NP-1
85612,ATM/CNS
85612,RI
85613,SCF-NP-1
85614,SCF-NP-1
85615,SCF-PP-2
85617,[RAMP]
85618,[RAMP]
85619,SCF-NP-1
85621,SCF-NP-1
85622,SCF-NP-1
85623,SCF-NP-1
85624,SCF-NP-1
85625,SCF-NP-1
85626,SCF-NP-1
85627,SCF-NP-1
85628,SCF-NP-1
85629,[RAMP]
85630,SCF-PP-2
85631,SCF-NP-1
85632,SCF-NP-1
85633,WSTRW
85634,SCF-PP-2
85635,SCF-PP-2
85636,SCF-NP-1
85637,SCF-NP-1
85638,SCF-NP-1
85639,SCF-NP-1
85640,SCF-NP-1
85641,SCF-NP-1
85642,SCF-NP-1
85645,SCF-NP-1
85647,SCF-NP-1
85648,SCF-NP-1
85649,SCF-NP-1
85650,SCF-PP-2
85651,WSTRW
85652,SCF-NP-1
85653,SCF-PP-2
85655,SCF-PP-2
85655,OTHR-1
85656,LOC-I
85657,SCF-PP-2
85657,OTHR-1
85660,SCF-PP-2
85660,OTHR-1
85661,SCF-NP-1
85662,SCF-NP-1
85663,SCF-NP-1
85664,SCF-NP-1
85665,SCF-PP-2
85666,SCF-NP-1
85667,SCF-NP-1
85668,SCF-PP-2
85669,BIRD
85670,SCF-NP-1
85672,SCF-NP-1
85673,SCF-NP-1
85674,SCF-NP-1
85675,SCF-NP-1
85676,BIRD
85677,SCF-NP-1
85678,SCF-PP-2
85688,SCF-NP-1
85688,F-NI-4
85689,SCF-NP-1
85690,SCF-PP-2
85691,SCF-NP-1
85692,SCF-NP-1
85693,SCF-NP-1
85694,SCF-NP-1
85695,SCF-NP-1
85696,SCF-NP-1
85697,SCF-NP-1
85698,SCF-NP-1
85699,SCF-NP-1
85700,SCF-NP-1
85701,SCF-NP-1
85702,SCF-NP-1
85703,SCF-NP-1
85704,SCF-NP-1
85705,SCF-NP-1
85707,SCF-NP-1
85708,SCF-NP-1
85709,SCF-NP-1
85711,SCF-NP-1
85712,SCF-NP-1
85713,SCF-NP-1
85714,SCF-NP-1
85715,SCF-NP-1
85716,SCF-NP-1
85717,SCF-NP-1
85718,SCF-NP-1
85719,SCF-NP-1
85721,SCF-NP-1
85722,SCF-PP-2
85723,CFIT
85724,SCF-NP-1
85725,SCF-NP-1
85726,CFIT
85727,RE-2
85728,SCF-NP-1
85729,BIRD
85730,WSTRW
85731,SCF-NP-1
85732,SCF-NP-1
85733,SCF-NP-1
85734,SCF-PP-2
85735,SCF-PP-2
85737,SCF-PP-2
85738,OTHR-1
85739,GCOL
85741,LOC-I
85742,SCF-PP-2
85742,OTHR-1
85743,UNK
85744,CFIT
85745,SCF-PP-2
85747,UNK
85748,BIRD
85749,LOC-I
85750,UNK
85751,SCF-PP-2
85751,LOC-G
85752,SCF-NP-1
85753,BIRD
85754,SCF-NP-1
85755,SCF-NP-1
85756,SCF-NP-1
85757,SCF-NP-1
85758,SCF-NP-1
85759,[RAMP]
85760,BIRD
85761,SCF-NP-1
85762,SCF-NP-1
85763,SCF-NP-1
85764,ARC-3
85765,SCF-NP-1
85766,SCF-NP-1
85767,SCF-NP-1
85768,SCF-NP-1
85769,SCF-NP-1
85770,SCF-NP-1
85771,SCF-NP-1
85772,SCF-NP-1
85773,SCF-NP-1
85774,SCF-PP-2
85775,SCF-NP-1
85776,SCF-NP-1
85777,SCF-NP-1
85778,SCF-NP-1
85779,SCF-NP-1
85781,SCF-NP-1
85782,SCF-PP-2
85783,SCF-NP-1
85784,ARC-3
85785,SCF-NP-1
85787,SCF-NP-1
85788,SCF-PP-2
85789,SCF-NP-1
85790,ARC-3
85791,SCF-NP-1
85792,SCF-NP-1
85793,SCF-NP-1
85794,SCF-NP-1
85795,SCF-NP-1
85796,SCF-NP-1
85797,MAC-1
85798,SCF-PP-2
85799,SCF-PP-2
85800,SCF-NP-1
85801,SCF-NP-1
85802,SCF-PP-2
85803,SCF-NP-1
85804,SCF-NP-1
85806,SCF-NP-1
85807,SCF-NP-1
85808,SCF-NP-1
85809,SCF-NP-1
85810,WSTRW
85810,SCF-NP-1
85811,SCF-PP-2
85812,SCF-NP-1
85813,SCF-NP-1
85814,SCF-NP-1
85815,SCF-NP-1
85816,SCF-PP-2
85817,WSTRW
85818,SCF-PP-2
85819,SCF-NP-1
85820,SCF-PP-2
85821,GCOL
85822,SCF-NP-1
85823,WSTRW
85825,SCF-NP-1
85826,SCF-NP-1
85827,SCF-NP-1
85828,BIRD
85829,SCF-NP-1
85830,SCF-NP-1
85831,SCF-NP-1
85832,SCF-NP-1
85833,FUEL
85834,SCF-NP-1
85835,SCF-NP-1
85836,SCF-NP-1
85837,SCF-PP-2
85838,BIRD
85839,SCF-NP-1
85839,OTHR-1
85840,SCF-NP-1
85843,SCF-NP-1
85844,SCF-NP-1
85845,TURB
85846,SCF-NP-1
85848,SCF-NP-1
85849,SCF-NP-1
85850,SCF-NP-1
85851,SCF-NP-1
85852,ARC-3
85853,SCF-NP-1
85854,SCF-NP-1
85855,SCF-NP-1
85856,SCF-NP-1
85857,SCF-NP-1
85859,SCF-NP-1
85860,SCF-NP-1
85861,SCF-NP-1
85862,SCF-NP-1
85863,WSTRW
85864,SCF-NP-1
85865,SCF-NP-1
85866,SCF-NP-1
85867,RE-2
85867,LOC-G
85868,SCF-NP-1
85870,SCF-NP-1
85871,OTHR-1
85872,SCF-NP-1
85873,SCF-NP-1
85874,SCF-NP-1
85875,SCF-NP-1
85876,SCF-PP-2
85877,SCF-PP-2
85878,FUEL
85879,BIRD
85880,SCF-PP-2
85881,SCF-PP-2
85882,SCF-NP-1
85883,LALT
85884,SCF-NP-1
85885,SCF-NP-1
85886,SCF-NP-1
85887,SCF-NP-1
85888,BIRD
85889,SCF-NP-1
85890,SCF-NP-1
85891,SCF-NP-1
85893,BIRD
85894,SCF-PP-2
85895,UNK
85896,SCF-PP-2
85897,SCF-NP-1
85898,SCF-NP-1
85899,SCF-NP-1
85900,SCF-NP-1
85901,SCF-NP-1
85902,SCF-NP-1
85903,SCF-NP-1
85904,SCF-NP-1
85905,SCF-PP-2
85907,SCF-NP-1
85908,SCF-PP-2
85909,BIRD
85910,SCF-NP-1
85911,SCF-NP-1
85912,SCF-NP-1
85913,SCF-NP-1
85914,SCF-NP-1
85915,SCF-NP-1
85916,SCF-NP-1
85917,SCF-NP-1
85918,BIRD
85919,SCF-NP-1
85920,[RAMP]
85921,SCF-NP-1
85922,SCF-NP-1
85924,ARC-3
85925,SCF-NP-1
85926,SCF-NP-1
85927,SCF-NP-1
85928,F-NI-4
85929,UNK
85930,SCF-PP-2
85931,SCF-PP-2
85932,SCF-NP-1
85933,SCF-NP-1
85934,WSTRW
85937,SCF-NP-1
85938,SCF-PP-2
85939,BIRD
85940,ARC-3
85941,BIRD
85942,SCF-NP-1
85943,SCF-NP-1
85944,WSTRW
85945,ARC-3
85947,ARC-3
85949,ARC-3
85950,SCF-NP-1
85951,SCF-NP-1
85952,SCF-PP-2
85953,SCF-NP-1
85954,SCF-NP-1
85955,SCF-NP-1
85956,SCF-NP-1
85957,SCF-NP-1
85958,SCF-NP-1
85959,SCF-NP-1
85960,SCF-PP-2
85962,ARC-3
85963,SCF-NP-1
85964,SCF-NP-1
85965,SCF-NP-1
85966,UNK
85967,OTHR-1
85968,SCF-NP-1
85969,SCF-NP-1
85970,USOS-2
85972,SCF-NP-1
85973,SCF-NP-1
85974,SCF-NP-1
85975,SCF-NP-1
85976,SCF-NP-1
85977,SCF-PP-2
85978,BIRD
85980,SCF-NP-1
85981,RE-2
85981,LOC-I
85982,LOC-I
85983,SCF-NP-1
85984,SCF-NP-1
85985,SCF-PP-2
85986,ARC-3
85987,ARC-3
85988,SCF-NP-1
85989,SCF-NP-1
85990,SCF-NP-1
85992,F-NI-4
85993,SCF-NP-1
85994,ARC-3
85995,SCF-NP-1
85996,SCF-NP-1
85997,SCF-NP-1
85998,CFIT
86001,SCF-PP-2
86001,LALT
86001,LOC-I
86003,SCF-NP-1
86004,TURB
86005,SCF-NP-1
86006,SCF-NP-1
86007,SCF-NP-1
86008,SCF-PP-2
86009,F-NI-4
86010,SCF-NP-1
86011,SCF-NP-1
86012,SCF-NP-1
86013,SCF-NP-1
86014,SCF-NP-1
86015,SCF-NP-1
86016,FUEL
86017,RE-2
86018,ARC-3
86020,ARC-3
86022,SCF-NP-1
86023,SCF-NP-1
86024,BIRD
86025,SCF-NP-1
86026,SCF-NP-1
86027,SCF-NP-1
86028,ARC-3
86029,TURB
86030,SCF-PP-2
86031,SCF-NP-1
86032,SCF-PP-2
86033,UNK
86034,SCF-PP-2
86035,OTHR-1
86035,LOC-G
86036,SCF-NP-1
86037,SCF-NP-1
86038,SCF-NP-1
86039,SCF-NP-1
86040,SCF-NP-1
86041,SCF-PP-2
86042,SCF-NP-1
86043,SCF-NP-1
86044,SCF-NP-1
86045,SCF-NP-1
86046,SCF-NP-1
86047,SCF-NP-1
86048,SCF-NP-1
86049,SCF-PP-2
86050,SCF-NP-1
86051,SCF-NP-1
86052,UNK
86053,SCF-NP-1
86054,ARC-3
86055,SCF-NP-1
86056,OTHR-1
86057,SCF-PP-2
86058,SCF-NP-1
86059,SCF-PP-2
86060,ARC-3
86061,FUEL
86062,SCF-NP-1
86063,SCF-NP-1
86064,SCF-NP-1
86065,SCF-PP-2
86066,SCF-NP-1
86067,SCF-NP-1
86068,ARC-3
86069,SCF-NP-1
86070,SCF-NP-1
86071,SCF-NP-1
86072,SCF-NP-1
86073,LOC-I
86074,SCF-NP-1
86075,LALT
86076,SCF-NP-1
86077,SCF-NP-1
86078,WSTRW
86079,SCF-NP-1
86080,SCF-NP-1
86081,WSTRW
86082,SCF-NP-1
86083,SCF-NP-1
86084,SCF-NP-1
86085,ARC-3
86086,GCOL
86086,OTHR-1
86087,LALT
86089,SCF-NP-1
86090,SCF-NP-1
86091,SCF-NP-1
86092,SCF-NP-1
86093,SCF-NP-1
86094,SCF-NP-1
86095,SCF-NP-1
86096,UNK
86097,LALT
86098,SCF-NP-1
86099,SCF-NP-1
86100,SCF-NP-1
86101,WSTRW
86102,SCF-NP-1
86103,SCF-NP-1
86104,SCF-NP-1
86105,SCF-NP-1
86106,SCF-NP-1
86107,ARC-3
86108,SCF-NP-1
86109,SCF-NP-1
86110,SCF-NP-1
86111,SCF-NP-1
86112,SCF-PP-2
86113,LALT
86113,LOC-I
86114,BIRD
86115,SCF-NP-1
86116,SCF-PP-2
86117,BIRD
86118,ARC-3
86118,RE-2
86119,RE-2
86119,SCF-PP-2
86120,SCF-PP-2
86121,SCF-NP-1
86122,SCF-NP-1
86123,WSTRW
86124,SCF-NP-1
86125,SCF-NP-1
86126,SCF-NP-1
86127,SCF-NP-1
86128,BIRD
86129,SCF-NP-1
86130,SCF-NP-1
86131,SCF-NP-1
86132,SCF-NP-1
86134,SCF-NP-1
86135,SCF-PP-2
86136,SCF-NP-1
86138,OTHR-1
86139,ARC-3
86139,RE-2
86141,SCF-NP-1
86142,[RAMP]
86143,BIRD
86144,SCF-PP-2
86145,SCF-NP-1
86146,SCF-PP-2
86147,BIRD
86148,SCF-PP-2
86149,SCF-NP-1
86150,SCF-NP-1
86151,SCF-NP-1
86152,SCF-NP-1
86153,SCF-NP-1
86154,SCF-NP-1
86155,SCF-PP-2
86156,OTHR-1
86157,SCF-NP-1
86158,SCF-PP-2
86159,SCF-PP-2
86160,SCF-NP-1
86161,ARC-3
86162,WSTRW
86163,SCF-NP-1
86164,OTHR-1
86165,LALT
86166,SCF-NP-1
86167,SCF-NP-1
86168,SCF-NP-1
86169,BIRD
86170,SCF-NP-1
86171,SCF-NP-1
86172,SCF-NP-1
86173,ARC-3
86174,LALT
86175,SCF-NP-1
86176,ARC-3
86177,SCF-NP-1
86179,ARC-3
86180,RE-2
86181,ADRM
86181,ARC-3
86182,SCF-NP-1
86183,SCF-NP-1
86184,ADRM
86186,SCF-NP-1
86188,SCF-NP-1
86190,SCF-NP-1
86191,SCF-NP-1
86192,SCF-NP-1
86193,SCF-NP-1
86194,SCF-NP-1
86195,SCF-NP-1
86196,WSTRW
86197,SCF-NP-1
86198,SCF-NP-1
86199,SCF-NP-1
86200,LOC-I
86201,MAC-1
86202,LOC-I
86202,CFIT
86203,LALT
86204,USOS-2
86205,GCOL
86206,LALT
86206,LOC-I
86207,SCF-PP-2
86208,RE-2
86208,SCF-PP-2
86209,SCF-NP-1
86210,SCF-NP-1
86211,SCF-NP-1
86212,SCF-NP-1
86213,SCF-NP-1
86216,SCF-NP-1
86217,BIRD
86218,SCF-NP-1
86219,SCF-NP-1
86220,SCF-NP-1
86222,SCF-NP-1
86223,SCF-NP-1
86224,UNK
86225,SCF-NP-1
86226,SCF-NP-1
86229,SCF-NP-1
86230,SCF-NP-1
86231,SCF-NP-1
86232,SCF-NP-1
86233,SCF-NP-1
86234,SCF-NP-1
86235,SCF-NP-1
86236,SCF-NP-1
86237,UNK
86237,LOC-I
86238,UNK
86239,SCF-NP-1
86240,SCF-NP-1
86241,SCF-NP-1
86242,WSTRW
86243,SCF-PP-2
86244,SCF-NP-1
86245,SCF-NP-1
86246,SCF-NP-1
86247,SCF-PP-2
86248,SCF-NP-1
86249,SCF-NP-1
86250,SCF-PP-2
86251,SCF-NP-1
86252,WSTRW
86253,SCF-NP-1
86255,F-NI-4
86256,WILD
86256,CTOL
86256,RE-2
86258,LALT
86260,SCF-NP-1
86261,BIRD
86262,OTHR-1
86263,SCF-NP-1
86264,SCF-NP-1
86265,SCF-NP-1
86266,SCF-PP-2
86267,SCF-NP-1
86268,ARC-3
86269,SCF-NP-1
86270,SCF-NP-1
86271,SCF-NP-1
86272,ARC-3
86273,SCF-PP-2
86274,WSTRW
86275,SCF-NP-1
86276,SCF-NP-1
86277,SCF-NP-1
86278,SCF-NP-1
86279,SCF-PP-2
86280,SCF-PP-2
86281,LALT
86282,RE-2
86283,RE-2
86284,RE-2
86284,LOC-G
86285,OTHR-1
86286,SCF-NP-1
86287,SCF-PP-2
86288,SCF-NP-1
86289,SCF-PP-2
86290,SCF-NP-1
86291,SCF-NP-1
86292,SCF-PP-2
86293,SCF-NP-1
86294,BIRD
86295,SCF-NP-1
86296,SCF-NP-1
86297,SCF-NP-1
86298,SCF-NP-1
86299,SCF-NP-1
86301,SCF-PP-2
86302,SCF-NP-1
86303,SCF-NP-1
86304,SCF-NP-1
86305,SCF-NP-1
86306,BIRD
86307,BIRD
86308,SCF-NP-1
86309,ICE
86311,SCF-PP-2
86312,BIRD
86313,SCF-NP-1
86315,SCF-NP-1
86318,SCF-PP-2
86319,SCF-PP-2
86320,SCF-NP-1
86321,SCF-NP-1
86322,SCF-NP-1
86323,SCF-NP-1
86325,BIRD
86328,SCF-NP-1
86329,BIRD
86330,BIRD
86331,SCF-NP-1
86332,SCF-PP-2
86333,SCF-PP-2
86334,SCF-NP-1
86335,SCF-NP-1
86336,SCF-NP-1
86337,SCF-NP-1
86338,SCF-NP-1
86339,SCF-NP-1
86340,SCF-NP-1
86342,SCF-PP-2
86343,SCF-NP-1
86344,CFIT
86345,WSTRW
86346,BIRD
86347,SCF-PP-2
86348,SCF-PP-2
86349,SCF-NP-1
86350,SCF-NP-1
86351,SCF-NP-1
86352,SCF-NP-1
86353,SCF-NP-1
86354,BIRD
86355,SCF-NP-1
86356,SCF-NP-1
86357,SCF-NP-1
86358,SCF-PP-2
86359,SCF-NP-1
86360,SCF-NP-1
86361,SCF-NP-1
86362,SCF-NP-1
86363,SCF-NP-1
86364,SCF-NP-1
86365,SCF-NP-1
86366,SCF-NP-1
86367,SCF-NP-1
86368,SCF-NP-1
86369,SCF-NP-1
86371,SCF-NP-1
86372,SCF-NP-1
86373,SCF-NP-1
86374,BIRD
86375,SCF-NP-1
86376,SCF-NP-1
86377,SCF-PP-2
86378,SCF-PP-2
86379,SCF-NP-1
86380,SCF-NP-1
86381,SCF-NP-1
86382,SCF-NP-1
86383,SCF-PP-2
86384,SCF-NP-1
86385,SCF-NP-1
86386,SCF-NP-1
86387,SCF-PP-2
86388,SCF-NP-1
86389,SCF-NP-1
86390,SCF-NP-1
86391,SCF-NP-1
86392,SCF-NP-1
86394,[RAMP]
86395,SCF-NP-1
86396,BIRD
86398,ARC-3
86399,SCF-NP-1
86400,BIRD
86401,SCF-NP-1
86402,SCF-NP-1
86403,SCF-NP-1
86404,SCF-NP-1
86405,SCF-NP-1
86406,SCF-NP-1
86407,WSTRW
86408,LOC-I
86409,SCF-PP-2
86409,LOC-I
86410,RE-2
86410,SCF-NP-1
86410,LOC-G
86411,SCF-PP-2
86412,SCF-PP-2
86413,SCF-NP-1
86414,F-NI-4
86415,SCF-NP-1
86416,SCF-NP-1
86417,SCF-NP-1
86418,SCF-PP-2
86419,SCF-NP-1
86420,SCF-NP-1
86421,SCF-NP-1
86422,SCF-NP-1
86423,SCF-NP-1
86424,SCF-NP-1
86426,SCF-NP-1
86427,SCF-NP-1
86428,[RAMP]
86429,SCF-NP-1
86430,RE-2
86431,LALT
86432,FUEL
86433,SCF-NP-1
86434,F-NI-4
86435,SCF-NP-1
86436,LALT
86438,SCF-NP-1
86439,SCF-NP-1
86440,ARC-3
86441,SCF-NP-1
86442,BIRD
86443,SCF-NP-1
86444,SCF-NP-1
86445,SCF-NP-1
86446,OTHR-1
86447,SCF-NP-1
86448,BIRD
86449,SCF-PP-2
86450,SCF-NP-1
86451,SCF-NP-1
86452,SCF-NP-1
86453,SCF-NP-1
86454,SCF-NP-1
86455,OTHR-1
86456,SCF-NP-1
86457,SCF-NP-1
86458,SCF-NP-1
86459,ARC-3
86460,BIRD
86461,SCF-NP-1
86462,ARC-3
86463,SCF-NP-1
86464,BIRD
86465,LOC-I
86466,SCF-NP-1
86467,SCF-NP-1
86468,F-NI-4
86469,RE-2
86469,SCF-NP-1
86469,LOC-G
86470,SCF-NP-1
86471,SCF-NP-1
86472,SCF-NP-1
86473,SCF-NP-1
86474,SCF-NP-1
86475,SCF-NP-1
86476,SCF-NP-1
86477,SCF-NP-1
86478,SCF-NP-1
86479,CABIN
86480,UNK
86481,SCF-NP-1
86482,SCF-NP-1
86483,SCF-PP-2
86484,SCF-NP-1
86485,SCF-NP-1
86486,SCF-NP-1
86487,SCF-NP-1
86488,SCF-NP-1
86489,SCF-PP-2
86490,SCF-NP-1
86491,UNK
86491,TURB
86492,SCF-NP-1
86493,BIRD
86494,SCF-PP-2
86495,SCF-NP-1
86496,SCF-NP-1
86497,SCF-NP-1
86499,SCF-NP-1
86500,RE-2
86500,LOC-G
86501,SCF-PP-2
86502,LOC-I
86503,ARC-3
86503,RE-2
86503,LOC-G
86504,BIRD
86504,SCF-NP-1
86505,SCF-NP-1
86506,SCF-NP-1
86507,SCF-NP-1
86508,SCF-NP-1
86509,ARC-3
86510,SCF-NP-1
86511,WSTRW
86512,ARC-3
86513,SCF-NP-1
86514,RI
86515,SCF-NP-1
86516,SCF-PP-2
86517,SCF-PP-2
86519,WSTRW
86519,SCF-PP-2
86521,SCF-NP-1
86524,RE-2
86524,LOC-G
86525,SCF-NP-1
86526,SCF-NP-1
86527,SCF-NP-1
86528,SCF-NP-1
86529,[RAMP]
86530,SCF-PP-2
86531,SCF-NP-1
86532,SCF-NP-1
86533,SCF-PP-2
86534,SCF-NP-1
86535,SCF-NP-1
86536,SCF-NP-1
86537,SCF-PP-2
86538,SCF-NP-1
86539,BIRD
86540,SCF-PP-2
86541,BIRD
86542,RE-2
86542,LOC-G
86543,SCF-NP-1
86544,SCF-NP-1
86545,SCF-NP-1
86546,BIRD
86547,SCF-NP-1
86549,SCF-PP-2
86550,SCF-NP-1
86551,SCF-NP-1
86552,ARC-3
86553,SCF-NP-1
86554,SCF-NP-1
86555,SCF-NP-1
86556,SCF-PP-2
86557,WSTRW
86558,SCF-PP-2
86559,WSTRW
86560,WSTRW
86561,SCF-PP-2
86562,SCF-PP-2
86563,SCF-PP-2
86564,ARC-3
86564,SCF-NP-1
86565,SCF-NP-1
86566,LOC-G
86567,WSTRW
86568,ARC-3
86569,SCF-NP-1
86570,SCF-PP-2
86571,SCF-NP-1
86572,SCF-NP-1
86573,SCF-NP-1
86574,SCF-PP-2
86575,SCF-NP-1
86576,WSTRW
86577,BIRD
86578,SCF-PP-2
86579,SCF-NP-1
86580,SCF-NP-1
86583,SCF-NP-1
86584,ARC-3
86586,BIRD
86587,SCF-PP-2
86588,ADRM
86589,SCF-PP-2
86590,SCF-PP-2
86591,SCF-PP-2
86592,SCF-NP-1
86593,RE-2
86593,SCF-NP-1
86594,BIRD
86595,SCF-NP-1
86597,SCF-NP-1
86598,ARC-3
86599,SCF-NP-1
86600,SCF-NP-1
86601,OTHR-1
86602,SCF-NP-1
86603,ARC-3
86604,SCF-NP-1
86605,SCF-NP-1
86608,SCF-NP-1
86609,SCF-NP-1
86610,SCF-NP-1
86611,SCF-NP-1
86613,SCF-NP-1
86614,RE-2
86615,LALT
86616,BIRD
86617,SCF-NP-1
86618,SCF-NP-1
86619,SCF-NP-1
86620,SCF-NP-1
86621,SCF-NP-1
86622,SCF-NP-1
86623,SCF-NP-1
86624,SCF-NP-1
86625,SCF-NP-1
86626,SCF-NP-1
86627,SCF-NP-1
86628,BIRD
86629,BIRD
86630,SCF-NP-1
86631,SCF-NP-1
86632,SCF-NP-1
86633,SCF-PP-2
86634,CABIN
86635,SCF-NP-1
86636,SCF-NP-1
86637,SCF-NP-1
86638,SCF-PP-2
86639,OTHR-1
86640,SCF-NP-1
86641,SCF-NP-1
86642,SCF-NP-1
86643,SCF-PP-2
86644,SCF-NP-1
86645,SCF-NP-1
86646,SCF-NP-1
86647,ARC-3
86648,SCF-NP-1
86649,SCF-NP-1
86650,SCF-NP-1
86651,SCF-NP-1
86652,SCF-NP-1
86653,ARC-3
86654,BIRD
86655,BIRD
86656,RE-2
86657,[RAMP]
86658,SCF-NP-1
86659,SCF-NP-1
86660,ARC-3
86661,SCF-NP-1
86662,BIRD
86663,UNK
86665,BIRD
86667,SCF-NP-1
86668,SCF-NP-1
86669,SCF-NP-1
86670,SCF-NP-1
86671,RE-2
86672,SCF-NP-1
86675,GCOL
86676,RE-2
86676,SCF-NP-1
86677,BIRD
86678,SCF-NP-1
86680,RE-2
86680,SCF-NP-1
86682,SCF-NP-1
86683,SCF-PP-2
86686,SCF-NP-1
86687,ARC-3
86688,LOC-I
86690,LOC-I
86692,SCF-PP-2
86696,BIRD
86698,SCF-NP-1
86699,SCF-NP-1
86700,ARC-3
86702,SCF-NP-1
86703,SCF-PP-2
86704,SCF-NP-1
86705,SCF-NP-1
86706,RE-2
86706,LOC-G
86707,SCF-NP-1
86708,UNK
86709,BIRD
86710,BIRD
86711,BIRD
86712,BIRD
86713,BIRD
86714,BIRD
86715,BIRD
86716,BIRD
86717,BIRD
86718,BIRD
86719,BIRD
86720,BIRD
86721,ARC-3
86723,ARC-3
86724,SCF-NP-1
86725,SCF-NP-1
86727,WSTRW
86728,WSTRW
86729,SCF-NP-1
86730,BIRD
86732,SCF-NP-1
86733,SCF-NP-1
86734,SCF-NP-1
86735,SCF-NP-1
86736,SCF-NP-1
86737,SCF-PP-2
86738,SCF-NP-1
86739,SCF-PP-2
86740,SCF-PP-2
86742,SCF-NP-1
86743,SCF-PP-2
86744,SCF-NP-1
86745,CTOL
86822,SCF-NP-1
86823,SCF-NP-1
86824,SCF-PP-2
86826,SCF-NP-1
86827,SCF-NP-1
86828,SCF-NP-1
86829,SCF-NP-1
86830,SCF-NP-1
86831,BIRD
86832,SCF-NP-1
86833,SCF-NP-1
86834,SCF-NP-1
86835,SCF-NP-1
86837,AMAN
86838,SCF-NP-1
86839,BIRD
86840,SCF-NP-1
86842,[RAMP]
86842,OTHR-1
86843,CTOL
86844,SCF-NP-1
86845,WSTRW
86846,SCF-NP-1
86847,SCF-NP-1
86848,WSTRW
86849,SCF-NP-1
86851,SCF-PP-2
86852,BIRD
86853,[RAMP]
86854,BIRD
86855,BIRD
86856,SCF-NP-1
86857,SCF-NP-1
86858,SCF-NP-1
86859,SCF-NP-1
86860,SCF-PP-2
86861,BIRD
86862,SCF-PP-2
86863,UNK
86865,SCF-NP-1
86866,SCF-PP-2
86867,SCF-NP-1
86868,SCF-NP-1
86869,SCF-NP-1
86870,SCF-NP-1
86871,SCF-NP-1
86872,SCF-PP-2
86873,SCF-NP-1
86874,SCF-NP-1
86875,BIRD
86876,SCF-PP-2
86877,SCF-NP-1
86878,BIRD
86879,BIRD
86880,RE-2
86880,LOC-G
86881,ARC-3
86882,SCF-NP-1
86885,SCF-NP-1
86886,SCF-NP-1
86887,SCF-PP-2
86888,SCF-NP-1
86889,SCF-NP-1
86890,SCF-PP-2
86891,SCF-PP-2
86893,SCF-NP-1
86893,LALT
86894,SCF-NP-1
86895,SCF-PP-2
86896,SCF-NP-1
86897,ARC-3
86898,SCF-NP-1
86901,SCF-NP-1
86902,BIRD
86903,SCF-NP-1
86904,SCF-NP-1
86905,ARC-3
86906,SCF-NP-1
86907,ARC-3
86908,SCF-NP-1
86909,SCF-NP-1
86910,BIRD
86911,LALT
86912,LOC-I
86913,ARC-3
86914,SCF-NP-1
86916,UNK
86917,CFIT
86918,SCF-NP-1
86920,SCF-NP-1
86921,SCF-NP-1
86922,BIRD
86923,LOC-I
86924,SCF-NP-1
86925,WSTRW
86928,SCF-NP-1
86929,SCF-NP-1
86931,SCF-NP-1
86933,SCF-NP-1
86934,SCF-PP-2
86935,SCF-NP-1
86936,SCF-PP-2
86937,SCF-NP-1
86938,SCF-NP-1
86939,SCF-NP-1
86940,OTHR-1
86941,SCF-NP-1
86945,SCF-NP-1
86946,SCF-NP-1
86948,SCF-PP-2
86949,SCF-NP-1
86950,BIRD
86951,RE-2
86952,SCF-NP-1
86953,SCF-PP-2
86954,CTOL
86956,RE-2
86956,LOC-G
86958,BIRD
86959,WSTRW
86960,BIRD
86962,BIRD
86964,BIRD
86965,BIRD
86966,BIRD
86967,SCF-NP-1
86968,BIRD
86969,SCF-NP-1
86971,SCF-PP-2
86972,BIRD
86973,UNK
86974,BIRD
86975,UNK
86976,SCF-PP-2
86977,SCF-NP-1
86978,BIRD
86979,WSTRW
86980,SCF-PP-2
86981,SCF-NP-1
86983,SCF-NP-1
86984,SCF-PP-2
86985,BIRD
86986,BIRD
86987,SCF-PP-2
86988,BIRD
86989,RE-2
86990,SCF-NP-1
86991,SCF-NP-1
86993,ARC-3
86994,SCF-NP-1
86995,BIRD
86996,BIRD
86997,BIRD
86998,BIRD
86999,BIRD
87000,BIRD
87001,BIRD
87003,SCF-PP-2
87004,WILD
87006,SCF-PP-2
87007,BIRD
87008,SCF-NP-1
87009,SCF-NP-1
87010,OTHR-1
87013,BIRD
87016,BIRD
87017,BIRD
87018,SCF-PP-2
87019,SCF-NP-1
87020,SCF-NP-1
87021,RE-2
87021,LOC-G
87022,RE-2
87022,LOC-G
87023,BIRD
87024,BIRD
87025,BIRD
87026,WILD
87027,BIRD
87029,SCF-NP-1
87030,BIRD
87031,BIRD
87032,SCF-PP-2
87033,SCF-NP-1
87034,BIRD
87035,BIRD
87036,SCF-NP-1
87037,SCF-PP-2
87038,SCF-NP-1
87039,SCF-NP-1
87042,SCF-NP-1
87043,RE-2
87045,BIRD
87046,WSTRW
87047,BIRD
87048,BIRD
87049,SCF-NP-1
87050,RE-2
87051,BIRD
87052,BIRD
87053,RE-2
87054,BIRD
87056,GCOL
87057,LALT
87057,LOC-I
87058,RE-2
87059,WILD
87060,RE-2
87060,SCF-NP-1
87061,SCF-PP-2
87062,SCF-PP-2
87063,OTHR-1
87064,OTHR-1
87065,BIRD
87066,BIRD
87067,TURB
87069,BIRD
87071,BIRD
87072,SCF-PP-2
87073,SCF-NP-1
87075,SCF-NP-1
87076,SCF-NP-1
87077,BIRD
87078,SCF-NP-1
87079,UNK
87080,SCF-NP-1
87081,SCF-NP-1
87082,RE-2
87082,LOC-G
87084,LOC-I
87085,SCF-PP-2
87086,BIRD
87087,SCF-NP-1
87088,SCF-NP-1
87089,BIRD
87090,BIRD
87091,BIRD
87092,SCF-NP-1
87093,SCF-NP-1
87095,BIRD
87096,BIRD
87097,SCF-NP-1
87098,UNK
87099,BIRD
87100,BIRD
87102,UNK
87103,LOC-I
87104,BIRD
87105,BIRD
87106,BIRD
87107,ARC-3
87108,ARC-3
87109,SCF-PP-2
87110,SCF-NP-1
87111,RE-2
87111,LOC-G
87112,SCF-NP-1
87113,SCF-NP-1
87114,OTHR-1
87115,BIRD
87116,SCF-NP-1
87117,SCF-PP-2
87118,BIRD
87121,BIRD
87122,SCF-PP-2
87123,SCF-NP-1
87124,SCF-NP-1
87125,SCF-NP-1
87126,CTOL
87127,SCF-NP-1
87128,SCF-NP-1
87129,BIRD
87132,RE-2
87132,SCF-NP-1
87132,LOC-G
87133,RE-2
87133,LOC-G
87134,SCF-NP-1
87135,SCF-NP-1
87136,SCF-NP-1
87137,BIRD
87138,SCF-NP-1
87138,F-NI-4
87139,LOC-G
87140,ADRM
87141,SCF-PP-2
87141,F-NI-4
87142,BIRD
87143,SCF-NP-1
87144,SCF-PP-2
87145,SCF-NP-1
87146,SCF-NP-1
87147,BIRD
87148,BIRD
87149,CTOL
87150,SCF-NP-1
87151,RE-2
87153,RE-2
87153,SCF-NP-1
87153,USOS-2
87154,LALT
87157,SCF-NP-1
87158,ARC-3
87158,RE-2
87159,LALT
87160,LOC-I
87160,USOS-2
87161,ARC-3
87161,RE-2
87162,SCF-NP-1
87163,F-NI-4
87164,BIRD
87165,OTHR-1
87166,SCF-PP-2
87167,BIRD
87168,SCF-NP-1
87169,BIRD
87170,SCF-NP-1
87171,SCF-PP-2
87172,SCF-NP-1
87173,SCF-NP-1
87174,SCF-NP-1
87175,BIRD
87176,OTHR-1
87177,BIRD
87178,ADRM
87178,CTOL
87178,RE-2
87179,BIRD
87180,SCF-NP-1
87181,BIRD
87182,LOC-I
87183,SCF-NP-1
87184,SCF-PP-2
87185,BIRD
87186,SCF-NP-1
87187,SCF-NP-1
87188,[RAMP]
87189,LALT
87190,SCF-NP-1
87191,WSTRW
87192,SCF-NP-1
87192,OTHR-1
87193,SCF-NP-1
87194,SCF-NP-1
87195,SCF-NP-1
87196,LOC-I
87197,FUEL
87197,OTHR-1
87198,SCF-NP-1
87199,SCF-PP-2
87200,SCF-NP-1
87201,BIRD
87202,SCF-NP-1
87203,SCF-NP-1
87204,RE-2
87204,SCF-NP-1
87205,BIRD
87206,SCF-NP-1
87207,SCF-NP-1
87208,SCF-NP-1
87209,SCF-NP-1
87210,LOC-I
87212,BIRD
87213,ARC-3
87214,RE-2
87215,ARC-3
87215,SCF-NP-1
87216,SCF-NP-1
87217,SCF-NP-1
87218,SCF-PP-2
87219,SCF-NP-1
87220,SCF-NP-1
87221,BIRD
87222,BIRD
87223,SCF-NP-1
87224,BIRD
87225,SCF-NP-1
87226,SCF-NP-1
87227,SCF-NP-1
87228,SCF-NP-1
87229,LALT
87230,SCF-NP-1
87231,SCF-NP-1
87232,SCF-PP-2
87233,SCF-NP-1
87234,SCF-NP-1
87235,SCF-NP-1
87237,SCF-NP-1
87238,SCF-NP-1
87239,SCF-NP-1
87240,F-NI-4
87241,MAC-1
87242,SCF-NP-1
87243,SCF-NP-1
87244,SCF-NP-1
87245,F-NI-4
87246,BIRD
87248,SCF-PP-2
87249,BIRD
87250,SCF-NP-1
87251,SCF-PP-2
87252,SCF-NP-1
87253,BIRD
87254,F-NI-4
87255,SCF-NP-1
87256,SCF-NP-1
87257,CABIN
87258,BIRD
87259,BIRD
87260,ARC-3
87261,BIRD
87262,BIRD
87263,BIRD
87264,SCF-NP-1
87265,RE-2
87265,LOC-G
87266,SCF-NP-1
87267,SCF-NP-1
87268,LOC-I
87269,LALT
87270,UNK
87271,SCF-NP-1
87272,SCF-NP-1
87273,SCF-NP-1
87274,RE-2
87275,SCF-NP-1
87276,SCF-PP-2
87277,LOC-I
87278,SCF-NP-1
87279,SCF-NP-1
87280,SCF-NP-1
87281,SCF-PP-2
87282,SCF-NP-1
87283,BIRD
87284,SCF-NP-1
87285,SCF-NP-1
87286,SCF-NP-1
87287,SCF-NP-1
87288,SCF-PP-2
87290,BIRD
87291,SCF-NP-1
87292,SCF-NP-1
87293,SCF-NP-1
87294,RE-2
87294,SCF-NP-1
87294,SCF-PP-2
87296,BIRD
87298,BIRD
87299,BIRD
87300,BIRD
87302,LALT
87302,LOC-I
87303,CTOL
87304,ARC-3
87305,ARC-3
87306,OTHR-1
87307,SCF-NP-1
87308,SCF-PP-2
87309,OTHR-1
87311,LOC-I
87312,SCF-NP-1
87313,BIRD
87314,BIRD
87315,SCF-NP-1
87317,ARC-3
87318,BIRD
87319,WSTRW
87320,SCF-NP-1
87321,SCF-PP-2
87322,SCF-NP-1
87323,LALT
87324,SCF-NP-1
87325,RE-2
87325,LOC-G
87326,LALT
87327,SCF-NP-1
87328,SCF-NP-1
87329,SCF-NP-1
87330,SCF-PP-2
87332,SCF-PP-2
87332,F-NI-4
87334,CTOL
87334,RE-2
87335,CTOL
87338,SCF-NP-1
87339,SCF-PP-2
87341,SCF-NP-1
87342,BIRD
87343,CTOL
87344,SCF-NP-1
87345,SCF-NP-1
87347,SCF-NP-1
87348,ADRM
87350,SCF-NP-1
87351,BIRD
87352,BIRD
87353,BIRD
87354,SCF-NP-1
87355,SCF-NP-1
87356,RE-2
87357,SCF-NP-1
87358,SCF-NP-1
87360,SCF-NP-1
87361,CABIN
87362,SCF-NP-1
87363,SCF-NP-1
87364,SCF-NP-1
87365,SCF-NP-1
87366,BIRD
87368,BIRD
87370,SCF-NP-1
87371,SCF-PP-2
87372,SCF-NP-1
87373,SCF-NP-1
87374,SCF-NP-1
87375,SCF-NP-1
87376,SCF-NP-1
87377,SCF-NP-1
87378,WSTRW
87379,BIRD
87380,SCF-NP-1
87381,SCF-NP-1
87382,SCF-NP-1
87383,SCF-NP-1
87384,ARC-3
87385,SCF-NP-1
87386,SCF-PP-2
87390,SCF-NP-1
87391,SCF-PP-2
87392,UNK
87393,SCF-PP-2
87394,LOC-G
87395,SCF-NP-1
87396,ADRM
87397,SCF-NP-1
87398,CTOL
87399,BIRD
87400,SCF-NP-1
87401,SCF-NP-1
87402,SCF-NP-1
87403,SCF-PP-2
87404,BIRD
87405,ARC-3
87406,ARC-3
87407,SCF-NP-1
87408,SCF-NP-1
87409,SCF-PP-2
87410,SCF-NP-1
87411,SCF-PP-2
87412,[RAMP]
87413,CTOL
87414,SCF-NP-1
87415,SCF-PP-2
87416,ARC-3
87417,SCF-PP-2
87418,RE-2
87419,EXTL
87420,BIRD
87421,SCF-PP-2
87422,SCF-NP-1
87423,SCF-PP-2
87424,UNK
87425,LALT
87425,LOC-I
87427,SCF-NP-1
87428,SCF-PP-2
87430,BIRD
87431,SCF-PP-2
87432,SCF-NP-1
87433,SCF-PP-2
87434,BIRD
87435,SCF-NP-1
87436,SCF-NP-1
87437,LOC-I
87438,USOS-2
87439,SCF-PP-2
87440,SCF-NP-1
87441,RE-2
87441,SCF-NP-1
87441,LOC-G
87442,SCF-NP-1
87443,SCF-PP-2
87444,SCF-NP-1
87445,OTHR-1
87446,UNK
87447,SCF-PP-2
87448,BIRD
87449,SCF-PP-2
87450,ARC-3
87451,ARC-3
87452,SCF-NP-1
87453,UNK
87454,SCF-PP-2
87455,SCF-NP-1
87456,SCF-NP-1
87457,OTHR-1
87458,SCF-NP-1
87459,SCF-NP-1
87460,SCF-NP-1
87461,SCF-PP-2
87462,SCF-NP-1
87463,SCF-NP-1
87464,OTHR-1
87465,SCF-NP-1
87466,SCF-PP-2
87467,BIRD
87468,SCF-NP-1
87469,SCF-NP-1
87470,SCF-NP-1
87471,SCF-NP-1
87472,SCF-NP-1
87473,SCF-NP-1
87474,BIRD
87475,BIRD
87476,BIRD
87477,RI
87477,UNK
87478,UNK
87478,MAC-1
87479,CTOL
87480,SCF-NP-1
87481,SCF-NP-1
87482,SCF-NP-1
87483,SCF-NP-1
87484,SCF-NP-1
87485,BIRD
87486,[RAMP]
87487,BIRD
87488,SCF-NP-1
87489,BIRD
87490,BIRD
87491,SCF-NP-1
87492,OTHR-1
87493,SCF-NP-1
87494,LOC-I
87495,SCF-NP-1
87496,ATM/CNS
87496,MAC-1
87497,SCF-NP-1
87498,OTHR-1
87499,RI
87500,[RAMP]
87501,SCF-NP-1
87502,ARC-3
87502,SCF-NP-1
87503,SCF-NP-1
87504,RE-2
87505,UNK
87506,BIRD
87507,SCF-PP-2
87508,MAC-1
87509,RI
87510,SCF-NP-1
87511,BIRD
87513,RE-2
87513,SCF-NP-1
87514,LOC-G
87515,SCF-NP-1
87516,ARC-3
87518,ATM/CNS
87519,RE-2
87519,SCF-NP-1
87519,AMAN
87520,SCF-NP-1
87521,BIRD
87521,RE-2
87521,LALT
87522,SCF-NP-1
87523,BIRD
87524,SCF-PP-2
87525,FUEL
87526,SCF-NP-1
87527,SCF-NP-1
87528,ARC-3
87528,RE-2
87528,SCF-NP-1
87529,SCF-NP-1
87530,RE-2
87530,LOC-G
87531,OTHR-1
87532,SCF-NP-1
87533,ARC-3
87533,SCF-NP-1
87534,ARC-3
87534,WSTRW
87536,BIRD
87537,SCF-PP-2
87537,OTHR-1
87538,SCF-NP-1
87539,OTHR-1
87539,TURB
87540,SCF-NP-1
87541,SCF-PP-2
87542,OTHR-1
87543,TURB
87544,BIRD
87545,SCF-NP-1
87546,RE-2
87546,LOC-G
87547,SCF-NP-1
87548,SCF-NP-1
87549,SCF-NP-1
87550,SCF-NP-1
87551,MAC-1
87552,BIRD
87553,SCF-NP-1
87554,BIRD
87555,SCF-NP-1
87556,SCF-NP-1
87557,SCF-NP-1
87558,BIRD
87559,SCF-PP-2
87559,F-NI-4
87560,MAC-1
87561,ADRM
87562,BIRD
87563,SCF-NP-1
87564,SCF-NP-1
87565,SCF-NP-1
87566,SCF-NP-1
87568,SCF-NP-1
87569,SCF-NP-1
87571,OTHR-1
87572,OTHR-1
87573,SCF-NP-1
87574,SCF-NP-1
87574,RI
87575,RE-2
87577,[RAMP]
87578,SCF-PP-2
87579,CTOL
87581,MAC-1
87582,RE-2
87583,MAC-1
87584,MAC-1
87585,BIRD
87587,SCF-PP-2
87589,SCF-PP-2
87590,MAC-1
87591,SCF-NP-1
87593,WSTRW
87594,SCF-NP-1
87595,SCF-PP-2
87596,SCF-PP-2
87598,RE-2
87598,LOC-G
87599,[RAMP]
87600,RE-2
87601,ADRM
87602,OTHR-1
87603,SCF-PP-2
87605,RE-2
87605,LOC-G
87607,MAC-1
87609,MAC-1
87610,ADRM
87611,RI
87612,SCF-NP-1
87614,ATM/CNS
87614,RI
87615,RI
87616,RI
87617,SCF-NP-1
87618,SCF-NP-1
87619,F-NI-4
87620,SCF-PP-2
87621,MAC-1
87622,ADRM
87623,RI
87624,[RAMP]
87625,RI
87626,SCF-PP-2
87628,LOC-I
87629,RE-2
87630,GCOL
87631,MAC-1
87632,MAC-1
87633,OTHR-1
87634,MAC-1
87635,MAC-1
87636,MAC-1
87637,RI
87639,MAC-1
87640,MAC-1
87641,MAC-1
87642,RI
87643,SCF-NP-1
87644,SCF-NP-1
87645,SCF-NP-1
87646,SCF-NP-1
87647,SCF-PP-2
87648,MAC-1
87649,[RAMP]
87651,SCF-PP-2
87652,SCF-PP-2
87653,BIRD
87654,[RAMP]
87655,SCF-PP-2
87656,SCF-NP-1
87657,MAC-1
87659,ATM/CNS
87659,MAC-1
87660,MAC-1
87661,ATM/CNS
87661,MAC-1
87662,MAC-1
87665,UNK
87666,SCF-NP-1
87667,MAC-1
87668,SCF-NP-1
87669,MAC-1
87671,RE-2
87672,SCF-NP-1
87673,SCF-NP-1
87674,BIRD
87675,BIRD
87676,BIRD
87677,SCF-NP-1
87679,MAC-1
87680,SCF-NP-1
87683,UNK
87684,LOC-G
87685,SCF-NP-1
87686,RI
87687,ATM/CNS
87688,SCF-NP-1
87689,SCF-NP-1
87690,SCF-NP-1
87691,RI
87692,RI
87693,RI
87694,ARC-3
87697,LOC-I
87698,MAC-1
87699,MAC-1
87701,MAC-1
87702,SCF-NP-1
87703,SCF-NP-1
87704,CTOL
87706,SCF-PP-2
87707,MAC-1
87708,RI
87709,MAC-1
87710,SCF-NP-1
87711,SCF-NP-1
87712,BIRD
87713,[RAMP]
87714,SCF-PP-2
87715,BIRD
87717,RI
87718,RI
87719,RI
87720,SCF-NP-1
87721,SCF-NP-1
87722,SCF-NP-1
87723,LOC-G
87724,MAC-1
87725,SCF-NP-1
87726,SCF-NP-1
87727,SCF-NP-1
87728,OTHR-1
87729,SCF-NP-1
87731,SCF-NP-1
87732,MAC-1
87733,MAC-1
87734,SCF-NP-1
87735,OTHR-1
87736,SCF-PP-2
87737,SCF-NP-1
87738,GCOL
87739,SCF-NP-1
87740,MAC-1
87741,SCF-NP-1
87742,SCF-NP-1
87743,SCF-PP-2
87744,LALT
87745,ARC-3
87745,RE-2
87746,ARC-3
87747,ATM/CNS
87747,MAC-1
87749,MAC-1
87750,MAC-1
87751,MAC-1
87753,ARC-3
87754,SCF-NP-1
87755,SCF-NP-1
87756,SCF-PP-2
87757,SCF-NP-1
87758,SCF-NP-1
87759,[RAMP]
87760,SCF-PP-2
87761,SCF-PP-2
87762,F-NI-4
87763,SCF-NP-1
87764,SCF-NP-1
87765,SCF-NP-1
87766,[RAMP]
87767,BIRD
87770,SCF-PP-2
87771,SCF-PP-2
87772,ADRM
87772,RI
87773,[RAMP]
87774,BIRD
87775,ADRM
87777,LOC-I
87778,OTHR-1
87781,SCF-NP-1
87782,RE-2
87782,LOC-G
87783,BIRD
87785,SCF-NP-1
87786,LALT
87787,OTHR-1
87789,MAC-1
87791,SCF-NP-1
87792,SCF-NP-1
87793,SCF-NP-1
87794,BIRD
87795,SCF-NP-1
87797,EXTL
87798,SCF-NP-1
87799,SCF-NP-1
87800,CABIN
87801,SCF-NP-1
87802,SCF-PP-2
87803,GCOL
87804,BIRD
87805,BIRD
87806,SCF-NP-1
87807,SCF-PP-2
87809,BIRD
87810,[RAMP]
87811,RE-2
87811,LOC-G
87812,SCF-PP-2
87812,LOC-I
87813,SCF-NP-1
87814,SCF-NP-1
87816,MAC-1
87818,RE-2
87819,MAC-1
87820,MAC-1
87821,SCF-NP-1
87823,SCF-NP-1
87824,SCF-NP-1
87825,BIRD
87826,BIRD
87827,SCF-NP-1
87828,BIRD
87829,SCF-NP-1
87830,SCF-PP-2
87831,SCF-NP-1
87832,MAC-1
87833,MAC-1
87834,RE-2
87834,LOC-G
87835,SCF-PP-2
87836,BIRD
87837,SCF-NP-1
87838,SCF-PP-2
87839,BIRD
87840,SCF-NP-1
87841,ARC-3
87842,ARC-3
87844,[RAMP]
87845,SCF-NP-1
87846,SCF-NP-1
87847,MAC-1
87848,SCF-NP-1
87849,SCF-PP-2
87850,SCF-PP-2
87851,SCF-NP-1
87852,SCF-NP-1
87853,SCF-NP-1
87854,SCF-NP-1
87855,SCF-NP-1
87856,SCF-NP-1
87858,SCF-PP-2
87859,SCF-PP-2
87861,OTHR-1
87862,SCF-NP-1
87863,SCF-PP-2
87864,BIRD
87865,SCF-NP-1
87866,SCF-PP-2
87868,SCF-NP-1
87869,SCF-NP-1
87870,UNK
87871,SCF-NP-1
87873,SCF-NP-1
87874,GCOL
87875,LALT
87876,BIRD
87877,BIRD
87878,ATM/CNS
87878,RI
87879,SCF-NP-1
87880,RI
87882,SCF-NP-1
87883,F-NI-4
87884,SCF-NP-1
87886,SCF-PP-2
87888,SCF-NP-1
87889,SCF-PP-2
87890,LALT
87891,MAC-1
87892,SCF-NP-1
87895,LOC-I
87896,LOC-I
87897,LOC-I
87898,SCF-PP-2
87899,RI
87900,MAC-1
87901,MAC-1
87902,MAC-1
87903,MAC-1
87904,TURB
87905,SCF-NP-1
87907,SCF-PP-2
87908,SCF-PP-2
87909,SCF-PP-2
87910,SCF-NP-1
87911,ARC-3
87912,SCF-PP-2
87913,SCF-NP-1
87914,SCF-NP-1
87915,MAC-1
87916,BIRD
87917,SCF-NP-1
87920,RE-2
87920,SCF-PP-2
87920,LOC-G
87921,LALT
87922,SCF-PP-2
87923,MAC-1
87924,OTHR-1
87925,WSTRW
87926,BIRD
87927,SCF-NP-1
87928,SCF-NP-1
87929,ATM/CNS
87930,OTHR-1
87931,RI
87932,SCF-NP-1
87933,RI
87934,SCF-NP-1
87935,MAC-1
87936,SCF-NP-1
87938,SCF-NP-1
87939,SCF-PP-2
87940,SCF-PP-2
87941,CABIN
87942,SCF-PP-2
87943,SCF-NP-1
87944,ARC-3
87945,SCF-PP-2
87947,SCF-NP-1
87948,SCF-PP-2
87949,SCF-NP-1
87950,BIRD
87951,SCF-PP-2
87952,[RAMP]
87953,CABIN
87954,SCF-PP-2
87955,SCF-PP-2
87957,F-NI-4
87960,CABIN
87961,MAC-1
87962,CFIT
87964,LALT
87965,WSTRW
87966,F-NI-4
87967,SCF-NP-1
87968,SCF-NP-1
87971,BIRD
87972,[RAMP]
87973,SCF-NP-1
87974,SCF-NP-1
87975,SCF-NP-1
87977,SCF-PP-2
87978,SCF-NP-1
87979,SCF-PP-2
87980,SCF-PP-2
87981,CABIN
87982,SCF-PP-2
87983,SCF-NP-1
87984,LOC-I
87985,SCF-NP-1
87986,SCF-NP-1
87988,[RAMP]
87989,SCF-NP-1
87990,SCF-NP-1
87991,SCF-NP-1
87992,[RAMP]
87993,F-NI-4
87993,[RAMP]
87994,SCF-NP-1
87995,BIRD
87996,SCF-NP-1
87997,UNK
87998,SCF-NP-1
87999,CTOL
88000,RE-2
88001,RE-2
88002,SCF-PP-2
88003,RE-2
88005,SCF-NP-1
88008,SCF-NP-1
88009,SCF-NP-1
88010,SCF-NP-1
88011,SCF-NP-1
88012,SCF-NP-1
88013,SCF-PP-2
88014,SCF-NP-1
88015,RE-2
88017,CTOL
88018,SCF-PP-2
88020,F-NI-4
88021,SCF-NP-1
88022,SCF-NP-1
88023,BIRD
88024,[RAMP]
88025,SCF-NP-1
88027,BIRD
88029,SCF-PP-2
88030,[RAMP]
88031,BIRD
88032,[RAMP]
88033,BIRD
88034,UNK
88035,SCF-NP-1
88037,SCF-NP-1
88038,OTHR-1
88039,CABIN
88040,SCF-NP-1
88041,[RAMP]
88042,SCF-NP-1
88043,CABIN
88044,ARC-3
88045,SCF-PP-2
88047,[RAMP]
88050,SCF-NP-1
88051,SCF-PP-2
88052,SCF-NP-1
88053,SCF-PP-2
88054,LOC-I
88055,SCF-PP-2
88057,RE-2
88057,F-NI-4
88058,OTHR-1
88059,SCF-PP-2
88061,OTHR-1
88062,CABIN
88064,SCF-NP-1
88069,SCF-NP-1
88070,LOC-I
88071,SCF-NP-1
88072,BIRD
88073,MAC-1
88074,MAC-1
88075,MAC-1
88076,MAC-1
88077,MAC-1
88078,CABIN
88079,SCF-NP-1
88080,SCF-NP-1
88081,MAC-1
88082,ADRM
88082,WSTRW
88083,RI
88084,MAC-1
88086,MAC-1
88088,SCF-NP-1
88089,SCF-NP-1
88090,SCF-NP-1
88091,SCF-NP-1
88092,LOC-I
88094,MAC-1
88095,GCOL
88096,ARC-3
88096,SCF-NP-1
88097,SCF-NP-1
88099,MAC-1
88100,MAC-1
88102,ARC-3
88103,RI
88104,ATM/CNS
88105,SCF-NP-1
88106,LOC-I
88107,SCF-NP-1
88109,CTOL
88109,RE-2
88110,LOC-G
88111,SCF-PP-2
88112,SCF-PP-2
88116,MAC-1
88117,SCF-NP-1
88118,SCF-PP-2
88119,ADRM
88120,BIRD
88122,ADRM
88123,LALT
88124,[RAMP]
88125,SCF-PP-2
88126,MAC-1
88127,MAC-1
88128,SCF-PP-2
88129,SCF-PP-2
88130,MAC-1
88131,BIRD
88132,MAC-1
88133,CABIN
88134,SCF-NP-1
88135,RE-2
88136,SCF-NP-1
88137,USOS-2
88138,RE-2
88139,SCF-PP-2
88140,SCF-PP-2
88141,ARC-3
88141,RE-2
88142,SCF-PP-2
88143,ADRM
88145,BIRD
88147,ARC-3
88147,OTHR-1
88149,SCF-PP-2
88150,SCF-PP-2
88151,ARC-3
88152,SCF-NP-1
88153,SCF-NP-1
88154,SCF-PP-2
88155,SCF-NP-1
88156,[RAMP]
88157,BIRD
88158,BIRD
88159,LOC-I
88160,SCF-NP-1
88161,BIRD
88162,MAC-1
88163,SCF-PP-2
88164,BIRD
88165,WSTRW
88166,MAC-1
88167,SCF-PP-2
88168,MAC-1
88169,[RAMP]
88170,SCF-PP-2
88171,SCF-NP-1
88172,[RAMP]
88173,SCF-NP-1
88174,SCF-NP-1
88175,SCF-PP-2
88176,SCF-NP-1
88178,ATM/CNS
88179,MAC-1
88180,ATM/CNS
88181,SCF-PP-2
88182,RE-2
88182,SCF-NP-1
88183,SCF-NP-1
88184,RE-2
88184,LOC-G
88185,BIRD
88186,ARC-3
88187,SCF-PP-2
88190,ATM/CNS
88191,LOC-I
88192,MAC-1
88193,SCF-PP-2
88194,MAC-1
88197,BIRD
88198,SCF-NP-1
88199,SCF-PP-2
88200,ARC-3
88201,RE-2
88202,MAC-1
88203,SCF-PP-2
88204,SCF-PP-2
88205,SCF-NP-1
88206,MAC-1
88207,SCF-PP-2
88208,SCF-NP-1
88209,SCF-NP-1
88210,SCF-NP-1
88211,BIRD
88212,SCF-NP-1
88213,BIRD
88214,BIRD
88216,SCF-PP-2
88217,CTOL
88218,SCF-NP-1
88219,SCF-NP-1
88220,SCF-NP-1
88221,SCF-PP-2
88222,SCF-NP-1
88223,SCF-PP-2
88224,SCF-NP-1
88225,SCF-NP-1
88226,SCF-PP-2
88227,SCF-NP-1
88228,SCF-NP-1
88228,LOC-G
88230,SCF-NP-1
88232,MAC-1
88233,SCF-NP-1
88234,UNK
88235,RI
88236,F-NI-4
88237,SCF-NP-1
88238,ADRM
88239,SCF-PP-2
88241,SCF-NP-1
88242,SCF-NP-1
88244,UNK
88245,RE-2
88245,SCF-PP-2
88246,RE-2
88246,SCF-NP-1
88246,SCF-PP-2
88247,SCF-PP-2
88248,SCF-NP-1
88250,MAC-1
88251,OTHR-1
88252,SCF-NP-1
88253,BIRD
88254,BIRD
88255,BIRD
88256,BIRD
88257,LOC-G
88258,SCF-NP-1
88259,SCF-NP-1
88260,SCF-NP-1
88261,SCF-NP-1
88262,SCF-NP-1
88263,BIRD
88264,SCF-NP-1
88265,BIRD
88266,OTHR-1
88268,RE-2
88268,LOC-G
88269,SCF-NP-1
88271,ARC-3
88272,GCOL
88274,LOC-G
88275,SCF-NP-1
88276,SCF-PP-2
88277,SCF-NP-1
88278,[RAMP]
88281,F-NI-4
88282,SCF-NP-1
88283,BIRD
88285,SCF-PP-2
88286,SCF-PP-2
88287,SCF-NP-1
88288,ARC-3
88289,SCF-PP-2
88290,SCF-NP-1
88291,RE-2
88292,BIRD
88293,SCF-PP-2
88294,SCF-NP-1
88295,SCF-PP-2
88296,SCF-NP-1
88297,BIRD
88298,SCF-PP-2
88299,SCF-NP-1
88300,SCF-PP-2
88301,SCF-NP-1
88302,BIRD
88303,AMAN
88303,LOC-I
88305,SCF-PP-2
88306,SCF-PP-2
88306,[RAMP]
88308,SCF-PP-2
88309,MAC-1
88310,SCF-PP-2
88311,SCF-NP-1
88312,SCF-NP-1
88313,SCF-NP-1
88314,MAC-1
88315,LOC-I
88316,ATM/CNS
88317,SCF-NP-1
88318,BIRD
88319,RI
88320,RI
88321,SCF-NP-1
88322,SCF-NP-1
88322,MAC-1
88323,SCF-PP-2
88324,SCF-PP-2
88326,RE-2
88328,SCF-NP-1
88330,SCF-NP-1
88331,BIRD
88333,SCF-PP-2
88334,MAC-1
88335,MAC-1
88336,MAC-1
88337,SCF-PP-2
88338,MAC-1
88339,BIRD
88339,SCF-PP-2
88340,RI
88341,SCF-NP-1
88342,SCF-PP-2
88343,BIRD
88344,SCF-NP-1
88345,MAC-1
88347,SCF-NP-1
88348,ARC-3
88349,FUEL
88350,SCF-NP-1
88350,LOC-I
88353,CTOL
88354,MAC-1
88355,MAC-1
88356,ATM/CNS
88356,MAC-1
88357,MAC-1
88358,SCF-NP-1
88359,SCF-NP-1
88360,SCF-PP-2
88361,SCF-NP-1
88363,SCF-NP-1
88364,ARC-3
88365,ARC-3
88367,RI
88368,SCF-PP-2
88369,SCF-NP-1
88370,SCF-NP-1
88371,BIRD
88372,BIRD
88373,BIRD
88374,MAC-1
88375,MAC-1
88376,RI
88377,MAC-1
88378,MAC-1
88379,[RAMP]
88380,MAC-1
88383,SCF-NP-1
88384,SCF-NP-1
88385,[RAMP]
88386,MAC-1
88387,F-NI-4
88388,SCF-NP-1
88389,FUEL
88390,CTOL
88391,[RAMP]
88392,RI
88394,MAC-1
88395,RE-2
88397,ADRM
88398,CTOL
88399,GCOL
88400,LOC-I
88402,RE-2
88402,LOC-G
88403,SCF-PP-2
88404,LALT
88404,LOC-I
88405,MAC-1
88406,F-NI-4
88407,MAC-1
88408,MAC-1
88410,MAC-1
88411,SCF-NP-1
88412,ATM/CNS
88412,RI
88414,SCF-NP-1
88415,RI
88416,SCF-NP-1
88417,SCF-PP-2
88418,BIRD
88419,SCF-NP-1
88420,WSTRW
88421,SCF-NP-1
88422,SCF-NP-1
88423,SCF-PP-2
88424,F-NI-4
88425,SCF-NP-1
88426,RI
88427,F-NI-4
88428,MAC-1
88429,SCF-PP-2
88430,BIRD
88431,SCF-NP-1
88432,FUEL
88433,MAC-1
88434,SCF-NP-1
88435,RE-2
88436,MAC-1
88437,LALT
88438,SCF-PP-2
88439,CTOL
88440,SCF-NP-1
88441,ARC-3
88442,SCF-NP-1
88443,SCF-PP-2
88444,SCF-NP-1
88445,SCF-NP-1
88446,SCF-NP-1
88447,SCF-NP-1
88448,SCF-PP-2
88449,GCOL
88450,OTHR-1
88451,SCF-NP-1
88452,SCF-NP-1
88454,SCF-NP-1
88455,SCF-NP-1
88457,SCF-NP-1
88458,SCF-NP-1
88459,SCF-PP-2
88460,LOC-I
88461,ATM/CNS
88461,MAC-1
88462,OTHR-1
88463,MAC-1
88464,MAC-1
88465,SCF-NP-1
88466,SCF-NP-1
88468,SCF-NP-1
88469,SCF-PP-2
88470,SCF-NP-1
88471,SCF-PP-2
88472,SCF-NP-1
88473,SCF-NP-1
88474,BIRD
88475,SCF-PP-2
88476,SCF-NP-1
88477,SCF-NP-1
88478,SCF-NP-1
88479,MAC-1
88481,SCF-NP-1
88482,BIRD
88484,SCF-PP-2
88485,SCF-NP-1
88486,F-NI-4
88487,F-NI-4
88488,BIRD
88489,BIRD
88490,CABIN
88491,SCF-NP-1
88492,BIRD
88493,RI
88494,CFIT
88495,SCF-PP-2
88496,SCF-PP-2
88497,SCF-NP-1
88498,UNK
88498,CABIN
88499,SCF-NP-1
88500,SCF-NP-1
88501,MAC-1
88502,SCF-PP-2
88503,SCF-NP-1
88504,MAC-1
88505,MAC-1
88506,MAC-1
88507,SCF-NP-1
88508,BIRD
88509,RE-2
88510,OTHR-1
88511,RE-2
88511,SCF-NP-1
88513,SCF-NP-1
88515,CTOL
88515,RE-2
88516,LOC-I
88518,RE-2
88518,LOC-G
88519,SCF-NP-1
88520,BIRD
88522,SCF-NP-1
88523,[RAMP]
88524,BIRD
88525,BIRD
88526,SCF-NP-1
88526,SCF-PP-2
88527,SCF-NP-1
88528,MAC-1
88529,MAC-1
88530,MAC-1
88531,SCF-NP-1
88532,OTHR-1
88533,LOC-I
88534,SCF-NP-1
88535,SCF-NP-1
88536,SCF-NP-1
88537,BIRD
88538,BIRD
88539,RI
88541,RE-2
88542,SCF-PP-2
88543,ARC-3
88544,SCF-PP-2
88545,SCF-NP-1
88546,SCF-PP-2
88547,BIRD
88548,RE-2
88549,ARC-3
88549,SCF-PP-2
88552,RE-2
88553,SCF-NP-1
88554,RE-2
88555,BIRD
88556,BIRD
88557,SCF-NP-1
88558,LALT
88558,LOC-I
88559,LALT
88559,LOC-I
88561,ADRM
88562,SCF-NP-1
88565,BIRD
88566,RE-2
88568,SCF-NP-1
88569,LOC-I
88570,SCF-PP-2
88572,SCF-NP-1
88573,RE-2
88574,SCF-PP-2
88575,SCF-PP-2
88576,SCF-PP-2
88577,MAC-1
88578,LOC-I
88579,WILD
88579,RE-2
88579,LOC-G
88581,SCF-NP-1
88582,SCF-PP-2
88584,SCF-NP-1
88585,SCF-NP-1
88587,SCF-NP-1
88591,SCF-NP-1
88592,SCF-PP-2
88593,SCF-PP-2
88594,SCF-NP-1
88595,F-NI-4
88596,SCF-NP-1
88597,SCF-NP-1
88598,BIRD
88599,BIRD
88600,BIRD
88601,BIRD
88602,BIRD
88603,BIRD
88604,MAC-1
88606,LOC-I
88608,ATM/CNS
88608,MAC-1
88609,CFIT
88610,SCF-NP-1
88611,SCF-PP-2
88612,BIRD
88613,SCF-PP-2
88614,SCF-NP-1
88616,BIRD
88617,SCF-PP-2
88618,SCF-NP-1
88619,SCF-NP-1
88620,SCF-PP-2
88621,OTHR-1
88622,ADRM
88622,WILD
88622,RE-2
88623,SCF-NP-1
88624,BIRD
88625,MAC-1
88626,MAC-1
88628,SCF-NP-1
88629,BIRD
88630,BIRD
88631,BIRD
88633,RI
88634,BIRD
88635,CTOL
88635,RE-2
88636,SCF-NP-1
88638,SCF-NP-1
88639,FUEL
88640,BIRD
88641,SCF-NP-1
88642,SCF-PP-2
88643,SCF-PP-2
88645,MAC-1
88646,SCF-NP-1
88647,SCF-NP-1
88648,SCF-NP-1
88649,BIRD
88650,SCF-NP-1
88651,BIRD
88652,SCF-NP-1
88653,BIRD
88655,BIRD
88656,BIRD
88657,ADRM
88659,ARC-3
88659,RE-2
88660,LOC-I
88661,MAC-1
88662,OTHR-1
88664,SCF-NP-1
88665,WSTRW
88666,F-NI-4
88667,RI
88668,LOC-G
88669,MAC-1
88670,MAC-1
88671,SCF-NP-1
88672,SCF-PP-2
88673,SCF-NP-1
88674,SCF-NP-1
88675,BIRD
88676,BIRD
88677,BIRD
88678,BIRD
88679,BIRD
88680,[RAMP]
88681,SCF-NP-1
88682,SCF-PP-2
88683,[RAMP]
88684,SCF-NP-1
88685,BIRD
88686,WSTRW
88687,SCF-NP-1
88688,LOC-G
88689,RE-2
88690,LOC-I
88691,SCF-NP-1
88692,SCF-NP-1
88693,SCF-NP-1
88694,SCF-PP-2
88695,SCF-PP-2
88696,SCF-NP-1
88697,SCF-NP-1
88698,F-NI-4
88699,BIRD
88700,SCF-NP-1
88701,SCF-PP-2
88702,BIRD
88703,LALT
88704,OTHR-1
88705,SCF-NP-1
88706,BIRD
88707,SCF-NP-1
88708,SCF-NP-1
88709,SCF-NP-1
88710,LOC-I
88712,MAC-1
88714,RI
88715,RI
88716,MAC-1
88717,MAC-1
88718,MAC-1
88719,MAC-1
88720,SCF-NP-1
88722,SCF-NP-1
88723,OTHR-1
88724,MAC-1
88725,BIRD
88726,BIRD
88727,BIRD
88728,BIRD
88729,BIRD
88730,BIRD
88731,BIRD
88732,BIRD
88733,ATM/CNS
88734,SCF-NP-1
88736,MAC-1
88737,UNK
88737,TURB
88738,SCF-PP-2
88739,BIRD
88740,SCF-NP-1
88741,BIRD
88742,SCF-NP-1
88743,BIRD
88744,SCF-NP-1
88746,SCF-NP-1
88747,SCF-NP-1
88749,SCF-NP-1
88750,SCF-NP-1
88754,SCF-NP-1
88755,CTOL
88756,SCF-PP-2
88757,SCF-PP-2
88758,FUEL
88758,RI
88759,SCF-NP-1
88760,GCOL
88761,MAC-1
88762,SCF-PP-2
88764,CTOL
88765,ATM/CNS
88765,MAC-1
88766,CTOL
88767,CFIT
88768,SCF-PP-2
88769,RE-2
88783,BIRD
88794,SCF-NP-1
88804,[RAMP]
88808,SCF-NP-1
