recomendacao_numero,recomendacao_conteudo
001/A/08,"Divulgar o aprendizado da presente investigacao como forma de orientar e alertar os operadores de aeronaves existentes em sua area de jurisdicao por ocasiao de eventos, simposios ou encontros de aviacao, no sentido de evitar que novos acidentes venham a ocorrer pelos mesmos fatores contribuintes."
001/D/11,"Adotar uma metodologia, com base cientifica, de medicao e avaliacao do nivel de *contaminacao de pista de pouso e decolagem*, tendo como referencia os parametros estabelecidos no Anexo 14 da OACI e no RBAC 154 (Regulamento Brasileiro de Aviacao Civil)."
001/D/12,"Incluir no Normal Procedures Checklist do L410 UVP-E20, nos procedimentos previstos para o After Takeoff, um ou mais itens determinado o desligamento do water injection antes da reducao das manetes de potencia, informando as atualizacoes aos operadores."
002/A/09_SERIPA_5,"De imediato, divulgar os ensinamentos deste acidente a todos os seus instrutores e alunos de AB-115, como forma de elevar o nivel de consciencia situacional de seus tripulantes."
002/D/11,Definir a responsabilidade pela aplicacao da metodologia a ser adotada na medicao e avaliacao do nivel de contaminacao de pista.
002/D/12,"Incluir no AFM do L410 UVP-E20 Flight Manual, Section 4, Normal Procedures, o alerta previsto no Operation Manual Turboprop Engine - Models Walter M601E - Walter M601E-21, Manual Part No 0982404 page 2-6, informando as atualizacoes aos operadores."
003/D/11,"Definir a responsabilidade e o processo de comunicacao aos Orgaos de Controle de Trafego Aereo para as situacoes de contaminacao de pista, a fim de que a informacao seja transmitida as tripulacoes de maneira imediata."
003/D/12,"Incluir no AFM do L410 UVP-E20 Flight Manual, Section 7, Systems of Airplane,  o alerta previsto no Operation Manual Turboprop Engine - Models Walter M601E - Walter M601E-21, Manual Part No 0982404 page 2-6, informando as atualizacoes aos operadores."
004/D/11,"Rever a letra *e* do item G.5, no corpo do apendice G do RBAC 154, emitido em 11 de maio de 2009, no que diz respeito a *improbabilidade*  da ocorrencia do fenomeno no Brasil."
004/D/12,"Verificar se o Operation Manual Turboprop Engine - Models Walter M601E - Walter M601E-21, Manual Part No 0982404 page 2-6 fez parte dos documentos previstos quando do processo de validacao de certificacao do LET 410 E e de seus motores."
005/A/08,"Estudar, em coordenacao com a ANAC, a viabilidade de estabelecer requisitos tecnicos junto as distribuidoras de combustivel de aviacao, voltados para a operacao de reabastecimento de aeronaves, contemplando aspectos como a qualificacao tecnica e as reciclagens periodicas de procedimentos para os reabastecedores, bem como da infra-estrutura utilizada neste tipo de atividade."
005/D/11,"Reforcar, atraves de mecanismos proprios, junto aos operadores brasileiros, junto aos operadores brasileiros que operam aeronaves com gravadores de dados de voo, a necessidade de desativar os respectivos equipamentos apos incidentes, incidentes graves e acidentes, com a finalidade de que nao sejam sobregravadas informacoes fundamentais para a investigacao dos eventos."
005/D/12,"Avaliar a necessidade de emissao de uma diretriz de aeronavegabilidade ou outro documento pertinente de maneira a assegurar que os operadores de Let 410 cumpram o previsto no Operation Manual Turboprop Engine - Models Walter M601E - Walter M601E-21, Manual Part No 0982404 page 2-6."
006/A/08,"Estabelecer, em coordenacao com a ANP e as distribuidoras de combustivel de aviacao, mecanismos visando incluir nas inspecoes aeroportuarias a verificacao de itens relacionados a lista de verificacoes e procedimentos dos reabastecedores, para certificacao do tipo e quantidade de combustivel a ser abastecido# bem como da infra-estrutura relacionada as atividades de reabastecimento (depositos de combustivel, caminhoes, cores dos bicos das mangueiras de abastecimento, placares e etc.)."
006/D/11,"Reforcar o treinamento periodico de suas tripulacoes tecnicas com informacoes sobre os limites estabelecidos pelo fabricante da aeronave operada pela empresa, no que diz respeito a operacao com vento de cauda e traves para decolagem e pouso, aos efeitos da contaminacao de pista, as consequencias de uma aquaplanagem e o gerenciamento do risco durante operacoes proximas aos paramentros de seguranca estabelecidos pela empresa."
006/D/12,"Revisar o AFM e demais documentos utilizados pelos operadores do LET 410 UVP E-20 tomando por referencia o previsto no Operation Manual Turboprop Engine - Models Walter M601E - Walter M601E-21, Manual Part No 0982404 page 2-6."
007/A/08,"Divulgar, de imediato, o conteudo desta DIVOP aos operadores de aeronaves da aviacao geral e aos operadores de aerodromos dotados de servico de reabastecimento de combustivel na sua area de atuacao."
007/C/09,"Enfatizar aos seus pilotos instrutores e alunos sobre a importancia do planejamento adequado dos voos. Ressaltar todas as variaveis e informacoes disponiveis sobre os aerodromos (saida, destino e alternativas) e da rota. Divulgar a importancia de sempre ser conservativo no que se refere a quantidade de combustivel."
007/D/11,"Reforcar, para suas tripulacoes tecnicas, a necessidade de se manter exatamente a Vap e a Vref recomendadas pelo fabricante, em funcao de cada tipo de configuracao e peso, quando na aproximacao para pouso."
007/D/12,"Avaliar a necessidade de se rever o processo de certificacao do LET 410 UVP E-20, com foco no estabelecido no Operation Manual Turboprop Engine - Models Walter M601E - Walter M601E-21, Manual Part No 0982404 page 2-6."
008/A/08,"Revisar as instrucoes especificas, previstas em listas de verificacoes e procedimentos padronizados, tais como: uso obrigatorio da referida lista, procedimentos visando a confirmacao junto a tripulacao da aeronave, no tocante ao tipo e quantidade de combustivel a ser abastecido e adequacao dos bicos de abastecimento de acordo com o tipo de combustivel a ser utilizado na aeronave (formatos, cores e placares)."
008/D/11,"Enfatizar, para suas tripulacoes tecnicas, a necessidade do cumprimento fiel do que esta estabelecido no Manual Geral de Operacoes (MGO) da empresa, aprovado pela ANAC."
008/D/12,"Reavaliar e incrementar acoes efetivas de fiscalizacao para evitar que pilotos, com CHT e CCF vencidos, exercam a atividade aerea com funcao a bordo, contrariando o que esta previsto na legislacao atualizada e vigente que regula a aviacao civil brasileira."
009/A/08,"Alertar aos Comandantes a necessidade de acompanhar o abastecimento e seguir fielmente o que preconiza os Manuais do fabricante da aeronave e do motor, bem como as Especificacoes de Aeronave brasileira, mencionados acima, quanto ao combustivel a ser utilizado."
009/D/11,"Reforcar a instrucao para as suas tripulacoes tecnicas, visando a uma padronizacao e uniformizacao dos callouts utilizados durante as aproximacoes para pouso."
009/D/12,"Reavaliar e incrementar acoes efetivas de fiscalizacao para evitar que pilotos, nao habilitados, exercam a atividade aerea com funcao a bordo, contrariando o que esta previsto na legislacao atualizada e vigente que regula a aviacao civil brasileira."
010/A/07,"Assegurar a real eficacia da instrucao teorica, considerando: a viabilidade da adocao de sistemas de treinamento que utilizam o computador (CBT) como ferramenta de base para o aprendizado# e a necessidade de se estabelecer mecanismos para o melhor acompanhamento e a avaliacao do metodo de ensino aplicado nesta fase."
010/D/08,Que alerte seus pilotos para as vantagens de nao se assumir riscos desnecessarios. No voo em que ocorreu o acidente nao era necessario voar a baixissima altura ao ponto de viabilizar a colisao contra uma arvore.
010/D/11,"Reforcar a instrucao para as suas tripulacoes tecnicas, visando deixar claro o conceito de *aproximacao estabilizada*."
010/D/12,Reavaliar o Plano de Emergencia do aerodromo de Aracatuba (SBAU).
011/A/07,"Reavaliar os requisitos estabelecidos para a formacao e a reciclagem dos tripulantes tecnicos do segmento da aviacao regido pelo RBHA 121, notadamente quanto a grade curricular e a carga horaria, buscando melhor adequa-los as reais necessidades observadas junto aos operadores."
011/D/08,"Que reporte todas as ocorrencias com suas aeronaves, de forma a permitir que, com vistas a prevencao de acidentes, o processo de investigacao seja conduzido oportuna e adequadamente."
011/D/12,"Promover a atualizacao dos Planos de Emergencia do aerodromo de Aracatuba (SBAU), estabelecendo a periodicidade minima para a realizacao de exercicios de treinamento, de forma a reduzir o tempo de restabelecimento da normalidade nas operacoes aereas, quando das ocorrencias que interditem a pista."
012/A/08,"Realizar auditoria interna em todos os processos conduzidos no ambito da empresa, relacionados a operacao, treinamento e manutencao, visando ao levantamento de nao conformidades quanto a regulamentacao vigente, bem como, a afericao da eficacia dos mesmos."
012/D/12,"Realizar uma verificacao nas demais aeronaves da frota, quanto ao estado de limpeza dos tanques, filtros e bombas de combustivel."
013/A/08,"Reavaliar o seu Programa de Treinamento, buscando adequa-lo as reais necessidades da operacao e considerando: a necessidade de um melhor acompanhamento das condicoes tecnico-operacionais dos tripulantes# a adequacao da carga horaria atualmente adotada# e a eficacia da metodologia empregada no treinamento teorico."
013/C/20,"Divulgar, num prazo de seis meses, o aprendizado da presente investigacao como forma de orientar e alertar os inspetores e mecanicos das empresas de manutencao existentes em sua area de jurisdicao quanto a necessidade de consultar as publicacoes tecnicas durante a execucao de servicos de manutencao."
013/D/08,"Reforcar aos pilotos da companhia os riscos resultantes de aproximacoes nao estabilizadas, incentivando-os a executar o procedimento de arremetida no ar em tais situacoes."
013/D/12,"Estudar a possibilidade de aplicacao de aditivos capazes de deter o crescimento das colonias e tambem faze-las regredir, eliminando os microorganismos e tornando o tanque novamente esteril, em funcao do clima da regiao de operacao."
014/A/08,"Aperfeicoar os processos de acompanhamento e desempenho de tripulantes ao longo de sua vida operacional na empresa, desde o inicio da instrucao, de modo a permitir a oportuna correcao de desvios operacionais."
014/C/20,"Alertar as empresas de manutencao em motores Textron Lycoming existentes em sua area de jurisdicao, quanto a importancia da supervisao dos servicos e da necessidade de executar a montagem dos contrapesos do eixo de manivela de acordo com o previsto na Service Instruction nº. 1012F."
014/D/11,"Determinar as empresas operadoras de aeronaves ATR-72 e ATR-42, a inspecao de todos os AFT PIVOT PIN de suas aeronaves ATR-72 e ATR-42 que tenham sofrido overhaul na empresa AV Industria Aeronautica LTDA (CHE 9507-02/ANAC), a fim de verificar a possibilidade de existencia de trincas e imperfeicoes que possam levar a ocorrencia de fadiga."
014/D/12,"Realizar controle dos fornecedores de combustivel, exigindo testes de deteccao de agua antes de todos os abastecimentos."
015/2012,"Rever as autorizacoes contidas nas Especificacoes Operativas da empresa Oceanair Taxi-Aereo Ltda., de forma a adequar as autorizacoes emitidas a area de operacao autorizada e a complexidade das aeronaves da frota, incluindo a utilizacao de Listas de Equipamentos Minimos (MEL)."
015/B/08,"Estabelecer processos de treinamento diferenciados para a formacao e a reciclagens de pilotos, tomando por base o acompanhamento de desempenho de tripulantes mencionado na RSV (A) 14/A/08 - CENIPA."
015/D/11,"Realizar uma inspecao na empresa AV Industria Aeronautica LTDA (CHE 9507-02/ANAC), a fim de verificar a conformidade dos servicos de manutencao realizados nos overhaul dos AFT PIVOT PIN das aeronaves ATR-72 e ATR-42 com os requisitos previstos."
016/2012,"Reavaliar a aceitacao do conteudo do MGO da Oceanair Taxi-Aereo Ltda., com a finalidade de adequa-lo aos requisitos estabelecidos no RBAC 135, quanto as atribuicoes do responsavel pelo setor de manutencao referentes a supervisao e analise dos registros de manutencao."
016/A/08,"Unificar a gestao dos treinamentos teoricos e praticos dos tripulantes, com a finalidade de proporcionar maior controle da qualidade na formacao e nas reciclagens."
017/2012,"Reavaliar a aceitacao do conteudo do MGO da Oceanair Taxi Aereo Ltda., com a finalidade de adequa-lo aos requisitos estabelecidos no RBAC 135, quanto a utilizacao de manuais na lingua inglesa e, nesses casos, quanto a proficiencia exigida para mecanicos e pilotos."
017/A/08,"Estabelecer mecanismos que assegurem a padronizacao dos Instrutores de Voo, com a finalidade de aprimorar os treinamentos, de melhorar a aderencia aos procedimentos operacionais previstos e de proporcionar familiarizacao e experiencia para o instrutor na operacao da aeronave no assento da direita."
017/D/09,"Estudar a conveniencia de que a Subparte K do RBHA 91 seja aplicavel em funcao das caracteristicas operacionais de um determinado operador, e nao somente pelo mesmo pertencer ou nao a Administracao Publica Direta."
017/D/11,"Realizar gestao, junto ao fabricante Eurocopter/Helibras, sobre a viabilidade de incorporar no Master Servicing Manual do EC135, o Alert Service Bulletin nº. 65A-004, bem como estudar a viabilidade de diminuir a periodicidade de inspecao nos rolamentos do eixo de acionamento do rotor de cauda."
018/2012,"Supervisionar a empresa Oceanair Taxi-Aereo Ltda. quanto ao desenvolvimento e implantacao dos procedimentos especiais previstos em seu MGO e outros procedimentos especificos (SOP), necessarios para elevar o nivel de padronizacao, de forma que os pilotos da empresa elevem o desempenho no gerenciamento dos recursos de cabine."
018/A/08,"Criar mecanismos de incentivo que proporcionem motivacao para os Instrutores de Voo, bem como o reconhecimento da importancia desta funcao."
018/A/09,"Divulgar este Relatorio Final aos operadores que desempenham atividade aerea para-publica, realcando a importancia de um programa de treinamento adequado que abranja os diversos tipos de voo realizados pela organizacao."
018/D/11,Promover a divulgacao dos ensinamentos do incidente aos tripulantes tecnicos com a finalidade de mitigar a possibilidade da reincidencia deste tipo de ocorrencia.
019/2010,Reciclar-se quanto aos procedimentos de drenagem de combustivel da aeronave C-210H.
019/2012,"Avaliar o conteudo do treinamento ministrado aos tripulantes da Oceanair Taxi-Aereo Ltda., de forma a estimular a referida empresa a adotar acoes para torna-lo eficaz."
019/A/08,"Estabelecer criterios para que a ocupacao do assento da direita das cabines de comando das aeronaves seja limitada a: co-pilotos# instrutores# ou comandantes em curso de formacao de instrutor. MODIFICACAO DA RECOMENDACAO DE SEGURANCA Por solicitacao do destinatario da Recomendacao de Seguranca e acatamento do CENIPA, o seguinte texto passou a vigorar: ""Estabelecer criterios para que a ocupacao do assento da direita das cabines de comando das aeronaves seja limitada a: copilotos, instrutores, examinadores credenciados e comandantes em curso de formacao de instrutor. Fica autorizada, tambem a ocupacao o assento da direita das cabines de comando das aeronaves por comandantes que componham tripulacoes de revezamento ou compostas, durante a fase de cruzeiro."""
019/D/09,"Confeccionar Tabelas de Desempenho do EMB-202, IPANEMA, para a configuracao agricola, conforme previsto no Manual de Operacao, Secao 05, Figuras 5-4, 5-6, 5-7, 5-10 e 5-11, especialmente pelo fato de que a referida configuracao e a mais utilizada na operacao, bem como para um melhor planejamento do emprego da aeronave por seus operadores."
019/D/11,"Reavaliar os procedimentos na rotina operacional dos tripulantes tecnicos no que diz respeito aos procedimentos apos pouso e consulta as cartas de aerodromo (ADC) que orientam o taxi seguro de suas aeronaves em direcao aos patios de estacionamento, mitigando, desta maneira, qualquer possibilidade de uma incursao em pista."
020/2010,Reciclar-se em relacao a todos os cheques previstos para procedimentos de emergencia descritos no checklist da aeronave.
020/2012,"Realizar estudo visando a uma possivel inclusao de requisito na secao RBAC 135.63, particularmente aplicavel aos operadores com maior complexidade, que determine a conservacao, em um periodo de no minimo tres anos, dos registros das fichas de avaliacao dos treinamentos de solo, em simulador de voo e na aeronave, a fim de que o setor de operacoes possa proceder a analise e ao acompanhamento do nivel de proficiencia dos pilotos."
020/B/08,"Reestruturar a instrucao de CRM, com a finalidade de elevar a percepcao quanto a influencia da cultura organizacional no desempenho do tripulante e de te-la como um elemento permanentemente favoravel para a seguranca das operacoes."
020/D/11,Reavaliar se a sinalizacao vertical de orientacao das aeronaves existente no sistema 10/28 de SBGL esta atendendo os minimos de seguranca previstos no capitulo 5 do anexo 14 da OACI.
021/2010,Realizar intervencoes de manutencao na aeronave sempre que algum dos seus parametros estiverem fora do previsto.
021/2012,"Realizar auditoria especial na empresa Target Aviacao Ltda. a fim de verificar a adequacao dos meios e dos procedimentos de manutencao empregados na manutencao de componentes aeronauticos e de aeronaves, em conformidade com a regulamentacao em vigor."
021/A/08,"Estabelecer processos sistematizados para a supervisao das atividades de treinamento, tecnico-operacionais e de manutencao, nos diferentes niveis gerenciais, buscando a atuacao coordenada dos diversos setores da empresa em proveito da seguranca nas operacoes."
021/D/11,"Incrementar as medidas de fiscalizacao as empresas aeroagricolas, com vistas a coibir a contratacao de pilotos nao habilitados a voar nesse segmento de aviacao."
022/2010,Reciclar-se com relacao ao RBHA 91.
022/2012,"Realizar auditoria especial na empresa Lanceair Comercio e Servicos Aeronauticos Ltda., a fim de verificar a adequacao dos meios e dos procedimentos de manutencao empregados na manutencao de componentes aeronauticos, em conformidade com a regulamentacao em vigor."
022/A/08,"Reestruturar as atividades de prevencao conduzidas pelo setor de seguranca de voo (SAFETY), considerando a possibilidade de contar, nos demais setores da empresa, com elementos credenciados pelo SIPAER, de modo a aumentar a capilaridade daquele setor (SAFETY) e, consequentemente, aprimorar a mentalidade de seguranca na empresa e aumentar a eficacia da prevencao."
022/D/08,"Reforcar aos pilotos em sua area de jurisdicao os riscos resultantes de aproximacoes nao estabilizadas, incentivando-os a executar o procedimento de arremetida em tais situacoes."
022/D/11,"Realizar auditoria de acompanhamento operacional na empresa Aeroagricola Boa Safra Ltda., com a finalidade de verificar a conformidade dos procedimentos operacionais, de treinamento e de manutencao aos requisitos minimos de seguranca estabelecidos na legislacao aeronautica."
023/2011,"Revisar os requisitos de instrucao de peso e balanceamento para a Licenca de Piloto Privado, a fim de assegurar-se de que eles atinjam o conhecimento necessario a operacao segura de aeronaves."
023/2012,"Proceder a revisao das atribuicoes do responsavel pelo setor de manutencao da empresa, estabelecidas no MGO, com a finalidade de conferir-lhe a responsabilidade pela analise dos registros de manutencao, conforme estabelecido no RBAC 135."
023/A/08,"Criar programas para a divulgacao de ensinamentos colhidos em investigacoes de seguranca operacional (oriundos de acidentes, de incidentes com elevado grau de risco, relatorios de prevencao, etc) que adotem praticas que nao se restrinjam a utilizacao de correio eletronico, mas que favorecam o envolvimento pessoal dos funcionarios do setor de seguranca de voo (SAFETY) e demais funcionarios."
024/2011,"Inspecionar a CFA Escola de Aviacao Civil, a fim de verificar se a instrucao de Peso e Balanceamento ministrada no Curso de Piloto Privado esta em conformidade com os requisitos aplicaveis."
024/2012,Adotar medidas para assegurar que o pessoal que utiliza os manuais da empresa seja proficiente na leitura e compreensao do(s) idioma(s) utilizados.
024/B/08,"Estabelecer processos sistematizados que permitam, ao setor de prevencao da empresa (SAFETY) o adequado gerenciamento dos riscos associados as atividades operacionais, nestes incluidos os impactos decorrentes de decisoes adminstrativas, em conformidade com os preceitos difundidos pela OACI referentes ao SMS (Safety Management System)."
025/2011,"Revisar os procedimentos de verificacao de proficiencia (recheques) de pilotos da Aviacao Geral, a fim de certificar-se de que os procedimentos para operacao em aerodromos desprovidos de Orgao de Controle de Trafego Aereo, a recuperacao de atitudes anormais e a realizacao de arremetidas no ar sejam adequadamente avaliados."
025/2012,"Desenvolver Listas de Equipamentos Minimos (MEL) para os modelos de aeronaves de sua frota, para assegurar a continuidade das operacoes em condicoes de riscos aceitaveis, nos casos de panes de instrumentos ou de equipamentos."
025/A/08,"Aperfeicoar os criterios e as praticas para a divulgacao de mudancas de procedimenotos operacionais, buscando-se assegurar da atualizacao de todos os tripulantes, fomentar seus comprometimentos e permitir uma maior interacao entre estes e o setor de operacoes."
026/2011,Criar um mecanismo permanente de orientacao aos pilotos da Aviacao Geral alertando sobre os efeitos da fadiga na atividade aerea.
026/2012,"Desenvolver o Manual de Procedimentos Especiais (MPE) previsto em seu MGO e demais procedimentos especificos (SOP), necessarios para elevar o nivel de padronizacao, de forma a atingir uma melhor atuacao no gerenciamento dos recursos de cabine."
026/A/08,"Reafirmar, junto aos seus tripulantes, a politica da empresa quanto a adocao de arremetidas como ferramentas de prevencao, de modo a torna-la mais clara e expressa, e a evitar eventuais desvios que comprometam a seguranca operacional."
027/2011,Criar um mecanismo permanente de orientacao aos pilotos da Aviacao Geral alertando sobre os efeitos da falta de continuidade na atividade aerea sobre o desempenho do piloto.
027/2012,Adotar procedimentos com a finalidade de reduzir a possibilidade de outros ocupantes das aeronaves interferirem na atencao dos pilotos durante a execucao dos procedimentos nas diversas fases de voo.
027/C/08,"Avaliar a necessidade de reestruturar a disposicao dos textos contidos nos manuais da aeronave A-320, de modo a facilitar a agilizar o seu manuseio, sobretudo durante o voo."
027/D/10,Melhorar e aprimorar a supervisao gerencial de seus pilotos no desempenho das atividades aereas.
028/2012,Definir perfis para contratacao de pilotos compativeis com o tipo de operacao desenvolvida pela empresa e com o nivel de treinamento a ser proporcionado.
028/C/08,"Aperfeicoar os seus mecanismos de acompanhamento, permitindo uma maior pro-atividade na identificacao de perigos e no gerenciamento dos riscos associados aos aspectos intervenientes a operacao das empresas regidas pelo RBHA 121."
028/D/10,"Garantir que seus pilotos estejam efetuando o lancamento das horas voadas, no diario de bordo, condizentes com a realidade do voo."
028/D/11,"1) Revisar os procedimentos de orientacao das aeronaves para estacionamento em SBMT, visando evitar a interpretacao incorreta dos sinais dos balizadores por parte dos pilotos, tendo em vista as particularidades do patio de estacionamento de aeronaves do aerodromo."
029/2012,"Avaliar possiveis lacunas instrucionais que possam ter contribuido para a ausencia de eficacia do treinamento ministrado, com o proposito de proporcionar o aperfeicoamento de habitos, habilidades, conhecimentos e atitudes que possibilitem desempenhar as atividades dentro dos padroes estabelecidos pela empresa."
029/D/10,Divulgar este relatorio aos seus pilotos e a todos os demais funcionarios da empresa envolvidos com a atividade aerea.
029/D/11,"2) Elaborar um programa de treinamento para os balizadores novos ou recem transferidos de outros aeroportos, de forma a familiariza-los com as particularidades das operacoes de aeronaves no patio de estacionamento de SBMT."
030/2008,"Implementar um controle adequado e confiavel para os procedimentos de lavagem de compressor de motor, realizando os lancamentos em caderneta propria e relacionando o motivo e tipo de lavagem."
030/2011,"Avaliar, em conjunto com o orgao de certificacao primaria do Learjet 35A, a viabilidade de determinar ao fabricante da aeronave que estabeleca os limites maximos de desbalanceamento de combustivel do Learjet 35A para as fases de decolagem e de cruzeiro, divulgando-os a todos os operadores em documentacao pertinente."
030/2012,"Enriquecer o conteudo do treinamento com procedimentos padronizados pela empresa, com a finalidade de elevar o nivel de padronizacao e o gerenciamento dos recursos de cabine."
030/D/10,"Divulgar este relatorio em palestras, seminarios, simposios e eventos congeneres."
031/2008,"Exigir o cumprimento das instrucoes previstas para os tripulantes e para o pessoal de apoio da empresa, de acordo com o Programa de Treinamento aprovado."
031/2011,"Avaliar, em conjunto com o orgao de certificacao primaria do Learjet 35A, a viabilidade de serem implantadas melhorias no painel de controle de combustivel, de forma que o mesmo apresente simultaneamente a quantidade existente em cada tanque, visando prover seguranca na leitura e na interpretacao feita pela tripulacao."
031/2012,Reforcar o treinamento de CRM e a padronizacao estabelecida nos procedimentos especificos.
031/D/10,"Por meio de sua Gerencia Geral de Certificacao de Produtos (GGCP), avaliar junto ao fabricante da aeronave, a necessidade de modificacao da trava do coletivo de todos os modelos de AS 365 PRE MOD 0767B65, substituindo-os pelo pos MOD 0767B65."
032/2008,"Realizar briefing aos passageiros antes do embarque de cada voo, esclarecendo e definindo os procedimentos normais e de emergencia a serem adotados tanto em voo como no solo."
032/2011,"Divulgar este Relatorio aos pilotos da aviacao geral, enfatizando a necessidade da realizacao do circuito de trafego padrao, da operacao em aerodromos registrados e homologados, bem como dos conceitos de aproximacao estabilizada."
032/2012,Estabelecer e prover meios para o acompanhamento e afericao do desempenho dos pilotos para promover um adequado gerenciamento das tripulacoes e retroalimentar o sistema de treinamento quanto a possiveis lacunas instrucionais existentes.
032/C/10,"Realizar uma Vistoria de Seguranca Operacional na empresa HELIBRAS, a fim de verificar as condicoes operacionais da organizacao, dando especial atencao ao cumprimento das Recomendacoes de Seguranca Operacional contidas neste relatorio."
033/2011,"Divulgar este Relatorio aos pilotos da aviacao geral, enfatizando a necessidade da realizacao do circuito de trafego padrao, da operacao em aerodromos registrados e homologados, bem como dos conceitos de aproximacao estabilizada."
033/2012,"Estabelecer e manter um sistema continuado de analise e supervisao da execucao e da eficiencia de seu programa de inspecoes e de seus programas de manutencao, manutencao preventiva, modificacoes e reparos, objetivando corrigir eventuais deficiencias desses programas, mesmo que eles sejam realizados por terceiros, conforme estabelecido em RBAC 135.431 (a)."
033/D/09,"Intensificar as atividades de avaliacao das empresas de servico aereo especializado agricola e de servico aereo privado agricola, principalmente na localidade de Balsas - MA, a fim de verificar a aeronavegabilidade das aeronaves envolvidas nos servicos de pulverizacao de plantacoes."
033/D/10,"Divulgar este Relatorio Final a todos os operadores de helicopteros e escolas de formacao de pilotos de helicopteros, enfatizando fatores contribuintes e os ensinamentos colhidos na presente investigacao."
034/2008,"Aplicar as atividades previstas no Programa de Prevencao de Acidentes Aeronauticos (PPAA) a todo o seu efetivo, supervisionando a sua execucao nos diversos niveis por meio de um Agente de Seguranca de Voo ou um Elemento Credenciado contratado, com atribuicoes exclusivas para a empresa."
034/2011,"Realizar uma auditoria no Aeroclube de Blumenau, visando verificar a conformidade da atividade aerea de instrucao desenvolvida com os requisitos aplicaveis."
034/D/09,"1.Realizar estudo para emitir regulamentacao especifica que defina os limites de jornada de trabalho do piloto agricola, em coordenacao com o Instituto de Fisiologia Aeroespacial (IFISAL), com o Sindicato Nacional dos Aeronautas (SNA), com o Sindicato Nacional de Empresas de Aviacao Agricola (SINDAG) e com o Ministerio do Trabalho (Secretaria de Relacoes do Trabalho), avaliando a adequabilidade dos limites previstos pela lei 7.183 (Art. 21). Deverao ser considerados os fatores de risco inerentes a este tipo de aviacao (voo a baixa altura, vibracao, ruido, exposicao a produtos quimicos, utilizacao de velocidades proximas a de estol, existencia de obstaculos na area de operacao, manobras com fator de carga etc)."
034/D/10,"Intensificar o acompanhamento das atividades aereas dos aeroclubes, concernente aos aspectos ligados a supervisao da instrucao ministrada, tais como cursos de padronizacao de instrutores, acompanhamento do desempenho de alunos, avaliacao de Instrutores de voo, etc., bem como fiscalizar o cumprimento das atividades e programas constantes do Plano de Prevencao de Acidentes Aeronauticos (PPAA)."
035/2008,"Divulgar o aprendizado da presente investigacao como forma de orientar e alertar as empresas operadoras de aeronaves de asas rotativas existentes em sua area de jurisdicao, por ocasiao de eventos, encontros de aviacao ou por meio de Divulgacao Operacional (DIVOP), no sentido de evitar que novos acidentes venham a ocorrer como consequencia dos mesmos fatores contribuintes."
035/2010,"Criar um mecanismo de seguranca operacional que determine aos pilotos, antes de cada voo, avaliar a influencia das condicoes ambientais (temperatura, altitude pressao e vento) no planejamento da decolagem."
035/2011,"Incrementar a fiscalizacao dos aeroclubes e escolas de aviacao, visando detectar e corrigir irregularidades no processo de instrucao aerea antes que venham a contribuir para a ocorrencia de acidentes aeronauticos."
035/A/07,"Avaliar o projeto das aeronaves EMB - 201A, no que se refere a operacao com o hopper abastecido parcialmente."
035/B/09,"1.Divulgar o conteudo deste Relatorio as empresas de servico aereo especializado agricola e de servico aereo privado agricola de suas respectivas areas de jurisdicao, a fim de disseminar os ensinamentos adquiridos nessa investigacao."
035/D/10,"Atualizar o modelo da ficha de avaliacao de desempenho contida no MMA 58-16, 01/07/1992, inserindo os seguintes campos: niveis de aprendizagem, codigo da missao, grau e comentarios do coordenador da instrucao, entre outros."
036/2010,"Implantar, de imediato, procedimentos especificos para acompanhamento das atividades realizadas pelo piloto agricola e pelo pessoal de apoio, no tocante ao planejamento do voo, a instalacao de biruta e ao reconhecimento terrestre."
036/2011,Realizar uma auditoria no Aeroclube de Porto Nacional a fim de verificar a conformidade dos servicos de manutencao com os requisitos aplicaveis.
036/A/07,Analisar a necessidade de modificar o sistema de amortecimento de liquidos no Hopper da aeronave EMB - 201A para minimizar os riscos de desaceleracoes longitudinais em operacoes com o Hopper parcialmente abastecido.
036/D/09,"1.Emitir e distribuir instrucoes sobre o requisito estabelecido pela Secao 135.431 do RBHA 135, com a finalidade de orientar tanto as empresas aereas que operam segundo o RBHA 135 quanto os Inspetores de Aviacao Civil, esclarecendo e apresentando metodos de implementacao de um Sistema de Analise e Supervisao Continuada."
037/2010,"Adotar, durante o curso de formacao de pilotos agricolas, conteudo relativo a consulta dos Manuais de Operacao, reforcando a importancia do uso dos graficos de desempenho das aeronaves."
037/2011,"Incrementar a fiscalizacao dos aeroclubes e escolas de aviacao, visando detectar e corrigir irregularidades no processo de manutencao das aeronaves antes que venham a contribuir para a ocorrencia de acidentes aeronauticos."
037/A/07,Solicitar o cadastro de area de pouso eventual junto a GER 5 antes do inicio das operacoes.
037/D/09,"2.Determinar que a Empresa Lider Taxi Aereo implemente um sistema de analise e supervisao continuada, em conformidade com o que estabelece a Secao 135.431 do RBHA 135, a fim de assegurar o monitoramento da eficacia e da execucao do programa de manutencao."
038/2010,"Divulgar os ensinamentos colhidos neste acidente em palestras e seminarios, especialmente os destinados a aviacao agricola, bem como emitir uma DIVOP aos SERIPA."
038/A/07,Contratar um ASV para buscar a elevacao do nivel de seguranca nas operacoes aereas.
038/A/09,"Criar mecanismos para gerenciar a capacidade operacional de seus tripulantes, visando adequar a experiencia do piloto a complexidade do voo que sera executado."
038/B/09,"1.Divulgar o conteudo deste Relatorio aos operadores de helicoptero e as empresas de manutencao de aeronaves de suas respectivas areas de jurisdicao, a fim de elevar o nivel de alerta das tripulacoes perante situacoes anormais, bem como dos mantenedores para a correta execucao dos cartoes de inspecao."
039/A/09,Implantar uma metodologia de Gerenciamento do Risco no planejamento de missoes.
039/D/09,"1.Estudar a viabilidade de se emitir uma Diretriz de Aeronavegabilidade, em conformidade com o RBHA 39, para a aeronave de modelo S-76A, fabricada pela Sikorsky Aircraft Corporation, de CHT nº 7906, de 10 AGO 1979, e de ER nº 7906-05, de 28 OUT 2008, emitidos pela ANAC, determinando o cumprimento do ASB 76-66-48 da Sikorsky Aircraft                       Corporation, datado de 11 SET 2007, que estabelece a necessidade de incorporar um kit de modificacao para prevenir falha do *electrical-hydraulic rotor brake system*, que pode simultaneamente incapacitar o acendimento da *RTR BRK WRN light* no *central warning panel*,  bem como  o retorno automatico de pressao atraves da *dump valve*."
040/2008,"Divulgar, atraves de Divulgacao Operacional (DIVOP), a importancia do planejamento adequado dos voos, principalmente no que se refere as variaveis que possam interferir na autonomia da aeronave."
040/A/09,"Incluir no PPAA, aulas sobre aerodinamica para helicopteros, caracteristicas da operacao de helicopteros em terreno nao preparado, operacao do helicoptero em voo noturno, operacao do helicoptero em voo por instrumentos, entre outros temas julgados necessarios, visando aumentar a cultura aeronautica a fim de, facilitar as tomadas de decisao pelos pilotos."
040/D/09,"2.Determinar aos operadores brasileiros de aeronave de modelo S-76A, ER nº 7906-05, fabricada pela Sikorsky Aircraft Corporation, que estejam equipadas com o *electrical-hydraulic rotor brake system*, a desativacao desse sistema, de acordo com Manual de Manutencao SA 4047-76-2, ATA 66-50-00, pagina 206, data de revisao 15 FEV 1986, ate a incorporacao do ASB 76-66-48 da Sikorsky Aircraft Corporation, datado de 11 SET 2007."
040/D/10,"Instruir aos seus pilotos de aeronave IPANEMA sobre a utilizacao de a bomba eletrica auxiliar de combustivel conforme preconizado no manual de operacao da aeronave, ou seja, ligada nas decolagens, nos pousos e durante as operacoes agricolas."
041/2008,"Ministrar aula sobre as principais falhas que podem levar a ocorrencia de erros de planejamento, especificamente no que se refere a quantidade de combustivel alocado para o voo, utilizando-se dos exemplos colhidos nos Relatorios Finais de acidentes desse tipo, disponiveis no site do CENIPA (www.cenipa.aer.mil.br)."
041/A/09,Divulgar o conteudo deste relatorio aos tripulantes da empresa.
041/D/09,"3.Implantar um processo eficaz de emissao, controle e revisao das Especificacoes Operativas de cada empresa de transporte aereo publico, evitando que uma mesma aeronave conste em Especificacoes Operativas de duas ou mais empresas."
041/D/10,"Divulgar os ensinamentos colhidos com a presente investigacao em seminarios, cursos e eventos congeneres, principalmente quando envolver operadores de aeronaves agricolas."
042/2010,"Caso os limites de peso e balanceamento permitam, recomenda-se que mantenha os tanques de combustivel de sua aeronave sempre cheios entre voos, quando nao estiver operando continuamente, como forma de minimizar a possibilidade de formacao e condensacao do vapor de agua."
042/2012,"Orientar os pilotos, com base nos ensinamentos colhidos na presente investigacao, quanto ao adequado reconhecimento (por terra) da area utilizada para as operacoes aeroagricolas, buscando se certificarem da localizacao precisa dos obstaculos e visando elevar a seguranca de voo."
042/A/07,"Divulgar os ensinamentos colhidos neste acidente, atraves de uma aula para todos os seus tripulantes, enfatizando a correta utilizacao do check-list, em todas as fases do voo, destacando a manutencao da consciencia situacional, independente do tipo de voo que esta sendo realizado."
042/A/09,"Reavaliar o conteudo e a forma de aplicacao de seu programa de treinamento, submetendo-o a apreciacao da autoridade aeronautica, com vista a eliminar as falhas de aplicacao de comandos, julgamento, e as eventuais falhas em processos de instrucao."
042/B/08,"Alertar os instrutores e alunos pilotos sobre os riscos de operar aeronaves consideradas simples, sem que se tenha dominio das informacoes basicas de planejamento, como consumo, autonomia, peso maximo de decolagem e balanceamento de combustivel."
042/D/09,"1.Estudar a viabilidade de se emitir uma Diretriz de Aeronavegabilidade, em conformidade com o FAR 39, para a aeronave de modelo S-76A, fabricada pela Sikorsky Aircraft Corporation, TCDS nº H1NE, editado pela FAA, determinando o cumprimento do ASB 76-66-48 da Sikorsky Aircraft Corporation, de 11 SET 2007, que estabelece a necessidade de incorporar um kit de modificacao para prevenir falha do *electrical-hydraulic rotor brake system*, que pode simultaneamente incapacitar o acendimento da *RTR BRK WRN light* no *central warning panel*,  bem como  o retorno automatico de pressao atraves da *dump valve*."
042/D/10,"Realizar auditoria tecnica especial na Empresa Matogrossense de Avioes (EMA), a fim de esclarecer as condicoes de realizacao da ultima Inspecao Anual de Manutencao na aeronave acidentada, bem a conversao do motor para alcool."
043/2012,"Adotar mecanismos visando aperfeicoar sua Supervisao Gerencial, no ambito operacional, buscando se certificar do efetivo acompanhamento do planejamento e execucao dos voos."
043/A/09,Realizar Auditoria de Seguranca Operacional na Nordeste Taxi Aereo de Helicopteros Ltda.
043/B/07,"Efetuar Vistoria de Seguranca de Voo na CEARA TAXI AEREO, observando o cumprimento das RSV emitidas aquela empresa."
043/B/08,"Realizar um Seminario de Seguranca de Voo na Regiao de Barreiras, BA, a fim de orientar os operadores e pilotos sobre os ensinamentos colhidos neste e em outros acidentes da regiao."
043/D/09,"2.Determinar aos operadores de aeronave de modelo S-76A, TCDS nº H1NE, fabricada pela Sikorsky Aircraft Corporation, que estejam equipadas com o *electrical-hydraulic rotor brake system*, a desativacao desse sistema, de acordo com Manual de Manutencao SA 4047-76-2, ATA 66-50-00, pagina 206, data de revisao 15 FEV 1986, ate a incorporacao do ASB 76-66-48 da Sikorsky Aircraft Corporation, de 11 SET 2007."
043/D/10,"""      Analisar a possibilidade e a viabilidade de acrescentar no curriculo minimo do Curso de Formacao dos Pilotos Agricolas, baseada na MCA 58-17, disciplina Aeronaves Agricolas, unidade Aeronaves Agricolas - Aviao, subunidade.         Desempenho Operacional, informacoes referentes a variacao do desempenho dos avioes agricolas movidos a motores a pistao e turbo-helices, com helices de passo variavel e fixo, em relacao a altitude, pressao atmosferica, temperatura ambiente, peso da aeronave, carga """"G"""" e inclinacao lateral."""
044/2012,"Orientar os operadores da aviacao agricola para que alertem os pilotos, com base nos ensinamentos colhidos na presente investigacao, quanto ao adequado reconhecimento (por terra) da area utilizada para as operacoes aeroagricolas, buscando se certificarem da localizacao precisa dos obstaculos e visando elevar a seguranca de voo."
044/A/07,"Divulgar, na area de sua jurisdicao, atraves de seminarios, palestras e vistorias, o conteudo do presente Relatorio e seus ensinamentos aos tripulantes, pessoal de apoio e diretores das Empresas de Taxi Aereo."
044/B/09,"Divulgar o conteudo deste Relatorio aos operadores e as empresas de manutencao da aeronave S-76A de suas respectivas areas de jurisdicao, orientando para a necessidade de desativacao do  *electrical-hydraulic rotor brake system*,  de acordo com Manual de Manutencao SA 4047-76-2, ATA 66-50-00, pagina 206, data de revisao 15 FEV 1986, ate a incorporacao do ASB 76-66-48 da Sikorsky Aircraft Corporation, de 11 SET 2007 (acoes pertinentes as aeronaves S-76A equipadas com *electrical-hydraulic rotor brake system*)."
044/D/10,"""       Analisar a possibilidade e a viabilidade de acrescentar, no curriculo minimo do Curso de Formacao dos Pilotos Agricolas, instrucao teorica e pratica de recuperacao de situacoes de pre-estol/estol em curvas de reversao (""""balao"""")."""
045/2012,"Orientar os operadores da aviacao agricola para que revejam os processos relacionados a Supervisao Gerencial, no ambito operacional, buscando se certificar do efetivo e adequado acompanhamento do planejamento e execucao dos seus voos."
045/A/07,"O CENIPA recomenda que se restrinja, de imediato, a operacao da pista 17R/35L (Pista Principal) do Aeroporto de Congonhas (SBSP) a condicao de *pista seca*."
045/D/09,"1.Intensificar a implantacao da Certificacao de Aeroportos a nivel nacional, para que os aeroportos enquadrados no estabelecido pelo RBHA 139 tenham um Manual de Operacoes do Aeroporto (MOA) aprovado, de forma a elevar o nivel de seguranca operacional desses aeroportos."
045/D/10,"Avaliar junto a Direccion Nacional de Aeronavegabilidad (DNA), da Argentina, atual autoridade do Estado de Projeto e autoridade responsavel pela aeronavegabilidade continuada e da LAVIA Argentina S.A., detentora do Certificado de Tipo, a exequibilidade de elaboracao de um suplemento ao Manual do Proprietario da aeronave PA-25, contemplando os limites de manobras e abrangendo as velocidades de estol em diferentes configuracoes, pesos, altitudes e inclinacoes, assim como estudar a aplicacao de medidas complementares (insercao de placar na cabine do piloto) e outras medidas alternativas de prevencao."
046/2012,"Adotar mecanismos de divulgacao dos ensinamentos colhidos na presente investigacao, aos operadores da aviacao agricola, alertando-os quanto aos riscos decorrentes da nao observacao dos perfis dos procedimentos de reposicionamento para nova passagem, durante os voos de aplicacao agricola."
046/A/07,"Considerar como PRATICAVEIS as pistas 17R/35L (principal) e 17L/35R (auxiliar) do Aeroporto de Congonhas (SBSP), somente quando suas caracteristicas superficiais, atenderem os requisitos de resistencia a derrapagem previstos na Instrucao de Aviacao Civil - IAC 4302, de 28 MAIO 2001, observando-se a Recomendacao de Seguranca de Voo - RSV (A) 45/A/07 - CENIPA, emitida em 21/07/2007."
046/A/08,Adotar procedimentos para impedir a participacao de mecanicos nao habilitados na execucao dos servicos de manutencao da oficina.
046/D/09,"2.Realizar, periodicamente, inspecao em todos os aerodromos publicos brasileiros, identificando os perigos a seguranca das operacoes aereas, decorrentes da existencia de nao conformidades com a regulamentacao vigente, relacionadas a infra-estrutura aeroportuaria, cobrando solucoes que eliminem ou mitiguem os riscos operacionais e restringindo as operacoes quando houver comprometimento a seguranca das operacoes aereas."
046/D/10,"""         A viabilidade de programar acoes de incentivo a homologacao de aeronaves para utilizacao de alcool etilico hidratado combustivel (AEHC), na aviacao agricola, conforme orientacao contida no item 1.1.6 da Resolucao nº 11, de 20 de julho de 2007, do CONAC, que """"estimulo a utilizacao de combustiveis alternativos em aeronaves, na formacao de recursos humanos, como medida de reducao de custos, assim como a priorizacao na certificacao de produtos aeronauticos com o uso dessas fontes de energia, para fins agricolas e de instrucao""""."""
047/2012,"Divulgar os ensinamentos colhidos na presente investigacao, junto aos operadores agricolas das diversas regioes do pais, buscando ressaltar as semelhancas entre os aspectos levantados e a realidade vivenciada pelos diversos operadores."
047/A/07,"Avaliar a condicao de PRATICAVEL das pistas 17R/35L (principal) e 17L/35R (auxiliar) do Aeroporto de Congonhas (SBSP), com base nos resultados dos testes de medicao de atrito e de textura superficial de seus pavimentos, realizados e encaminhados pela Administracao Aeroportuaria apos a construcao, recapeamento, manutencao das pistas ou averiguacao periodica, de acordo com a IAC 4302, de 28 MAIO 2001."
047/A/08,Adotar procedimentos para impedir a saida da oficina de aeronaves em manutencao sem os registros necessarios.
047/D/09,"1.Cumprir o estabelecido no RBHA 139, referente a Certificacao Operacional do Aeroporto Internacional do Rio de Janeiro (Antonio Carlos Jobim), a fim de que o mesmo tenha um Manual de Operacoes do Aeroporto (MOA) aprovado pela Autoridade da Aviacao Civil."
047/D/10,"Avaliar junto a Agencia Nacional de Aviacao Civil, autoridade de Aviacao Civil do Brasil, e junto a LAVIA Argentina S.A., detentora do Certificado de Tipo, a exequibilidade da elaboracao de um suplemento ao Manual do Proprietario da aeronave PA-25, contendo os limites de manobras, abrangendo as velocidades de estol em diferentes configuracoes, pesos, altitudes e inclinacoes, assim como estudar a aplicacao de medidas complementares (insercao de placar na cabine do piloto) e outras medidas alternativas de prevencao."
048/2011,"Implementar um processo de certificacao para os Grupamentos Aeropoliciais e de Defesa Civil, estabelecendo requisitos minimos na area de operacoes, de manutencao de aeronaves, de treinamento e de jornada de trabalho, atraves da criacao de regulamentacao especifica para Operacoes Aereas de Seguranca Publica e/ou Defesa Civil."
048/2012,"Analisar os requisitos para concessao de habilitacao tecnica para instrutor de voo, visando melhorar o nivel de formacao de pilotos."
048/A/07,"Manter efetivo controle da execucao, por parte da Administracao Aeroportuaria, dos testes de medicao de atrito e de textura superficial dos pavimentos das pistas 17R/35L (principal) e 17L/35R (auxiliar) do Aeroporto de Congonhas (SBSP) apos a construcao, o recapeamento, a manutencao das pistas ou averiguacao periodica, conforme estabelecido pela IAC 4302, de 28 MAIO 2001."
048/A/08,Implementar procedimentos para realizar as inspecoes de manutencao antes da aeronave sair da oficina.
048/D/10,"A possibilidade de elaborar um suplemento ao Manual do Proprietario da aeronave PA-25, contendo os limites de manobras, abrangendo as velocidades de estol em diferentes configuracoes, pesos, altitudes e inclinacoes, assim como estudar a aplicacao de medidas complementares (insercao de placar na cabine do piloto) e outras medidas alternativas."
049/2012,Analisar a necessidade de intensificar a fiscalizacao do cumprimento das normas de instrucao a que estao submetidos os aeroclubes.
049/A/07,"Estabelecer parametros e procedimentos para garantir a seguranca das operacoes aereas da pista 17L/35R (auxiliar) do Aeroporto de Congonhas (SBSP), em caso de precipitacao pluviometrica."
049/A/08,Criar campos na Ordem de Servico para data de realizacao de cada servico executado e nome do mecanico responsavel.
049/C/10,"Divulgar este Relatorio as empresas de manutencao de aeronaves, as escolas de formacao de pilotos agricola e as empresas de aviacao agricola de suas respectivas areas de jurisdicao, a fim de disseminar os ensinamentos adquiridos nessa investigacao."
050/2012,"Intensificar a fiscalizacao da manutencao dos aeroclubes, a fim de assegurar o cumprimento dos procedimentos previstos pelos fabricantes e o seu correto registro."
050/A/07,"Providenciar avaliacao de performance de aeronaves a jato de grande porte (acima de 60.000 libras), que operem ou venham a operar no sistema de pista do Aeroporto de Congonhas (SBSP), baseada em demonstracoes de operacoes reais com tecnicas especiais de pouso em pistas molhadas, conforme metodo previsto na IAC 3502-121 0888, estabelecendo os parametros e procedimentos operacionais de voo e de infra-estrutura que garantam a seguranca das operacoes de pouso e decolagem no aeroporto.."
050/A/08,Adotar procedimentos que garantam o descarte de material nao reutilizavel.
051/2012,Orientar os aeroclubes a aplicar provas de afericao de conhecimento teorico sobre a aeronave a ser voada sempre que o aluno ficar afastado do voo por periodos prolongados.
051/A/07,"Divulgar, junto as diversas empresas que operam em Congonhas (SBSP), que, para efeito do planejamento das operacoes aereas nas pistas 17R/35L (principal) e 17L/35R (auxiliar), suas Gerencias de Operacoes deverao, com base nas informacoes divulgadas pela INFRAERO, atraves de NOTAM, referentes aos requisitos de atrito e textura superficial, de acordo com o que dispoe a IAC 4302, de 28 MAIO 2001, proceder a analise de pista para seus diferentes equipamentos, procurando ajustar-se as condicoes atualizadas das referidas pistas."
051/A/08,Divulgar este Relatorio Final ao seu quadro de funcionarios.
052/2011,"Revisar os requisitos para concessao e revalidacao de habilitacao de avioes classe multimotores terrestres (MLTE) a fim de assegurar-se de que os pilotos possuam os conhecimentos necessarios ao planejamento adequado do voo, em especial em condicoes de voo por instrumento."
052/A/07,"Acompanhar as acoes de monitoramento da evolucao dos parametros de atrito e de macro-textura superficial da pista principal do Aeroporto de Congonhas SBSP), a serem realizadas pela administracao aeroportuaria, de forma a dispor de dados tecnicos e elementos de informacao que facilitem e agilizem a avaliacao do plano especial de manutencao a ser proposto pela administracao aeroportuaria."
052/A/08,Coordenar com o DECEA e com as oficinas de manutencao o desenvolvimento de procedimentos para identificar as aeronaves impedidas de voar quando da apresentacao de plano de voo.
052/D/12,"Divulgar o conteudo do presente relatorio durante a realizacao de seminarios, palestras e atividades afins."
053/2011,"Revisar o curriculo do curso de Piloto Privado, a fim de assegurar-se de que os pilotos recebam instrucao sobre as ilusoes visuais que podem afeta-los durante o voo."
053/2012,"Adotar mecanismos visando ao fiel e oportuno cumprimento do seu MGO pelos pilotos, como meio de elevar as condicoes de Seguranca de Voo."
053/A/07,"Determinar a implantacao da *Runway End Safety Area* (RESA), em conformidade com os padroes tecnicos estabelecidos pelo Anexo 14 da OACI, como um dos parametros prioritarios de infra-estrutura a ser estabelecido no Aeroporto de Congonhas (SBSP), adequando os demais componentes do sistema de pistas aos requisitos de seguranca operacional para essas pistas, garantindo a seguranca das operacoes de pouso e decolagem conforme recomendado na RSV(A) 50, mesmo que isto possa implicar na reducao do atual comprimento das pistas principal e auxiliar."
053/B/08,Coordenar com a ANAC o desenvolvimento de procedimentos para identificar as aeronaves impedidas de voar quando da apresentacao de plano de voo.
054/2011,"Revisar o curriculo do curso de Piloto Privado, a fim de assegurar-se de que os pilotos recebam instrucao sobre as caracteristicas e tecnicas para evitar a colisao em voo controlado contra o terreno (CFIT)."
054/2012,"Adotar mecanismos visando estabelecer uma efetiva supervisao gerencial de suas atividades aereas, de forma a inibir o planejamento inadequado dos voos, bem como o descumprimento de normas operacionais."
054/A/07,"Propor projeto para a reducao do risco imposto pelos obstaculos existentes nas faixas de pista das pistas do Aeroporto de Congonhas (SBSP), notadamente no trecho compreendido entre as marcas de 1.000 pes de ambas as pistas. O projeto devera observar medidas a curto prazo (ate 6 meses) e a medio prazo (ate 3 anos)."
054/A/08,"Divulgar este Relatorio Final aos operadores e oficinas de sua area de atuacao, realcando a importancia dos cuidados com as areas de manutencao e de operacao e das implicacoes com a Seguranca de Voo quando voando sem os registros de manutencao necessarios."
054/A/09,"Alertar de imediato, atraves de DIVOP, todos os operadores de PA-18 e empresas de manutencao sob sua jurisdicao, quanto a importancia de se fazer correta e efetivamente a inspecao de corrosao da mufla de exaustao do escapamento."
055/2011,"Criar mecanismos de atuacao junto aos proprietarios de aeronaves privadas, a fim de conscientiza-los sobre a necessidade de supervisionar os servicos afetos as suas aeronaves junto aos seus funcionarios."
055/2012,"Rever a sua sistematica de operacao nos aerodromos que nao operam em condicoes IFR, quando se tratar de voos de transporte de malotes bancarios."
055/A/07,Que as operacoes da pista 17R-35L do Aeroporto de Congonhas (SBSP) fiquem restritas a condicao de pista seca ate que sejam feitas ranhuras para escoamento de agua (Grooving) em sua superficie e que sejam efetuados todos os testes e exames previstos pela legislacao aplicavel.
055/A/08,"Tomar providencias para que os tripulantes e passageiros transportados por helicopteros, na operacao *off shore* sob seu *contrato*, utilizem vestimentas de cor contrastante com o mar, objetivando facilitar a localizacao dos mesmos em caso de resgate."
055/A/09,"Divulgar de imediato a todos os SERIPA, que repassem aos operadores de PA-18 e empresas de manutencao sob sua jurisdicao, quanto a importancia de se fazer correta e efetivamente a inspecao de corrosao da mufla de exaustao do escapamento."
056/2011,"Desenvolver trabalho de conscientizacao dos pilotos no sentido de manterem a adequada proficiencia (atualizada) em voo IFR, de forma a prover a confianca necessaria para a execucao desse tipo particular de voo."
056/2012,"Divulgar os ensinamentos colhidos na presente investigacao, no ambito dos pilotos da empresa, alertando-os quanto aos riscos decorrentes de planejamentos de voo inadequados, bem como da inobservancia de normas e regulamentos."
056/A/07,"No tocante a medicao do coeficiente de atrito da superficie das pistas dos aeroportos, notadamente o Aeroporto de Congonhas (SBSP), requerer da administracao aeroportuaria comprovacao da eficacia da metodologia, dos procedimentos especificos e do modo de calibracao dos equipamentos, com vistas a assegurar consistencia nos resultados das medicoes."
056/A/08,"Realizar, antes do embarque em aeronaves para voos sobre areas maritimas, um *briefing* especifico ao tipo de aeronave, ressaltando as suas peculiaridades relativas aos procedimentos de emergencia, identificando estas, com fotos ou filmagens, evitando desenhos esquematicos."
057/2011,Divulgar este relatorio aos operadores e pilotos de aeronaves associados da entidade.
057/2012,"Divulgar os ensinamentos do presente relatorio aos operadores de taxi aereo, em especial aos que realizam voos de transporte de malotes bancarios."
057/A/07,"No tocante a medicao do coeficiente de atrito da superficie das pistas dos aeroportos que administra, notadamente o Aeroporto de Congonhas (SBSP), reavaliar a metodologia, os procedimentos especificos e o modo de calibracao dos equipamentos, com vistas a assegurar consistencia nos resultados das medicoes."
057/A/08,"Estudar a viabilidade da implantacao do marcador de localizacao pessoal, *personal location beacon, PLB*, em todos os tripulantes e passageiros que participam operacao *off shore*, objetivando facilitar localizacao dos mesmos em caso de resgate no mar. *CARTA SN COGSV DO E&P DE 20/10/2008 da Petrobras informando inviabilidade do cumprimento. AGD RESPOSTA DEFEINITIVA.*"
058/2011,"Desenvolver trabalho de conscientizacao dos pilotos no sentido de manterem a adequada proficiencia (atualizada) em voo IFR, de forma a prover a confianca necessaria para a execucao desse tipo particular de voo."
058/2012,"Divulgar aos seus associados o conteudo do presente relatorio, enfatizando seus fatores contribuintes, de modo que os mesmos sejam alertados quanto a necessidade de se criar uma cultura de Seguranca de Voo."
058/A/07,Verificar se a superficie da pista 17R-35L esta sofrendo alguma alteracao nas suas caracteristicas que possa comprometer o seu coeficiente de atrito.
058/A/08,"Padronizar os procedimentos operacionais de voo (SOP), implementando, de imediato, sua utilizacao por todos os tripulantes."
058/D/10,"Aprimorar o processo de fiscalizacao nas empresas de Servicos Aereos Especializados (SAE) que possuem em sua frota aeronaves de asas rotativas e que nao estao autorizadas a realizar missoes que contrariem a Categoria de Registro do Certificado de Aeronavegabilidade, bem como, o uso irregular de aeronaves nao constantes das Especificacoes Operativas."
059/2011,Divulgar este relatorio aos operadores e pilotos de aeronaves associados da entidade.
059/2012,"Divulgar o conteudo do presente relatorio aos seus associados, enfatizando seus Fatores Contribuintes, de modo que os mesmos sejam alertados quanto a necessidade de se criar uma cultura de Seguranca de Voo."
059/A/07,Que as operacoes da pista 17R-35L do Aeroporto de Congonhas (SBSP) fiquem restritas a condicao de pista seca ate que sejam feitas ranhuras para escoamento de agua (Grooving) em sua superficie e que sejam efetuados todos os testes e exames previstos pela legislacao aplicavel.
059/A/08,"Providenciar para que seus tripulantes e funcionarios transportados utilizem vestimenta/coletes de cor contrastante com o mar (mesmo que o colete nao esteja inflado), objetivando/facilitar a localizacao dos mesmos em caso de resgate."
059/D/10,"Promover a divulgacao deste relatorio em seminarios, palestras, etc., com a finalidade de disseminar os ensinamentos para a prevencao."
060/2011,"Providenciar o conserto do NDB de Aracatuba, a fim de fornecer aos pilotos a possibilidade de realizar procedimentos de aproximacao por instrumentos."
060/2012,"Criar mecanismos de divulgacao aos operadores da aviacao geral sobre os ensinamentos colhidos na presente investigacao, alertando quanto a importancia de se criar uma cultura de Seguranca de Voo."
060/A/07,"Propor projeto para a reducao do risco imposto pelos obstaculos existentes nas faixas de pista das pistas do Aeroporto de Congonhas (SBSP), notadamente no trecho compreendido entre as marcas de 1.000 pes de ambas as pistas. O projeto devera observar medidas a curto prazo (ate 6 meses) e a medio prazo (ate 3 anos)."
060/A/08,"Tornar obrigatoria a inclusao na instrucao dos pilotos de empresas detentoras de CHETA conteudo detalhado sobre o uso dos comandos, mormente os pedais, na ocorrencia de hidroplanagem."
060/D/10,"Estabelecer mecanismos efetivos de normatizacao, fiscalizacao e controle, a fim de assegurar que pilotos de empresas de servicos aereos especializados nao transportem passageiros a bordo das aeronaves agricolas, considerando a homologacao das mesmas para operar apenas com o tripulante."
061/2011,Incrementar a fiscalizacao nas empresas aeroagricolas com o objetivo de coibir possiveis atos de indisciplina de voo.
061/2012,"Divulgar os ensinamentos colhidos com a presente investigacao em seminarios, cursos e eventos congeneres."
061/A/07,"Propor projeto para a reducao do risco imposto pelos obstaculos existentes nas faixas de pista das pistas do Aeroporto de Congonhas (SBSP), notadamente no trecho compreendido entre as marcas de 1000 pes de ambas as pistas. O projeto devera observar medidas emergenciais (em ate 6 meses) e definitivas (em ate 3 anos)."
061/A/08,Determinar a implantacao de RESA em todos os aeroportos atendidos por aeronaves de transporte regular de passageiros.
061/B/09,"Realizar, no prazo de tres meses, Auditoria Especial de Seguranca Operacional na Empresa de Manutencao Aerovaley."
061/D/10,Divulgar os ensinamentos colhidos com a presente investigacao em seminarios e eventos congeneres.
062/2012,"Intensificar as acoes de fiscalizacao em aeronaves de operadores da Aviacao Geral, com vistas a coibir, dentre outros desvios, a incidencia de voos com quantidade de combustivel abaixo do previsto, assim como a operacao de aeronaves com inspecoes e documentacoes vencidas."
062/A/07,"Incluir no Manual Geral de Operacoes (MGO) da empresa (nos itens 3.1 Requisitos dos Tripulantes e 4.28 Obrigacoes dos Tripulantes de Voo durante as Fases Criticas de Voo), e onde mais for cabivel, texto que amplie a aplicacao do conceito de Cockpit Esteril nas situacoes de emergencia ate que todos os ocupantes da aeronave tenham sido evacuados e estejam em seguranca."
062/A/08,"Determinar a implantacao de EMAS nos aeroportos atendidos por aeronaves de transporte regular de passageiros em que a RESA nao for igual ou superior a 90 metros, priorizando os aeroportos com o maior numero de movimentos e menores pistas."
062/B/09,"Realizar, no prazo de tres meses, Auditoria Especial de Seguranca Operacional na Empresa FM Publicidade."
062/D/10,"Estabelecer a necessidade de acoes corretivas imediatas e, caso aplicavel, emitir uma Diretriz de Aeronavegabilidade, considerando o Technical Bulletin nº. 222-03-171, de 06 NOV 2003, da Bell Helicopter Textron, que recomenda a inversao da posicao de acionamento do switch de comando da fuel valve."
062/D/11,"Divulgar este Relatorio as empresas de aviacao agricola e aos pilotos da aviacao agricola, a fim de elevar o nivel de alerta para condicoes que favorecem a ocorrencia de estol a baixa altura."
063/2011,"Divulgar este Relatorio aos operadores de aeronave ATR-72-212A, alertando para a adocao dos procedimentos previstos no Manual de Manutencao do Motor para a instalacao dos bicos injetores de combustivel."
063/2012,"Adotar mecanismos de divulgacao dos ensinamentos colhidos na presente investigacao aos operadores de Taxi Aereo, alertando quanto aos riscos decorrentes da nao observacao de um programa de selecao e treinamento adequado aos tripulantes, bem como da obediencia aos limites operacionais das aeronaves."
063/A/07,"Providenciar que todos os tripulantes tomem imediato conhecimento que o conceito de Cockpit Esteril deve ser aplicado, alem das situacoes ja anteriormente previstas (i.e., do inicio do taxi ate o cruzamento do FL100, e do FL100 ate o estacionamento da aeronave), nas situacoes de emergencia ate que todos os ocupantes da aeronave tenham sido evacuados e estejam em seguranca."
063/A/08,"Determinar as empresas detentoras de CHETA que revisem o conteudo de seus Manuais Gerais de Operacoes, com vistas a manter nos mesmos apenas textos que tenham utilidade para a eficiencia e a seguranca das operacoes."
063/D/10,"Realizar auditoria no setor de operacoes da empresa Addey Taxi Aereo Ltda., buscando se certificar da adequacao do seu Programa de Treinamento e Manual Geral de Operacoes (MGO), no que se refere ao planejamento de voo, incluindo os calculos de peso e balanceamento das aeronaves."
064/2011,"Acompanhar junto a autoridade primaria de certificacao do motor o estudo de projeto do fabricante para remover o anel de vedacao, visando aumentar a possibilidade de detectar uma instalacao inadequada de bicos injetores antes do retorno do motor ao servico."
064/2012,"Orientar os aeroclubes que operam helicoptero a transmitir aos seus alunos informacoes sobre a perda de eficiencia do rotor de cauda, as condicoes nas quais o fenomeno tem maior probabilidade de ocorrer e as acoes corretivas necessarias, caso ocorra."
064/A/07,"Com base na performance de suas aeronaves em pista molhada, notadamente em casos de abortiva de decolagem na V1 e de pouso, reavaliar se, para ambas as pistas do Aeroporto de Congonhas (SBSP), as margens de seguranca estao dentro dos limites impostos pela legislacao em vigor e daqueles preconizados como aceitaveis pela empresa."
064/A/08,"Realizar um levantamento nos aeroportos que administra, com vistas a implantacao de EMAS, quer nas cabeceiras das pistas, quer em outras areas sensiveis. Atencao especial devera ser dada ao Aeroporto de Congonhas (SBSP)."
064/D/10,"Realizar inspecao no aerodromo de Cairu / Lorenzo (SNCL), buscando se certificar da adequabilidade das suas condicoes de infra-estrutura, em conformidade com o que dispoe a IAC 4301."
065/2011,"Revisar os requisitos de concessao e revalidacao de habilitacao tecnica de piloto agricola (PAGR), a fim de assegurar-se de que o piloto possua os conhecimentos necessarios relativos ao armazenamento, transporte e abastecimento de combustivel da aeronave."
065/2012,"Orientar os aeroclubes que operam helicoptero a exigir dos alunos o completo planejamento de todas as missoes, inclusive com o respectivo calculo do peso e balanceamento e a analise da potencia disponivel para se voar dentro e fora do efeito solo, levando-se em consideracao a temperatura, a pressao, a densidade do ar e os graficos de desempenho do helicoptero."
065/A/07,"Com base na performance de suas aeronaves em pista molhada, notadamente em casos de abortiva de decolagem na V1 e de pouso, reavaliar se, para ambas as pistas do Aeroporto de Congonhas (SBSP), as margens de seguranca estao dentro dos limites impostos pela legislacao em vigor e daqueles preconizados como aceitaveis pela empresa."
065/A/08,"Rever os procedimentos de Trouble Shooting usados na analise dos reportes de manutencao, notadamente aqueles referentes ao Cap 32 (Trem de Pouso)."
065/D/10,"Intensificar a realizacao das inspecoes de rampa no aeroporto de Salvador-BA (SBSV) e nos aerodromos de Morro de Sao Paulo-BA (SNCL e SNPP), visando acompanhar as operacoes de taxi aereo no periodo de alta temporada, focando o peso e balanceamento das aeronaves e qualificacao dos pilotos."
066/2011,"Divulgar o presente relatorio aos seus associados, a fim de alertar sobre os cuidados a serem tomados no armazenamento, transporte e abastecimento de combustivel das aeronaves agricolas."
066/2012,"Adotar mecanismos de divulgacao dos ensinamentos colhidos na presente investigacao aos operadores de helicoptero, alertando quanto aos riscos decorrentes da nao observacao dos aspectos relativos ao peso e balanceamento da aeronave, as condicoes atmosfericas, direcao e intensidade do vento, legislacao aeronautica e experiencia dos pilotos."
066/A/07,"Com base na performance de suas aeronaves em pista molhada, notadamente em casos de abortiva de decolagem na V1 e de pouso, reavaliar se, para ambas as pistas do Aeroporto de Congonhas (SBSP), as margens de seguranca estao dentro dos limites impostos pela legislacao em vigor e daqueles preconizados como aceitaveis pela empresa."
066/A/08,"Incorporar, na instrucao dos pilotos, conteudo detalhado sobre o uso dos comandos, mormente os pedais, na ocorrencia de hidroplanagem."
067/2011,"Adotar mecanismo para a padronizacao das avaliacoes efetuadas pelos Inspetores de Aviacao Civil (INSPAC), no sentido de que seja exigido dos avaliados a demonstracao teorica e pratica de conhecimentos afetos aos graficos de desempenho das aeronaves, bem como o profundo conhecimento dos procedimentos de emergencia."
067/2012,"Divulgar os ensinamentos colhidos na presente investigacao aos operadores de helicoptero R-22 e R-44, alertando quanto aos riscos decorrentes da nao observacao dos procedimentos operacionais descritos nos manuais da aeronave."
067/A/07,"Com base na performance de suas aeronaves em pista molhada, notadamente em casos de abortiva de decolagem na V1 e de pouso, reavaliar se, para ambas as pistas do Aeroporto de Congonhas (SBSP), as margens de seguranca estao dentro dos limites impostos pela legislacao em vigor e daqueles preconizados como aceitaveis pela empresa."
067/D/10,"Adotar mecanismos, por se tratar de ano eleitoral, visando orientar os gestores e pilotos que atuam nas empresas regidas pelo RBHA 135, quanto aos cuidados necessarios para uma operacao segura nos aerodromos utilizados pela Aviacao Geral, alertando-os sobre os riscos potenciais decorrentes da precaria infra-estrutura presente em alguns desses aerodromos."
068/2011,Realizar um trabalho de conscientizacao junto aos pilotos voltado a divulgacao dos riscos inerentes a utilizacao de procedimentos IFR nao homologados.
068/2012,Divulgar os ensinamentos colhidos na presente investigacao aos seus associados.
068/A/07,"Com base na performance de suas aeronaves em pista molhada, notadamente em casos de abortiva de decolagem na V1 e de pouso, reavaliar se, para ambas as pistas do Aeroporto de Congonhas (SBSP), as margens de seguranca estao dentro dos limites impostos pela legislacao em vigor e daqueles preconizados como aceitaveis pela empresa."
068/D/10,"Realizar uma auditoria no Aeroclube de Jundiai - SP, a fim de verificar a real situacao da supervisao dos cursos de PP e PC, focando o acompanhamento da formacao de seus alunos, em particular no que se refere ao adequado preenchimento das fichas de voo."
069/2011,Realizar um trabalho de conscientizacao junto aos pilotos voltado a divulgacao das consequencias advindas da pressa na realizacao do planejamento e preparacao do voo.
069/2012,Divulgar os ensinamentos colhidos na presente investigacao nos eventos de seguranca de voo promovidos pela entidade.
069/D/10,"Por ocasiao das auditorias realizadas nos aeroclubes se certificar da real situacao da supervisao dos cursos de PP e PC, focando o acompanhamento da formacao de seus alunos, em particular no que se refere ao adequado preenchimento das fichas de voo."
070/2009,"Adotar procedimento para controle dos manifestos de carga das aeronaves da empresa, onde devera ser observada a correta numeracao do manifesto no ato de sua emissao, assim como o correto arquivamento dos manifestos emitidos e de suas respectivas copias, a fim de coibir possiveis extravios."
070/2011,"Realizar uma Vistoria de Seguranca de Voo na Bras Flight Escola Brasileira de Aviacao Civil Ltda., a fim de verificar a conformidade de sua operacao com os requisitos previstos."
070/2012,Divulgar os ensinamentos colhidos na presente investigacao aos seus associados.
070/D/10,"Adotar mecanismos visando a veiculacao dos DIVOP e informacoes relativas a Seguranca Operacional, por meio de correio eletronico, junto aos seus examinadores e inspetores, de maneira a permitir a adequada e oportuna disseminacao dos ensinamentos colhidos nas investigacoes das ocorrencias."
071/2009,"Providenciar a execucao de aulas sobre carregamento de aeronaves aos pilotos e ao pessoal da coordenacao de voo da empresa, onde devera ser abordada a importancia do arquivamento e do preenchimento correto dos manifestos de carga, envolvendo a determinacao dos pesos da aeronave e a localizacao do centro de gravidade em funcao da carga, a fim de coibir as decolagens acima dos limites de peso, mitigando qualquer duvida por parte dos integrantes da empresa na execucao desses procedimentos."
071/2011,"Implantar mecanismos de gerenciamento do risco de suas atividades aereas, dando especial atencao a operacao no Aerodromo de Encanta Moca - PE."
071/2012,Divulgar os ensinamentos colhidos na presente investigacao nos eventos de seguranca de voo promovidos pela entidade.
071/D/10,"Estudar a possibilidade de revisar todo o sistema de instrucao e formacao de pilotos, contemplado o MMA 58-3, Manual de Curso de Piloto Privado."
072/2009,"Providenciar a execucao de aulas sobre emergencias gerais aos pilotos da empresa, onde deverao ser abordados procedimentos de seguranca em caso de acidentes e incidentes aeronauticos, como evacuacao da aeronave, utilizacao do kit de primeiros socorros e de sobrevivencia na selva e no mar e a importancia do uso correto de cintos e suspensorios."
072/2012,"Adotar mecanismos de divulgacao dos ensinamentos colhidos na presente investigacao aos operadores da Aviacao Geral e Taxi-Aereo, alertando-os quanto aos riscos decorrentes da nao observacao dos procedimentos previstos no Manual de Voo da Aeronave."
072/D/10,"Estudar a viabilidade de adotar criterios diferenciados e mais conservativos para efeito da realizacao de voos de cheque e re-cheque no ambito da aviacao geral, em consonancia com o RBHA 67, em razao ao avanco da idade dos pilotos, considerando as alteracoes no aspecto psicomotor."
072/D/11,"Divulgar este Relatorio Final aos operadores de aeronave C90, alertando para a observacao do adequado travamento do fecho das carenagens dos motores."
073/2011,Divulgar este Relatorio as escolas de aviacao e aos aeroclubes.
073/2012,Divulgar os ensinamentos colhidos na presente investigacao as escolas de aviacao e aos aeroclubes.
073/D/10,"Estudar a viabilidade de alterar a legislacao pertinente que trata dos requisitos minimos da inspecao de saude periodica dos pilotos, visando a exigencia de inspecao psicologica a cada 5 anos."
074/2010,"Aperfeicoar os mecanismos visando ao melhor acompanhamento do cumprimento do item 9.2.1 da IAC 060-1002A que dispoe sobre o Treinamento em Gerenciamento de Recursos de Equipes (CRM), em especial aos operadores segundo o RBHA 91."
074/2011,"Executar a adequacao da area gramada da faixa de pista do aerodromo de Campo de Marte aos requisitos previstos, a fim de reduzir os riscos a aeronave que venha a sair dos limites da pista."
074/2012,Estudar a viabilidade de estabelecer novos mecanismos que promovam o aumento da eficiencia da fiscalizacao no ambito das escolas de aviacao e aeroclubes.
075/2011,"Revisar os requisitos para concessao e revalidacao de habilitacao tecnica em avioes classe multimotores terrestres (MLTE), a fim de assegurar-se de que o piloto detenha os conhecimentos sobre peso e balanceamento necessarios a operacao adequada da aeronave."
075/2012,Divulgar os ensinamentos colhidos na presente investigacao aos seus associados.
075/D/10,"Estudar a conveniencia da adocao de restricoes a pilotos que apresentem problemas coronarianos graves, para o caso de operacao de aeronaves que exijam apenas um piloto."
076/2011,"Adotar mecanismo para a divulgacao deste relatorio aos operadores de aeronaves que operam segundo o RBHA 91, alertando-os para a necessidade de seguir a sequencia de procedimentos estabelecida para a operacao das aeronaves."
076/2012,Divulgar os ensinamentos colhidos na presente investigacao nos eventos de seguranca de voo promovidos pela entidade.
076/D/10,"Divulgar, por meio de eventos voltados para a Seguranca Operacional, tais como palestras, seminarios etc., os ensinamentos colhidos na presente investigacao, alertando os pilotos, dentre outros aspectos, quanto aos riscos decorrentes da realizacao de procedimentos GPS *improvisados*."
077/2011,"Revisar os requisitos para concessao e revalidacao de habilitacao para avioes classe monomotores terrestres (MNTE), a fim de verificar se os pilotos possuem os conhecimentos necessarios ao planejamento adequado de voos para localidades desprovidas de auxilios a navegacao."
077/2012,"Enfatizar, periodicamente, junto a alunos e instrutores, a necessidade de aderencia ao previsto no manual e/ou ordem de instrucao pertinente(s) quando do planejamento e da execucao das missoes de instrucao."
077/D/10,"Devera estudar a viabilidade de se estabelecer a obrigatoriedade de uma infra-estrutura minima de contra incendio no ambito da IAC 4301, para os aerodromos registrados que dao suporte as operacoes de aeronaves a partir de 10 assentos."
078/2011,"Orientar os pilotos da empresa para que executem o planejamento dos voos conforme preceitua a ICA 100-12 em vigor, avaliando minuciosamente as caracteristicas do destino, as condicoes da rota, a meteorologia, o abastecimento, o peso de decolagem, a alternativa, dentre outros aspectos, a fim de reduzir a possibilidade de erros."
078/2012,Criar procedimentos que garantam a supervisao continua da conduta dos instrutores de voo no que diz respeito ao cumprimento do previsto no manual e/ou ordem de instrucao pertinente(s).
078/D/10,"Divulgar nos eventos voltados para a Seguranca Operacional, tais como palestras, seminarios etc., os ensinamentos colhidos na presente investigacao, alertando os proprietarios e operadores de aeronaves, quanto a supervisao das operacoes regidas pelo RBHA 91, no que concerne a: - Realizacao de procedimentos de descida GPS# - Realizacao de treinamento CRM#  - Instrucao teorica e pratica nas aeronaves# - Validade dos certificados de tripulantes e da aeronave# e  - Outros aspectos relacionados a melhoria da Seguranca Operacional."
079/2011,"Orientar os pilotos da empresa para que executem o planejamento dos voos conforme preceitua a ICA 100-12 em vigor, avaliando minuciosamente as caracteristicas do destino, as condicoes da rota, a meteorologia, o abastecimento, o peso de decolagem, a alternativa, dentre outros aspectos, a fim de reduzir a possibilidade de erros."
079/2012,Estabelecer e implementar mecanismos para assegurar a padronizacao dos instrutores em consonancia com a documentacao de instrucao pertinente.
079/A/08,"Verificar a existencia e as perfeitas condicoes dos *clips* de posicionamento das hastes da trava de comando do ciclico no assoalho# e Verificar, apos o destravamento dos comandos e antes da cada voo, o correto posicionamento das hastes de travamento do ciclico nos *clips*, no assoalho."
079/A/10,"Estudar a viabilidade de realizar uma vistoria no Aerodromo de Terravista, BA, com o proposito de verificar as condicoes operacionais daquela estacao radio."
080/2011,"Realizar uma auditoria no aerodromo de Pauini (SWUI), a fim de verificar a conformidade das suas condicoes operacionais com os requisitos aplicaveis."
080/2012,"Elaborar documentacao especifica para orientacao do processo de instrucao, a ser aplicado compulsoriamente pelo instrutor, inclusive durante briefings e debriefings, detalhando as caracteristicas de cada missao, discorrendo sobre aspectos como: a lista de exercicios previstos, o tempo previsto (contemplando o tempo necessario para o briefing, o abastecimento da aeronave, o voo, o debriefing e outras atividades importantes para a seguranca de voo), os niveis de aprendizagem a serem atingidos, etc."
080/A/08,"Realizar estudos voltados para a verificacao da possibilidade de travamento ou restricao no curso do comando do pedal ou de outro comando de voo, em decorrencia de deslocamentos inadvertidos de uma das hastes de travamento de comando do ciclico para tras do painel dos instrumentos ou outro local possivel, quando a aeronave estiver em voo. Nesse estudo, analisar: A conveniencia de retirada das hastes de travamento de comando do ciclico do assoalho da aeronave, transportando-as em outro local, quando em voo, somente utilizando-as no solo, por ocasiao do travamento do ciclico# A conveniencia de reposicionamento das hastes de travamento do comando do ciclico# e Modificacao dos *clips* de posicionamento das hastes de travamento de comando do ciclico no assoalho, visando a efetiva fixacao das mesmas quando em voo, evitando qualquer possibilidade de travamento inadvertido ou comprometimento do curso dos comandos de voo."
080/A/10,"Estudar a viabilidade de elaborar uma Carta de Aproximacao Visual (VAC), para o Aerodromo de Terravista, BA."
081/2011,Executar um controle efetivo da manutencao e dos registros de eventuais trocas de componentes realizadas em sua aeronave.
081/2012,"Enfatizar, periodicamente, junto a alunos e instrutores, a necessidade e a importancia de promover a adequada preparacao da aeronave com relacao a missao a ser realizada, considerando aspectos como: o abastecimento, duracao da missao, manobras a serem realizadas, local do treinamento, etc."
081/A/10,"Realizar uma vistoria no Aerodromo de Terravista com o objetivo de verificar se os obstaculos que ferem a Area de Transicao e a Area de Aproximacao do Plano Basico de Zona de Protecao do Aeroporto de Terravista, constantes deste relatorio, foram removidos."
082/2011,Assegurar-se da utilizacao de oficinas certificadas pela ANAC para realizar os servicos de manutencao em sua aeronave.
082/2012,"Exigir de alunos e instrutores o completo planejamento de todos os voos e, principalmente, orienta-los a aplicar esse planejamento para a manutencao da seguranca de voo em niveis elevados."
083/2012,Estabelecer e implementar procedimento exigindo o acompanhamento do abastecimento por piloto envolvido diretamente na missao.
083/D/10,"Promover a divulgacao deste Acidente Aeronautico a operadores e pilotos, tendo por objetivo alertar para a execucao dos procedimentos normais previstos na lista de verificacoes."
084/2012,"Alertar, periodicamente, os instrutores quanto as caracteristicas do voo de instrucao, em especial quanto a possibilidade de haver perda da consciencia situacional devido ao acumulo de tarefas sob a responsabilidade do instrutor."
084/D/10,"Divulgar o aprendizado da presente investigacao em eventos, palestras, encontros de aviacao, como forma de orientar e alertar os aeroclubes operadores de aeronaves AB-180."
085/2012,Prover uma sala de briefing equipada com toda a documentacao necessaria para o adequado planejamento do voo.
085/D/10,Promover a divulgacao deste Relatorio aos operadores e pilotos da sua jurisdicao.
086/2011,"Estudar a possibilidade de modificacao dos requisitos minimos para a habilitacao de instrutores de voo, visando a aquisicao de mais experiencia na conducao de voos de instrucao inicial de pilotagem, considerando a reincidencia de acidentes e incidentes em voos de instrucao, tendo como fator contribuinte, a falha na atuacao efetiva dos instrutores."
086/2012,"Estabelecer e implementar procedimento que determine que o responsavel pela prevencao de acidentes analise os fatores de risco de cada missao e acrescente, na documentacao a ser verificada no briefing, as informacoes pertinentes para que os riscos encontrados sejam eliminados ou mitigados."
087/2011,"Realizar uma vistoria de seguranca de voo no Aeroclube de Sorocaba, a fim de verificar as suas condicoes operacionais, em especial no tocante a padronizacao dos instrutores."
087/2012,Divulgar os ensinamentos colhidos na presente investigacao a seus instrutores e alunos.
088/2011,Impedir a operacao a operacao de aeronaves ate que seja efetivada a homologacao do aerodromo.
088/2012,"Adotar mecanismos de divulgacao dos ensinamentos colhidos na presente investigacao aos operadores aeroagricolas, alertando quanto aos riscos decorrentes da nao observacao dos procedimentos operacionais da aeronave."
089/2011,"Viabilizar estudos e projetos de infra-estrutura com vistas a homologacao do aerodromo, em conformidade com a legislacao da Agencia Nacional de Aviacao Civil."
089/2012,"Adotar mecanismos de divulgacao dos ensinamentos colhidos na presente investigacao aos operadores da aviacao agricola, alertando-os quanto aos riscos decorrentes da nao observancia dos limites de peso da aeronave."
090/2011,"Propor a homologacao do aerodromo a Agencia Nacional de Aviacao Civil, conforme as normas vigentes."
090/2012,"Revisar o seu Programa de Treinamento, reforcando aos pilotos os calculos de performance da aeronave, em especial no tocante aos limites de peso para decolagem."
091/2011,"Revisar os procedimentos de inspecao de 100 horas das aeronaves PA-31T1, visando assegurar-se do cumprimento de todos os procedimentos previstos pelo fabricante, em especial no tocante a inspecao dos cilindros de freio quanto a seguranca e operacao."
091/2012,"Constituir Grupo de Trabalho, composto por legisladores e representantes de operadores de aeronaves de categoria SAE-AP, para deliberar sobre a regulacao das atividades de aeropublicidade, contendo as regras de operacao, os criterios / requisitos para pilotos e aeronaves empregadas, conteudo dos Programas de Treinamento dos exploradores do servico, equipamentos de porte obrigatorio e outros requisitos."
091/D/10,"Promover, junto aos seus associados e usuarios, atividades educativas visando a prevencao de acidentes, a fim de conscientiza-los quanto a importancia da realizacao de um treinamento adequado, no solo e em voo, antes da realizacao de voo solo, em qualquer tipo de aeronave."
092/2011,"Realizar uma vistoria de seguranca de voo na oficina Axial-Aviacao Ltda, visando verificar a situacao dos servicos de manutencao realizados, em especial no tocante a inspecao de 100 horas das aeronaves PA-31T1."
092/2012,"Avaliar junto a Autoridade Primaria de Certificacao a viabilidade de revisar as praticas e procedimentos de manutencao preventiva descritos nos manuais dos operadores das aeronaves Cessna 170, a exemplo do que ja foi realizado em relacao as aeronaves das series 300 e 400, a fim de implementar um controle mais detalhado e rigoroso sobre a manutencao de aeronaves mais antigas e ainda em operacao."
092/D/10,"Divulgar os ensinamentos colhidos nessa ocorrencia aos Aeroclubes, Escolas de Aviacao e entidades congeneres."
093/2011,"Realizar uma Vistoria de Seguranca de Voo na empresa ROTORWEST, visando a verificacao de nao conformidades relacionadas ao nao lancamento de horas de voo em suas aeronaves e a utilizacao destas em atividades diferentes das previstas para uma empresa SAE."
093/2012,"Avaliar junto a Autoridade Primaria de Certificacao a viabilidade de diminuir o intervalo de revisao do conjunto de freios, na qual e realizado o procedimento de inspecao visual, em especial nos casos de operacao frequente da aeronave em pistas curtas."
093/D/10,"Elaborar instrucoes de orientacao, direcionadas as empresas distribuidoras e reabastecedoras de combustiveis de aviacao, bem como aos aeroclubes e demais pessoas fisicas ou juridicas que realizam atividades de abastecimento de aeronaves em aerodromos brasileiros, abrangendo os seguintes assuntos: a) Procedimentos de abastecimento de aeronaves, incluindo a acao do operador de abastecimento quando houver divergencia entre o tipo de combustivel indicado no bocal de abastecimento da aeronave e o solicitado pelo cliente, ou ainda, quando NULLr uma indicacao especifica do tipo de combustivel a ser utilizado na aeronave. b) Padronizacao dos bicos das mangueiras de abastecimento dos caminhoes tanques abastecedores, bombas e demais pontos de abastecimento, tendo como referencia a Norma *Society Automotive Engineers - Aeroespace Standart - SAE AS1852*. c) Padronizacao de cores e placares para cada tipo de combustivel, bem como a localizacao desses placares nos caminhoes tanques abastecedores, bombas e demais pontos de abastecimento no aerodromo. d) Treinamento especifico para abastecedores de aeronaves, incluindo os procedimentos e padronizacoes necessarias a seguranca operacional."
094/2011,"Aperfeicoar os mecanismos de supervisao relacionados as escolas de pilotagem e aos aeroclubes, de modo a assegurar o adequado registro da instrucao ministrada, bem como a correta aplicacao do conteudo dos manuais dos cursos de PPH e PCH, principalmente no que se refere aos seguintes temas: limitacao das aeronaves# peso e balanceamento# procedimentos normais e de emergencia# padronizacao# briefing e debriefing."
094/2012,"Avaliar junto a Autoridade Primaria de Certificacao se o fornecimento dos pinos de fixacao das pastilhas de freio pelo fabricante atende aos requisitos de projeto aplicaveis, uma vez que somente sao fornecidos com a aquisicao do conjunto completo de freios."
094/D/10,"Estudar a viabilidade de incluir, nos placares dos caminhoes-tanques abastecedores, bombas e demais pontos de abastecimento de combustivel em aerodromos, o nome por extenso do tipo de combustivel disponivel (exemplo: *Querosene de Aviacao*, *Gasolina de Aviacao*, *Metanol*, *Etanol*, etc.), assim como as siglas de designacao internacional (exemplo: *JET A-1*, *AVGAS 100/130*, etc.)."
095/2011,"Revisar os requisitos de experiencia recente para a revalidacao de habilitacao de avioes classe monomotores terrestres, visando assegurar-se de que sao adequados para pilotos com baixo numero de horas de voo durante dois ou mais anos seguidos."
095/2012,"Avaliar junto a Autoridade Primaria de Certificacao a possibilidade de identificar os pinos de fixacao por Part Number (PN), de modo a evitar que sejam manufaturados nas oficinas de manutencao."
095/A/08,"Estudar a necessidade de estabelecer um plano de contingencia para o acompanhamento das rotinas tecnico-operacionais e de manutencao da empresa TAM Linhas Aereas S/A, de modo a assegurar que as praticas por ela utilizadas garantam a operacao com seguranca e atendam a todos os requisitos estabelecidos na regulamentacao vigente"
095/D/10,"Verificar, em conjunto com a ANP e Administracoes Aeroportuarias, se as empresas distribuidoras e reabastecedoras de combustivel de aviacao, bem como os aeroclubes e demais pessoas fisicas ou juridicas que realizem atividades de reabastecimento de aeronaves em aerodromos brasileiros, utilizam os bicos das mangueiras de abastecimento dos caminhoes tanques abastecedores, bombas e demais pontos de abastecimento, padronizados conforme a Norma *Society Automotive Engineers - Aeroespace Standart - SAE AS1852*."
096/2011,"Divulgar o presente relatorio final aos operadores privados, visando elevar o alerta situacional quanto ao calculo e gerenciamento do combustivel."
096/D/10,"Estudar a viabilidade de estabelecer requisitos de homologacao de aeronaves, padronizando o diametro dos bocais de abastecimento por gravidade, de forma a diferenciar os bocais de abastecimento de aeronaves que operem com diferentes tipos de combustivel."
097/2011,"Divulgar aos seus pilotos o conteudo deste Relatorio Final, alertando-os para os seus pontos focais, sobretudo em relacao aos cuidados que devem ser tomados durante os voos a baixa altura, com condicoes meteorologicas pouco favoraveis."
097/D/10,"Ressaltar junto as Empresas que realizam manutencao em aeronaves homologadas segundo o RBHA 145, a necessidade de se verificar o estado e a padronizacao dos placares de abastecimento das aeronaves, quanto ao tipo de combustivel a ser utilizado, quando da realizacao de uma Inspecao Anual de Manutencao (IAM)#"
098/2011,"Realizar uma vistoria de seguranca de voo no setor responsavel pelas aeronaves do Governo do Estado de Roraima, visando verificar as suas condicoes operacionais, em especial no tocante ao planejamento dos voos e a supervisao da atividade aerea."
098/D/10,"Ressaltar junto aos comandantes de aeronaves que operem segundo o RBHA 91, quando do processo de obtencao ou revalidacao dos seus Certificados de Habilitacao Tecnica a necessidade de acompanhar o abastecimento da aeronave, quanto a adequacao do combustivel a ser utilizado, verificando sempre que possivel o estado e a padronizacao dos placares nos bocais de reabastecimentos das aeronaves."
099/2011,Coibir a operacao de aeronaves na pista de pouso ate que seja efetivada a homologacao do aerodromo.
10/A/2008_SERIPA_V,"O Diretor de Instrucao devera, de imediato, cobrar dos instrutores o correto preenchimento das fichas de instrucao de voo, conforme preconiza o MCA 58-3. Recomendacoes emitidas anteriormente a data de publicacao deste relatorio."
100/2011,"Viabilizar estudos e projetos de infraestrutura para a homologacao do aerodromo, em conformidade com a legislacao vigente."
103/2011,Divulgar o presente relatorio aos operadores e pilotos de aeronaves operadas segundo o RBHA 91.
104/D/11,"Revisar o programa de treinamento de instrutores, a fim de verificar a existencia de padronizacao na instrucao referente ao uso dos freios apos o pouso, visando evitar o capotamento da aeronave."
105/2011,"Divulgar esse Relatorio Final junto aos operadores de helicoptero, visando elevar o alerta situacional quanto a operacao em locais de pouso eventual."
105/2012,"Revisar o conteudo do RBHA 21, principalmente os requisitos RBHA 21.24 (c) (2) e RBHA 21.29 (a) (4), visando assegurar-se de que haja a apresentacao das informacoes em lingua portuguesa para todas as aeronaves que sejam operadas segundo o RBHA 91, tendo em vista que NULL requisito para que estes operadores possuam proficiencia na lingua inglesa."
106/2011,"Reforcar junto aos pilotos de helicoptero, nos cheques e recheques, a necessidade de um adequado planejamento para a execucao dos voos."
106/2012,"Emitir regulamentacao que possibilite aos operadores de aeronaves fabricadas no exterior que operem segundo o RBHA 91 o acesso as informacoes dos manuais do fabricante em lingua portuguesa, tendo em vista que nao e requisito para que estes operadores possuam proficiencia na lingua inglesa."
106/D/09,"1.Fiscalizar a Empresa de Manutencao TBA S.A. com o objetivo de verificar o atendimento aos requisitos estabelecidos na Secao 145.45 do RBHA 145, no tocante ao controle de qualidade de seus servicos."
107/2011,"Aperfeicoar a estrutura organizacional da empresa, visando incrementar a supervisao das atividades aereas e de manutencao."
107/2012,"Reavaliar o processo de qualificacao dos examinadores credenciados por essa Agencia, de forma a garantir que todos apresentem um nivel de conhecimento adequado a funcao de avaliacao de pilotos."
107/B/09,"1.Divulgar o conteudo deste Relatorio as escolas de aviacao e aos aeroclubes de sua area de jurisdicao, ressaltando a importancia do fiel cumprimento das normas e dos procedimentos previstos para os voos VFR e IFR."
108/2011,"Implementar mecanismos de registro formal dos problemas encontrados durante a operacao das aeronaves, visando possibilitar o acompanhamento do processo de solucao."
108/2012,"Reavaliar as condicoes tecnicas e operacionais do Aeroclube de Goias, verificando se os recursos humanos existentes sao em numero suficiente e possuem nivel de conhecimento adequado para manter um curso de pilotagem de helicopteros."
108/A/09,1.Realizar a padronizacao dos instrutores dos controladores de voo para nivelar o grau de instrucao a ser ministrada aos estagiarios.
109/2011,"Promover treinamento sobre a padronizacao no preenchimento do Diario de Bordo e das Cadernetas de Motor e Celula, com base nas IAC 3151 e 3152, respectivamente."
109/2012,"Revisar o conteudo do Curso de Piloto de Helicoptero, visando certificar-se de que ele possua os conhecimentos necessarios a operacao segura da aeronave, em especial no tocante aos calculos de peso e balanceamento e ao voo pairado dentro e fora do efeito solo."
109/A/09,2.Efetuar gestoes junto ao CINDACTA-1 de forma a receber pessoal em quantidade suficiente para evitar a rotatividade e o acumulo de funcoes do pessoal da Secao de Instrucao e Avaliacao Tecnica e Operacional (SIATO).
109/D/10,"Estudar a criacao de mecanismos efetivos de fiscalizacao em aeroclubes e escolas de aviacao, de forma a evitar o descontrole entre horas voadas e horas de manutencao, como forma de mitigar a ocorrencia de falhas nos motores e sistemas das aeronaves, reduzindo o risco as operacoes aereas."
11/A/2008_SERIPA_V,"O Diretor de Operacoes devera, de imediato, determinar que os tripulantes cumpram as restricoes para operacoes de pouso e decolagem em SSNH, conforme NOTAM. Recomendacoes emitidas anteriormente a data de publicacao deste relatorio."
110/2011,"Inserir em seu Programa de Treinamento o estudo de situacoes anormais e emergencias ocorridas quando em voo sobre areas urbanas densamente ocupadas, abordando o gerenciamento do risco e a adocao de procedimentos conservativos."
110/2012,"Reavaliar seus criterios para indicacao de instrutores de voo, visando assegurar-se de que eles possuam os conhecimentos necessarios a conducao adequada da instrucao."
110/B/09,"1.Estabelecer na normatizacao das atividades da Posicao Supervisor, a previsao de exclusividade do desempenho desta funcao quando esta posicao estiver ativada, evitando o acumulo de funcao com outra atividade."
110/D/10,Programar a realizacao de uma Auditoria de Seguranca Operacional no Aeroclube de Itapolis.
111/2009,"Supervisionar os servicos de manutencao preventiva e corretiva realizados em sua aeronave a fim de impedir a instalacao de pecas nao previstas pelo fabricante, a execucao de manutencao por pessoal nao habilitado, como tambem, manter a periodicidade das inspecoes dentro dos prazos estabelecidos."
111/2011,Providenciar a instalacao dos TELATEMP em todos os locais pertinentes nas aeronaves R-22 da frota.
111/2012,Promover a divulgacao deste Relatorio Final de Acidente Aeronautico junto aos operadores de aeronaves segundo o RBHA 91 das respectivas areas de atuacao.
111/B/09,"2.Estabelecer na normatizacao da instrucao dos controladores de voo a obrigatoriedade de permanente acompanhamento do instrutor, quando um estagiario estiver desempenhando um servico na Posicao Operacional."
111/D/10,Programar a realizacao de uma Auditoria de Seguranca Operacional na EJ- Escola de Aeronautica Civil Ltda.
112/2009,"Adotar procedimentos a fim de estabelecer criterios para a execucao de voos ou operacoes nao rotineiras nas suas aeronaves, que exijam maior grau de experiencia por parte dos pilotos."
112/2011,"Revisar os seus procedimentos de manutencao no tocante a Revisao Geral (overhaul) dos motores Lycoming modelo O-360-J2A, a fim de assegurar-se do cumprimento de todos os requisitos previstos pelo fabricante."
112/2012,"Estudar a viabilidade da adocao de Programa de Treinamento para as empresas regidas pelo RBHA 145, com foco, dentre outros aspectos, na padronizacao de procedimentos de manutencao, manuseio e interpretacao de publicacoes tecnicas e reciclagem teorica."
112/B/09,"3.Estabelecer processos discriminados e formalizados no programa de treinamento destinados a formacao e a manutencao operacional dos controladores, abrangendo todas as fases de instrucao."
112/D/10,"Divulgar este Relatorio Final, enfatizando a importancia do conhecimento de da aplicacao das regras de trafego aereo previstas na ICA 100-12."
113/2009,"Envidar esforcos na formacao de um profissional com curso na area do SIPAER, a fim de elevar o nivel de seguranca operacional da empresa, e permitir o acompanhamento e a execucao das normas estabelecidas por esse Sistema, a exemplo: a comunicacao imediata de ocorrencias aeronauticas."
113/2011,"Realizar uma Vistoria de Seguranca de Voo na COP Servicos Aereos Especializados Ltda., no intuito de verificar suas condicoes operacionais, em especial no tocante ao controle de horas voadas e a supervisao dos servicos de manutencao."
113/2012,"Divulgar as empresas regidas pelo RBHA 145, os ensinamentos colhidos na presente investigacao, ressaltando a necessidade da adequada supervisao dos servicos de manutencao realizados nas aeronaves."
113/B/09,"4.Ressaltar, no programa de treinamento destinado a formacao e a manutencao operacional dos controladores de voo, por meio de instrucao de meteorologia, as possiveis e habituais formacoes de nebulosidade nos topos das elevacoes decorrentes das caracteristicas fisicas existentes na regiao (lagoas, ventos predominantes, etc), elevando a consciencia situacional dos controladores de voo quanto a importancia de serem executados os alertas e avisos relativos a seguranca, previstos no item 14.1 da ICA 100-12, ainda que as aeronaves se encontrem realizando um voo visual, em que a responsabilidade pela separacao da aeronave com obstaculos seja do proprio piloto em comando."
113/D/10,"Estudar meios de intensificar o acompanhamento das atividades aereas dos aeroclubes, destacando os aspectos ligados a supervisao da instrucao ministrada, bem como fiscalizar o cumprimento das atividades e programas constantes no PPAA, no MCA 58-3/2004, no Plano de Missoes e no MMA 58-16/1992."
114/2011,"Revisar a legislacao vigente (IAC 3142-39-0200, RBAC 21, RBAC 39, IS n° 145.109-001) de forma a eliminar a possibilidade de dupla interpretacao no tocante a obrigatoriedade de cumprimento de Boletins de Servico Mandatorios expedidos pelo fabricante."
114/2012,"Reavaliar a certificacao da oficina Aero Espina Ltda, a fim de verificar se ela atende a todos os requisitos aplicaveis."
114/C/09,1.Prover o DTCEA-CF de pessoal em quantidade suficiente para evitar a rotatividade e o acumulo de funcoes do pessoal da Secao de Instrucao e Avaliacao Tecnica e Operacional (SIATO).
114/D/10,"Avaliar a possibilidade de substituicao da aeronave Aero-Boero, AB-115/180, como treinador basico na instrucao aerea dos aeroclubes e escolas de formacao de pilotos."
115/2011,"Revisar o processo de emissao de Diretrizes de Aeronavegabilidade, a fim de converter as Instrucoes, Boletins, Cartas e demais documentos mandatorios, provenientes dos fabricantes de aeronaves, motores, helices e componentes em geral, em DA, em tempo oportuno, quando aplicavel as aeronaves brasileiras."
115/2012,"Incrementar a fiscalizacao das oficinas de manutencao, visando evitar a realizacao de servicos em desacordo com o previsto pelo fabricante."
115/D/09,"1.Prover a TMA-BH de Carta de Corredor Visual, visando a elevacao do nivel da seguranca operacional na TMA-BH."
115/D/10,"Realizar Auditoria de Seguranca Operacional Especial no Aeroclube de Canela, em face das deficiencias ali encontradas."
116/2011,"Converter a versao mais recente do Service Bulletin N° 240T, da Lycoming, em Diretriz de Aeronavegabilidade, a fim de reforcar a obrigatoriedade do seu cumprimento."
116/2012,"Adotar mecanismos de divulgacao dos ensinamentos colhidos na presente investigacao aos operadores de Taxi Aereo, alertando quanto aos riscos decorrentes da falta de supervisao dos servicos de manutencao por parte da oficina e da empresa aerea."
116/D/09,"2.Estudar a viabilidade de implantacao, especificamente, para o tipo de voo proposto (VFR/IFR), de dispositivo de alerta visual para os controladores em operacao no console operacional, quando houver, em sua area de cobertura, trafegos proximos a pontos mais elevados, em alturas e distancias inferiores as de seguranca para cada tipo de voo. Tal dispositivo de alerta ar-solo devera ser usado adequadamente para os voos IFR e VFR, sem que haja a desativacao pelos controladores."
116/D/10,"Divulgar este Relatorio aos aeroclubes e demais operadores de AB-115 e AB-180, visando disseminar os ensinamentos adquiridos na presente investigacao."
117/2011,"Realizar uma Vistoria de Seguranca de Voo na Planave Aviacao Ltda, visando verificar suas condicoes de funcionamento, com especial atencao aos procedimentos de revisao geral dos motores Lycoming modelo O-360-J2A."
117/2012,"Incrementar a fiscalizacao das oficinas de manutencao, visando evitar a realizacao de servicos sem as ferramentas previstas pelos fabricantes."
117/D/09,"3.Padronizar o uso, por parte dos controladores, do dispositivo de alerta ar-solo de forma a atender as necessidades operacionais."
117/D/10,"Incluir aulas de prevencao de acidentes no programa de instrucao, visando conscientizar todo o pessoal envolvido na atividade aerea para o preenchimento do Relatorio de Prevencao, a fim de manter a percepcao ao risco e ao perigo em niveis aceitaveis, promovendo, assim, a seguranca das operacoes."
118/2011,"Revisar os seus procedimentos para terceirizacao de servicos de manutencao, a fim de assegurar-se da supervisao e do controle adequados, alem da conferencia da ficha SEGVOO 003 da oficina executante do servico, nos casos aplicaveis."
118/2012,"Reciclar, por meio de avaliacoes periodicas, o conhecimento dos pilotos a respeito dos Manuais Tecnicos da aeronave, ressaltando principalmente os procedimentos de emergencia."
118/D/09,"1.Intensificar a fiscalizacao de vigilancia operacional da empresa BATA Taxi Aereo, a fim de verificar a aderencia dos procedimentos operacionais e de treinamento da empresa aos requisitos de seguranca estabelecidos na legislacao aeronautica."
118/D/10,"Incluir aula no programa de instrucao, sobre o conteudo da MCA 58-3/2004 (Manual do Curso de Piloto Privado) e do MMA 58-16/1992 (Manual  do Curso  de Instrutor de Voo), enfatizando a responsabilidade dos instrutores de voo para ensinar, exigir e cumprir as normas de avaliacao e principios de seguranca"
119/2011,"Revisar os seus procedimentos de execucao de servicos de manutencao de cumprimento mandatorio, a fim de assegurar-se, nos casos aplicaveis, da expedicao do documento comprobatorio da execucao, a ficha SEGVOO 003, conforme preconizado em legislacao da Agencia Reguladora."
119/2012,"Enfatizar o estrito cumprimento dos procedimentos determinados pelo fabricante da aeronave operada, em seus manuais e lista de verificacoes, independentemente das eventuais e excepcionais capacidades tecnicas ou psicomotoras de seus tripulantes."
119/D/08,"Reavaliar a viabilidade da operaca o VFR no periodo noturno, prevista na Portaria de Registro do Heliponto Privado Condominio Laranjeiras (SDLA), (LAT 23º 20' 39*S / LONG 044º 39' 39W), PARATY / RJ, considerando a perda de referencias visuais, logo apos a decolagem efetuada em direcao ao mar, sendo este o unico sentido utilizado, devido a restricao de sobrevoo das residencias, estabelecida pela administracao do referido Condominio."
119/D/09,"2.Analisar, junto ao fabricante do modelo AC500S, a necessidade e aplicabilidade de modificacoes de projeto relacionadas ao sistema de abastecimento de combustivel da aeronave, no intuito de prevenir a formacao de bolhas, e relativas a confiabilidade da indicacao de quantidade de combustivel a tripulacao de cabine."
119/D/10,"Documentar qualquer decisao tomada por Conselho Operacional, Conselho de Instrucao ou Reuniao de Diretoria do Aeroclube que trate de avaliacao operacional de alunos oriundos de outros aeroclubes, indisciplina de voo, suspensao, afastamento ou exclusao de pilotos da atividade aerea, bem como de qualquer outro fato que comprometa a seguranca operacional."
12/A/2008_SERIPA_V,"O Presidente do Aeroclube de Novo Hamburgo devera, de imediato, cobrar de seus Diretores a supervisao constante tanto do setor de instrucao como de operacoes de voo. Recomendacoes emitidas anteriormente a data de publicacao deste relatorio."
120/2011,"Revisar os seus procedimentos de manutencao relativos ao servico de instalacao e usinagem das buchas dos contrapesos dinamicos dos motores Lycoming, a fim de assegurar-se do cumprimento do Service Bulletin 204V-2 e da Service Instruction Nr 1143B."
120/2012,"Promover a atualizacao de todos os registros das aeronaves operadas, conforme a legislacao em vigor."
120/D/08,"Realizar uma Vistoria Tecnica no Aeroporto de Fortaleza, a fim de verificar as condicoes das areas de escape ao redor das areas de manobra, de movimento e da pista 13/31."
120/D/09,"3.Divulgar aos operadores de aeronave Aerocommander AC500S os ensinamentos colhidos nesta investigacao, no intuito de prevenir a recorrencia de acidentes aeronauticos."
120/D/10,"Realizar o controle das Divulgacoes Operacionais (DIVOP) emitidas pelo SIPAER, referentes as aeronaves de sua dotacao, por meio de coletanea e relacao de ciencia dos tripulantes, devidamente assinada."
121/2011,"Executar uma Vistoria de Seguranca de Voo na Oficina Ramos Manutencao de Aeronaves LTDA, com especial atencao aos procedimentos estabelecidos no Manual de Procedimento de Inspecao (MPI) no tocante a execucao e controle de servicos terceirizados."
121/2012,"Aplicar processos que melhorem a qualidade da supervisao dos servicos prestados, de forma a impedir a emissao de registros oficiais sobre aeronaves, contendo informacoes pertinentes a itens que nelas nao estejam de fato instalados."
121/A/09,"1.Promover a divulgacao dos ensinamentos colhidos nesta investigacao aos operadores de taxi-aereo, por ocasiao da realizacao de atividades educativas."
121/D/08,"Enfatizar, junto aos operadores da Torre de Controle de Fortaleza, a necessidade de informar aos pilotos, em situacao de chuva, as condicoes da superficie das pistas de pouso e decolagem, cumprindo o que determina a ICA 100-12 (Regras do Ar e Servicos de Trafego Aereo)."
122/2011,"Executar uma Vistoria de Seguranca de Voo na Oficina Goias Manutencao de Aeronaves LTDA, com especial atencao aos procedimentos estabelecidos no Manual de Procedimento de Inspecao (MPI) no tocante a expedicao da ficha SEGVOO 003 e aplicacao do Service Bulletin 204V-2 e da Service Instruction Nr 1143B nos motores Lycoming."
122/2012,"Realizar fiscalizacao mais rigorosa na vistoria de documentacao referente as aeronaves - cadernetas, fichas de inspecao, mapas de controle de componentes e afins, visando evitar a existencia de registros oficiais sobre aeronaves, contendo informacoes pertinentes a itens que nelas nao estejam de fato instalados."
122/D/08,"Viabilizar, no Aeroporto de Fortaleza, os meios necessarios de transporte para apoio a evacuacao nos casos de acidentes e incidentes aeronauticos."
122/D/10,"Divulgar o conteudo do presente relatorio para empresas aereas de pulverizacao agricola, em ambito nacional."
123/2011,"Divulgar o presente Relatorio Final as oficinas de manutencao homologadas para motores Lycoming, visando enfatizar a importancia do cumprimento do Service Bulletin 204V-2 e da Service Instruction Nr 1143B."
123/2012,"Dar ampla divulgacao aos operadores de aeronaves antigas e classicas, ainda em voo, do conteudo do presente relatorio, enfatizando os aspectos de operacao e manutencao de aeronaves."
123/D/08,Providenciar a retirada do entulho do prolongamento da area de escape das cabeceiras da pista do Aeroporto Internacional de Fortaleza.
123/D/10,"Analisar a implementacao de mecanismos que possibilitem a adocao de medidas de controle de qualidade do sistema de freios da aeronave AMT-600, a fim de evitar a ocorrencia de vazamentos nas tubulacoes hidraulicas."
124/2011,"Converter a versao mais recente do Service Bulletin 204V-2 da Lycoming em Diretriz de Aeronavegabilidade, visando reforcar a obrigatoriedade do seu cumprimento."
124/2012,"Divulgar os ensinamentos colhidos na presente investigacao aos grupamentos de Policia, Bombeiros e Defesa Civil, alertando quanto a importancia da utilizacao de material adequado, da realizacao de treinamentos frequentes e da supervisao continua da atividade aerea."
124/D/08,Divulgar os ensinamentos desta Sintese no ambito da empresa.
124/D/10,"Adotar procedimentos de estocagem de aeronaves, visando a preservacao dos sistemas e componentes, sempre que houver um periodo muito longo entre a data de fabricacao e a entrega."
125/2012,"Divulgar os ensinamentos colhidos na presente investigacao aos aeroclubes e escola de Aviacao, alertando quanto aos riscos decorrentes de um deficiente planejamento de missao e de falhas na instrucao."
125/D/08,"Intensificar a aplicacao, pratica e supervisao constante do CRM nos treinamentos tecnicos (aulas teoricas, simulador e rota)."
125/D/10,"Adotar procedimentos de inspecao pre-voo por tecnicos da empresa, antes da entrega de uma aeronave que tenha permanecido por longo periodo (a definir) fora de operacao."
125/D/11,"Adequar o treinamento da manobra *UNRELIABLE SPEED INDICATOR / ADR CHECK PROC*, incluindo as fases de subida, cruzeiro, aproximacao e pouso nas sessoes de treinamento inicial e periodico nos seguintes equipamentos: A320, A330, A340."
126/2012,"Revisar a instrucao de voo relativa a pouso de emergencia em campo nao preparado, visando assegurar-se de que seus pilotos tenham os conhecimentos necessarios a escolha do local de pouso de maneira oportuna e adequada."
126/D/08,Encaminhar os tripulantes tecnicos deste voo para participarem de um proximo treinamento de CRM da empresa.
126/D/10,Realizar Auditoria de Seguranca Operacional na Aero Espina Ltda.
126/D/11,"Avaliar a necessidade de adequacao do treinamento periodico da empresa ao recomendado no RECURRENT TRAINING AND CHECKING previsto no Flight Crew Training Program da AIRBUS, datado de novembro de 2010, reduzindo o intervalo entre treinamentos e cheques de 12 meses para 6 meses."
127/2012,"Na realizacao dos voos de verificacao de proficiencia, enfatizar a avaliacao do conhecimento sobre os sistemas das aeronaves e sobre os procedimentos de emergencia, contemplando em especial as situacoes que exijam o pouso imediato e as situacoes que permitam a continuidade do voo, com a realizacao do pouso assim que praticavel."
127/D/08,"Reavaliar o programa de CRM da empresa, reforcando a importancia do Alerta Situacional."
127/D/10,"Adotar mecanismos de divulgacao dos ensinamentos colhidos na presente investigacao aos operadores e oficinas de manutencao, alertando quanto aos riscos decorrentes da nao observacao dos procedimentos de manutencao e supervisao."
127/D/11,Enfatizar nos treinamentos iniciais e periodicos (curriculo de solo e de voo) os minimos requeridos para operacao em espaco aereo RVSM.
128/2012,"Divulgar os ensinamentos do presente relatorio aos operadores de helicoptero, enfatizando a importancia da verificacao do checklist durante as emergencias, visando garatir o cumprimento dos procedimentos previstos."
128/D/08,"Intensificar as orientacoes quanto a importancia de serem preservadas as informacoes dos CVR, quando da ocorrencia de incidentes, incidentes graves e de acidentes aeronauticos."
128/D/10,"Divulgar este relatorio aos operadores agricolas, a fim de disseminar os ensinamentos adquiridos na investigacao."
128/D/11,Enfatizar nos treinamentos iniciais e periodicos (curriculo de solo e de voo) os minimos requeridos para realizacao de procedimentos GNSS.
129/2012,"Incrementar a fiscalizacao das oficinas de manutencao, visando evitar a realizacao de servicos que nao estejam em conformidade com os previstos pelo fabricante."
129/D/08,"Promover e intensificar a pratica constante da avaliacao com interacao sistemica do FOQA, do LOSA e do CRM, visando a analise preditiva do processo de instrucao da Empresa."
129/D/10,"Em funcao das peculiares condicoes de emprego, onde as aeronaves podem passar longos periodos sem operar em aerodromos controlados, analisar a possibilidade de implementacao de processos para a efetiva fiscalizacao da atividade aerea aplicada a pulverizacao agricola, a fim de coibir a operacao irregular, tanto no que tange a habilitacao dos pilotos e as condicoes das aeronaves, como quanto ao emprego de combustivel nao homologado."
129/D/11,Enfatizar nos treinamentos iniciais e periodicos (curriculo de solo e de voo) a necessidade de declarar urgencia/emergencia aos orgaos de controle de trafego aereo de acordo com a legislacao pertinente.
130/2012,"Adotar mecanismo para divulgacao da ocorrencia, a fim de alertar operadores e pilotos da aviacao geral quanto a necessidade de cumprimento das normas reguladoras da aviacao civil."
130/D/08,"Orientar seus funcionarios quanto aos criterios para abordagem dos tripulantes durante seus periodos de repouso, visando ao estrito cumprimento do descanso regulamentar necessario a recuperacao de suas condicoes psicofisicas."
130/D/09,Incluir nas acoes programadas do PPAA/MGSO orientacoes relativas aos cuidados com a operacao de aeronaves de trem de pouso convencional.
130/D/10,"Adotar mecanismos de divulgacao dos ensinamentos colhidos na presente investigacao aos operadores de taxi-aereo, alertando quanto aos riscos decorrentes da nao observacao dos procedimentos de manutencao preventiva recomendados pelos fabricantes."
130/D/11,"Divulgar periodicamente, no menor prazo possivel, os eventos afetos a Seguranca de Voo para todos os tripulantes, com o objetivo de aumentar a consciencia situacional dos mesmos e mitigar riscos."
131/2011,"Realizar Vistoria de Seguranca de Voo especial na empresa JVC Aerotaxi Ltda., com a finalidade de verificar a conformidade dos procedimentos operacionais, de treinamento e de manutencao com os requisitos minimos de seguranca estabelecidos na legislacao aeronautica."
131/2012,"Incrementar a fiscalizacao da aviacao privada, visando inibir a operacao de aeronaves em condicoes de aeronavegabilidade inadequada por pilotos com habilitacao vencida."
131/D/08,"Reavaliar os criterios para escolha dos locais de pernoite dos tripulantes, devendo estes atender a criterios de silencio e salubridade, bem como apresentar boas condicoes de alimentacao."
132/2011,"Realizar Vistoria de Seguranca de Voo especial na empresa Cleiton Taxi-Aereo Ltda., com a finalidade de verificar a conformidade dos procedimentos operacionais, de treinamento e de manutencao com os requisitos minimos de seguranca estabelecidos na legislacao aeronautica."
132/2012,"Divulgar os ensinamentos colhidos na presente investigacao, alertando os operadores e tripulantes quanto aos riscos decorrentes da operacao das aeronaves em aerodromos nao legalizados, bem como do planejamento inadequado para a realizacao dos voos."
132/D/08,"Elaborar norma padrao de procedimentos quanto ao uso pelos tripulantes e mecanicos, de medicamentos prescritos em tratamentos medicos."
133/2010,"Avaliar a remocao dos obstaculos nao frangiveis existentes na faixa de pista de pouso e decolagem do aeroporto de Jacarepagua, conforme previsto no capitulo 3 do Anexo 14 - Projeto e Operacoes de Aerodromos, da OACI."
133/2011,"Intensificar as vistorias de rampa no Aerodromo de Flores, visando coibir a pratica de violacoes a normas vigentes."
133/2012,"Reavaliar os requisitos minimos de experiencia recente para pilotos com pouca experiencia de voo, a fim de verificar se propiciam o treinamento necessario ao desempenho adequado das tarefas de pilotagem."
133/D/08,Viabilizar o rapido atendimento aos tripulantes que recorrerem ao servico medico da empresa.
134/2011,"Divulgar as oficinas de manutencao, autorizadas a realizar Revisao Geral de motores, os ensinamentos colhidos neste acidente."
134/2012,"Incrementar a fiscalizacao da aviacao geral (operando segundo o RBAC 91), a fim de coibir a pratica de violacoes e uso de aerodromos nao homologados ou registrados."
134/D/10,"Divulgar o conteudo do presente relatorio em Seminarios, Palestras ou eventos congeneres."
135/2012,"Providenciar a homologacao do aerodromo de Mortugaba, BA junto a ANAC."
135/D/09,"1.Divulgar os ensinamentos colhidos desta investigacao aos operadores de taxi aereo e de transporte de malotes, a fim de evitar a recorrencia de novos acidentes."
135/D/10,"Avaliar o estabelecimento de mecanismos de controle sobre as empresas de taxi aereo, de maneira a evitar a ocorrencia de voos com tripulacoes em desacordo com as normas fixadas pela legislacao."
136/D/09,"2.Realizar auditoria de acompanhamento operacional na empresa TOK TAXI AEREO, a fim de verificar a aderencia dos procedimentos operacionais da empresa aos requisitos de seguranca estabelecidos na legislacao aeronautica."
136/D/10,"Elaborar, em documento interno, um programa de treinamento periodico para procedimentos normais e de emergencia, aplicado a todos os pilotos."
137/2012,"Adotar mecanismo para a divulgacao deste Relatorio Final aos operadores da Aviacao Geral, alertando-os para a importancia de serem considerados, no planejamento do voo, as condicoes de vento e os limites operacionais da aeronave."
137/D/10,"Adotar mecanismos de divulgacao dos ensinamentos colhidos na presente investigacao aos operadores de taxi-aereo, alertando quanto aos riscos decorrentes da nao observacao dos procedimentos normais de operacao da aeronave."
138/2012,"Adotar mecanismos de divulgacao dos ensinamentos colhidos na presente investigacao aos operadores da Aviacao Geral, alertando quanto aos riscos decorrentes da falta de supervisao durante os servicos de manutencao."
138/D/10,"Promover a divulgacao deste acidente aeronautico junto a operadores e pilotos, tendo por objetivo disseminar os ensinamentos adquiridos, realcando que, mesmo quando a intensidade do vento requer o voo proximo a plantacao, existem vantagens na manutencao de uma altura de seguranca."
139/2012,"Incrementar a fiscalizacao e acompanhamento das oficinas de manutencao, visando evitar a realizacao de servicos em desacordo com o previsto pelo fabricante."
139/D/10,"Promover a divulgacao deste acidente aeronautico junto a operadores e pilotos, tendo por objetivo disseminar os ensinamentos adquiridos, realcando que, mesmo quando a intensidade do vento requer o voo proximo a plantacao, existem vantagens na manutencao de uma altura de seguranca."
140/2010,"Adotar mecanismos para divulgacao dos ensinamentos colhidos na presente investigacao aos operadores da aviacao geral, alertando quanto aos riscos decorrentes de deficiencia de servicos de manutencao."
140/2012,"Divulgar os ensinamentos colhidos nesta investigacao aos operadores aeroagricolas, a fim de evitar a recorrencia de novos acidentes."
141/2012,"Realizar uma avaliacao das condicoes de escoamento de agua da pista de pouso do Aeroporto de Campo de Marte - SBMT, visando verificar se atende aos requisitos aplicaveis."
141/D/10,"Aperfeicoar os mecanismos de controle sobre a operacionalidade do material, incluindo as pistolas de sinalizacao luminosa da TWR-JP."
141/D/11,Determinar a causa da falha do rolamento verificada na analise inicial do motor.
142/2012,"Realizar estudo, juntamente com o DECEA e a INFRAERO, quanto a viabilidade de se instalar nos aeroportos equipamentos de medicao de quantidade de chuva (pluviometros), bem como criar uma tabela de conversao de medida para o estabelecimento da lamina d'agua baseado no indice de precipitacao, coordenar a difusao da informacao e ainda estabelecer a regulamentacao necessaria."
142/D/10,"Adotar mecanismos de divulgacao dos ensinamentos colhidos na presente investigacao aos operadores de Taxi Aereo, alertando quanto aos riscos decorrentes da nao realizacao do registro das panes apresentadas pelas aeronaves."
142/D/11,Acompanhar a analise do rolamento avariado efetuada na GE Aviation.
143/2012,"Reforcar em seu Programa de Treinamento para pilotos a operacao em pistas curtas e em condicoes meteorologicas adversas, dando especial atencao ao adequado uso dos freios da aeronave e ao calculo da distancia de pouso nos casos de pista molhada e contaminada."
143/A/07,"Estudar a conveniencia de adequar a operacao de suas aeronaves aos aeroportos por elas caracterizados como sendo de *operacao em condicao especial*, considerando a possibilidade de nao realizar pousos e decolagens nas situacoes de reversor pinado."
143/D/10,"Analisar a conveniencia da instalacao de linhas de telefone nas Torres de Controle, destinadas exclusivamente para casos de emergencia das aeronaves em voo, e divulga-las nas Publicacoes Aeronauticas."
143/D/11,Divulgar este Relatorio aos operadores de aeronave 737-7EH.
144/2012,Avaliar os procedimentos previstos de operacao da Torre de Controle do Campo de Marte no tocante a presenca de aeronave acidentada proxima a pista de pouso.
144/A/07,"Estabelecer procedimentos para que os operadores do RBHA 121 insiram, no brifim de descida, uma analise da distancia de pista necessaria para pouso e os procedimentos a serem adotados, caso nao ocorra a atuacao de *spoilers* e/ou freios. Tal analise tem como finalidade definir o inicio imediato de uma arremetida, caso necessario."
144/D/09,"1.       Realizar auditoria de acompanhamento operacional na empresa Aero Star Taxi Aereo, com a finalidade de verificar a conformidade dos procedimentos operacionais, de treinamento e de manutencao da empresa aos requisitos minimos de seguranca estabelecidos na legislacao aeronautica."
144/D/10,"Viabilizar a realizacao de curso de Gerenciamento de Recursos da Corporacao (CRM), destinado a toda a empresa, devendo ser repetido a cada vinte e quatro meses, no minimo."
144/D/11,"Acompanhar a analise do rolamento avariado, visando verificar a necessidade de emissao de Diretriz de Aeronavegabilidade junto a Autoridade Primaria de Certificacao do motor."
145/2012,"Divulgar os ensinamentos deste relatorio em sua area de atuacao durante a realizacao de seminarios, palestras e atividades afins."
145/A/07,"Estudar a viabilidade de se estabelecer procedimentos para que os operadores do RBHA 121 insiram, no procedimento apos o toque no pouso, a confirmacao da atuacao de *spoilers*, antes da aplicacao do reverso. Esta sequencia tem como finalidade viabilizar uma arremetida no solo, caso nao haja atuacao de *spoilers*."
145/A/09,"Elaborar DIVOP as empresas aeroagricolas existentes em sua jurisdicao, a fim de apregoar em carater preventivo os aprendizados decorrentes da presente investigacao."
145/D/09,"2.        Intensificar as acoes de vigilancia operacional sobre as empresas de taxi aereo, no sentido de coibir a utilizacao de tripulantes sem o vinculo empregaticio requerido pelo RBHA 135."
145/D/10,"Promover palestras a respeito dos temas: Consciencia Situacional, Indisciplina de Voo, Erro e Violacao e inserir tais temas no subprograma de atividades educacionais constantes do PPAA da empresa."
145/D/11,"Incluir, no Programa de Treinamento da Divisao de Operacoes Aereas, dispositivo contemplando atividades de reciclagem, notadamente, voltada para a realizacao de exercicios e manobras que visem a adequada manutencao operacional dos seus pilotos."
146/2012,"Divulgar os ensinamentos colhidos na presente investigacao as empresas de Taxi-Aereo, alertando quanto aos riscos decorrentes de um deficiente planejamento de voo e de inadequada supervisao gerencial."
146/A/07,"Estabelecer procedimentos para que os operadores do RBHA 121 realizem treinamento, em simuladores de voo, de arremetidas no solo, apos a nao atuacao de *spoilers* e/ou freios, com a finalidade de demonstrar as caracteristicas de performance da aeronave nessas condicoes."
146/A/09,"Divulgar o presente relatorio com a intencao de enfatizar a necessidade de os tripulantes dedicarem especial atencao a identificacao dos obstaculos presentes na area de aplicacao e adjacencias, antes do inicio das operacoes aereas."
146/D/10,"Alocar pessoal qualificado no setor de treinamento, visando assegurar o rigoroso cumprimento do programa de treinamento aprovado pela Agencia Nacional de Aviacao Civil."
146/D/11,"Instituir documento estabelecendo limites para suas operacoes, semelhante ao Manual Geral de Operacoes (MGO), visando a padronizacao de suas operacoes, bem como a facilitacao do processo decisorio dos pilotos nas fases de planejamento e execucao dos voos."
147/2012,"Criar mecanismos de supervisao das suas atividades aereas, visando assegurar-se do adequado planejamento dos voos, em especial no tocante ao conhecimento previo das caracteristicas do aerodromo a ser utilizado."
147/A/07,"Atualizar a documentacao pertinente para oficializar os procedimentos recomendados nas RSV 144, 145 e 146."
147/A/09,"1. Promover a divulgacao dessa ocorrencia junto aos operadores e escolas de aviacao civil, com a finalidade de disseminar os ensinamentos para a prevencao."
147/D/10,"Programar acompanhamento e avaliacao de tripulantes, visando identificar tendencias e perceber dificuldades no desempenho dos pilotos, de forma a encaminha-los para correcao o quanto antes."
147/D/11,"Adotar mecanismos visando a realizacao de treinamento em simuladores de voo, de modo a contribuir para a melhoria da proficiencia dos seus pilotos, sobretudo em situacoes de emergencia."
148/2012,"Divulgar os ensinamentos colhidos desta investigacao aos operadores de Taxi-Aereo, a fim de evitar a recorrencia de novos acidentes."
148/A/07,"Avaliar a conveniencia de estabelecer treinamento de pouso com reverso desativado para os operadores do RBHA 121, com a finalidade de implementar o treinamento nesta condicao."
148/D/10,Estabelecer mecanismos de comunicacao entre o setor comercial e o setor de operacoes para que este possa realizar efetivamente o planejamento dos voos.
148/D/11,"Adotar mecanismos visando a melhoria de sua supervisao gerencial, notadamente no que se refere ao acompanhamento das fases de planejamento e execucao dos voos."
149/2012,"Verificar as condicoes operacionais da Taxi Aereo Weiss Ltda, em especial no tocante ao acompanhamento das atividades aereas e a aplicacao do Programa de Treinamento."
149/A/07,"Estudar a necessidade de se estabelecer parametros para a realizacao de abastecimento economico pelos operadores do RBHA 121, quando prosseguindo para pouso em condicoes limites do envelope de pouso."
149/A/09,"1.          Realizar auditoria na empresa Hora Manutencao LTDA, no sentido de verificar o atendimento, por parte da empresa, aos requisitos de certificacao estabelecidos na legislacao aeronautica, no que se refere a qualidade dos servicos de manutencao realizados e aos procedimentos de controle e atualizacao de publicacoes tecnicas."
149/D/10,"Estabelecer mecanismos para que o Setor de Operacoes realize o planejamento, o desenvolvimento e o acompanhamento dos voos, visando coibir o desrespeito aos limites operacionais das aeronaves da frota."
149/D/11,"Incluir, no Termo Aditivo ao convenio firmado entre o Ministerio da Saude# o Ministerio da Justica por intermedio da Policia Rodoviaria Federal# e a Prefeitura Municipal do Recife, visando a operacionalizacao do SAMU, dispositivo estabelecendo o acionamento concomitante de Forca Policial, destinada a promover o isolamento das areas utilizadas para Operacao Ocasional, envolvendo suas aeronaves."
150/2012,"""Estabelecer um procedimento de manutencao padrao, adequado as atividades de calagens internas de magnetos de motor, onde seja definida a metodologia de trabalho aplicada a essa tarefa e registro na respectiva ficha de inspecao, especifica para a atividade de teste em bancada, contemplando o estabelecido no Manual de Manutencao, Revisao Geral e Catalogo Ilustrado de Pecas da Teledyne Continental Motor - TCM, P/N X42003-1, rev 1 de june 2004, (D-2000 & D-3000 Series High Tension Ignition Systems), Secao 3.2, """"Post-Overhaul Testing"""", quando da realizacao das atividades de manutencao voltadas para o ensaio em bancada de Magnetos modelo D-3000, ao final dos procedimentos de revisao geral de magnetos ou inspecao de manutencao."""
150/A/09,"2.Reavaliar os procedimentos de auditoria em empresas de manutencao aeronautica, a fim de verificar possiveis lacunas nos processos de fiscalizacao do controle de publicacoes tecnicas dessas empresas."
150/D/10,"Reciclar os mecanicos e pilotos no que se refere aos procedimentos de reabastecimento da frota, nos moldes estabelecidos nos manuais dos fabricantes das aeronaves."
150/D/11,"Incluir, no Termo Aditivo ao convenio firmado entre o Ministerio da Saude# o Ministerio da Justica por intermedio da Policia Rodoviaria Federal# e orgaos governamentais dos demais Estados e Municipios, visando a operacionalizacao do SAMU, dispositivo estabelecendo o acionamento concomitante de Forca Policial destinada a promover o isolamento das areas utilizadas para Operacao Ocasional envolvendo suas aeronaves."
151/2012,"""Estabelecer um procedimento de manutencao padrao, adequado as atividades de teste de cablagens de ignicao (Harness Testing) de magnetos de motor, em que seja definida a metodologia de trabalho aplicada a essa tarefa e registro na respectiva ficha de inspecao, especifica para a atividade de teste de fuga de corrente de alta tensao em cablagens de ignicao, contemplando o estabelecido no Manual de Manutencao, Revisao Geral e Catalogo Ilustrado de Pecas da Teledyne Continental Motor - TCM, P/N X42003-1, rev 1 de june 2004, (D-2000 & D-3000 Series High Tension Ignition Systems), Secao 3.3, """"Harness Testing"""", quando da realizacao das atividades de manutencao voltadas para inspecao de cablagens de magnetos modelo D-3000, ao final dos procedimentos de inspecao de manutencao."""
151/A/09,"1. Promover a divulgacao deste Acidente Aeronautico junto as oficinas de sua area de atuacao, realcando a importancia da atualizacao das publicacoes tecnicas emitidas pelos fabricantes e o correto cumprimento das mesmas."
151/D/08,"Determinar aos operadores de aeronaves SIKORSKY, modelos S-76A e S-76C, a realizacao de inspecao no componente *ENGINE SHAFT FLEXIBLE COUPLING*, P/N 76361-04008-103 ou 76361-04008-102, de acordo com o Capitulo 5, Secao 5-20-00, Paragrafo 3, Pagina 46, do Manual P/N SA 4047-76C-2-1 (Rev 31/MAR/2008). Caso seja encontrada qualquer discrepancia, o CENIPA, a GGIP e o SERIPA da regiao do operador deverao ser informados."
151/D/10,"Instituir um mecanismo de Selecao de Pessoal sistematizado, baseado em criterios operacionais e tecnicos, a fim de garantir a seguranca das operacoes."
151/D/11,"Divulgar os ensinamentos colhidos na presente investigacao, no ambito dos profissionais que atuam nas suas Bases Operacionais, alertando-os para os riscos presentes nas operacoes ocasionais, principalmente quando se tratar de acionamentos de emergencia."
152/2012,"""Estabelecer um procedimento de manutencao padrao, adequado as atividades de servico de regulagem de mistura na injetora de combustivel, em que seja definida a metodologia de trabalho aplicada a essa tarefa e registro na respectiva ficha de inspecao, especifica para a atividade, contemplando o estabelecido no item 8-21, secao VIII, do Manual de Servico P/N MS-720C-721C para aeronave Modelo EMB-721C, adequando os procedimentos de registro para ensaio de injetora de combustivel modelo RSA-10E-ED1, utilizando folha de registro de inspecao, conforme e mostrada na pagina 2 do FORM 15-810B, """"Troubleshooting Techniques for the Precision Airmotive RSA Fuel Metering System""""."""
152/B/09,"Estudar, no prazo de tres meses, a viabilidade de rever todo o processo de homologacao do sistema de balizamento noturno do Aeroporto de Terravista."
152/D/10,"Implantar um mecanismo periodico de avaliacao da Cultura Organizacional, atraves de profissionais experientes na area de aviacao, a fim de identificar as condicoes latentes de risco para as operacoes."
152/D/11,"Divulgar os ensinamentos colhidos na presente investigacao aos operadores policiais, alertando-os para os riscos presentes nas operacoes ocasionais, principalmente quando se tratar de acionamentos de emergencia e ou operacoes policiais."
153/2011,"Estabelecer medidas no sentido de possuir um Diretor de Seguranca de Voo mais atuante, visando incrementar a prevencao de acidentes e incidentes aeronauticos."
153/2012,"Promover reciclagem para os mecanicos da empresa quanto ao correto manuseio de equipamentos de teste e manuais para produtos aeronauticos, tais como:- P/N 11-8950-2 ""High Tension Lead Tester"" - Equipamento usado para testar a resistencia da isolacao e a continuidade dos cabos das cablagens de ignicao - Manutencao, Revisao Geral e Catalogo Ilustrado de Pecas da Teledyne Continental Motor - TCM, P/N X42003-1# - P/N 11-10500 ""Magneto Test Stand or Suitable Equivalent"" - Equipamento usado para o teste do magneto fora do motor - Manutencao, Revisao Geral e Catalogo Ilustrado de Pecas da Teledyne Continental Motor - TCM, P/N X42003-1# e - Form 15-812B - ""Training Manual - RSA Fuel Injection System"" - Manual usado para treinamento do sistema de injecao de combustivel de motores convencionais."
153/A/07,"Providenciar o reposicionamento e/ou a calibracao do nivel de iluminacao dos refletores do patio de estacionamento do novo terminal de passageiros do aeroporto de Congonhas (SBSP) - Sao Paulo, a fim de evitar o ofuscamento dos pilotos durante as operacoes de pouso e decolagem na pista principal (17R / 35L)."
153/B/09,"Estudar, no prazo de tres meses, a viabilidade de alterar a legislacao em vigor e incluir a obrigatoriedade de ser instalada uma estacao meteorologica completa nos aerodromos que emitem METAR."
153/D/10,"Viabilizar a realizacao de Auditoria de Seguranca Operacional na empresa Manaus Aerotaxi, com a finalidade de verificar a conformidade dos procedimentos operacionais, de treinamento e de manutencao com os requisitos minimos de seguranca estabelecidos na legislacao aeronautica."
154/2011,Divulgar os ensinamentos deste Relatorio aos Aeroclubes e Escolas de Aviacao.
154/2012,"Revisar o Manual Geral de Manutencao da empresa, a fim de estabelecer procedimento de recebimento de aeronave, apos inspecao programada e nao programada pelo fabricante, utilizando para tal ficha especifica (lista de verificacao) para recebimento de aeronave."
154/A/07,"Reformular os procedimentos utilizados no processamento dos Relatorios de Prevencao - RELPREV, de forma a priorizar o pronto conhecimento pelas Administracoes Aeroportuarias Locais (AAL) e sua imediata analise, deliberacao e execucao das acoes de prevencao pertinentes."
154/A/09,"Estudar, no prazo de um mes, a viabilidade de alterar a legislacao em vigor e incluir a obrigatoriedade de ser submetido a inspecao de saude e recheque de suas habilitacoes os operadores de estacao radio e ou controladores que estavam acompanhando ou monitorando aeronaves que sofreram acidentes aeronauticos."
154/D/10,"Analisar a criacao de mecanismos a fim de intensificar as acoes de vigilancia operacional sobre as empresas de taxi aereo, visando coibir a pratica de violacoes as normas vigentes."
155/2011,"Divulgar o presente relatorio final aos operadores privados, visando elevar o alerta situacional quanto ao acompanhamento e controle da autonomia da aeronave para a realizacao dos voos."
155/2012,"Adotar mecanismos de divulgacao dos ensinamentos colhidos na presente investigacao aos operadores de Taxi-Aereo e Oficinas de Manutencao, alertando quanto aos riscos decorrentes da nao observacao dos manuais de manutencao dos fabricantes e da ficha de recebimento de aeronaves apos inspecao."
155/A/07,"Implementar procedimentos que estabelecam a participacao ativa da AAL na supervisao de obras nos seus aeroportos, visando garantir o pleno conhecimento das modificacoes fisicas implantadas e a compatibilizacao de praticas operacionais."
155/A/09,"Estudar, no prazo de um mes, a viabilidade de alterar a legislacao em vigor e incluir a obrigatoriedade de ser instalado e manter-se em condicoes operacionais um sistema de gravacao das comunicacoes nas radios de aerodromos que operam noturno."
155/D/10,"Examinar os manuais de manutencao do motor PT6A, a fim de avaliar se os procedimentos de inspecao, relativos a medicao de temperatura do Fuel Heater possam ser tratados no mesmo capitulo dos procedimentos de inspecao quanto aos aspectos gerais, vazamentos e seguranca."
156/2012,"Realizar inspecao no aerodromo de Coribe, BA (SDKE), visando certificar se as suas atuais condicoes de infraestrutura permitem a operacao segura das aeronaves."
156/A/07,"Divulgar a comunidade aeronautica brasileira, atraves de DIVOP (Divulgacao Operacional) e dos demais meios de comunicacao existentes, o conteudo dessas Recomendacoes de Seguranca de Voo (RSV), a fim de manter elevadas a percepcao e a Consciencia Situacional - CS."
156/D/09,"Realizar Auditoria Tecnica na oficina Gaivota Pecas e Manutencao de Aeronaves Ltda. e na oficina Quick Aviacao, a fim de verificar se as atividades relativas aos servicos de manutencao estao de acordo com os requisitos dos regulamentos."
156/D/10,"Realizar estudos, a fim de avaliar a pertinencia da inclusao nas Fichas de Inspecao dos procedimentos previstos, no que se refere ao teste realizado quanto a medicao de temperatura no Fuel Heater e no cover do filtro da bomba de alta pressao do motor modelo PT6A."
157/2007,"Reforcar a supervisao quanto a adequacao e a execucao dos Programas de Treinamento das empresas aereas do RBHA 121, no tocante aos procedimentos de falha dos motores."
157/2011,Divulgar a presente ocorrencia com o objetivo de alertar os proprietarios de aeronaves quanto aos aspectos apresentados.
157/2012,Aperfeicoar os mecanismos de fiscalizacao visando coibir a operacao de aeronaves por pilotos com CHT vencido/suspenso.
157/D/09,"Identificar os conjunto de helice de PN  HC-C2YK-1BF que realizaram revisao geral na oficina Gaivota Pecas e Manutencao de Aeronaves Ltda, a partir de janeiro de 2005, a fim de contactar os respectivos proprietarios e proceder a verificacao do PN das pas de helice aplicadas, em conformidade com o SB HC-61-101D  e a AD 2002-09-08."
157/D/10,"Realizar Auditoria de Seguranca Operacional Especial na empresa Manaus Aerotaxi, no intuito de verificar se as acoes de prevencao do Elo-SIPAER tem alcancado os objetivos propostos no PPAA."
158/2011,"Analisar a pane apresentada no conjunto de trem de pouso da aeronave acidentada, com vistas a prevenir novas ocorrencias."
158/2012,"Aperfeicoar os mecanismos de acompanhamento da situacao dos aerodromos, visando evitar a utilizacao de pistas de pouso com condicoes inadequadas de seguranca."
158/D/09,"Promover uma reciclagem do corpo de inspetores, alertando para os procedimentos de acompanhamento de servicos de manutencao e de revisao, definindo metodos e rotinas de trabalho, a fim de aprimorar a qualidade das inspecoes e aumentar os niveis de seguranca operacional."
158/D/10,"Promover a divulgacao dos fatores contribuintes deste Acidente Aeronautico as Empresas de Taxi-Aereo, Escolas de Aviacao, Oficinais de Manutencao Aeronautica, Aeroclubes e Operadores de aeronaves equipadas com o motor PT6A, com a finalidade de disseminar os ensinamentos para a prevencao."
159/2011,"Emitir DIVOP com os ensinamentos colhidos neste acidente, a todos os operadores de aeronaves S10-VT e ao aeroclube de Santa Catarina."
159/2012,"Divulgar os ensinamentos do presente relatorio aos operadores da Aviacao Geral, enfatizando a importancia de uma avaliacao adequada das condicoes operacionais dos aerodromos a serem utilizados."
159/D/09,"Realizar Auditoria Seguranca Operacional na oficina Gaivota Pecas e Manutencao de Aeronaves Ltda. e na oficina Quick Aviacao, visando eliminar ou mitigar fatores de risco. Segundo Oficio 346/INV de 02/152/09 o Certificado de Homologacao de Empresa (CHE) da Gaivota Pecas e Mnt de Anv foi revogado pela ANAC e quanto a oficina Quik Aviacao fica sob responsabilidade do SERIPA 6, pois esta se encontra na cidade de Goiania-GO."
159/D/10,"Divulgar um alerta aos operadores civis e militares de aeronaves equipadas com motores PT6A quanto a importancia da verificacao da temperatura no Oil-to-Fuel Heater ou no cover do filtro da bomba mecanica de combustivel, nos moldes do manual de manutencao do fabricante do motor, a fim identificar, oportunamente, possiveis falhas com o elemento termico do Fuel Heater."
160/2011,"Incrementar a fiscalizacao nas escolas de formacao de piloto agricola, avaliando o fiel cumprimento do Manual do Curso Piloto Agricola - Aviao (MCA 58-17), tendo em vista que nesta investigacao verificou-se que as fichas de voo nao estavam adequadamente preenchidas."
160/B/09,"Divulgar este Relatorio as empresas de manutencao de aeronaves e as empresas de manutencao de helice e componentes de aviacao de suas respectivas areas de jurisdicao, a fim de disseminar os ensinamentos adquiridos nessa investigacao."
160/D/12,"Atuar junto ao GRAESP/PA que escale para compor tripulacao, somente pessoal devidamente habilitado, ou seja, com as habilitacoes e certificados validos."
161/2010,"Divulgar os ensinamentos deste acidente a comunidade aeronautica, como forma de prevencao de ocorrencias futuras."
161/2011,"Providenciar a cobertura da vala existente entre a pista de pouso e a pista de taxi do aerodromo de Piracicaba, com o objetivo de resguardar a seguranca das operacoes aereas."
161/D/09,"Promover treinamento de emergencias criticas para os pilotos da empresa, com enfase a priorizacao de tarefas em situacoes criticas, utilizado os ensinamentos coletados nessa investigacao."
161/D/12,"Atuar junto ao GRAESP/PA para que adote brifim de emergencia aos ocupantes, antes da decolagem, alertando sobre o momento correto de abandonar a aeronave, de modo a evitar acidentes com a pa do rotor principal."
162/2010,"Incluir, na pauta de assuntos a serem abordados nos eventos de Seguranca Operacional, a importancia de um adequado planejamento da missao e do acompanhamento, por parte do operador, das acoes a serem executadas por seus tripulantes nos pousos de precaucao em pista nao homologadas."
162/2011,"Instalar o Servico de Informacoes Meteorologicas no Aerodromo de Piracicaba, de maneira a facultar a comunidade aeronautica que ali opera a seguranca necessaria para a realizacao das operacoes aereas de pouso e decolagem."
162/A/02,"Alertar os instrutores e alunos pilotos sobre os riscos de operar aeronaves consideradas simples, sem que se tenha dominio das informacoes basicas de planejamento, como consumo, autonomia, peso maximo de decolagem e balanceamento de combustivel."
162/D/09,"Orientar os pilotos da empresa para o preenchimento antecipado do plano de voo em localidade que possua sala AIS, sempre que houver conhecimento previo das etapas seguintes, quando as mesmas envolverem decolagem de aerodromo desprovido de sala AIS."
163/2011,Divulgar o presente relatorio final aos aeroclubes e escolas de aviacao de sua area de atuacao.
163/A/02,"Realizar um Seminario de Seguranca de Voo na Regiao de Barreiras, BA, a fim de orientar os operadores e pilotos sobre os ensinamentos colhidos neste e em outros acidentes da regiao."
163/A/09,"Divulgar a presente ocorrencia aos aeroclubes e as escolas de aviacao civil, a fim de divulgar os ensinamentos colhidos na investigacao e evitar novos acidentes."
163/D/10,"Adotar mecanismos de divulgacao dos ensinamentos colhidos na presente investigacao aos Aeroclubes e Escolas de Aviacao, orientando quanto a importancia da elaboracao e do cumprimento das Ordens de Instrucao para todos os cursos ministrados."
164/2010,"Analisar a oportunidade de realizar auditoria especial na empresa Nacional Manutencao de Aeronaves Ltda., dispensando especial atencao ao controle de rastreabilidade de componentes aeronauticos."
164/2011,"Intensificar o acompanhamento das atividades das empresas aeroagricolas, destacando a importancia da Supervisao Gerencial a partir da fase de planejamento das operacoes."
164/D/09,"Encaminhar Oficio a todos os operadores que atendam o RBHA 135, alertando quanto a obrigatoriedade da implantacao do treinamento de CRM, de acordo com a IAC 060."
165/2010,"Orientar seus inspetores, por ocasiao das auditorias e inspecoes realizadas nas oficinas e empresas aereas, quanto a importancia da verificacao da rastreabilidade dos componentes aeronauticos."
165/2011,"Criar ferramentas que possibilitem a supervisao gerencial de toda a operacao aeroagricola, a partir da fase de planejamento (calculo de peso e balanceamento, quantidade de produto a ser aplicado e de combustivel necessario) para a execucao da atividade com seguranca."
165/2012,"Divulgar os ensinamentos do presente relatorio aos operadores da Aviacao Geral, ressaltando a importancia do instrutor de voo para o adequado treinamento, em especial na realizacao de voos IFR."
165/D/09,"Realizar Auditoria Tecnica na empresa ATA - Aero Taxi Abaete Ltda., no intuito de verificar a adequabilidade e o cumprimento do Programa de Treinamento, MGO e MGM."
166/2007,Intensificar a exigencia as tripulacoes tecnicas quanto a realizacao dos procedimentos de DUAL ENGINE FAILURE do SILLABUS no treinamento em simulador de voo.
166/2010,Divulgar os ensinamentos deste Relatorio entre os mantenedores e operadores de aeronaves da Aviacao Geral e Taxi Aereo.
166/2011,"Criar dispositivo que possibilite melhor coordenacao entre o auxiliar de pista e o piloto, de forma que, apos o calculo do combustivel realizado pelo piloto, ambos confiram se a aeronave esta devidamente abastecida."
166/2012,"Atuar junto as oficinas de manutencao da aeronave PA-46-350P, visando avaliar se os procedimentos de manutencao dos liquidometros seguem o previsto pelo fabricante e se tais procedimentos sao eficazes, assegurando o seu funcionamento correto."
166/A/2009,"Promover a divulgacao deste Acidente Aeronautico junto a operadores e pilotos, tendo por objetivo disseminar os ensinamentos adquiridos atraves do mesmo, com destaque para o incremento de risco que decorre do uso em aeronaves de combustivel nao apropriado."
166/D/09,"Promover a divulgacao deste Acidente Aeronautico junto a operadores e pilotos, tendo por objetivo disseminar os ensinamentos adquiridos atraves do mesmo, com destaque para o incremento de risco que decorre do uso em aeronaves de combustivel nao apropriado."
167/2007,"Alertar as tripulacoes tecnicas no caso de DUAL ENGINE FAILURE para executarem os procedimentos contidos no Paper Check List do QRH (Quick Reference Check List) para ambos os casos de falha do (s) motor (es), Fuel Remaining, bem como no caso de No Fuel Remaining."
167/2010,"Analisar a efetividade das comunicacoes radio em torno do Aeroporto de Teresina, considerando um raio de ate 100 NM, dispensando especial atencao aos niveis mais utilizados para a realizacao dos voos em condicoes visuais (VFR) naquela regiao, com o foco nas frequencias: TWR Teresina (118.80), APP Teresina (119.6) e ACC Recife (125.15 e 135.25)."
167/2011,"Orientar os pilotos a dedicarem especial atencao ao calculo do combustivel necessario ao cumprimento do voo e a verificacao da quantidade abastecida. Para tanto, devera ser adotado o procedimento de verificacao do liquidometro e a conferencia com regua de medicao diretamente no bocal de abastecimento."
167/D/09,"Que demarque as cabeceiras da pista de pouso, de forma a facilitar aos pilotos a identificacao, a partir do ar, do inicio da pista em uso. A forma de demarcacao nao podera se constituir em obstaculo para as aeronaves."
168/A/07,"Estabelecer procedimento para as aeronaves modelo A-320, para a fase de pouso, definindo acao corretiva por parte da tripulacao quando os *ground spoilers* nao defletirem apos o toque."
168/D/09,"Promover a divulgacao deste Acidente Aeronautico junto a operadores e pilotos, tendo por objetivo realcar o risco inerente as ilusoes de otica, com destaque para a semelhanca entre o leito da pista e seus arredores."
169/A/07,"Estudar, em coordenacao com os orgaos de certificacao estrangeiros e fabricantes de aeronaves, a necessidade do estabelecimento de procedimento para as aeronaves certificadas sob o Regulamento Brasileiro de Homologacao Aeronautica - RBHA 25, para a fase de pouso, definindo acao corretiva por parte da tripulacao quando os *ground spoilers* nao defletirem apos o toque."
170/A/07,"Otimizar o sistema de aviso *RETARD* da aeronave A-320, de modo que o mesmo execute somente a funcao para a qual foi projetado, qual seja, avisar a tripulacao para posicionar as manetes de potencia na posicao *IDLE*."
170/D/09,"Promover a divulgacao deste Acidente Aeronautico junto a operadores e pilotos, tendo por objetivo disseminar os ensinamentos adquiridos atraves do mesmo, com destaque para o risco decorrente de aproximacoes nao estabilizadas."
171/2010,"Orientar, por meio de palestras, seminarios e outros meios disponiveis, os pilotos de pulverizacao agricola sobre a importancia de nao realizarem manobras de alto risco a baixa altura, alem das que ja sao inerentes a atividade."
171/2011,"Tomar conhecimento do presente relatorio e divulgar no ambito da aviacao geral, enfatizando os aspectos relativos a analise de todas as informacoes essenciais para o planejamento de uma navegacao aerea com seguranca."
171/A/07,"Acompanhar e avaliar, em coordenacao com a EASA, em termos de requisitos de seguranca e de prazo para sua implementacao, a proposta de modificacao do sistema de aviso *RETARD* da aeronave A-320, de modo que o mesmo execute somente a funcao para a qual foi projetado, qual seja, avisar a tripulacao para posicionar as manetes de potencia na posicao *IDLE*."
171/D/09,"Promover a divulgacao deste Acidente Aeronautico junto a operadores e pilotos, tendo por objetivo realcar o risco que a presenca de bancos de areia, troncos, cabos e outros obstaculos impoem as operacoes das aeronaves anfibias em meio aquatico."
172/2010,"Estudar a viabilidade de alterar a legislacao aeronautica em vigor, a fim de tornar compulsorio que todas as aeronaves agricolas sejam vinculadas a empresas de servico aereo especializado."
172/A/07,"Emitir, no curto prazo, uma Diretriz de Aeronavegabilidade para que o projeto de Tipo da aeronave A-320 inclua um sistema de alarme que permita a tripulacao identificar quando do posicionamento equivocado das manetes e tomar as acoes corretivas necessarias para manter a seguranca da operacao."
172/D/11,"Divulgar o presente relatorio final aos operadores da aviacao geral, a fim de elevar o alerta quanto a verificacao do trem de pouso antes da aterrissagem."
173/2010,"Intensificar a fiscalizacao das operacoes aero-agricolas, principalmente nos aspectos ligados ao controle dos pilotos e supervisao das operacoes."
173/2012,"Revisar o Manual de Curso de Voo por Instrumentos, MMA 58-9, de 25JUL1991, estabelecendo treinamento especifico em treinadores sinteticos de helicopteros que inclua recuperacao de atitudes anormais e situacoes de perda de controle do eixo de guinada descritas na Carta de Servico nº 1673-67-04 da Eurocopter."
173/A/07,"Estabelecer criterios de certificacao sob o Regulamento Brasileiro de Homologacao Aeronautica - RBHA 25 que exijam que os projetos de aeronave ja certificados e os projetos de aeronave em processo de certificacao tenham seus sistemas de controle de potencia e sistemas de alerta otimizados, de modo a permitir a identificacao de condicoes nas quais as manetes de potencia sejam equivocadamente posicionadas durante as fases criticas de voo."
173/D/09,"Promover a divulgacao deste Acidente Aeronautico junto a operadores e pilotos, tendo por objetivo disseminar os ensinamentos adquiridos atraves do mesmo, realcando que, sempre que as caracteristicas do produto a ser aplicado permitam, existem vantagens na manutencao de uma altura sobre a plantacao igual a metade da envergadura da aeronave."
173/D/11,"Realizar uma vistoria de seguranca de voo na OUTRA - Oficinas Unidas de Trabalhos Aeronauticos Ltda., a fim de verificar a conformidade dos seus servicos de manutencao com a legislacao em vigor, em especial no tocante a supervisao dos trabalhos realizados."
174/2010,"Realizar uma campanha de auditorias nas empresas agricolas que operam no Oeste do Estado da Bahia, nas regioes dos Municipios de Luis Eduardo Magalhaes, Correntina e Barreiras."
174/2012,"Fazer uma auditoria na empresa BHS, visando verificar a atualizacao e aprovacao dos manuais utilizados, a aplicacao do Programa de Treinamento aprovado e o tratamento das panes intermitentes pela manutencao."
174/A/07,"Melhorar a logica de atuacao dos sistemas responsaveis pela desaceleracao da aeronave A-320, para que considere a intencao clara da tripulacao em pousar e assegure a efetividade na desaceleracao, mesmo com posicionamento equivocado dos manetes."
174/D/09,Que relembrem os operadores de suas regioes sobre os riscos associados as pistas nao registradas e os prejuizos causados ao julgamento pelo fenomeno chamado *regressite*.
174/D/11,"Realizar uma vistoria de seguranca de voo na Flytec - Servicos Aeronauticos Ltda., a fim de verificar a conformidade dos seus servicos de manutencao com a legislacao em vigor, em especial no tocante a manutencao e revisao de carburadores."
175/2011,"Incrementar a verificacao de proficiencia dos pilotos da aviacao geral no tocante ao planejamento dos voos, visando assegurar-se da sua capacidade de prover uma autonomia adequada ao voo a ser realizado."
175/2012,"Intensificar a fiscalizacao nas empresas aereas offshore quanto a abrangencia, a adequacao e a implementacao dos procedimentos contidos nos diversos manuais das empresas, bem como a sua atualizacao e aprovacao/aceitacao dos mesmos, antes de sua efetivacao."
175/A/07,"Acompanhar e avaliar, em coordenacao com a EASA, em termos de requisitos de seguranca e de prazo para sua implementacao, a proposta de modificacao da logica de atuacao dos sistemas responsaveis pela desaceleracao da aeronave A-320, para que considere a intencao clara da tripulacao em pousar e assegure a efetividade na desaceleracao, mesmo com posicionamento equivocado dos manetes."
175/D/09,"Promover a divulgacao deste Acidente Aeronautico junto a operadores e pilotos, tendo por objetivo destacar a importancia do cotejamento da indicacao dos liquidometros com o combustivel existente nos tanques e, no caso de falha de motor por falta de combustivel nas aeronaves EMB 720D e similares, a necessidade de aguardar pelo menos 10 segundos apos a troca de tanques pela seletora de combustivel para o enchimento das linhas de combustivel."
176/2011,"Divulgar o presente relatorio final, orientando os operadores de R44 a evitarem o voo a baixa altura em regioes que estejam com a visibilidade reduzida pela presenca de fumaca."
176/2012,Intensificar a fiscalizacao nas empresas aereas offshore quanto aos aspectos relacionados a aplicacao do conteudo do programa de treinamento aprovado.
176/A/07,Avaliar as vantagens e as desvantagens de se utilizar o reversor antes de se verificar a deflexao dos *ground spoilers* na aeronave A-320 e estabelecer o procedimento mais apropriado do ponto de vista da Seguranca de Voo.
176/A/09,"Aprimorar os mecanismos de fiscalizacao, de modo a assegurar que os operadores efetivamente comuniquem os casos de falhas recorrentes e de falhas, maus funcionamentos e defeitos, em conformidade com o RBHA 21."
177/2011,Divulgar o conteudo do Relatorio Final deste acidente aos operadores de aeronave R44 de sua area de atuacao.
177/2012,"Incluir requisito adicional para os programas de treinamento das empresas aereas que efetuam operacao offshore, abordando instrucoes relativas ao fenomeno da desorientacao espacial e ilusoes somatogiratorias, incluindo as de Coriolis e da espiral mortal, devido a homogeneidade da superficie do mar oferecer pouco contraste de formas e cores no ambiente operacional, onde a baixa visibilidade pode impedir a percepcao visual da linha do horizonte, ocultando uma das poucas marcas contrastantes do ambiente."
177/A/07,"Avaliar, para as aeronaves certificadas sob RBHA 25, as vantagens e as desvantagens de se utilizar o reversor antes de se verificar a deflexao dos *ground spoilers* e estudar a necessidade de se estabelecer o procedimento mais apropriado do ponto de vista da Seguranca de Voo."
177/A/09,"Rever o processo de aceitacao do Manual Geral de Manutencao (MGM) da TAM Linhas Aereas, considerando o impacto que o agrupamento de panes monitoradas pelo sistema de qualidade, para correcao durante a realizacao dos cheques maiores, pode ter sobre a seguranca de voo."
178/2011,"Realizar vistoria de seguranca de voo especial no ambito da Engemap Engenharia Mapeamento e Aerolevantamento Ltda., com o proposito de se certificar de que as jornadas de trabalho a que os tripulantes envolvidos nos voos de aerolevantamento sao submetidos atendem ao que dispoem a legislacao trabalhista e a Lei do Aeronauta."
178/2012,"Estabelecer requisito adicional, para a operacao offshore, referente a utilizacao de colete salva-vidas com involucro em cor de alta visibilidade contrastante com a agua do mar, em conformidade com o padrao estabelecido nas TSO C13d e TSO C13f, visando a facilitar a localizacao de sobreviventes que nao tenham inflado os seus coletes quando do salvamento e resgate no mar."
178/A/09,"""Aprimorar os mecanismos de fiscalizacao, de modo a assegurar que os operadores mantenham a rastreabilidade dos eventos, por meio de mecanismos adequados de registro e de """"backup""""."""
179/2011,"Certificar-se, por meio de vistoria de seguranca de voo especial, de que a realizacao dos voos de aerolevantamento pela Engemap Engenharia Mapeamento e Aerolevantamento Ltda., esta em conformidade com o disposto na Secao 91.167 Requisitos de combustivel para voos IFR do RBHA 91."
179/2012,"Realizar estudos para regulamentacao do uso de dispositivos de acionamento com retardo automatico do colete de sobrevivencia quando em contato com a agua do mar, visando aumentar as chances de sobrevivencia em caso de acidente aeronautico, na operacao *offshore*."
179/A/09,Implementar acoes de fiscalizacao no sentido de que sejam iniciados e/ou concluidos os processos de certificacao de todos os aeroportos cuja certificacao seja mandatoria nos termos da regulamentacao em vigor.
180/2011,"Divulgar o presente relatorio final aos operadores da Aviacao Geral, a fim de elevar a percepcao do risco associado a operacao em locais nao homologados ou registrados."
180/2012,"Realizar estudos visando determinar se o colete salva-vidas do tipo jaqueta (U invertido) e mais adequado para o uso na operacao offshore, levando em consideracao, entre outras, a posicao de flutuacao do corpo em caso de inconsciencia e a facilidade de abandono da aeronave no mar."
180/A/09,"Avaliar a implantacao de areas de seguranca de fim de pista (RESA), conforme previsto no RBAC 154/2009, nos aerodromos incluidos nos criterios estabelecidos pelo RBAC 139, comunicando a Organizacao da Aviacao Civil Internacional as eventuais diferencas encontradas no Brasil em relacao as normas e praticas recomendadas pelo Anexo 14 da Convencao sobre Aviacao Civil Internacional."
181/2012,"Estabelecer requisito adicional para as operacoes offshore, que obrigue a utilizacao de marcador de localizacao pessoal (Personal Locator Beacon - PLB), por todos os tripulantes e passageiros durante os voos de operacao offshore, objetivando facilitar a localizacao dos mesmos em caso de resgate no mar."
181/A/09,"Revisar os dispositivos da IAC 2328-0790, de modo incluir, na regulamentacao pertinente, o requisito de submeter a aprovacao previa pela ANAC todo e qualquer projeto do qual decorra alteracao ou restauracao de pavimento de pista de pouso e decolagem (qualquer que seja a denominacao de seu objeto, tais como: reforma, recapeamento, recuperacao etc.) e que possa implicar em alteracao nos coeficientes de atrito, de macrotextura, ou de qualquer outra caracteristica que possa afetar o desempenho das aeronaves nas operacoes de pouso e decolagem."
182/2012,"Coordenar, junto a Autoridade Primaria de Certificacao, a revisao do cumprimento dos requisitos do SSCVFDR no tocante ao transmissor acustico (pinger), tendo em vista assegurar-se de seu adequado funcionamento quando submerso."
182/A/09,"Revisar a regulamentacao vigente, em coordenacao com o Departamento de Controle do Espaco Aereo, observando as normas e praticas recomendadas emitidas pela Organizacao de Aviacao Civil Internacional, de modo a estabelecer procedimentos, atribuicoes e responsabilidades quanto a suspensao e a liberacao das operacoes de pouso e decolagens nos aerodromos em decorrencia da impraticabilidade temporaria ou da mudanca das caracteristicas fisicas e/ou operacionais das pistas."
182/D/11,"Revisar as instrucoes de revisao geral (overhaul) do motor Tay 650-15, a fim de certificar-se de sua adequabilidade e de que nao induzam a erros no processo de limpeza das palhetas."
183/2012,"Atuar junto aos operadores aereos da aviacao off-shore visando revisar os seus mecanismos de controle de publicacoes, a fim de assegurar-se de que as informacoes relacionadas a Seguranca de Voo recebidas do fabricante de suas aeronaves e de outras fontes sejam transmitidas aos seus tripulantes."
183/A/09,"Aperfeicoar os processos de regulacao de modo a permitir a adocao, de imediato, de medidas preventivas referentes a situacoes conhecidas, evitando que a morosidade em tais processos diminua e eficiencia da prevencao."
183/D/11,"Revisar o treinamento requerido dos mecanicos para a realizacao de revisao geral (overhaul) do motor Tay 650-15, visando certificar-se de fornecer os conhecimentos necessarios a correta execucao dos procedimentos de manutencao."
184/2012,"Acrescentar procedimentos de auditorias que possibilitem identificar as condicoes latentes e falhas ativas existentes nos setores de treinamento, manutencao e operacoes das empresas aereas contratadas, de forma a efetuar acoes orientadoras e corretivas."
184/A/09,"Promover ampla divulgacao do conteudo deste relatorio, especialmente para seu publico interno, para as empresas aereas regidas pelo RBHA 121 e para as administracoes aeroportuarias."
184/D/11,"Aprofundar estudos nos casos de falha do motor ligados a corrosao a quente ocorrida nas palhetas estatoras do primeiro estagio da turbina de baixa pressao, a fim de identificar a sua origem."
185/2012,"Elaborar Plano de Resposta a Emergencia especifico para o atendimento a um acidente aeronautico no mar, proximo as plataformas de apoio a operacao offshore, semelhante a um Plano de Emergencia Aeronautico em Aerodromo (PEAA), no tocante a avaliacao sistematica da eficacia dos procedimentos e da adequabilidade dos equipamentos de salvamento e resgate, levando em consideracao a possibilidade do resgate se estender pelo periodo noturno, bem como de ocorrer em condicoes de mar severo."
185/D/09,Adotar as providencias cabiveis de modo a permitir o inicio dos processos de certificacao dos aeroportos sob sua administracao ainda nao certificados e cuja certificacao seja mandatoria nos termos da regulamentacao vigente.
185/D/11,Aprofundar estudos junto a Autoridade Primaria de Certificacao do motor Rolls-Royce Tay 650-15 a fim de identificar a origem da corrosao a quente ocorrida nas palhetas estatoras do primeiro estagio da turbina de baixa pressao.
186/2010,"Promover a divulgacao deste acidente junto a operadores e pilotos, tendo por objetivo alertar para a importancia do conhecimento e emprego dos procedimentos de emergencia recomendados pelo fabricante."
186/2011,"Divulgar aos associados o conteudo do presente relatorio, enfatizando seus fatores contribuintes, de modo que os pilotos e proprietarios sejam alertados quanto a necessidade de se criar uma cultura de seguranca operacional, que evite a ocorrencia de novos acidentes e incidentes aeronauticos."
186/2012,Promover acoes para a melhoria das informacoes das condicoes meteorologicas nas plataformas sob sua responsabilidade.
186/D/09,"Intensificar, nos Exercicios de Emergencia Aeronautica Completos (EXEAC), a necessidade de uma coordenacao entre os orgaos de seguranca publica e de defesa civil com as organizacoes do COMAER, de modo a assegurar aos investigadores do SIPAER as condicoes de atuacao no local do acidente o mais rapido possivel, sem prejuizo a seguranca."
187/2010,"Difundir conceitos de doutrina de seguranca de voo e reforcar conhecimentos tecnico operacionais, aos operadores de aeronaves que atuam com base no RBHA 91, atraves dos meios que julgar mais adequado."
187/2011,"Divulgar aos associados o conteudo do presente relatorio, enfatizando seus fatores contribuintes, de modo que os pilotos e proprietarios sejam alertados quanto a necessidade de se criar uma cultura de seguranca operacional, que evite a ocorrencia de novos acidentes e incidentes aeronauticos."
187/2012,"Divulgar os ensinamentos do presente relatorio aos operadores da aviacao agricola, enfatizando os riscos associados a percepcao de obstaculos em voo a baixa altura."
187/D/09,"Aperfeicoar as atividades educacionais previstas no Programa de Prevencao de Acidentes Aeronauticos da empresa, de modo a garantir o entendimento, por parte do publico interno da finalidade e das formas de utilizacao de cada uma das ferramentas de reporte voluntario do SIPAER, ressaltando as responsabilidades do Elo-SIPAER da empresa referentes ao tratamento das informacoes recebidas."
188/2010,Divulgar os ensinamentos contidos neste relatorio aos operadores da Aviacao Geral.
188/2011,"Realizar uma Vistoria de Seguranca de Voo na oficina Motormec, a fim de verificar a conformidade dos servicos de manutencao realizados com os procedimentos previstos, em especial no tocante a instalacao da bomba mecanica de combustivel das aeronaves EMB-202A."
188/2012,Avaliar junto ao fabricante a possibilidade de estender a lamina dos corta-fios ate a extremidade superior das pernas dos trens de pouso principais das aeronaves Ipanema.
188/D/09,"Aprimorar os processos de supervisao da execucao de obras realizadas na area de movimento dos aerodromos sob sua administracao, ou em outras areas que possam impactar, de algum modo, as operacoes neles conduzidas, de modo a assegurar o atendimento a todos os requisitos do respectivo projeto aprovado."
189/2010,"Divulgar este relatorio as empresas aeroagricolas e as oficinas de manutencao aeronautica, a fim de difundir os ensinamentos colhidos na presente investigacao."
189/2011,"Divulgar o presente relatorio aos operadores da Aviacao Agricola, enfatizando a necessidade de utilizar a bomba eletrica de combustivel durante o voo de aplicacao, conforme previsto pelo fabricante da aeronave."
189/2012,Avaliar junto ao fabricante a necessidade de modificar o tipo de material usado nas laminas dos corta-fios instalado nas aeronaves Ipanema para assegurar o rompimento de tipos de fios mais resistentes.
189/D/09,"Submeter a aprovacao previa da ANAC todo e qualquer projeto que implique em alteracao ou restauracao de pavimento de pista de pouso e decolagem (qualquer que seja a denominacao de seu objeto, tais como: reforma, recapeamento, recuperacao etc.) e que possa implicar em alteracao nos coeficientes de atrito, de macrotextura, ou de qualquer outra caracteristica que possa afetar o desempenho das aeronaves nas operacoes de pouso e decolagem."
190/2010,Estudar a possibilidade de adotar ferramentas a fim de incentivar o registro das intervencoes de manutencao e de coibir a utilizacao de mao-de-obra nao credenciada.
190/2012,"Aprimorar o processo de verificacao de pericia dos pilotos, em especial no tocante a proficiencia no manuseio de cartas de navegacao visual (WAC), leitura e interpretacao das particularidades, em especial no calculo de altitude minima de seguranca."
190/A/09,Revisar os processos de controle dos registros de manutencao com o objetivo de assegurar a necessaria rastreabilidade dos eventos.
190/D/11,"Revisar seus procedimentos de manutencao do motor da aeronave EMB-202A, em especial no tocante a instalacao da bomba mecanica de combustivel, a fim de assegurar-se da conformidade com o previsto pelo fabricante."
191/2010,"Divulgar o conteudo do presente relatorio em seminarios, palestras e atividades afins voltadas para proprietarios, operadores e exploradores de aeronaves de pequeno porte."
191/2011,"""Cumprir as nove """"ACOES MITIGADORAS RECOMENDADAS"""" dispostas no Relatorio de Vistoria de Seguranca de Voo, encaminhado por meio do Oficio Nº 22/SPREV/79, de 22 JUN 2009, expedido pelo SERIPA III."""
191/2012,"Aprimorar o processo de verificacao de pericia dos pilotos, em especial no tocante a proficiencia no manuseio, interpretacao e consulta das informacoes meteorologicas disponiveis em publicacoes aeronauticas, tanto em sala AIS, como em sitios oficiais."
191/A/09,"Revisar os processos de controle dos registros de manutencao com o objetivo de assegurar o adequado gerenciamento do risco associado as combinacoes de panes agrupadas para monitoramento pelo sistema de qualidade, nos casos previstos no item 4.3.1 do MGM."
192/2011,"Orientar seus tripulantes quanto a obediencia as regras estabelecidas na ICA 100-12, Regras do Ar e Servicos de Trafego Aereo, de 9 de abril de 2009, para voos sob condicoes VFR."
192/2012,"Divulgar os ensinamentos deste Relatorio Final aos operadores da Aviacao Geral, enfatizando os riscos e as precaucoes a serem adotadas para a realizacao de voos visuais noturnos."
192/A/09,"Revisar os procedimentos e os controles estabelecidos para os registros efetuados nas fichas RTA (Relatorio Tecnico da Aeronave) com o objetivo de impedir os erros de interpretacao e/ou de entendimento decorrentes de ilegibilidade, rasuras, falta de padronizacao quanto ao idioma utilizado e falta de dados."
193/2011,"Realizar Inspecao Aeroportuaria no Aerodromo de Nanuque (SNNU), MG, visando avaliar a seguranca das operacoes aereas em funcao das condicoes de infra-estrutura aeroportuaria existentes."
193/2012,"Estudar o estabelecimento de acoes, junto ao DAESP e as administracoes aeroportuarias dos aerodromos subordinados as prefeituras municipais do Estado de Sao Paulo, no sentido de aprimorar a comunicacao de irregularidades a Agencia, de modo a aumentar a eficiencia da fiscalizacao."
193/D/09,"Estabelecer mecanismos que assegurem a efetiva comunicacao das falhas, maus funcionamentos e defeitos a ANAC prevista no RBHA 121."
194/2011,"Realizar Vistoria de Seguranca de Voo na DIOPAER, buscando se certificar do correto e oportuno preenchimento do Diario de Bordo, em conformidade com a IAC 3151."
194/2012,"Divulgar o conteudo do presente relatorio aos proprietarios, operadores e exploradores de aeronaves da Aviacao Geral, enfatizando a importancia da analise adequada dos aerodromos a serem utilizados e do cumprimento da regulamentacao."
194/D/09,"Aperfeicoar a ferramenta de reporte voluntario atraves da rede corporativa de computadores da empresa, de modo que a identificacao do relator deixe de ser um campo obrigatorio do sistema, evitando com isso a inibicao da participacao dos funcionarios nos processos de prevencao de acidentes."
195/2011,"Certificar-se, por ocasiao das Vistorias de Seguranca de Voo realizadas nos operadores de Seguranca Publica e/ou Defesa Civil, do preenchimento adequado do Diario de Bordo."
195/2012,"Divulgar o conteudo do presente relatorio aos seus associados, enfatizando a importancia da analise adequada dos aerodromos a serem utilizados e do cumprimento da regulamentacao e do cumprimento da regulamentacao."
195/D/09,"Aperfeicoar as atividades educacionais previstas no Programa de Prevencao de Acidentes Aeronauticos da empresa, de modo a garantir o entendimento, por parte do publico interno, da finalidade e das formas de utilizacao de cada uma das ferramentas de reporte voluntario do SIPAER, ressaltando as responsabilidades do Elo-SIPAER da empresa referentes ao tratamento das informacoes recebidas."
196/2011,"Coordenar e supervisionar a implementacao do SGSO no ambito da DIOPAER, dispensando especial atencao aos metodos de Gerenciamento de Risco adotados, em face das atividades operacionais por eles tratadas, em conformidade com a Resolucao Nº 106, de 30 de junho de 2009, emitida pela ANAC."
196/2012,"Divulgar os ensinamentos colhidos na presente investigacao as empresas de taxi aereo, alertando quanto aos riscos decorrentes de um deficiente planejamento de missao, de falhas na instrucao e de falta de doutrina relativa ao registro de discrepancias no livro de bordo da aeronave."
196/A/09,"Reiterar, junto aos pilotos, a importancia de se observar a fraseologia prevista para as comunicacoes com os orgaos de controle de trafego aereo, especialmente no que concerne ao fornecimento das informacoes precisas referentes ao numero de pessoas a bordo, autonomia e aerodromo de alternativa."
197/2011,"Apreciar a estrutura minima organizacional voltada para os Operadores de Seguranca Publica e/ou Defesa Civil, quando apresentada pela SENASP, visando inclui-la na legislacao pertinente."
197/2012,"Incrementar os mecanismos de fiscalizacao das empresas de taxi aereo da regiao norte, visando coibir a utilizacao de tripulantes sem o treinamento requerido no tipo de aeronave."
197/A/09,"Reiterar a importancia da utilizacao do monitoramento dos dados de voo na deteccao e acompanhamento de desvios de padronizacao, assegurando a implementacao das acoes preventivas necessarias (tais como treinamento adicional, revisao de procedimentos etc.), assim como o fornecimento do apropriado *feedback* aos tripulantes."
198/2011,"Adequar a estrutura organizacional (organograma) da DIOPAER, buscando contempla-la com gerencias, independentes, incumbidas das atividades de Seguranca de Voo, Operacoes, Manutencao e Administrativa, com os compativeis recursos humanos."
198/2012,"Adotar mecanismos de divulgacao dos ensinamentos colhidos na presente investigacao aos operadores de Taxi Aereo, alertando quanto aos riscos da supervisao inadequada das inspecoes programadas e da operacao em pistas com pavimento irregular."
198/D/09,Estudar a conveniencia de emitir uma orientacao especifica quanto ao alcance da aplicabilidade dos dispositivos que fazem referencia a Fatores Humanos no contexto da certificacao de projetos e da aeronavegabilidade continuada contemplados no Anexo 8 da Convencao sobre Aviacao Civil Internacional.
199/2011,"Instituir um grupo de trabalho por meio do Conselho Nacional dos Operadores de Seguranca Publica e/ou Defesa Civil, visando consubstanciar a implementacao de uma estrutura minima organizacional, a ser adotada no ambito desse segmento, com o proposito de padronizar e otimizar a gestao tecnica, administrativa e de Seguranca de Voo."
199/2012,"Atuar junto a oficina Mesquita Transportes Aereos Ltda. para revisar os seus procedimentos de inspecao de 100 horas da aeronave EMB-720D, a fim de verificar a sua conformidade com o previsto pelo fabricante"
200/2011,Submeter a proposta de estrutura minima organizacional a apreciacao da ANAC com intuito de permitir a sua inclusao na legislacao pertinente.
201/2011,"Divulgar, em sua area de atuacao, a Service Letter L180B, de 13 de novembro de 2001, da Lycoming, para todos os operadores de aeronaves que utilizam motores Lycoming e para todas as oficinas que realizam manutencao no referido tipo de motor."
201/2012,"Divulgar os ensinamentos da presente investigacao aos operadores da aviacao geral, enfatizando a importancia da infraestrutura e do planejamento adequados para a seguranca de voo."
202/2011,"Divulgar o presente Relatorio Final aos operadores de helicoptero, enfatizando a importancia da utilizacao de combustivel obtido em postos autorizados de venda, bem como de considerar adequadamente as condicoes meteorologicas da rota a ser voada."
202/2012,"Atuar junto aos operadores da aviacao executiva, visando ampliar o seu conhecimento sobre a influencia de suas decisoes na seguranca de voo."
203/2011,"Reforcar junto aos seus checadores a necessidade de assegurar-se, nos voos de verificacao de proficiencia (cheques e recheques), de que os pilotos de helicoptero possuam a capacidade de realizar a manobra de autorrotacao de maneira adequada."
204/2011,"Divulgar o presente relatorio final aos operadores de helicoptero, enfatizando a importancia de um planejamento adequado do voo, bem como a necessidade de possuir a habilitacao de instrutor de voo para ministrar instrucao."
204/2012,Divulgar os ensinamentos do presente relatorio aos operadores de helicoptero.
205/2011,"Realizar uma vistoria de seguranca de voo na Aero Agricola Rio Verde, a fim de verificar as suas condicoes operacionais."
205/2012,"Atuar junto a Oficina Fenix Manutencao e Recuperacao de Aeronaves Ltda. para que realize a correta confeccao do mapa de diretrizes de aeronavegabilidade quando da realizacao de IAM ou do cumprimento de uma AD/DA nas aeronaves, a fim de contemplar todas as diretrizes aplicadas na aeronave, a exemplo do registro das Airworthiness Directive (AD) de numeros 2008-08-14 e 2007-04-19R1, aplicaveis ao motor Lycoming, modelo IO-540-AE1A5, nao registradas no mapa da aeronave PR-DAN, em 30JUL2010."
205/D/09,"Com vistas a coibir desvios que ponham em risco a seguranca das operacoes aereas, estabelecer procedimentos de fiscalizacao sobre o embarque e o desembarque de passageiros nos patios remotos."
206/2012,"Atuar junto a BRISA Aviacao Agricola Ltda, a fim de aperfeicoar seus mecanismos de Supervisao Gerencial, visando a melhoria do controle das atividades dos pilotos, particularmente o cumprimento dos regulamentos."
206/D/09,"AUMENTAR AS ACOES DE FISCALIZACAO EM AERONAVES DE OPERADORES DA CHAMADA AVIACAO GERAL NOS AERODROMOS PUBLICOS, COM VISTAS A COIBIR, DENTRE OUTROS DESVIOS, A INCIDENCIA DE VOOS COM COMBUSTIVEL ABAIXO DO PREVISTO."
206/D/11,"Divulgar este Relatorio Final, enfatizando a possibilidade de instalacao inadequada dos bicos injetores e suas consequencias."
207/2011,Reforcar junto aos seus mecanicos a necessidade do fiel cumprimento dos procedimentos de manutencao de acordo com as ordens tecnicas.
207/2012,"Atuar junto a BRISA Aviacao Agricola Ltda., a fim de que seja adotada, como procedimento obrigatorio, a realizacao do voo de reconhecimento da area, antes de iniciar a aplicacao de produto quimico."
207/D/09,"Promover a divulgacao deste acidente aeronautico junto a operadores e pilotos, tendo por objetivo realcar o risco resultante da inobservancia das regras relativas ao combustivel minimo para o voo."
208/2011,"Incrementar os meios de controle e fiscalizacao de seus examinadores, de modo a assegurar-se que as atividades exercidas por eles atendam os procedimentos, normas e regulamentos previstos."
208/2012,"Realizar uma auditoria na BRISA Aviacao Agricola Ltda., a fim de verificar a conformidade das suas condicoes operacionais."
208/D/09,"Que considerem a conveniencia de divulgar, via e-mail, aos operadores de suas respectivas jurisdicoes, os filmetes produzidos pelo SERIPA VI sobre a importancia da manutencao para a operacao segura da aeronave."
209/2011,"Divulgar os ensinamentos resultantes deste acidente aeronautico, de forma a enfatizar aos Inspetores de Aviacao Civil e examinadores credenciados a importancia de cumprir os procedimentos estabelecidos nos manuais de voo das aeronaves."
209/2012,"Divulgar os ensinamentos da presente investigacao aos operadores da aviacao agricola, enfatizando a importancia do cumprimento dos regulamentos, do planejamento do voo e do acompanhamento das operacoes por parte das empresas operadoras."
209/D/09,"Aumentar as acoes de fiscalizacao em aeronaves de operadores da chamada aviacao geral nos aerodromos publicos, com vistas a coibir, dentre outros desvios, a incidencia de voos com combustivel abaixo do previsto."
210/2011,"Realizar uma vistoria de seguranca de voo na Fundacao Nacional do Indio, visando verificar as suas condicoes operacionais."
210/2012,"Divulgar os ensinamentos colhidos na presente investigacao aos operadores agricolas das diversas regioes do pais, por meio dos eventos voltados para a Seguranca de Voo (palestras, seminarios e cursos), buscando ressaltar as semelhancas entre os aspectos levantados e a realidade vivenciada pelos diversos operadores."
210/D/09,"Que divulguem os ensinamentos colhidos com a presente investigacao em seminarios, cursos e eventos congeneres, ressaltando o risco decorrente da inobservancia de aspectos basicos de planejamento, como a quantidade correta de combustivel."
211/2011,"Realizar vistoria de seguranca de voo na TBA - Tecnologia Brasileira de Aeronautica S/A, buscando certificar a atualizacao e o cumprimento das DA e dos Boletins de Servico, referentes as aeronaves, helices e componentes constantes do seu adendo, com especial atencao a aeronave Cessna 172F."
211/A/09,"Que considerem a conveniencia de divulgar, via e-mail, aos operadores de suas respectivas areas, o filmete produzido pelo SERIPA VI sobre acidentes resultantes de pane seca."
212/2011,"Orientar os inspetores, com base nos ensinamentos colhidos na presente investigacao e nos resultados de auditorias realizadas em oficinas de manutencao, para que se certifiquem da atualizacao das DA e dos Boletins de Servico referentes as aeronaves, motores, helices e componentes constantes nos adendos aos certificados de homologacao das oficinas."
212/D/09,Que mantenha o leito da pista livre de vegetacao para facilitar a desaceleracao das aeronaves durante a corrida apos o pouso.
213/2011,"Revisar os seus mecanismos de supervisao dos servicos de manutencao das aeronaves, visando assegurar-se da utilizacao de pessoal qualificado, bem como do cumprimento do previsto pelos fabricantes, em especial no tocante aos procedimentos de conservacao e estocagem de aeronaves paradas."
213/D/09,"Promover a divulgacao desse Relatorio Final nas atividades educativas promovidas por esses Servicos Regionais, visando alertar a comunidade aeronautica para os riscos resultantes de aproximacoes nao estabilizadas, incentivando a execucao do procedimento de arremetida em tais situacoes, assim como elevar o nivel de percepcao para os riscos inerentes a operacao em pistas que estejam em condicoes precarias."
214/2011,"Revisar o seu Programa de Formacao de Instrutores, a fim de fornecer orientacoes claras sobre emergencias apos a decolagem e o seu gerenciamento."
215/2011,"Realizar uma Vistoria de Seguranca de Voo no Aeroclube de Porto Nacional, visando verificar as suas condicoes operacionais, os servicos de manutencao e a sua supervisao."
216/2011,"Aperfeicoar seus mecanismos de Supervisao Gerencial, no ambito tecnico, visando a melhoria do controle da documentacao de suas aeronaves, particularmente as cadernetas de celula, motor e helice."
217/2010,"O Nucleo de Operacoes e Transporte Aereo (NOTAER) da Casa Militar do Estado do Espirito Santo devera confeccionar um Manual de Doutrina, que defina a forma de emprego do helicoptero nas Operacoes Aereas de Defesa Civil, obedecendo aos parametros previstos nas legislacoes vigentes."
217/2011,"Implantar procedimentos visando evitar que contratantes exercam pressao sobre os pilotos, visando nao comprometer a seguranca de voo."
218/2010,Incluir no Programa de Prevencao de Acidentes Aeronauticos do NOTAER palestras periodicas para os pilotos e tripulantes concernentes aos riscos e aos procedimentos de seguranca operacional aplicaveis aos voos sob condicoes meteorologicas adversas.
218/2011,"Divulgar os ensinamentos colhidos da presente investigacao aos seus pilotos e profissionais de terra, alertando-os para o zelo que todos devem ter com a Seguranca de Voo, principalmente quando se tratar da realizacao dos procedimentos e das manobras aereas caracteristicas da atividade aeroagricola."
219/2010,"Emitir alertas periodicos aos tripulantes quanto a importancia de se manterem sob condicoes de voo estritamente visuais quando realizando missoes sob regras VFR noturno, proporcionando ampla divulgacao deste relatorio."
219/2011,"Reforcar em seu programa de treinamento a necessidade de uso do equipamento de protecao individual, em particular da mascara de protecao, a fim de evitar a intoxicacao por produtos quimicos."
220/2010,"Solicitar ao CENIPA, periodicamente, de acordo com a NSCA 3-10, vagas nos Estagios de Gestao Avancada de Prevencao de Acidentes - Aviacao Civil e vagas no Curso de Seguranca de Voo."
220/2011,"Revisar os seus procedimentos de controle da manutencao de suas aeronaves, a fim de assegurar-se do acompanhamento adequado dos servicos realizados."
220/D/09,Considerar a inclusao obrigatoria de conteudo especifico concernente ao gerenciamento do risco operacional na parte teorica dos programas de instrucao dos aeroclubes e escolas de aviacao.
221/2010,"Certificar-se de que sejam adotados, no NOTAER, criterios de supervisao no que concerne aos aspectos relacionados ao voo visual noturno e a influencia da fadiga e das diversas variaveis psicologicas na atividade aerea de Defesa Civil."
221/2011,"Reforcar em seu programa de treinamento a necessidade do calculo preciso da autonomia da aeronave, a fim de evitar situacoes de baixo nivel de combustivel."
221/D/09,"Aumentar as acoes de fiscalizacao em aeronaves de operadores da chamada aviacao geral nos aerodromos publicos, com vistas a coibir, dentre outros desvios, a incidencia de voos com combustivel abaixo do previsto."
222/2010,"Criar e adotar procedimentos que garantam aos pilotos condicoes ideais para a interrupcao de qualquer missao, no momento que sintam problemas relativos a sua condicao fisica, medica ou psicologica."
222/2011,"Revisar o seu programa de treinamento no tocante as manobras especificas do voo de aplicacao agricola, visando assegurar-se de que tais manobras sejam realizadas de maneira adequada, padronizada e segura."
222/C/09,"Considerar a conveniencia de divulgar, por e-mail, aos operadores de suas respectivas areas, o filmete produzido pelo SERIPA VI sobre acidentes resultantes de pane seca."
223/2010,Manter a escala de voo compativel com o quadro de pilotos disponiveis.
223/2011,"Realizar vistoria de seguranca de voo na Aerosafra Aviacao Agricola Ltda., visando verificar as suas condicoes operacionais, bem como verificar se as tecnicas utilizadas para o estoque e manuseio dos agrotoxicos atendem ao disposto na legislacao pertinente e se a Secao 137.41 - Equipamentos de Seguranca (RBHA 137) esta sendo cumprida, particularmente, no que se refere a utilizacao de mascaras para respiracao constituidas de filtro de protecao contra a inalacao de produtos toxicos."
223/D/09,"Divulgar os ensinamentos colhidos com a presente investigacao em seminarios, cursos e eventos congeneres, com enfase para os riscos impostos a seguranca operacional das aeronaves pela execucao de servicos em desacordo com o previsto nos manuais de manutencao pertinentes."
224/2010,"Implantar o Metodo SIPAER de Gerenciamento do Risco (MSGR) ou outro metodo de gerenciamento de risco congenere, com o proposito de analise de riscos nas missoes operacionais sob sua responsabilidade."
224/2011,"Divulgar os ensinamentos colhidos na presente investigacao aos operadores agricolas das diversas regioes do pais, por meio dos eventos voltados para a Seguranca de Voo (palestras, seminarios e cursos), buscando ressaltar as semelhancas entre os aspectos levantados e a realidade vivenciada pelos diversos operadores."
224/D/09,"Divulgar os ensinamentos colhidos com a presente investigacao em seminarios, cursos e eventos congeneres, com enfase nos riscos impostos a seguranca operacional das aeronaves, pela execucao de servicos em desacordo com o previsto nos manuais de manutencao pertinentes."
225/2010,Providenciar instrucao periodica e permanente de Gerenciamento de Recursos de Cabine (CRM) para todos os tripulantes do NOTAER.
225/2011,"Realizar Vistoria de Seguranca de Voo na EJ Escola de Aeronautica Civil Ltda., a fim de verificar a sua situacao operacional e o cumprimento das recomendacoes de Seguranca de Voo emitidas neste relatorio final."
225/D/09,"Considerar a supressao da NOTA 2, que versa sobre a possibilidade de utilizacao de boias de polimero avancado de PN 30-802 ou 30-804, como forma alternativa de cumprimento dos seus requisitos, da Diretriz de Aeronavegabilidade 88-08-03R2, com data de efetividade de 07 NOV 2005."
226/2010,Adequar o quadro de pilotos com as necessidades operacionais no NOTAER.
226/2011,"Incrementar os procedimentos de fiscalizacao dos aeroclubes e escolas de formacao, de modo a aperfeicoar a atividade de formacao, treinamento e reciclagem dos profissionais envolvidos na instrucao aerea."
226/D/09,"Considerar a supressao da parte em que consta o PN da boia de polimero avancado (30-802 e 30-804) como aplicavel para uso em carburadores Marvel-Schebler, modelo MA-4-5, PN 10-6035-11, do manual de servico MSAFSM."
227/2010,"Adquirir, para os tripulantes, equipamentos de protecao individual, imprescindiveis para a realizacao das missoes de Defesa Civil."
227/2011,"Realizar Vistoria de Seguranca de Voo nas dependencias do Aeroporto de Jundiai, avaliando as condicoes de seguranca referentes ao aerodromo."
227/A/09,"Promover a divulgacao deste Acidente Aeronautico junto as oficinas e operadores de sua area de atuacao, orientando aos mesmos que, no caso de carburadores Marvel-Schebler, modelo MA-4-5, PN 10-6035-11, considerem a troca das boias de polimero avancado PN 30-802 ou 30-804 por boias metalicas PN 30-764, haja vista que as boias de polimero sao suscetiveis a travamento, prejudicando a alimentacao de combustivel para o motor."
227/D/09,"Promover a divulgacao deste Acidente Aeronautico junto as oficinas e operadores de sua area de atuacao, orientando aos mesmos que, no caso de carburadores Marvel-Schebler, modelo MA-4-5, PN 10-6035-11, considerem a troca das boias de polimero avancado PN 30-802 ou 30-804 por boias metalicas PN 30-764, haja vista que as boias de polimero sao suscetiveis a travamento, prejudicando a alimentacao de combustivel para o motor."
228/2010,Promover a implementacao do curso de Gerenciamento de Recursos de Tripulacao (CRM) e do Programa de Gerenciamento do Risco no NOTAER.
228/2011,"Realizar Vistoria de Seguranca de Voo na Torre de Controle do Aerodromo de Jundiai, de forma a verificar as suas condicoes operacionais."
228/2012,"Divulgar os ensinamentos colhidos na presente investigacao aos operadores de Taxi-Aereo, alertando quanto aos riscos decorrentes de um planejamento de missao e acompanhamento dos servicos de manutencao inadequados."
228/D/09,"Divulgar este Acidente Aeronautico aos operadores e pilotos, tendo por objetivo realcar o risco agregado a operacao da aeronave pela nao utilizacao do checklist."
229/2010,"Tomar as medidas necessarias para que o NOTAER cumpra o previsto na legislacao aeronautica, no que diz respeito as regras de voo e aos limites de regime de trabalho."
229/2011,"Revisar o seu Programa de Instrucao do curso de Piloto Comercial, visando assegurar uma adaptacao adequada dos pilotos ao modelo de aeronave utilizada, em especial quando o piloto teve uma formacao basica em aeronave com trem de pouso diferente (convencional versus triciclo) e nao esta adaptado ao uso da comunicacao radio com os orgaos de controle de trafego aereo."
229/2012,"Atuar junto a empresa Horus Aero Taxi Ltda para que ela revise seus procedimentos de manutencao e supervisao relacionados a instalacao da tubulacao de ar do controlador de combustivel do motor, a fim de verificar a sua conformidade com o previsto pelo fabricante."
229/D/08,"1.          Aprimorar o processo de fiscalizacao das entidades homologadas para a realizacao de instrucao de voo, sejam aerodesportivas ou centros de formacao e treinamento, quanto aos processos de planejamento, aplicacao e acompanhamento da instrucao. Da mesma forma, a composicao da estrutura fisica, as condicoes operacionais requeridas do acervo de aeronaves e a formacao do corpo de instrutores, deverao tambem ser aprimoradas e constantemente fiscalizadas, assegurando um padrao elevado de desempenho na formacao de pilotos e do processo de instrucao."
229/D/09,"Que divulguem os ensinamentos colhidos com a presente investigacao em seminarios, cursos e eventos congeneres, realcando aos pilotos as vantagens de cumprir os perfis e procedimentos recomendados para a execucao de aterragem sem potencia, assim como reforcar as oficinas e mecanicos de aviacao a importancia dos servicos de manutencao para a operacao segura da aeronave."
230/2010,"Analisar a possibilidade da criacao de legislacao estabelecendo requisitos especificos para garantir a seguranca operacional nas operacoes aereas de seguranca publica e de defesa civil, inclusive aquelas relativas ao transporte de orgaos para transplante."
230/2011,"1)Reforcar junto aos seus checadores a necessidade de, em voos de obtencao e revalidacao de habilitacao de avioes classe monomotores terrestres (MNTE), verificar a proficiencia dos pilotos checados quanto aos procedimentos de falha do motor em voo e trafego de emergencia, a fim de certificar-se de que possuam a capacidade de gerenciar adequadamente a situacao."
230/2012,"Atuar junto a empresa Horus Aero Taxi Ltda para que ela revise seu Programa de Treinamento, a fim de assegurar-se de que seus pilotos de helicoptero recebam instrucoes adequadas sobre autorrotacao, em especial sobre a escolha do local para pouso"
230/D/08,"2.          Efetuar uma revisao dos assuntos concernentes a instrucao de voo, notadamente dos criterios para homologacao e operacao, descritos no RBHA 61, de forma a estabelecer niveis e requisitos de seguranca mais elevados para as atividades de instrucao aerea, sejam elas realizadas em qualquer nivel, tipo de equipamento e entidade homologada."
230/D/09,"Que considerem a conveniencia de divulgar, via e-mail, aos operadores de suas respectivas jurisdicoes, os filmetes produzidos pelo SERIPA VI sobre a importancia da manutencao para a operacao segura da aeronave."
231/2011,"Reforcar junto aos seus checadores a necessidade de verificar a proficiencia dos pilotos checados quanto ao planejamento dos voos, em especial no tocante ao calculo e verificacao precisa da quantidade de combustivel a bordo."
231/2012,Atuar junto a empresa Horus Aero Taxi Ltda para avaliar a viabilidade de deslocar pessoal para apoio tecnico a atividade aerea em operacoes prolongadas fora de sede.
231/D/08,"Divulgar amplamente os ensinamentos contidos nesta investigacao, para todos os Aeroclubes e Escolas de Aviacao, como forma de prevencao e alerta."
231/D/09,"Promover a divulgacao deste acidente aeronautico junto a operadores e pilotos, tendo como objetivo realcar a relevancia para um voo seguro da compatibilizacao entre a capacidade do piloto (habilitacao, treinamento, experiencia), da aeronave (certificacao, homologacao) e das circunstancias da operacao (condicoes meteorologicas, conhecimento da rota, condicoes dos aerodromos, etc.)."
231/D/10,"Atuar junto a SENASP, em atividades visando a divulgacao, treinamento, formacao de cultura aeronautica e definicao de procedimentos dos operadores aereos policiais e de Defesa Civil."
232/2011,"Realizar uma vistoria de seguranca de voo na oficina Nacional Manutencao de Aeronaves Ltda., base Teresina, PI, dando enfase aos registros primarios de manutencao dos componentes instalados nas aeronaves assistidas por aquela oficina."
232/2012,Adotar mecanismos de divulgacao dos ensinamentos colhidos na presente investigacao aos operadores de aeronave R-44.
232/A/08,"Alertar os operadores da aeronave EMB 202 Ipanema que o Manual de Operacao da mesma determina que a bomba eletrica auxiliar de combustivel permaneca ligada em decolagens, operacoes agricolas e pousos."
232/A/10,"Incrementar medidas de fiscalizacao a aviacao geral, com vistas a coibir a operacao de aeronaves em situacao irregular."
232/D/09,"Considerar a conveniencia de divulgar aos operadores de suas respectivas jurisdicoes via e-mail o filmete *Visumento*, produzido pelo SERIPA VI, que aborda acidentes resultantes de voos VFR em condicoes meteorologicas adversas."
233/2011,Enfatizar junto aos proprietarios e operadores de aeronaves a sua responsabilidade no que tange a supervisao da condicao de aeronavegabilidade de seus equipamentos.
233/2012,"Incrementar a fiscalizacao das empresas de taxi aereo que realizam voos panoramicos, visando verificar se possuem condicoes adequadas com relacao a infraestrutura dos aerodromos e helipontos utilizados como apoio, bem como seus aspectos operacionais, em especial a qualificacao e o treinamento dos pilotos."
233/A/08,Divulgar aos operadores da aeronave EMB 202 Ipanema de suas respectivas jurisdicoes o filme produzido pelo SERIPA VI a respeito da utilizacao da bomba auxiliar eletrica de combustivel.
233/A/10,"Divulgar este Relatorio Final atraves de atividades educativas visando alertar os proprietarios, operadores, entidades e pilotos para os riscos assumidos desnecessariamente ao se permitir o desenvolvimento de caracteristicas negativas em seus tripulantes. Enfatizar a abordagem do Fator Humano, especificamente na influencia que as caracteristicas de personalidade provocam na capacidade de julgamento do piloto."
233/D/09,"Inspecionar e controlar adequadamente a validade dos equipamentos CVR, ELT-DFDR e DFDR em todas as aeronaves de sua frota, tendo em vista que tais equipamentos sao obrigatorios a operacao deste tipo de aeronave, de acordo com a Lista de Equipamentos Minimos (Minimum Equipment List - MEL)."
234/2011,"Divulgar o presente relatorio final aos operadores da Aviacao Geral, a fim de enfatizar a importancia de operar somente em pistas homologadas ou registradas."
234/2012,"Verificar as condicoes operacionais do heliponto Toa-Toa (SNTZ), a fim de avaliar se ele atende aos requisitos previstos."
234/A/08,Divulgar o conteudo deste Relatorio aos pilotos de EMB 202 Ipanema.
234/A/10,"Implementar procedimentos para testes periodicos do Plano de Emergencia Aeronautica em Aerodromo (PEAA) do Aerodromo de Anapolis, conforme preve a NSCA 3-4, de forma que se possa fazer uma analise adequada dos seus resultados e melhorada a sua eficacia, caso seja necessario."
234/D/09,"Atualizar e cumprir rigorosamente o MGO, proporcionando a adequada difusao dos procedimentos de seguranca operacional a todos os tripulantes, equipes de manutencao e pessoal de apoio de solo da empresa."
235/2012,"Atuar junto a CCA Cereal Citrus Aero Taxi Ltda. para que a empresa incremente seus processos de supervisao da atividade aerea, visando impedir a realizacao de voos por pilotos nao qualificados para tal."
235/D/09,"Atualizar todas as coletaneas de navegacao da empresa, garantindo que sejam utilizados procedimentos de descida por instrumentos atualizados, com base na data de emissao dos respectivos procedimentos emitidos pelo DECEA."
235/D/11,"Prover meios para supervisao dos servicos de manutencao em aeronaves, a fim de garantir que os servicos sejam realizados conforme recomendado no Boletim de Servico da Teledyne Continental - SB96-12 *Continued Airworthiness Instructions for TCM Cylinders*."
236/2011,"Adotar mecanismos de divulgacao dos ensinamentos colhidos na presente investigacao aos operadores de Taxi-Aereo, alertando quanto aos riscos decorrentes da nao observacao dos procedimentos de manutencao previstos pelo fabricante."
236/2012,"Divulgar o conteudo do presente relatorio aos operadores da aviacao agricola, enfatizando a importancia do reconhecimento previo da area a ser sobrevoada durante os voos de aplicacao agricola e os cuidados com o posicionamento do sol."
236/D/09,"Reavaliar os procedimentos de controle e verificacao das empresas de transporte aereo regular, evitando que aeronaves sejam autorizadas a realizar voos sem o cumprimento das respectivas Listas de Equipamentos Minimos (MEL)."
237/2011,"Divulgar o presente relatorio final aos operadores agricolas, enfatizando a necessidade de um reconhecimento detalhado da area a ser voada antes do inicio da aplicacao agricola."
237/2012,"Divulgar, com finalidade preventiva, as empresas aeroagricolas, os ensinamentos colhidos e as recomendacoes emitidas na presente investigacao."
238/2010,"Adotar mecanismos para a divulgacao deste relatorio aos operadores de aeronaves que operam segundo o RBHA 91, alertando sobre a necessidade da realizacao de treinamentos periodicos e da priorizacao da seguranca operacional em detrimento de outros fatores intervenientes."
238/2011,"Realizar uma Vistoria de Seguranca de Voo na empresa Novo Rumo Aeroagricola Ltda., a fim de verificar as suas condicoes operacionais."
238/2012,"Atuar junto a empresa Aeropel Aero Operacoes Agricolas Ltda., a fim de que a empresa aperfeicoe os mecanismos de supervisao das suas atividades aereas."
239/2010,"Utilizar os ensinamentos constantes do presente relatorio de investigacao, adotando mecanismos de divulgacao e orientacao a comunidade de operadores agricolas."
239/2012,"Atuar junto a Bravo Helicopteros Escola de Aviacao Civil, a fim de que ela adote um Programa de Instrucao que detalhe, para cada voo de formacao ou manutencao operacional, os exercicios a serem realizados, sua sequencia, recomendacoes de seguranca aplicaveis e os fatores de planejamento envolvidos (local, condicoes meteorologicas, duracao da instrucao, minimos de combustivel etc.)."
240/2010,"Criar meios e metodos de recomendacao concernentes a utilizacao de a bomba eletrica auxiliar de combustivel, conforme preconizado no Manual de Operacao da Aeronave, ou seja, permanentemente ligada durante as operacoes de decolagens, pousos e operacoes agricolas, como forma de prevencao as novas ocorrencias."
240/2012,"Atuar junto a Bravo Helicopteros Escola de Aviacao Civil, a fim de que ela confeccione um programa formal para a formacao dos novos instrutores que vao atuar na escola, contemplando aspectos administrativos, comportamentais e operacionais que consigam minimizar os efeitos da pouca experiencia dos instrutores admitidos."
241/2011,"Observar o disposto na Secao 61.23, do RBHA 61, mantendo valida a habilitacao tecnica dos pilotos de helicoptero."
241/2012,"Atuar junto a Bravo Helicopteros Escola de Aviacao Civil, a fim de que ela planeje a instrucao de forma a possibilitar a execucao de briefings e debriefings com os alunos sem atropelos eventualmente gerados por uma escala de voo com intervalos exiguos."
242/2011,"Introduzir na lista de verificacoes (check list) da aeronave PR-EBQ, a inspecao das marcas do torque nas porcas autofrenantes/parafusos com deformacao eliptica das portas deslizantes."
242/2012,"Atuar junto a Bravo Helicopteros Escola de Aviacao Civil, a fim de que ela estabeleca mecanismos de forma a possibilitar, por parte do comandante da aeronave ou seu preposto, o preenchimento correto das informacoes a serem lancadas no Diario de Bordo, que e o documento oficial para o registro dos voos."
243/2011,"Orientar os inspetores de manutencao, para a observancia dos procedimentos de manutencao previstos nos manuais pertinentes, quando estiverem executando as tarefas de supervisao."
243/2012,"Atuar junto a Bravo Helicopteros Escola de Aviacao Civil, a fim de que ela aperfeicoe o seu controle das operacoes de reabastecimento das aeronaves, assegurando que as decolagens ocorram com o combustivel previsto na regulamentacao para a realizacao dos voos."
244/2010,"Adotar mecanismos de divulgacao dos ensinamentos colhidos na presente investigacao, alertando quanto aos riscos decorrentes da nao observacao dos perfis dos procedimentos de descida."
244/2011,"Determinar a utilizacao dos procedimentos previstos no MET, Capitulo 52-91-10-401, quando da instalacao e remocao das portas deslizantes dos modelos HB 350 B, AS 350 (todas as versoes), AS 355 (todas as versoes) e AS 550 A2."
244/2012,"Atuar junto a Bravo Helicopteros Escola de Aviacao Civil, a fim de que ela aperfeicoe o preenchimento do Diario de Bordo de suas aeronaves, em concordancia com a legislacao aplicavel."
245/2010,Adotar mecanismos para que os cursos de formacao de piloto reforcem a importancia do cumprimento das regras de trafego aereo e o pleno conhecimento dos riscos envolvidos na operacao fora dos limites estipulados na legislacao.
245/2011,"Determinar a substituicao sistematica da porca PN ASN52320BH060N por uma nova, quando da reinstalacao da porta deslizante dos modelos HB 350 B, AS 350 (todas as versoes), AS 355 (todas as versoes) e AS 550 A2."
245/2012,"Atuar junto a Bravo Helicopteros Escola de Aviacao Civil, a fim de que ela estabeleca treinamentos periodicos para os instrutores de voo do procedimento de autorrotacao, a fim de assegurar uma execucao correta em caso de realizacao real."
246/2010,"Incluir, na pauta de assuntos abordados sobre Seguranca Operacional, as orientacoes da NSCA 3-5, que estabelece os procedimentos para a notificacao de ocorrencias aeronauticas."
246/2011,"Determinar a proibicao do uso de graxa ou de qualquer lubrificante, nos termos do MET, item 1.2, do Capitulo 52.91.10.401, e itens 1.2 e 2, do Capitulo 52.91.10.501, quando da reinstalacao da porta deslizante dos modelos HB 350 B, AS 350 (todas as versoes), AS 355 (todas as versoes) e AS 550 A2."
246/2012,"Atuar junto a Bravo Helicopteros Escola de Aviacao Civil, a fim de que ela redefina, para todos os voos realizados no ambito da escola, os minimos de combustivel a serem abastecidos de forma a sempre cumprir, com margem de seguranca, os requisitos previstos no RBHA 91 para o tipo de operacao realizada."
247/2010,"Divulgar os ensinamentos colhidos com a presente investigacao em seminarios, cursos e eventos congeneres, ressaltando os perigos na assuncao de riscos desnecessarios."
247/2011,"Determinar o uso da marcacao do torque das porcas PN ASN52320BH060N e dos parafusos com deformacao eliptica - PN 350A25-14-1348-22, com tinta vermelha, conforme o MTC, Capitulo 20.02.05.404, pagina 9, item 1.8, quando da reinstalacao da porta deslizante dos modelos HB 350 B, AS 350 (todas as versoes), AS 355 (todas as versoes) e AS 550 A2."
247/2012,"Atuar junto a Bravo Helicopteros Escola de Aviacao Civil, a fim de que ela atente para as terminologias previstas para o retorno da aeronave ao servico, apos as intervencoes de manutencao, conforme previsto no RBHA 43."
248/2011,"Promover a divulgacao deste incidente aos operadores e as oficinas de helicopteros de sua area de atuacao, realcando os riscos decorrentes da reutilizacao das porcas PN ASN52320BH060N e da aplicacao de graxa ou outro produto nos componentes da porta deslizante, quando da sua remocao, instalacao ou regulagem, de acordo com o manual de manutencao do fabricante da aeronave."
248/2012,"Avaliar a possibilidade de desenvolver um Curso de Padronizacao de Instrutores de Voo, de forma a difundir e uniformizar a adocao de boas praticas (cognitivas, afetivas e psicomotoras), tanto aos checadores quanto aos instrutores em atividade nas escolas de formacao de pilotos."
248/D/09,"Divulgar os ensinamentos do presente relatorio aos operadores da aviacao agricola, com destaque para o alto risco decorrente do transporte de passageiros e/ou carga em areas nao apropriadas da aeronave."
249/2011,"Incrementar a fiscalizacao dos operadores policiais, a fim de inibir o voo de tripulantes com habilitacao vencida."
249/2012,"Avaliar a possibilidade de tornar obrigatoria, aos centros de formacao, aeroclubes e escolas de pilotagem, a confeccao de rotinas operacionais (Standard Operational Procedures - SOP) que, alem de profissionalizar a instrucao e mitigar os efeitos da personalizacao da instrucao, resultara em uma transicao mais adequada aqueles que almejam a Aviacao de Transporte Aereo Regular."
249/D/09,"Divulgar os ensinamentos advindos deste acidente as escolas de aviacao, aos aeroclubes e aos operadores da aviacao agricola de suas areas de jurisdicao, destacando o elevado risco que decorre da realizacao de manobras acrobaticas por pilotos nao habilitados, e/ou aeronaves nao homologadas, para acrobacias."
250/2010,"Adotar mecanismos de divulgacao dos ensinamentos colhidos na presente investigacao aos proprietarios e operadores das aeronaves que operam sob o RBHA 91, alertando quanto aos riscos decorrentes da sua interferencia no desempenho operacional dos pilotos."
250/2011,"Avaliar a substituicao da aeronave Aero Boero AB-115/180 da instrucao aerea dos Aeroclubes e Escolas de Formacao de Pilotos, em virtude do grande numero de ocorrencias relacionadas a dificuldade de controle da aeronave no solo."
250/2012,"Avaliar a possibilidade de confeccionar uma publicacao similar ao FAA-H-8083-9A - Aviation Instructor's Handbook - da Federal Aviation Administration (FAA), onde se expoe detalhadamente as tecnicas de instrucao e atributos desejaveis dos instrutores, entre varios outros temas de interesse sobre o assunto."
250/D/09,"Divulgar os ensinamentos colhidos com a presente investigacao em seminarios, cursos e eventos congeneres, ressaltando as desvantagens de assuncao de riscos desnecessarios e a ameaca representada pela exacerbacao das chamadas atitudes perigosas: antiautoridade, invulnerabilidade, impulsividade, machismo e resignacao."
251/2009,"Realizar atividade de fiscalizacao na Oficina CONAL - Construtora Nacional de Avioes Ltda., sediada em Sorocaba - SP, a fim de corrigir as discrepancias referentes as terminologias *Aprovo(a) o retorno ao servico* - RBHA 43.9 e *Certifico que a aeronave (identificacao) foi inspecionada de acordo com a inspecao (tipo da mesma) e foi verificado estar em condicoes aeronavegaveis* - RBHA 43.11, quando pertinente, nas etiquetas das cadernetas das aeronaves, apos a execucao dos servicos de manutencao. Ainda, verificar as rubricas acompanhadas dos respectivos codigos ANAC para os lancamentos realizados nas cadernetas de celula, de motor e de helice."
251/2010,"Analisar estatisticamente as falhas de funcionamento de ELT em acidentes, a fim de verificar a necessidade de adocao de medidas corretivas."
251/2011,"Divulgar o presente Relatorio Final aos operadores da Aviacao Geral, ressaltando a importancia da adequada supervisao dos servicos de manutencao efetuados."
251/2012,"Divulgar os ensinamentos colhidos na presente investigacao aos operadores policiais de asas rotativas, enfatizando a importancia da supervisao adequada das atividades aereas."
252/2009,"Coordenar com o DECEA, um estudo voltado ao aperfeicoamento do sistema DECERTA (Decolagem Certa), de forma a coibir a emissao de planos de voo por pilotos em situacao irregular."
252/2011,"Realizar uma vistoria de seguranca de voo no Aeroclube de Itapolis, a fim de verificar as condicoes de acompanhamento da manutencao de suas aeronaves."
252/2012,"Atuar junto ao Fundo de Melhoria da Policia Civil de Santa Catarina para que o mesmo incremente a supervisao das atividades aereas, visando evitar a utilizacao de aeronaves e tripulacoes em voos para os quais nao tenha havido um treinamento adequado."
253/2011,"Realizar uma vistoria de seguranca de voo na Oficina EJ Aero Agricola Ltda., a fim de verificar os seus servicos de manutencao, em especial no tocante a revisao de motores."
253/2012,Atuar junto ao Fundo de Melhoria da Policia Civil de Santa Catarina para avaliar a necessidade de providenciar uma ambulancia durante os treinamentos de rapel.
253/C/2009,"Coordenar com a ANAC, um estudo voltado ao aperfeicoamento do sistema DECERTA (Decolagem Certa), de forma a coibir a emissao de planos de voo por pilotos em situacao irregular."
254/2011,"Realizar Vistoria de Seguranca de Voo na oficina Agro Aerea Vila Velha Ltda., visando verificar as conformidades dos servicos de manutencao realizados nas aeronaves constantes de seu Adendo ao CHE."
254/2012,Divulgar os ensinamentos de presente relatorio aos operadores de aeronaves do modelo PA-42-1000 que estejam voando no Brasil.
254/D/09,"Divulgar os ensinamentos adquiridos com essa investigacao em eventos educativos e reunioes com operadores da aviacao civil, ressaltando a importancia de um controle eficiente do combustivel."
255/2010,"Orientar a divisao de manutencao no sentido de cumprir rigorosamente os procedimentos estabelecidos em legislacao pertinente e nos manuais dos fabricantes, atentando, prioritariamente, para os aspectos que se relacionem com a seguranca de voo."
255/2011,"Adotar mecanismos para a divulgacao dos ensinamentos contidos na presente investigacao aos aeroclubes e as empresas de manutencao aeronautica, alertando quanto aos riscos decorrentes da nao observancia dos procedimentos de manutencao previstos em manuais tecnicos do fabricante do motor e da aeronave."
255/2012,"Avaliar a necessidade de estabelecer inspecoes adicionais nos cabos teleflex de comandamento de helice e de potencia, com base nas ocorrencias de rompimento destes cabos relatadas nos Service Difficulty Reports."
256/2010,"Proporcionar um programa de reciclagem periodica aos inspetores e mecanicos da manutencao, com enfase nos procedimentos contidos nos manuais dos fabricantes das aeronaves de sua frota."
256/2011,"Aperfeicoar o acompanhamento e a supervisao dos processos relativos a manutencao das aeronaves, visando aprimorar a seguranca de voo do aeroclube."
256/2012,"Orientar os operadores regidos pelo RBAC 135 e os pilotos que operam segundo o RBHA 91, para que seja enfatizada, no treinamento ministrado aos pilotos, a importancia de adotar uma postura conservativa em prol da seguranca de voo, em caso de constatacao de problemas tecnicos, avaliando a condicao de perigo e o risco associado, prosseguindo, sempre que possivel, para aerodromos com infraestrutura condizente com a gravidade da situacao de emergencia."
257/2010,"Programar treinamento em simulador de voo para todos os tripulantes, com foco nas situacoes de emergencia e de gerenciamento de recursos de cabine (CRM)."
257/2011,"Divulgar o conteudo da presente investigacao aos seus funcionarios, alertando para a importancia do cumprimento do que preconizam os manuais de manutencao, bem como a necessidade de supervisao adequada em todos os servicos executados."
257/2012,"Determinar ao DAESP a retirada dos cupinzeiros existentes nas laterais e imediacoes da pista, bem como de valas formadas pelas aguas de chuvas, no aerodromo de Jundiai, com vistas a mitigacao de riscos e a eliminacao do perigo atualmente existente."
258/2010,"Programar treinamento operacional periodico para os tripulantes, relativo a operacao dos sistemas da aeronave e respectivos procedimentos de emergencia."
258/2011,"Revisar os procedimentos de manutencao do motor da aeronave AB-115, visando assegurar-se da sua conformidade com o previsto pelo fabricante, em especial no tocante ao filtro de ar."
258/2012,Divulgar os ensinamentos do presente relatorio aos operadores de aeronaves do modelo PA-42-1000.
259/2010,"Realizar vistoria de seguranca operacional no aerodromo de SWKO, a fim de identificar e remover os obstaculos e depressoes existentes na faixa de pista, atendendo os requisitos de seguranca previstos no Anexo 14 da ICAO."
259/2011,"Realizar vistoria de seguranca de voo na empresa Fretax Taxi Aereo Ltda., com a finalidade de verificar e propor melhoria no processo de acompanhamento de manutencao das aeronaves da frota da empresa, em especial no tocante a falhas de controle na execucao dos procedimentos de manutencao referentes ao item starter generator."
259/2012,"Divulgar os ensinamentos da presente investigacao aos operadores da Aviacao Geral, enfatizando a importancia do treinamento de recuperacao de windshear, da adequada analise das condicoes meteorologicas e dos conhecimentos adquiridos no curso especifico da aeronave."
260/2010,"Analisar a possibilidade de, durante os voos de cheque e re-cheque, intensificar a verificacao dos procedimentos de emergencia dos pilotos que estao sendo avaliados."
260/2011,"Realizar vistoria de seguranca de voo na empresa LMP Manutencao de Aeronaves Ltda., com a finalidade de analisar e propor melhoria no processo de execucao e registro de manutencao dos modelos de aeronaves constantes do Adendo ao seu Certificado de Homologacao de Empresa, em especial no tocante a falhas de registro e de execucao dos servicos de manutencao referentes ao item starter generator da aeronave C-208B."
260/2012,Incrementar a fiscalizacao dos operadores regidos pelo RBHA 91 com o intuito de coibir que tripulantes nao adequadamente qualificados e habilitados para a aeronave exercam funcao a bordo.
261/2010,"Avaliar as condicoes de infra-estrutura aeroportuaria de SWKO, visando a identificacao dos perigos e a avaliacao dos riscos relativos a operacao regular naquele aerodromo, com atencao especial as condicoes da faixa de pista e do servico de contra-incendio."
261/2011,"Realizar vistoria de seguranca de voo na empresa Air Turbine Servicos Aeronauticos Ltda., com a finalidade de verificar o processo de execucao e registro de manutencao de componentes constantes do Adendo ao seu Certificado de Homologacao de Empresa, em especial no tocante a falhas de registro e de execucao dos servicos de manutencao referentes a inspecao da secao quente (HSI) do C-208B."
261/2012,"Desenvolver trabalho permanente de conscientizacao dos proprietarios da Aviacao Executiva sobre a importancia da supervisao gerencial sobre as atividades aereas, visando possibilitar a deteccao de falhas latentes."
262/2010,"Realizar uma Auditoria de Seguranca Operacional na Rico Linhas Aereas, com enfase nos setores de operacoes, treinamento e manutencao, tendo por base os fatores contribuintes listados neste relatorio."
262/2011,"Realizar vistoria de seguranca de voo na empresa Airspeed Servicos Aeronauticos Ltda., com a finalidade de verificar o processo de execucao e registro de manutencao de componentes constantes do Adendo ao seu Certificado de Homologacao de Empresa, em especial no tocante a falhas de registro e de execucao dos servicos de manutencao referentes ao item starter generator da aeronave C-208B."
262/2012,"Atuar junto ao operador para orienta-lo quanto a importancia do treinamento no simulador dos procedimentos de recuperacao de windshear e dos procedimentos relacionados aos alarmes do EGPWS, visando capacitar os pilotos a reagir adequadamente quando necessario."
263/2010,"Divulgar o conteudo do presente relatorio durante a realizacao de seminarios, palestras e atividades afins, voltadas para as empresa aereas regulares e de taxi aero, da respectiva area de jurisdicao."
263/2011,"""Analisar a possibilidade de emissao de uma Diretriz de Aeronavegabilidade tornando a pratica de manutencao, recomendada na Service Information Letter SIL nº Gen-PT-024, emitida em 25MAIO2007, pela PWC - Pratt & Whitney Canada, assim como, na Service News Letter, SNL 07-16, emitida pela Cessna Aircraft, em 26NOV2007, que discorrem sobre """"Danos de descarga eletrica no rolamento nº1"""", de cumprimento obrigatorio."""
263/2012,"Estudar a viabilidade de instalar Radar Meteorologico nas localidades com maior incidencia de windshear, visando permitir um acompanhamento mais preciso do deslocamento de nuvens de tempestade."
264/2011,"""Divulgar o presente relatorio aos Parques de Material Aeronautico de Lagoa Santa e dos Afonsos, cujos projetos utilizam motores PT6A, fabricados pela Pratt & Whitney Canada, enfatizando a pratica de manutencao recomendada na Service Information Letter, SIL nº Gen-PT-024, emitida em 25MAIO2007, pela PWC - Pratt & Whitney Canada, assim como, na Service News Letter, SNL 07-16, emitida pela Cessna Aircraft, em 26NOV2007, que discorrem sobre """"Danos de descarga eletrica no rolamento nº1""""."""
264/2012,"Estudar a viabilidade de divulgar, atraves das salas AIS civil e militar, estatisticas de ocorrencia de Windshear por localidade, bem como instrucoes relativas a interpretacao de fenomenos meteorologicos e seus efeitos na aviacao."
265/2011,"Adotar mecanismos de controle interno de forma a garantir que os servicos de manutencao executados pela oficina cumpram integralmente os itens de inspecao e revisao preconizados pelos fabricantes das aeronaves, em especial no tocante a verificacao dos tanques de combustivel quanto a vazamentos nas inspecoes de 50 horas da aeronave PA-23-160."
265/2012,"Atuar junto a COP Servicos de Aerocinematografia Ltda., a fim de que ela insira, em seu Programa de Treinamento, uma instrucao sobre os procedimentos a adotar em caso de falha do governador do motor dos helicopteros Robinson, ao quadro de tripulantes da empresa que operam o tipo."
266/2010,"Ministrar palestra sobre o tema *Voo monomotor em aeronaves bimotoras leves*, para todo o quadro de pilotos da empresa."
266/2012,"Atuar junto a COP Servicos de Aerocinematografia Ltda., a fim de que ela insira, em seu Programa de Treinamento, uma instrucao sobre situacoes que exijam o pouso imediato e pouso assim que praticavel, distinguindo uma da outra, ao quadro de tripulantes da empresa."
266/D/10,"Ministrar palestra sobre o tema *Voo monomotor em aeronaves bimotoras leves*, para todo o quadro de pilotos da empresa."
266/D/11,"Programar atividades educativas e promocionais visando estabelecer nessa organizacao uma cultura positiva de seguranca de voo, abordando, dentre outros assuntos julgados oportunos: relatorio de prevencao, relatorio confidencial de seguranca de voo, gerenciamento do risco, risco aviario, conservacao da audicao, CRM, prevencao contra a utilizacao de drogas e uso abusivo de alcool, CFIT e incursao em pista."
267/2010,"Determinar, ao setor de manutencao, o fiel cumprimento do programa de manutencao de suas aeronaves, conforme estipulado pelo fabricante."
267/2011,"Acrescentar ao checklist do PA-23-160, utilizado pelo aeroclube, todos os procedimentos normais e de emergencia preconizados pela Piper Aircraft Corporation."
267/2012,"Atuar junto a COP Servicos de Aerocinematografia Ltda., a fim de que ela insira, em seu Programa de Treinamento aos novos tripulantes, instrucao que contemple a familiarizacao do tripulante com a missao de reportagem aerea, seus deveres e prerrogativas junto ao contratado, bem como briefing / debriefing, rotas, corredores, pontos de pouso eventual e demais fatores de planejamento."
268/2010,"Realizar uma Inspecao Aeroportuaria no Aerodromo de Flores (SWFN), Manaus- AM, no sentido de verificar as condicoes de seguranca para operacao da pista."
268/2011,"Revisar suas praticas de supervisao das atividades aereas e de manutencao das aeronaves, a fim de evitar a utilizacao de manuais em desacordo com o fabricante, bem como para acompanhar adequadamente os servicos de manutencao."
268/2012,"Atuar junto a COP Servicos de Aerocinematografia Ltda., a fim de que ela ministre briefings especificos para os reporteres aereos, bem como aos demais profissionais que utilizam os servicos especializados da empresa com regularidade, abordando as capacidades, restricoes e caracteristicas de operacao dos helicopteros."
269/2010,"Promover a divulgacao deste acidente aeronautico junto aos operadores e pilotos, assim como as oficinas de manutencao homologadas para o tipo da aeronave acidentada, tendo por objetivo disseminar os fatores contribuintes presentes e os ensinamentos colhidos na investigacao da ocorrencia analisada."
269/2011,"Realizar vistoria de seguranca de voo no Aeroclube de Sao Jose dos Campos, SP, com a finalidade de verificar a conformidade dos procedimentos operacionais, de treinamento e de manutencao aos requisitos minimos de seguranca estabelecidos na legislacao aeronautica."
269/2012,"Atuar junto a COP Servicos de Aerocinematografia Ltda., a fim de que ela implemente uma matriz ou metodo de gerenciamento de risco que possa sinalizar, ao gerenciamento das operacoes aereas, condicoes, fatores ou combinacao de variaveis nao recomendaveis a Seguranca de Voo."
270/2010,Estudar meios de intensificar o acompanhamento das atividades de instrucao nos aeroclubes.
270/2011,"Incrementar a fiscalizacao e o acompanhamento dos aeroclubes e escolas de aviacao, visando detectar e corrigir, antes da ocorrencia de um acidente, as falhas latentes verificadas, quais sejam: a ausencia de pessoal habilitado e de atividades voltadas a seguranca de voo, a utilizacao de checklist incompleto e as falhas na execucao e supervisao dos servicos de manutencao."
270/2012,"Avaliar a possibilidade de criar requisitos, aos operadores SAE, contemplando procedimentos operacionais especificos (rotinas operacionais), bem como um Programa de Treinamento adequado ao tipo de voo realizado."
271/2010,Divulgar os ensinamentos colhidos e as recomendacoes emitidas na presente investigacao aos aeroclubes.
271/2011,"Estabelecer procedimento de manutencao padrao, adequado a atividade de ensaio do motor, onde sejam explicitadas a metodologia e o desenvolvimento da tarefa de teste do motor em banco de provas e a respectiva ficha de inspecao, especifica para a atividade de teste em bancada, contemplando o estabelecido no manual de revisao geral do fabricante, em especial no tocante aos requisitos que asseguram a lubrificacao adequada aos componentes recem-instalados e o assentamento dos aneis dos pistoes durante o referido ensaio."
271/2012,"Divulgar o conteudo do presente relatorio aos operadores de Servicos Aereos Especializados, enfatizando a importancia do treinamento para o desempenho dos pilotos frente a situacoes anormais."
272/2011,"Reavaliar se o Manual de Procedimentos de Inspecao (MPI) da empresa, aceito pela Autoridade de Aviacao Civil, contempla todos os procedimentos detalhados no que diz respeito a revisao geral (overhaul) de motores."
272/2012,"Atuar junto a SAPA Aviacao Agricola Ltda., visando aperfeicoar o Programa de Treinamento de seus pilotos, em especial no tocante a utilizacao dos manuais das aeronaves, analise dos graficos de desempenho, limites operacionais e caracteristicas de performance."
273/2011,"Divulgar o conteudo dos procedimentos descritos em seu MPI, aceito pela Autoridade de Aviacao Civil, para todos os funcionarios da empresa."
273/2012,"Atuar junto a SAPA Aviacao Agricola Ltda., visando verificar se a jornada de trabalho de seus tripulantes esta em conformidade com a regulamentacao vigente e se nao esta acarretando em fadiga excessiva, comprometendo o seu desempenho."
274/2011,"Adotar os procedimentos previstos pelo fabricante do motor da aeronave, a fim de assegurar a lubrificacao adequada aos componentes recem-instalados no motor modelo TSIO-520-M e o correto assentamento dos aneis dos pistoes durante o periodo previsto para o amaciamento do motor."
274/2012,"Divulgar os ensinamentos colhidos na presente investigacao aos operadores agricolas das diversas regioes do pais, buscando ressaltar as semelhancas entre os aspectos levantados e a realidade vivenciada pelos diversos operadores."
275/2011,"Reavaliar se o Manual Geral de Manutencao (MGM) da empresa, aceito pela Autoridade de Aviacao Civil, contempla todos os parametros minimos de seguranca para servicos de manutencao prestados por empresas subcontratadas regidas pelo RBAC 145, em especial no tocante a supervisao dos servicos realizados."
275/2012,"Atuar junto ao Aeroclube do Rio Grande do Sul, visando aperfeicoar os processos de Supervisao Gerencial, em especial no tocante ao acompanhamento da manutencao de suas aeronaves."
276/2011,"Divulgar o conteudo dos procedimentos descritos em seu MGM, aceito pela Autoridade de Aviacao Civil, para todos os funcionarios da empresa envolvidos direta ou indiretamente com a manutencao das aeronaves."
276/2012,"Atuar junto ao Aeroclube do Rio Grande do Sul, a fim de que ele revise os seus procedimentos de manutencao, em particular da aeronave R-22, visado verificar se estao em conformidade com o previsto pelo fabricante."
277/2011,"Reavaliar se o MGM da Jotan Taxi Aereo Ltda. esta atendendo o previsto em regulamentos especificos, no que diz respeito a terceirizacao de servicos de manutencao prestados por empresas regidas pelo RBAC 145, com a finalidade de mitigar riscos relacionados aos servicos de manutencao em aeronaves."
277/2012,"Realizar um auditoria no Aeroclube do Rio Grande do Sul, visando verificar, em especial, a conformidade dos lancamentos no diario de bordo e as acoes de manutencao realizadas."
278/2011,"Reavaliar se o MPI da Birigui Manutencao de Aeronaves Ltda. esta atendendo o previsto em regulamentos especificos, no que diz respeito a terceirizacao e fiel cumprimento dos servicos de manutencao com a finalidade de mitigar riscos relacionados aos servicos de manutencao em aeronaves."
278/2012,"Atuar junto a Dumont Escola de Aviacao Civil Ltda., a fim de providenciar o correto preenchimento das cadernetas da aeronave."
279/2011,"Realizar uma Vistoria de Seguranca de Voo na Oficina Birigui Manutencao de Aeronaves Ltda., a fim de verificar a conformidade de seus servicos de manutencao com os requisitos aplicaveis, em especial no tocante a revisao geral (overhaul) dos motores Teledyne Continental TSIO-520M."
279/2012,"Atuar junto a Dumont Escola de Aviacao Civil Ltda., a fim de que ela aperfeicoe seus metodos de supervisao dos servicos de manutencao, visando assegurar o cumprimento do programa de manutencao previsto."
280/2011,"Ministrar aulas de prevencao de acidentes aeronauticos, com vistas a incrementar a cultura de Seguranca de Voo e incentivar todo o pessoal envolvido com a atividade aerea a preencher o Relatorio de Prevencao, a fim de elevar o nivel de alerta e a percepcao do risco."
280/2012,"Atuar junto a Aerocampo Manutencao de Aeronaves Ltda. para que revise seus procedimentos, visando o cumprimento adequado do Programa de Manutencao preconizado pelo fabricante do motor Teledyne Continental Motors modelo O-200-A."
281/2011,"Ministrar, aos seus pilotos, instrucao sobre calculos operacionais de peso e balanceamento, como tambem de desempenho e performance, enfatizando a influencia da temperatura, do vento, da superficie da pista eventual e da altitude na sustentacao ao voo."
281/2012,"Revisar os procedimentos de vistoria de aeronaves importadas, a fim de assegurar a rastreabilidade, a conformidade e a confiabilidade dos registros de manutencao apresentados."
282/2011,"Realizar, de imediato, um controle das Divulgacoes Operacionais (DIVOP) emitidas pelo SIPAER referentes as aeronaves de sua dotacao, por meio de coletanea e relacao de ciencia dos tripulantes, devidamente assinada."
282/2012,"Realizar uma auditoria na Aerocampo Manutencao de Aeronaves Ltda., com a finalidade de averiguar a conformidade de seus procedimentos com os Programas de Manutencao dos fabricantes para os quais a oficina estiver homologada para realizar servicos."
283/2011,"Incrementar a supervisao de suas operacoes, a fim de assegurar-se de que os pilotos escalados para os voos estejam em condicoes de experiencia recente adequada ao modelo de aeronave voada, bem como tenham os conhecimentos necessarios ao planejamento do voo."
283/2012,"Avaliar a necessidade de mudancas nos criterios atuais para a revalidacao do CCF dos pilotos acima de 65 anos, a fim de diminuir a possibilidade da ocorrencia de um mal subito durante a operacao da aeronave."
284/2011,"Divulgar, com finalidade preventiva, em DIVOP, a todos os operadores da Aviacao Agricola situados em sua area de atuacao, os ensinamentos colhidos e as recomendacoes emitidas na presente investigacao."
284/2012,"Divulgar o conteudo deste relatorio a todos os operadores da Aviacao Geral, a fim de que elevem o nivel de atencao sobre a possibilidade da ocorrencia de um mal subito durante a realizacao de voo solo e tomem providencias para diminuir esta probabilidade."
285/2011,"Divulgar o presente relatorio final aos seus associados, destacando o importante papel desempenhado por um agente de seguranca de voo presente e atuante, bem como a necessidade de um planejamento detalhado antes do voo."
285/D/12,"Assegurar-se, com base na analise das falhas prematuras dos semi mancais laminados do rotor de cauda dos helicopteros Esquilo, das adequadas condicoes para a manutencao da Aeronavegabilidade Continuada dos modelos AS350 B3e e AS355 NP."
286/2011,"Atuar junto aos seus INSPAC Pilotos para que eles se assegurem, durante os voos de verificacao de proficiencia (cheques e recheques), de que os pilotos agricolas possuem os conhecimentos adequados de calculo de peso e balanceamento, alem de graficos de desempenho da aeronave."
286/D/12,"Emitir Diretriz de Aeronavegabilidade, com base no SIN nº 2482-S-64 expedido pela EUROCOPTER, visando ao estabelecimento de carater obrigatorio para o cumprimento dos procedimentos voltados para o monitoramento dos semi mancais laminados do rotor de cauda dos helicopteros Esquilo, modelos AS350 B3e e AS355 NP."
287/2011,Estabelecer procedimentos de acompanhamento da manutencao que garantam a confiabilidade e a conformidade dos servicos realizados nas aeronaves com o previsto pelo fabricante.
288/2011,"Revisar junto a todos os funcionarios do setor de manutencao da empresa os procedimentos de manutencao, visando garantir o cumprimento dos itens previstos em manuais tecnicos da aeronave, bem como a inspecao adequada desses servicos."
289/2011,"Criar mecanismos para incrementar a comunicacao entre os integrantes da empresa, visando a melhoria dos processos organizacionais e das relacoes interpessoais."
289/D/12,"Realizar uma auditoria no Aeroclube de Braganca Paulista, visando verificar se sua operacao esta em conformidade com os requisitos aplicaveis."
290/2011,"Implantar programas voltados ao desenvolvimento da cultura de seguranca de voo, promovendo o envolvimento consciente de todos os funcionarios, estabelecendo responsabilidades e gerando defesas que reduzam o risco operacional."
290/D/12,"Atuar junto ao Aeroclube de Braganca Paulista, visando aperfeicoar a supervisao de suas atividades, em especial no tocante a documentacao das aeronaves."
291/2011,Realizar uma vistoria de seguranca de voo na empresa Mostardas Aviacao Agricola e Manutencao Ltda. a fim de verificar a conformidade dos servicos de manutencao com os requisitos aplicaveis.
291/D/12,"Atuar junto ao Aeroclube de Braganca Paulista, visando aperfeicoar o processo de instrucao de voo, a fim de garantir o acompanhamento adequado do desempenho dos alunos, bem como definir criterios mais claros de aprovacao nos voos."
292/2011,"Realizar uma vistoria de seguranca de voo na Oficina de Manutencao de Aeronaves Ltda. (OMAER), em Sao Sepe, RS - CHE No 8406-01/ANAC, a fim de verificar a conformidade dos servicos de manutencao com os requisitos aplicaveis."
292/2012,Criar requisitos no RBAC 105 que propiciem a adequada separacao entre aeronaves e paraquedistas durante os voos de lancamento.
293/2011,"Incrementar a fiscalizacao dos servicos de reparos de manutencao realizados por oficinas homologadas, nos casos de aeronaves agricolas que tenham que sofrer grandes reparos decorrentes de um acidente ou incidente aeronautico, visando evitar a liberacao de aeronaves para o voo em condicoes de manutencao inadequada."
293/2012,"Adotar acoes de fiscalizacao nas atividades de lancamento de paraquedistas, em especial no Campeonato Brasileiro de Paraquedismo, previsto para setembro de 2012 em Boituva- SP, visando verificar a seguranca das operacoes aereas."
294/2011,"Divulgar o presente relatorio aos operadores da Aviacao Agricola, visando elevar o nivel de alerta quanto a importancia da conformidade dos servicos de manutencao com o previsto nos manuais tecnicos."
295/2011,"Divulgar o presente relatorio aos seus associados, visando elevar o nivel de alerta quanto a importancia da conformidade dos servicos de manutencao com o previsto nos manuais tecnicos."
296/2011,"Revisar os requisitos de concessao e revalidacao de habilitacao tecnica de piloto agricola (PAGR), a fim de garantir que o piloto possua os conhecimentos necessarios relativos ao armazenamento, estocagem e abastecimento da aeronave."
297/2011,"Aplicar os procedimentos previstos para estocagem do combustivel, observando o previsto na ABNT NBR 15216, que trata da qualidade e dos cuidados no transporte, armazenamento e abastecimento de combustiveis de aviacao."
298/2011,"Divulgar o presente relatorio aos seus associados, a fim de alertar sobre os cuidados a serem observados no transporte, armazenamento e abastecimento de combustiveis de aviacao."
299/2011,"Orientar seus pilotos, conservativamente, para que efetuem um reconhecimento mais apurado das pistas que nao possuem controle de trafego aereo, em locais isolados, antes dos pousos, visando assegurar-se de que existam condicoes adequadas para a operacao."
300/2011,"Providenciar a insercao das coordenadas de pistas eventuais e de alternativa na base de dados do equipamento GNS (ao menos em relacao as localidades mais utilizadas / operadas), de forma a melhorar a qualidade do processo decisorio em situacoes extraordinarias, por parte dos pilotos."
301/2011,"Observar a utilizacao do suspensorio do cinto de seguranca por todos os ocupantes da aeronave, tanto nas situacoes normais quanto nas de emergencia."
301/D/12,"Atuar junto a TAF Taxi-Aereo Fortaleza Ltda., visando divulgar os ensinamentos colhidos na presente investigacao junto aos profissionais da manutencao, alertando-os sobre os riscos decorrentes da realizacao de servicos de manutencao em desacordo com o estabelecido pelos fabricantes das aeronaves."
302/2011,"Observar, controlar e registrar mais rigorosamente os prazos aplicaveis as revisoes / inspecoes calendaricas referentes a aeronave e seus subsistemas e componentes."
302/D/12,"Divulgar o conteudo do presente relatorio aos operadores de taxi aereo e aos operadores de helicoptero, enfatizando a importancia do cumprimento dos procedimentos de manutencao em conformidade com o previsto pelo fabricante."
303/2011,Divulgar o conteudo desse relatorio aos operadores da aviacao geral.
303/2012,"Atuar junto a Edra Aeronautica Ltda., para que sejam adotados limites de seguranca mais conservativos na realizacao de treinamentos criticos, a fim de prover maior seguranca aos tripulantes e a conservacao dos meios aereos da escola."
304/2011,"Divulgar o conteudo do presente relatorio em palestras, aulas, seminarios e atividades afins, no sentido de enfatizar principalmente os obices resultantes de um processo decisorio deficiente."
304/2012,"Atuar junto a Edra Aeronautica Ltda., a fim de que seja divulgado durante o programa de formacao de novos instrutores da escola, este relatorio, no sentido de ressaltar o rigoroso cumprimento das margens e limites de seguranca, para cada exercicio realizado com alunos e pilotos em instrucao."
305/2012,"Divulgar os ensinamentos do presente relatorio as escolas de formacao de pilotos de helicoptero, enfatizando a importancia da utilizacao de margens de seguranca na instrucao que permitam correcoes oportunas de erros cometidos durante o voo."
306/2012,"Divulgar o presente relatorio aos seus associados, enfatizando a importancia da utilizacao de margens de seguranca na instrucao que permitam correcoes oportunas de erros cometidos durante o voo."
307/2012,"Atuar junto a VCM Aviacao Agricola Ltda., a fim de reforcar os procedimentos referentes aos perfis de trafego a serem realizados por seus pilotos, considerando o tracado e as altitudes previstas na legislacao, bem como os limites das aeronaves."
308/2012,"Realizar uma auditoria na VCM Aviacao Agricola Ltda., visando verificar as suas condicoes operacionais, em especial no tocante ao uso de combustiveis homologados para suas aeronaves."
309/2012,"Divulgar os ensinamentos do presente relatorio aos operadores da Aviacao Agricola, enfatizando os riscos decorrentes da operacao de aeronaves com combustivel nao homologado pelo fabricante e a importancia do cumprimento dos perfis de trafego para pouso previstos."
310/2012,"Divulgar os ensinamentos do presente relatorio aos seus associados, enfatizando os riscos decorrentes da operacao de aeronaves com combustivel nao homologado pelo fabricante e a importancia do cumprimento dos perfis de trafego para pouso previstos."
311/2012,"Atuar junto ao Aeroclube de Sao Paulo, a fim de reforcar em seu quadro de tripulantes a importancia da utilizacao do checklist em todas as etapas do voo."
312/2012,"Atuar junto ao Aeroclube de Sao Paulo, a fim de incrementar a coordenacao de cabine de seus tripulantes, visando evitar o esquecimento de itens de checklist pelo desvio de atencao."
313/2012,"Divulgar o conteudo do presente relatorio aos aeroclubes e escolas de aviacao, enfatizando a importancia do uso do checklist."
314/2012,"Avaliar a viabilidade de criar requisitos adicionais de treinamento e experiencia para a operacao dos helicopteros modelo R-22 e R-44 no Brasil, nos moldes dos requisitos estabelecidos nos Estados Unidos da America por meio do SFAR 73-1, visando evitar a ocorrencia de acidentes similares ao deste relatorio."
315/2012,Divulgar os ensinamentos do presente relatorio para as escolas de aviacao civil que operam a aeronave R-22 em instrucao de voo.
316/2012,"Orientar os controladores da Torre de Controle do aerodromo de Jacarepagua sobre a importancia de atualizar os pilotos quanto a variacoes nas condicoes meteorologicas, em especial no caso de variacoes significativas de vento para os pilotos de helicoptero."
317/2012,"Divulgar aos seus associados o conteudo e ensinamentos contidos nesta investigacao, em especial os cuidados relacionados a operacao com rajadas de vento."
318/2012,Enfatizar a importancia do cumprimento do Boletim informativo 01/2010 da propria organizacao.
319/2012,Realizar um curso de nivelamento e padronizacao para pilotos e tripulantes operacionais.
320/2012,Providenciar o cumprimento do boletim de servico 25.00.65.000 que preve a instalacao de argolas no piso para amarracao de cabos ou cordas para as aeronaves AS350 operadas pelo IBAMA neste tipo de operacao.
321/2012,"Providenciar o equipamento de seguranca rabo de macaco PN 350 A84-0047 do IPC 25.63.10, indicado pelo fabricante da aeronave, para uso pelo tripulante operacional quando necessario."
322/2012,"Adequar-se a regulamentacao da Agencia Nacional de Aviacao Civil referente a letra (b) do item 91.957 do RBHA 91 Subparte K, que trata das qualificacoes necessarias para composicao da tripulacao como piloto segundo em comando."
323/2012,"Destacar a importancia do cumprimento do Boletim informativo 01/2010 do IBAMA, quando em operacao naquela instituicao."
324/2012,Enfatizar na doutrina operacional da unidade o cheque individual de equipamento e ancoragem na aeronave antes de cada decolagem.
325/2012,"Programar, periodicamente, a reciclagem dos seus tripulantes com relacao a nos e amarracoes."
325/D/11,Criar mecanismos para evitar que pilotos com CHT e CCF vencidos exercam a atividade aerea com funcao a bordo em aeronaves.
326/2012,"Solicitar ao Operador a revisao do Manual Geral de Operacoes no que se refere a composicao de tripulacao, a fim de que seja cumprido o requisito previsto na letra (b) do item 91.957 do RBHA 91 Subparte K."
326/D/11,"Intensificar a fiscalizacao das operacoes da aviacao geral, principalmente nos aspectos ligados ao controle dos pilotos e supervisao das operacoes, a fim de verificar a conformidade quanto aos requisitos de seguranca operacional estabelecidos na legislacao aplicavel."
329/2011,"Reciclar seus pilotos no tocante a influencia das condicoes climaticas, da altura do voo e da configuracao da aeronave na operacao agricola."
330/2011,"Revisar seu Programa de Treinamento, visando assegurar-se de proporcionar a instrucao adequada aos pilotos para que operem a aeronave em todas as situacoes de peso, configuracao e condicoes climaticas presentes na rotina da empresa."
331/2011,"Divulgar os ensinamentos deste acidente em seminarios agricolas e encontros de seguranca de voo, dando ampla divulgacao a todos os operadores da aviacao agricola."
332/2011,"Estabelecer mecanismos de acompanhamento de seus pilotos, no tocante a instrucao recebida e transmitida aos novos pilotos e aos procedimentos operacionais padronizados."
333/2011,"Estabelecer mecanismos de acompanhamento de seus pilotos, no tocante a instrucao recebida e transmitida aos novos pilotos e aos procedimentos operacionais padronizados."
333/2012,"Atuar junto ao Aeroclube de Veranopolis, a fim de que a instrucao sobre as tecnicas para realizar o pouso com vento de traves seja reforcada aos seus pilotos."
334/2011,"Estabelecer criterios e mecanismos de acompanhamento e controle das missoes, por meio de documento escrito que de conhecimento especifico a todos os pilotos, das particularidades de cada operacao."
334/2012,"Divulgar os ensinamentos do presente acidente aos aeroclubes e escolas de aviacao, enfatizando a importancia do conhecimento e aplicacao das tecnicas corretas de pouso com vento de traves."
335/2011,"Estabelecer mecanismos de gerenciamento do risco, visando equilibrar as demandas do voo aeroagricola com as capacidades de seus pilotos."
335/2012,"Atuar junto a Cristal Aviacao Agricola Ltda., a fim de que seja incrementado o Planejamento Gerencial, no ambito operacional, dando enfase a analise de graficos, consulta de manuais e experiencia dos pilotos na aeronave/operacao."
336/2011,"Divulgar a todo o seu quadro de pilotos o resultado da presente investigacao, com enfase nos aspectos operacionais e psicologicos verificados."
336/2012,"Atuar junto a Cristal Aviacao Agricola Ltda., a fim de criar uma padronizacao operacional no tocante as manobras especificas do voo de aplicacao agricola, visando assegurar-se de que tais manobras sejam realizadas de maneira adequada e segura pelos pilotos."
337/2011,"Adotar aulas e palestras periodicas a respeito dos temas operacionais de planejamento de voo, gerenciamento de risco, CRM e aspectos psicologicos na operacao aeroagricola."
337/2012,"Atuar junto a Cristal Aviacao Agricola Ltda., a fim de divulgar os ensinamentos colhidos na presente investigacao aos seus pilotos, alertando-os para os cuidados necessarios na realizacao dos procedimentos operacionais e das manobras aereas caracteristicas da atividade aeroagricola."
338/2011,"Revisar a regulamentacao das empresas de aviacao agricola, visando incluir requisito referente ao gerenciamento do risco inerente as operacoes."
338/2012,"Atuar junto a Cristal Aviacao Agricola Ltda., a fim de revisar o seu Programa de Treinamento, visando assegurar-se de que os pilotos tenham recebido a instrucao necessaria para operar a aeronave com seguranca."
339/2011,"Divulgar os ensinamentos deste acidente em seminarios agricolas e encontros de seguranca de voo, dando ampla divulgacao a todos os operadores da aviacao agricola."
339/2012,"Divulgar os ensinamentos da presente investigacao aos operadores da aviacao agricola, enfatizando a importancia do planejamento gerencial adequado para a seguranca das operacoes aereas."
340/2012,"Divulgar os ensinamentos colhidos na presente investigacao aos seus associados, enfatizando a importancia do planejamento gerencial adequado para a seguranca das operacoes aereas."
340/D/11,Divulgar este Relatorio aos operadores de aeronave ERJ 190.
341/2011,"Divulgar os ensinamentos colhidos desta investigacao aos aeroclubes e as escolas de aviacao, a fim de elevar a consciencia situacional dos instrutores e alunos."
341/2012,"Divulgar o conteudo deste Relatorio aos aeroclubes, escolas de aviacao e aos operadores da aviacao geral, em especial no tocante as consequencias do descumprimento de procedimentos estabelecidos nos manuais de operacao das aeronaves."
342/2011,"Incrementar o acompanhamento das atividades aereas dos aeroclubes, principalmente nos aspectos relativos a supervisao da instrucao de voo, tais como cursos de padronizacao de instrutores, acompanhamento do desempenho de alunos e avaliacao de instrutores de voo."
342/2012,"Atuar junto a EJ Escola de Aeronautica Civil Ltda., visando promover a aplicacao eficaz do Sistema de Gerenciamento de Risco ja implantado, de forma a oportunamente identificar as inadequacoes de escala eventualmente cometidas."
343/2012,"Atuar junto a EJ Escola de Aeronautica Civil Ltda., visando estabelecer, dentro do Programa de Instrucao, uma programacao padronizada para missoes de readaptacao, abordando todos os prerrequisitos a serem cumpridos pelo readaptando e pelo instrutor, de forma a mitigar os riscos envolvidos neste tipo de missao."
344/2012,"Atuar junto a EJ Escola de Aeronautica Civil Ltda., visando estabelecer procedimentos que assegurem que os instrutores que ministram instrucao em aeronaves convencionais estejam adequadamente adaptados a este tipo de aeronave."
344/D/11,"Efetuar imediatamente uma avaliacao, em carater de fiscalizacao, das condicoes de operacao da pista de SBUL (Uberlandia), com a finalidade de garantir uma operacao segura em condicoes de pista molhada."
345/2012,"Atuar junto a EJ Escola de Aeronautica Civil Ltda., visando estabelecer, dentro do Programa de Treinamento da Escola, os intervalos de tempo entre voos permitidos aos pilotos em readaptacao, de forma a maximizar os efeitos da fixacao da aprendizagem, quando da readaptacao envolvendo mais de uma missao."
345/D/11,"Definir, em carater de regulacao, requisitos quanto ao projeto, manutencao e aplicabilidade de revestimentos superficiais tipo grooving e camada porosa de atrito (CPA) para as pistas dos aerodromos sob sua responsabilidade de fiscalizacao."
346/2012,"Atuar junto a EJ Escola de Aeronautica Civil Ltda., visando reavaliar, dentro do Programa de Treinamento da Escola, as missoes que necessitem ser fracionadas, com o objetivo a permitir, por meio de briefing / debriefing, a melhor absorcao do aprendizado."
346/D/11,"Gerar orientacoes documentais e formais adequadas para os administradores aeroportuarios brasileiros orientando-os quanto as condicoes de operacao e manutencao segura do pavimento das pistas dos aeroportos brasileiros sob sua responsabilidade de fiscalizacao e regulacao tendo como referencia o conteudo da AC 150/5320-12C (Measurement, construction and maintenance of skid-resistant airport pavement surfaces) do Federal Aviation Administration (FAA, 1997)."
347/2012,"Atuar junto a EJ Escola de Aeronautica Civil Ltda., visando promover periodicamente, aos alunos e instrutores da Escola, atividade de instrucao sobre as caracteristicas de voo e peculiaridades envolvidas na operacao de aeronaves convencionais, com enfase em pousos e decolagens."
347/D/11,"Gerar orientacoes documentais e formais adequadas para os operadores brasileiros sob sua responsabilidade de fiscalizacao e regulacao tendo como referencia o conteudo do SAFO 06012 (Safety Alert of Operators - Landing Performance Assessments at Time of Arrival for Turbojets) do Federal Aviation Administration (FAA, 2006)"
348/2012,"Atuar junto ao Aeroclube de Itapolis, visando a realizacao de gestoes, junto as autoridades locais competentes, para que seja providenciado o recapeamento da pista do aerodromo de Itapolis (SDIO), respeitando-se os gabaritos e legislacoes em vigor."
348/D/11,"Visto que ainda NULL um metodo de avalicao definido pelo orgao de fiscalizacao e regulacao da Aviacao Civil Brasileira (ANAC) quanto ao aspecto de contaminacao de pista por agua nos aeroportos brasileiros e visando mitigar possiveis situacoes adversas em caso de chuva intensa sobre as pistas de pouso e decolagem, estudar a possibilidade de implementar a necessidade de solicitacao de reporte junto as tripulacoes do *breaking action* apos o pouso pelos controladores de trafego aereo, mesmo sabedores de que se trata de uma informacao subjetiva e dependente da performance especifica de cada aeronave e da experiencia pregressa de cada tripulacao."
349/2012,"Atuar  junto  ao  Aeroclube  de  Itapolis,  visando  confeccionar  um  Plano  de  Emergencia para  o  aerodromo,  onde  estejam contidas  as  responsabilidades  e  atribuicoes  de  cada participante,  bem  como  a periodicidade  dos  treinamentos  simulados  de situacoes  de emergencia."
349/D/11,"Reforcar, para as suas tripulacoes tecnicas, a necessidade de se manter exatamente a Vap e a Vref recomendadas pelo fabricante, em funcao de cada tipo de configuracao e peso, quando na aproximacao para pouso"
350/2012,"Atuar  junto  ao  Aeroclube  de Itapolis,  visando  instalar  barreiras  entre  as  vias  de circulacao  e  a  area  de  manobras  (patios  e  pista  de taxi),  a  fim  de  restringir  o acesso  de pessoas e viaturas."
350/D/11,Padronizar e uniformizar definitivamente os callouts de velocidade a serem utilizados pelas tripulacoes da empresa durante as aproximacoes.
351/2012,"Atuar junto ao Aeroclube de Itapolis, visando avaliar a viabilidade de estabelecer um servico contraincendio baseado no aerodromo, compativel com a categoria das aeronaves de instrucao."
351/D/11,"Reforcar a instrucao, para suas tripulacoes tecnicas, visando clarificar os conceitos de aproximacao estabilizada, Vref e Vap."
352/2012,"Adotar mecanismos de divulgacao dos ensinamentos colhidos na presente investigacao aos Aeroclubes e Escolas de Aviacao, alertando quanto aos riscos decorrentes da nao observacao da familiarizacao dos instrutores e alunos com o tipo de aeronave utilizada na instrucao aerea."
352/D/11,"Reforcar a instrucao, para suas tripulacoes tecnicas, visando mitigar situacoes adversas em voo dos conceitos de Factored Landing Distance e Unfactored Landing Distance contidos no AFM e QRH certificados pela ANAC das aeronaves operadas pela empresa."
353/2012,"Atuar junto ao Aeroclube de Londrina, a fim de melhorar o preenchimento das fichas de voo, visando propiciar que a instrucao aerea tenha um acompanhamento efetivo por parte da direcao."
353/D/11,Estabelecer uma margem de seguranca conservativa propria para cada pista operada pela empresa ja utilizando o conceito de runway factored distance para a condicao DRY e WET.
354/2012,"Atuar junto ao Aeroclube de Londrina, a fim de que seja reforcada a instrucao relativa aos procedimentos de emergencia, em especial apos a decolagem."
354/D/11,"Fornecer aos seus tripulantes tecnicos, no momento do despacho da aeronave, para cada tipo de configuracao e peso, a analise de pista de pouso e alternativa para as condicoes DRY e WET na etapa subsequente, diminuindo desta forma o workload das tripulacoes em voo"
355/2012,"Atuar junto ao Aeroclube de Londrina, a fim de que o material didatico dos alunos seja revisado, em especial no tocante aos itens de memoria a serem realizados em caso de emergencia, visando assegurar que os pilotos tenham o conhecimento adequado a realizacao de tais procedimentos."
355/D/11,Especificar detalhadamente no MGO da empresa as limitacoes e procedimentos de operacao da empresa em pista contaminada e pista molhada de modo a nao gerar qualquer tipo de duvida para o tripulante.
356/2012,"Atuar junto ao Aeroclube de Londrina, a fim de revisar os intervalos entre voos de instrucao e a consequente necessidade de revisoes, visando assegurar-se de que os alunos tenham uma progressao adequada."
356/D/11,"Estudar a possibilidade de adotar uma frequencia de radio em HF no CCO (Centro de Controle Operacional) da empresa para dar suporte as tripulacoes em voo para situacoes de emergencia e qualquer outra avaliacao especifica que requeira um suporte tecnico mais apurado, diminuindo desta maneira o workload da tripulacao na cabine e mitigando a possibilidade de avaliacoes indevidas"
357/2012,"Divulgar o conteudo do presente relatorio aos proprietarios e operadores da Aviacao Geral, enfatizando a importancia do adequado controle do combustivel e calculo da autonomia para a realizacao dos voos."
357/D/11,"Visto que NULL nenhuma documentacao oficial de orientacao da Autoridade de Aviacao Civil Brasileira (ANAC) neste sentido, estudar a possibilidade de agregar ao *modus operandi* da empresa os conceitos estabelecidos no SAFO 06012 (Safety Alert of Operators - Landing Performance Assessments at Time of Arrival for Turbojets) do Federal Aviation Administration (FAA, 2006)."
358/2012,"Divulgar o conteudo do presente relatorio aos seus associados, enfatizando a importancia do adequado controle do combustivel e calculo da autonomia para a realizacao dos voos."
358/D/11,"Divulgar o resultado da presente apuracao junto aos pilotos envolvidos, destacando a importancia de conhecer as normas ATS vigentes (ICA 100-4/2007), a utilizacao adequada e correta da fraseologia padrao, nos termos do Cap 15 da ICA 100-12/2009."
359/2012,"Divulgar o conteudo do presente relatorio aos seus associados, enfatizando a importancia do adequado controle do combustivel e calculo da autonomia para a realizacao dos voos."
359/D/11,"Avaliar se existe impedimento ou restricao de ordem tecnica-operacional para o helicoptero, modelo AS350 B2, operar em SBBH e, caso haja, implementar as medidas mitigadoras necessarias com vistas ao gerenciamento de risco para preservar a seguranca operacional."
360/2012,"Divulgar o conteudo do presente relatorio aos operadores da aviacao geral, enfatizando a importancia do calculo preciso da autonomia, visando atender o disposto na regulamentacao e possuir o combustivel suficiente para completar o voo planejado."
361/2012,"""Adotar providencias visando o permanente funcionamento da """"biruta"""" no aerodromo de Iguatu, CE (SNIG)."""
362/2012,"Atuar junto a Ceara Taxi Aereo Ltda., visando reforcar o treinamento de pousos no Programa de Treinamento da empresa."
363/2012,"""Realizar auditoria tecnica junto a Ceara Taxi Aereo Ltda., buscando se certificar de que o controle do programa de manutencao, periodico e """"geriatrico"""", das aeronaves modelo C-310Q, esta em conformidade com o previsto pelo fabricante."""
364/2012,"""Realizar auditoria tecnica junto a Aero Taxi Poty Ltda., buscando se certificar de que o cumprimento do programa de manutencao, periodico e """"geriatrico"""", das aeronaves modelo C-310Q, esta em conformidade com o previsto pelo fabricante."""
365/2012,"Incrementar a fiscalizacao das empresas de taxi-aereo, em especial no tocante ao acompanhamento do Programa de Manutencao, visando verificar se as inspecoes e procedimentos estao em conformidade com o previsto pelo fabricante."
366/2012,"Realizar vistoria na pista do aerodromo Aereo Amazonia/PA (SSXN) com a finalidade de verificar a interferencia na faixa preparada, de uma vala de escoamento de aguas pluviais, situada ao longo da lateral da pista, longitudinalmente, a 10 metros do centro da pista, do lado esquerdo, no sentido 07/25."
367/D/12,"Atuar junto a AVIANCA LINHAS AEREAS, visando modificar a *Minimum Equipament List* (MEL) da aeronave F.28 Mk.0100, de forma a tornar a aeronave nao aeronavegavel com falha do Sistema Anti-Skid, tendo em vista as restricoes existentes quanto ao uso do reverso."
368/D/12,"Atuar junto a Autoridade Primaria de Certificacao da aeronave F.28 Mk.0100, visando modificar a * Master Minimum Equipament List* (MMEL), de forma a tornar a aeronave nao aeronavegavel com falha do Sistema Anti-Skid, tendo em vista as restricoes existentes quanto ao uso do reverso."
369/D/12,Atuar junto a AVIANCA LINHAS AEREAS para que o SOP (Standard Operation Procedures) da empresa relacionado a Landing Policies seja cumprido exatamente conforme esta descrito na sua ultima revisao.
370/D/12,"Atualizar o site da ANAC, removendo a Diretriz de Aeronavegabilidade de Emergencia - DAE 2001-11-01 FOKKER emenda 39-290 com data de efetividade a partir de 08 novembro de 2001, por ja ter sido superada por outra mais atualizada."
376/2012,"Divulgar o conteudo do presente relatorio aos operadores da aviacao geral, enfatizando a importancia da utilizacao de pistas de pouso homologadas ou registradas."
376/D/12,"Divulgar o conteudo do presente relatorio aos operadores da aviacao geral, enfatizando a importancia da utilizacao de pistas de pouso homologadas ou registradas."
377/2012,"Incrementar a fiscalizacao das aeronaves em operacao no aerodromo de Porto Seguro, BA, visando identificar e coibir o movimento daquelas operadas por tripulantes com documentacao (CHT e CCF) irregular."
378/2012,"Incrementar a fiscalizacao das aeronaves utilizadas na Aviacao Geral, visando identificar e coibir o movimento daquelas operadas por tripulantes com documentacao (CHT e CCF) irregular."
379/2012,"Avaliar a possibilidade de criar, junto aos operadores da Aviacao Executiva, mecanismos de Supervisao Gerencial, visando ao adequado acompanhamento do desempenho operacional dos seus pilotos e com o foco no fiel cumprimento das normas e regulamentos, para efeito dos planejamentos e execucao dos voos."
380/2012,"Atuar junto aos operadores da Aviacao Executiva para que adotem, no ambito Administrativo, mecanismos de Supervisao Gerencial, visando ao adequado controle da validade das Habilitacoes Tecnicas e Certificados dos seus tripulantes."
381/2012,"Atuar junto aos operadores de helicoptero para divulgar as tecnicas e cuidados a serem adotados na realizacao de voos visuais noturnos, em especial no tocante a avaliacao das condicoes meteorologicas e alturas a serem mantidas."
382/2012,"Reavaliar as condicoes operacionais do Heliponto do Condominio Jacuma Ocean Resort (SJFE), visando verificar se atende aos requisitos previstos para a operacao visual noturna e se permite tal operacao com seguranca, levando em conta as condicoes de luminosidade presentes no seu entorno."
383/2012,"Divulgar os ensinamentos colhidos da presente investigacao, destacando os aspectos relacionados ao comprometimento da Seguranca de Voo em face do descumprimento das normas e regulamentos do Sistema de Aviacao Civil."
384/2012,"Divulgar, junto aos seus associados, os ensinamentos colhidos da presente investigacao, destacando os aspectos relacionados ao comprometimento da Seguranca de Voo em face do descumprimento das normas e regulamentos do Sistema de Aviacao Civil."
385/2012,"Divulgar, junto aos seus associados, os ensinamentos colhidos da presente investigacao, destacando os aspectos relacionados ao comprometimento da Seguranca de Voo em face do descumprimento das normas e regulamentos do Sistema de Aviacao Civil."
390/2012,"Reavaliar junto a Autoridade do Estado Detentor do Projeto A-320 (EASA) se a arquitetura atual do sistema de combustivel e alarmes cumpre com os requisitos de certificacao aplicaveis ao projeto de tipo, uma vez que permite a partida do segundo motor com as bombas de combustivel desligadas sem emitir alarme, desde que tal alarme tenha sido cancelado na partida do primeiro motor."
391/2012,"Reavaliar junto a Autoridade do Estado Detentor do Projeto A-320 (EASA) a adequacao da cor e do tipo de alarme apresentado na partida dos motores com as bombas de combustivel desligadas, bem como a necessidade de inserir um procedimento no AFM relativo a partida com bombas desligadas."
392/2012,"Avaliar junto a Autoridade do Estado Detentor do Projeto A-320 (EASA) a necessidade de revisar o checklist da aeronave, inserindo um item de cheque especifico para verificar as bombas de combustivel ligadas."
393/2011,"Divulgar os ensinamentos contidos neste acidente junto as comunidades de pilotos, empresas de transporte aereo, empresas de aviacao agricola e entidades de formacao de pilotos, salientando a importancia do treinamento requerido para recuperacao de atitudes anormais, operacao do piloto automatico e aplicacao dos calculos relativos ao peso e balanceamento."
393/2012,"Atuar junto a empresa operadora no sentido de incrementar o treinamento de seus pilotos no tocante a coordenacao de cabine, visando garantir o cumprimento de todos os itens de checklist previstos."
394/2011,"Exigir de seus pilotos o fiel cumprimento de todos os procedimentos estabelecidos nos manuais de voo, a fim de aumentar o nivel de alerta situacional, principalmente sobre a necessidade de verificacao da quantidade de combustivel nos tanques das aeronaves antes da realizacao de cada voo."
394/2012,"Atuar junto a empresa operadora no sentido de reavaliar o processo de formacao de seus pilotos recem-contratados, a fim de certificar-se de que o tempo destinado as atividades teoricas e praticas tem propiciado condicoes para uma adequada absorcao dos conhecimentos previstos e ambientacao aos procedimentos normais e de emergencia das aeronaves operadas pela empresa."
395/2011,"Adotar procedimentos padronizados para as operacoes de reabastecimento das aeronaves, a fim de reduzir a probabilidade de ocorrencia de falhas nas operacoes."
395/2012,"Atuar junto a empresa operadora no sentido de promover de maneira continua o incentivo aos reportes voluntarios de situacoes de perigo, tais como o esquecimento de itens de checklist, visando obter informacoes que permitam a analise de tendencias e a adocao de medidas preventivas."
396/2011,"Adotar mecanismos de divulgacao dos ensinamentos colhidos na presente investigacao aos operadores de reboque de faixas, alertando quanto aos riscos decorrentes da nao observacao dos manuais de voo e dos procedimentos especificos para o tipo de operacao."
396/2012,"Atuar junto a empresa operadora no sentido de modificar sua rotina operacional de forma a manter o comandante no cockpit antes do voo, permitindo a divisao de tarefas com o copiloto e incrementando a capacidade de deteccao de erros."
397/2011,"Adotar mecanismos de divulgacao dos ensinamentos colhidos na presente investigacao aos operadores de Taxi Aereo, alertando quanto aos riscos decorrentes da nao realizacao de um planejamento adequado antes de cada voo."
397/2012,"Atuar junto a empresa operadora no sentido de reforcar, nos treinamentos em simuladores de aeronaves A-319 e A-320, a realizacao de partidas dos motores com auxilio de fontes de pressao para o primeiro motor e de alimentacao cruzada para o segundo, visando obter uma maior ambientacao dos tripulantes com esses procedimentos."
398/2011,Divulgar os ensinamentos do presente relatorio final aos operadores de helicoptero.
398/2012,"Atuar junto a empresa operadora no sentido de reforcar, em seus treinamentos de CRM, a necessidade de buscar o aerodromo adequado mais proximo para o pouso em caso de emergencia, principalmente quando nao se estabeleceu com clareza o motivo da pane."
399/2011,Divulgar os ensinamentos do presente relatorio final aos seus pilotos.
399/2012,"Atuar junto a empresa operadora no sentido de estabelecer um procedimento de verificacao periodica da compatibilidade entre as FDIU (Flight Data Interface Unit) e os DFDR (Digital Flight Data Recorder) de suas aeronaves, quanto a preparacao para o numero de palavras por segundo, a fim de evitar gravacoes de 128 wd/s em *frames* de 256 wd/s, o que gera dificuldades em download de dados."
400/2011,Realizar treinamento de CRM para todo o pessoal da empresa envolvido com a atividade aerea.
400/2012,"Reavaliar junto a ANAC se a arquitetura atual do sistema de combustivel e alarmes cumpre com os requisitos de certificacao aplicaveis ao projeto de tipo, uma vez que permite a partida do segundo motor com as bombas de combustivel desligadas sem emitir alarme, desde que tal alarme tenha sido cancelado na partida do primeiro motor."
401/2011,"Divulgar os ensinamentos colhidos na ocorrencia aos tripulantes da empresa, alertando para a observancia dos procedimentos normais e de emergencia em decolagens."
401/2012,"Reavaliar junto a ANAC a adequacao da cor e do tipo de alarme apresentado na partida dos motores com as bombas de combustivel desligadas, bem como a necessidade de inserir um procedimento no AFM relativo a partida com bombas desligadas."
402/2011,"Adotar mecanismo para divulgacao dos ensinamentos colhidos na ocorrencia aos operadores de aeronave 208B, alertando para a observancia dos procedimentos normais e de emergencia em decolagens."
402/2012,"Avaliar junto a ANAC a necessidade de revisar o checklist da aeronave, inserindo um item de cheque especifico para verificar as bombas de combustivel ligadas."
403/2011,"Reciclar seus instrutores e alunos quanto aos procedimentos de controle de combustivel em voo, visando elevar o nivel de alerta em relacao a selecao do tanque de combustivel."
403/2012,"Alertar os operadores de A-109C para a importancia do cumprimento do previsto no Manual M250-C20 no tocante as inspecoes pre e pos-voo, bem como a lavagem de compressor quando operando em ambiente corrosivo."
404/2011,Divulgar o relatorio aos operadores de aeronave 56-C-1.
404/2012,"Atuar junto a Autoridade de Aviacao Civil do Reino Unido, visando verificar se os procedimentos de overhaul do Pinion to Power Turbine Coupling da empresa H+S Aviation estao em conformidade com o previsto pelo fabricante."
405/2011,Divulgar o presente relatorio final aos aeroclubes e escolas de aviacao de suas areas de atuacao.
405/2012,"Atuar junto as empresas de manutencao autorizadas a efetuar a montagem do motor modelo 250-C20R/1, visando verificar se os seus procedimentos estao em conformidade com o previsto pelo fabricante, em particular no tocante ao alinhamento do conjunto."
406/2011,"Estabelecer criterios e limites no numero de voos diarios de instrucao para os instrutores e para os alunos, a fim de evitar situacoes de fadiga dos tripulantes."
406/2012,"Analisar, junto a Autoridade Primaria de Certificacao do helicoptero, a viabilidade de emitir uma diretriz de aeronavegabilidade tornando mandatorio o teste de vibracao do motor, previsto na CSL 4011 da Rolls-Royce Corporation, visando permitir a deteccao antecipada de uma situacao de desalinhamento."
407/2011,"Instituir procedimentos claros de transferencia dos comandos de voo entre os pilotos, de maneira que sejam incluidos na instrucao terrestre da aeronave, e amplamente divulgados em briefings para os pilotos, com a finalidade de minimizar a probabilidade de falhas de interpretacao ou de conflitos durante todas as fases do voo."
407/2012,"Avaliar, junto a Autoridade Primaria de Certificacao e ao fabricante do motor, a implantacao de melhorias no Pinion to Power Turbine Coupling, visando assegurar uma capacidade de suportar desalinhamento adequada a vida util do motor."
408/2011,"Ministrar periodicamente instrucao a todos os pilotos da empresa sobre rolagem estatica e rolagem dinamica de aeronaves de asas rotativas, incluindo a Safety Note SN -9 do Pilot Operating Handbook, a fim de aumentar o nivel de consciencia situacional em missoes que exigem o treinamento de voo pairado."
408/2012,"Reavaliar junto a Autoridade Primaria de Certificacao do helicoptero os requisitos relacionados a resistencia dos tanques de combustivel, visando verificar a viabilidade de torna-los mais restritivos, a fim de, em caso de pouso forcado, evitar a invasao da cabine por combustivel, permitindo um maior tempo disponivel para o abandono da aeronave."
409/2011,"Divulgar os ensinamentos colhidos na presente investigacao as oficinas de manutencao, e as empresas de taxi-aereo que operam aeronaves com motores convencionais, quanto aos riscos decorrentes da nao observancia dos procedimentos de manutencao e operacoes recomendados pelos fabricantes."
409/2012,Enfatizar aos seus inspetores de aeronavegabilidade a importancia de verificar o cumprimento dos procedimentos especificos de manutencao relacionados a operacao em ambiente corrosivo.
410/2011,"Intensificar as vistorias de rampa no Aeroporto Atlas Brasil Cantanhede (SBBV), visando coibir a pratica de violacoes as normas vigentes."
410/2012,"Divulgar o conteudo do presente relatorio aos operadores da Aviacao Geral, enfatizando a importancia do conhecimento teorico da aeronave pelos pilotos e do comportamento conservativo quando do planejamento e execucao dos voos."
411/2011,"Divulgar os ensinamentos colhidos na presente investigacao aos mecanicos, inspetores e engenheiros, alertando-os quanto aos riscos decorrentes da nao observancia dos procedimentos de inspecao e manutencao recomendados pelos fabricantes."
411/2012,"Atuar junto a Aero Agricola Caicara Ltda., visando incrementar a supervisao de suas atividades, em especial no tocante ao estabelecimento de criterios definidos para a realizacao de seus voos, bem como no tocante ao acompanhamento do estado psicologico de seus tripulantes."
411/D/11,"Divulgar os ensinamentos colhidos na presente investigacao aos mecanicos, inspetores e engenheiros, alertando-os quanto aos riscos decorrentes da nao observancia dos procedimentos de inspecao e manutencao recomendados pelos fabricantes."
412/2012,"Atuar junto a Aero Agricola Caicara Ltda., visando incentivar a comunicacao interna de reportes relacionados a seguranca dos voos, a fim de evitar a realizacao de voos em condicoes inseguras."
412/D/11,"Reciclar os pilotos de R22 quanto aos seguintes temas: Teoria Geral de Voo do Helicoptero# Limitacoes da Aeronave# Performance do Helicoptero# Procedimentos Normais e de Emergencia, com enfase para a manobra de decolagem de maxima performance."
413/2012,"Revisar os requisitos de avaliacao psicologica de pilotos, visando assegurar-se de que casos de alteracao do estado psicologico que comprometam o desempenho em voo sejam detectados nas inspecoes de saude."
413/D/11,"Divulgar os ensinamentos deste acidente aeronautico aos seus associados, enfatizando a necessidade de atentar para as tecnicas previstas para a decolagem de maxima performance."
414/2012,"Divulgar os ensinamentos do presente relatorio aos operadores da Aviacao Agricola, enfatizando a importancia do acompanhamento das atividades por parte da empresa, bem como do estabelecimento de canais eficazes de comunicacao interna."
414/D/11,"Divulgar os ensinamentos deste acidente aeronautico em sua area de atuacao, enfatizando a necessidade de atentar para as tecnicas previstas para a decolagem de maxima performance."
415/2012,"Atuar junto a Taxi-Aereo Weiss Ltda., a fim de intensificar o treinamento em CRM dos tripulantes, visando aprimorar a coordenacao de cabine."
416/2012,"Atuar junto a Taxi-Aereo Weiss Ltda., a fim de incrementar o seu programa de treinamento, visando dar aos tripulantes condicoes de identificar e atuar de forma adequada durante as emergencias da aeronave EMB-820C NAVAJO, em particular naquelas relacionadas ao funcionamento irregular do motor em voo."
417/2012,"Atuar junto a Taxi-Aereo Weiss Ltda., a fim de ampliar e aperfeicoar o acompanhamento e a supervisao dos processos relativos a manutencao das aeronaves, visando evitar que panes que comprometam o desempenho dos motores das aeronaves passem despercebidas."
417/D/08,"Alertar os tripulantes sobre a importancia da realizacao do pre-voo das aeronaves, dando enfase a verificacao de impurezas nos drenos dos tanques de combustivel e no copo do filtro principal, evitando que particulas contaminantes transitem nas linhas de suprimento de combustivel para o motor. Observar o item 8-21(d) do Manual de Operacao da Aeronave, MO-711 A, C/541."
418/2012,"Atuar junto a Taxi-Aereo Weiss Ltda., a fim de implantar treinamento especifico para os instrutores de voo, visando padronizar a instrucao e assegurar-se de que eles possuam os conhecimentos necessarios ao desempenho da funcao."
418/D/08,"Supervisionar as Oficinas de Manutencao no sentido de certificar-se da execucao dos servicos de manutencao preventiva de acordo com as recomendacoes do fabricante e das Normas da Aviacao Civil, exigindo os registros em cadernetas de todos os servicos realizados."
419/2012,"Atuar junto a Taxi-Aereo Weiss Ltda., a fim de incrementar a supervisao da instrucao aerea, visando evitar a ocorrencia de desvios dos procedimentos padronizados."
419/D/08,"Providenciar a atualizacao das cadernetas de celula, motor e helice da aeronave acidentada."
420/2012,"Divulgar os ensinamentos do presente relatorio aos operadores de taxi aereo, enfatizando a importancia da padronizacao dos voos de instrucao, bem como do conhecimento dos procedimentos de emergencia da aeronave."
420/D/08,"Quando da realizacao das Inspecoes Periodicas das aeronaves de modelos EMB-711 C, que seja dada enfase na limpeza dos tanques de combustivel, bem como dos filtros e telas da linha de abastecimento, suprimento e de suspiro das celulas de combustivel."
421/2012,"Atuar junto a W&J Taxi-Aereo Ltda., visando implantar uma politica de seguranca de voo na empresa, a fim de orientar seus tripulantes para uma atitude conservativa nas atividades aereas."
421/D/08,"Alertar os inspetores de manutencao quanto a especial atencao nos servicos relacionados a limpeza de tanques, filtros e linhas de combustivel, quanto a contaminacao de sujidades e a presenca de agua, atentando para o fato de que o clima da regiao amazonica propicia um maior acumulo de agua com contaminantes corrosivos."
422/2012,"Atuar junto a W&J Taxi-Aereo Ltda., visando incrementar o processo de acompanhamento dos voos realizados, a fim de assegurar-se que seus tripulantes sigam as orientacoes da empresa no tocante ao planejamento dos voos."
423/2012,"Atuar junto a W&J Taxi-Aereo Ltda., visando reforcar o Programa de Treinamento no tocante a analise das condicoes meteorologicas e decisao sobre o prosseguimento do voo, levando em consideracao as caracteristicas da regiao de operacao."
424/2012,"Atuar junto a W&J Taxi-Aereo Ltda., visando implantar atividades educativas periodicas sobre a influencia da pressa e da necessidade de voltar para casa no desenvolvimento da atividade aerea."
425/2012,"Divulgar os ensinamentos do presente relatorio aos operadores de taxi aereo, enfatizando a importancia da adequada avaliacao das condicoes meteorologicas para a seguranca dos voos."
426/2012,"Reavaliar a autorizacao de desvio concedida a Roraima Taxi-Aereo Ltda. para a operacao na pista da aldeia de Onkiola, no estado de Roraima, com o intuito de tornar mais segura a operacao na referida localidade."
427/2012,"Reavaliar os Manuais de Gerenciamento de Risco da Operacao das Pistas nao Registradas e Manual de Performance, Peso e Balanceamento das Pistas nao Registradas, ambos confeccionados pela Roraima Taxi-Aereo Ltda. e aprovados pela ANAC, nos quais sao observadas divergencias operacionais, dificultando a interpretacao do conteudo proposto."
428/2012,"Atuar junto a Roraima Taxi-Aereo, a fim de reavaliar a operacao na localidade de Onkiola, com o intuito de mitigar os riscos provenientes da utilizacao de pistas com dimensoes iguais ou inferiores a 400 metros de comprimento."
429/2012,"Atuar junto a Roraima Taxi-Aereo, a fim de que sejam efetuadas reunioes periodicas com os pilotos, visando abordar dificuldades encontradas na operacao em localidades com maior grau de risco e reavaliar os Manuais de Operacao da empresa, no que se refere a clareza do texto e aspectos operacionais estabelecidos."
430/2012,"Revisar os procedimentos de Vistoria Tecnica para fins de emissao de Certificado de Exportacao, visando assegurar-se de que seja ela realizada de maneira adequada, a fim de evitar a liberacao da aeronave inspecionada em condicoes inseguras de operacao."
431/2012,"Revisar a legislacao que convalida a Vistoria Tecnica realizada pela FAA, no sentido de assegurar que as aeronaves importadas daquele pais sejam inspecionadas de maneira a garantir a operacao segura em territorio nacional."
437/2012,"Atuar junto a SANA Agro Aerea Ltda., no sentido de melhorar a padronizacao de sua rotina operacional."
438/2012,"Divulgar o conteudo do presente relatorio as empresas da aviacao agricola, ressaltando a importancia do planejamento e do adequado reconhecimento da area para o voo seguro."
439/2012,"Divulgar os ensinamentos do presente relatorio aos operadores da aviacao agricola, enfatizando a importancia da manutencao das aeronaves e do seu controle para a prevencao de acidentes aeronauticos."
440/2012,"Atuar junto ao Grupamento de Operacoes Aereas do CBMERJ, visando desenvolver e instituir procedimentos padronizados para as atividades aereas e divulga-los a todos os tripulantes, em especial aqueles que operam aeronaves de asa fixa."
441/2012,"Atuar junto ao Grupamento de Operacoes Aereas do CBMERJ, visando desenvolver e instituir um programa de treinamento e de avaliacao de pilotos."
442/2012,"Atuar junto ao Grupamento de Operacoes Aereas do CBMERJ, visando designar uma pessoa, com curso de prevencao de acidentes aeronauticos, habilitada na aeronave e qualificada na missao para atuar nas atividades de prevencao na sede do destacamento 2/GOA."
443/2012,"Atuar junto ao Grupamento de Operacoes Aereas do CBMERJ, visando estabelecer criterios e procedimentos para avaliacao previa da pertinencia e adequacao de conteudos de cursos de habilitacoes em aeronaves, que nao estejam diretamente relacionados com a missao atribuida a Corporacao, a exemplo do curso de piloto agricola."
444/2012,"Atuar junto ao Grupamento de Operacoes Aereas do CBMERJ, visando estabelecer um sistema de reportes voluntario, a exemplo do Relatorio de Prevencao (RELPREV), a fim de permitir que a direcao da organizacao tome conhecimento de condicoes inseguras existentes oportunamente e possa adotar acoes para mitigar o risco."
445/2012,"Elaborar estudos para reavaliar os requisitos de habilitacao para operacao da aeronave AT-802, em funcao do estabelecido na IAC 3235 e do alto indice de acidentes e incidentes graves envolvendo este modelo no Brasil."
446/2012,"Reavaliar os requisitos organizacionais e operacionais para operacoes aereas de seguranca publica e defesa civil, considerando o grande crescimento dessa atividade e o aumento da complexidade das organizacoes desse tipo no Brasil."
447/2012,"Atuar junto a Administracao do Aerodromo de Resende, visando adequar a sinalizacao horizontal do aerodromo em conformidade com o estabelecido no RBAC 154, emitido pela ANAC."
448/2012,"Atuar junto a Administracao Aeroportuaria do Aerodromo de Salvador a fim de implementar campanha junto as comunidades que habitam os locais discriminados como focos atrativos e com potencial atrativo de aves, visando esclarecer sobre a tematica do risco aviario e as correspondentes medidas preventivas."
449/2012,"Atuar junto a Administracao Aeroportuaria do Aerodromo de Salvador, a fim de adotar, em parceria com as administracoes dos municipios de Salvador, Lauro de Freitas e Simoes Filho, sistematica de acompanhamento e controle dos focos atrativos e com potencial atrativo de aves, identificados na TMA-SV."
450/2012,"Atuar junto a Administracao Aeroportuaria do Aerodromo de Salvador, a fim de adotar, em parceria com a administracao do CEASA de Salvador, sistematica de acompanhamento e controle do foco atrativo de aves ali identificado."
451/2012,"Atuar junto a Administracao Aeroportuaria do Aerodromo de Salvador, a fim de implementar, em parceria com a administracao do CEASA de Salvador, campanha junto ao publico interno, visando esclarecer sobre a tematica do RISCO AVIARIO e as suas correspondentes medidas preventivas."
452/2012,"Consolidar banco de dados referente aos avistamentos de aves ocorridos na TMA-SV, permitindo diagnosticar os aspectos intervenientes ao RISCO AVIARIO, com base em informacoes como: horario, local e altitudes de maior incidencia, especies mais comuns e outras, possibilitando a veiculacao de mensagens precisas de alerta sobre a presenca de aves, a serem divulgadas por meio de NOTAM e/ou de mensagens transmitidas aos pilotos pelos controladores de trafego aereo."
453/2012,"Realizar auditoria tecnica junto a Sete Taxi Aereo, buscando se certificar da adequacao dos procedimentos adotados pela manutencao, relacionados ao monitoramento sistematico do estado geral dos pneus das suas aeronaves modelo MU-2B-60."
454/2012,"Realizar auditoria tecnica junto a Sete Taxi Aereo, buscando se certificar de que a montagem dos cubos de roda de suas aeronaves modelo MU-2B-60 ocorre em conformidade com o seu respectivo Manual de Manutencao."
455/D/12,"Atuar junto a Sete Taxi Aereo, visando  assegurar-se de que todas as ocorrencias relativas as falhas de pneus sejam adequadamente registradas nos Livros de Bordo das aeronaves, e que recebam acoes corretivas baseadas nos respectivos Manuais de Manutencao."
456/D/12,"Atuar junto a Sete Taxi Aereo, visando  certificar-se da adequacao dos mecanismos de supervisao gerencial adotados pelo operador da aeronave, no que se refere aos cuidados com o estado geral dos pneus das aeronaves modelo MU-2B-60 e a montagem dos seus cubos de roda."
457/2012,"Atuar junto a Sete Taxi Aereo, visando  reforcar junto aos pilotos a importancia do adequado monitoramento do estado geral dos pneus das aeronaves para a seguranca das operacoes aereas."
458/D/12,"Divulgar os ensinamentos colhidos da presente investigacao, junto as empresas que operam sob as regras do RBAC 135, buscando ressaltar a importancia do adequado monitoramento do estado geral dos pneus das aeronaves para a seguranca das operacoes aereas."
462/2012,"Divulgar os ensinamentos colhidos nesta investigacao aos operadores da aviacao geral, alertando para a necessidade de serem seguidos os procedimentos de emergencia previstos nos manuais de operacao das aeronaves."
463/2012,"Estudar a viabilidade de modificar a regulamentacao vigente, de modo a estabelecer um nivel de requisitos - tanto de certificacao, quanto para a operacao - compativel com o tipo de operacao desenvolvido pelas empresas que operam aeronaves cuja propriedade e compartilhada."
464/2012,"Estudar a viabilidade de determinar ao operador a imediata implementacao, na estrutura organizacional da empresa, de um setor de prevencao de acidentes, dotado dos recursos humanos e materiais adequados ao desenvolvimento das atividades necessarias a obtencao e manutencao de um nivel aceitavel de seguranca de voo."
465/2012,Estudar a viabilidade de determinar ao operador a imediata adaptacao do programa de treinamento dos pilotos as instrucoes contidas na IAC 135-1002.
466/2012,"Estudar a viabilidade de estabelecer limitacoes quanto a diversidade de tipos e modelos de aeronaves a serem operadas simultaneamente pelos pilotos, bem como de estabelecer a necessidade de elaboracao de um programa de treinamento completo para cada tipo de aeronave."
467/2012,Determinar ao operador o estabelecimento de processos e procedimentos que embasem a tomada de decisao de todos os envolvidos na atividade aerea e melhorem a capacidade de supervisao dos seus responsaveis.
468/2012,"Adotar mecanismos de divulgacao dos ensinamentos e recomendacoes de seguranca de voo contidos na presente investigacao aos operadores de aeronave AS-350 e as Escolas de Aviacao, enfatizando os aspectos relacionados as diferencas operacionais entre os modelos B3 e B3+ e salientando a importancia da padronizacao na atividade aerea."
469/2012,Estudar a viabilidade de determinar ao operador a imediata nomeacao e padronizacao dos instrutores de voo da empresa.
470/2012,"Divulgar os ensinamentos e as recomendacoes de seguranca de voo contidos na presente investigacao aos pilotos de aeronave AS-350 e a comunidade aeronautica, enfatizando os aspectos relacionados as diferencas operacionais entre os modelos B3 e B3+ e salientando a importancia da padronizacao na atividade aerea."
471/2012,"Reavaliar os programas de manutencao aprovados para as empresas que operam segundo o RBAC 135, no que tange aos limites para revisao geral estabelecidos pela Pratt & Whitney para os motores da serie PT6, em especial no tocante aos limites calendaricos."
472/2012,"Realizar uma auditoria na Piquiatuba Taxi-Aereo Ltda., a fim de verificar suas condicoes operacionais."
473/2012,"Realizar uma auditoria na CONAL - Construtora Nacional de Avioes Ltda., a fim de verificar suas condicoes operacionais."
474/2012,"Atuar junto a Piquiatuba Taxi-Aereo Ltda., visando incrementar seus mecanismos de supervisao dos servicos de manutencao, a fim de impedir a liberacao de aeronaves para o voo com inspecoes e/ou revisoes vencidas e com itens nao aeronauticos instalados."
475/2012,"Atuar junto a Piquiatuba Taxi-Aereo Ltda., visando aperfeicoar o gerenciamento da seguranca de voo na empresa, provendo os recursos humanos e materiais necessarios a prevencao de acidentes aeronauticos."
476/2012,"Melhorar a faixa de pista do Aerodromo de Picos, PI, atendendo as especificacoes tecnicas previstas na legislacao em vigor, a fim de garantir a seguranca das operacoes aereas naquele aerodromo."
477/2012,"Realizar auditoria tecnica na empresa Uirapuru Taxi Aereo Ltda., a fim de verificar a adequacao do Programa de Manutencao Periodico e Geriatrico de sua aeronave modelo 402B."
478/2012,"Atuar junto a oficina CETAM - Celso Tinoco Aero Mnt Ltda., Certificado de Homologacao nº 9711-05 /DACCETAM, a fim de verificar a adequacao do cumprimento do Programa de Manutencao Periodico e Geriatrico das aeronaves modelo 402B."
479/2012,"Realizar auditoria tecnica no Aerodromo de Picos, PI (SNPC), a fim de verificar a adequabilidade das condicoes de Infraestrutura Aeroportuaria, com enfase nos itens de seguranca identificados neste relatorio."
480/2012,"Divulgar o conteudo do presente relatorio aos operadores de taxi-aereo, enfatizando a importancia do reporte de pousos bruscos e do cumprimento do programa de manutencao das aeronaves para evitar acidentes similares."
A/025/2009/SERIPA_V,"O Diretor de Instrucao devera ministrar, no prazo de tres meses, instrucao de CRM aos tripulantes e todo pessoal envolvido com a atividade aerea e ainda utilizar os dados desta investigacao nos exercicios do treinamento de CRM, com a finalidade de aprimorar a comunicacao interpessoal, o julgamento, a assertividade, a tomada de decisao, a consciencia situacional, fins de minimizar quaisquer conflitos de cabine e destacar a importancia da atuacao e as responsabilidades do comandante de aeronave."
A/026/2009/SERIPA_V,"O Diretor de Seguranca Operacional (DSO) devera realizar, de imediato, um controle das Divulgacoes Operacionais (DIVOP) emitidas pelo SIPAER referentes as aeronaves de sua dotacao, por meio de coletanea, e relacao de ciencia dos tripulantes, devidamente assinada."
A/027/2009/SERIPA_V,"Realizar, no prazo de seis meses, uma AUDITORIA DE SEGURANCA OPERACIONAL ESPECIAL na empresa Taxi Aereo Weiss Ltda., haja vista as deficiencias ali encontradas."
A/028/2009/SERIPA_V,"Divulgar, no prazo de tres meses, e com finalidade preventiva, em DIVOP, a todos os operadores de interesse situados em sua area de jurisdicao, os ensinamentos colhidos e as recomendacoes emitidas na presente investigacao."
A/030/2009/SERIPA_5,"O Diretor de Instrucao da ICARAI TURISMO TAXI AEREO LTDA. devera ministrar, no prazo de tres meses, instrucao sobre o conteudo da IAC 153-1001/1995 – NORMAS PARA O TRANSPORTE DE ARTIGOS PERIGOSOS EM AERONAVES CIVIS, enfatizando ainda a responsabilidade legal dos comandantes de aeronave."
A/031/2009/SERIPA_5,"O Diretor de Seguranca Operacional da ICARAI TURISMO TAXI AEREO LTDA. devera realizar, de imediato, um controle das Divulgacoes Operacionais (DIVOP) emitidas pelo SIPAER referentes as aeronaves de sua dotacao, atraves de coletanea e relacao de ciencia dos tripulantes, devidamente assinada."
A-001/CENIPA/2017-01,"Realizar uma auditoria na empresa operadora da aeronave, a MOSTARDAS AV. AGRIC. E MANUTENCAO LTDA., a fim de verificar os mecanismos de controle dos registros de manutencao lancados nas cadernetas de celula, motor e helice das aeronaves operadas e a sistematica utilizada pela organizacao para acompanhar e avaliar o desempenho de seus profissionais."
A-001/CENIPA/2022-01,"Atuar junto a SOMA - Servicos Oficina e Manutencao Aeronautica Ltda., no sentido de que aquela OM demonstre que os seus mecanismos de execucao e de supervisao gerencial garantem a qualidade dos servicos por ela executados, particularmente no que concerne a implementacao de diretivas relacionadas a inspecao das asas das aeronaves Ipanema."
A-001/CENIPA/2022-02,"Divulgar os ensinamentos colhidos na presente investigacao aos operadores agricolas queutilizam aeronaves modelos EMB-201, EMB-201A e EMB-202, com o intuito de elevar o nivel de alerta desses operadores sobre a importancia dos processos de supervisao gerencial relacionados a implementacao de diretivas de inspecao das asas das aeronaves Ipanema."
A-002/CENIPA/2013-01,"Divulgar os ensinamentos colhidos na presente investigacao aos Centros de Instrucao de Aviacao Civil (CIAC) voltados para a formacao e qualificacao de pilotos de helicopteros, a fim de alertar os alunos sobre a importancia da criteriosa avaliacao sobre as condicoes meteorologicas da rota, que deverao estar compativeis com o tipo de voo a ser realizado por suas aeronaves e pilotos."
A-002/CENIPA/2013-RSV_001,"""Expedir orientacao formal aos aeroclubes e escolas de aviacao proibindo a atividade denominada - """"voo de incentivo"""", considerando que NULL respaldo legal para a realizacao desse tipo de voo."""
A-002/CENIPA/2013-RSV_002,"Enviar documento aos aeroclubes enfatizando a estrita observancia dos dispositivos regulamentares previstos na secao 71 do RBHA 140, quando da realizacao de voos panoramicos."
A-002/CENIPA/2013-RSV_003,"Realizar revisao dos manuais de cursos de PPR, PCM, INVA, e outros, enfatizando a formatacao das fichas de avaliacao pratica de voo, de forma a conter obrigatoriamente o parecer escrito do Diretor de Instrucao do Aeroclube, acerca do desempenho do discente."
A-002/CENIPA/2013-RSV_004,"Realizar revisao das regras de avaliacao dos cursos de PPR, PCM, INVA e outros, de forma a estabelecer claramente os criterios para a realizacao compulsoria de Conselhos Operacionais de Desempenho dos aeronavegantes, por parte dos aeroclubes."
A-002/CENIPA/2013-RSV_005,"Realizar revisao do RBHA 140, de forma a mitigar o impacto que a alta rotatividade de diretores e responsaveis pelos setores de funcionamento dos aeroclubes gera na qualidade da formacao de novos tripulantes."
A-002/CENIPA/2013-RSV_006,"Realizar revisao do RBAC 61 e avaliar, em consonancia com a legislacao supranacional, os requisitos minimos de experiencia pratica de voo e perfis psicologicos para o exercicio da funcao de instrutor de voo, com o objetivo de melhorar a qualidade do processo ensino-aprendizagem e reducao do numero de ocorrencias aeronauticas envolvendo aeronaves de instrucao."
A-002/CENIPA/2013-RSV_007,"Realizar Auditoria de Seguranca Operacional no Aeroclube de Braganca Paulista, com o objetivo de esclarecer as nao conformidades descritas neste Relatorio Final."
A-002/CENIPA/2013-RSV_008,"Reavaliar a Resolucao n° 115, de forma a deliberar sobre excecoes aos criterios definidos para o nivel minimo de protecao contraincendio requerido aos aerodromos, levando-se em conta outros fatores alem da operacao regular de aeronaves."
A-002/CENIPA/2013-RSV_009,"Atuar junto ao Departamento Aeroviario do Estado de Sao Paulo (DAESP), a fim de que sejam realizados exercicios periodicos de resposta a emergencias aeronauticas, estabelecendo acoes e os respectivos responsaveis, de forma a eliminar problemas como os expostos neste Relatorio Final."
A-002/CENIPA/2014-RSV_001,"Divulgar os ensinamentos colhidos na presente investigacao aos operadores de helicoptero, alertando quanto aos riscos decorrentes da nao observacao dos limites operacionais e desempenho das aeronaves e sobre a importancia da manutencao das habilitacoes dos tripulantes."
A-002/CENIPA/2022-01,"Atuar junto a Organizacao de Manutencao (OM) Balsas Manutencao de Aeronaves Ltda.,a fim de que ela efetue adequadamente as acoes de manutencao, especificamente no quese refere aos magnetos Teledyne Continental Motors, modelos S6LN-1208, Part Number10-349290-1 e S6LN-1209, Part Number 10-349310-1, executando todos os procedimentosem conformidade com as documentacoes de manutencao dos fabricantes da aeronaveEMB-203 e dos magnetos."
A-002/CENIPA/2022-02,"Atuar junto a Organizacao de Manutencao (OM) Balsas Manutencao de Aeronaves Ltda., para que a OM execute corretamente os processos de registros de manutencao, observando fielmente a legislacao da ANAC afeta ao cumprimento de DA, atualizandocorretamente o Mapa Informativo de Controle de Diretrizes de Aeronavegabilidade de Celula das aeronaves para as quais esteja certificada."
A-002/CENIPA/2022-03,"Divulgar os ensinamentos colhidos na presente investigacao as Organizacoes de Manutencao certificadas para realizar servicos nos motores modelo Textron Lycoming IO- 540-K1J5, com a finalidade de alerta-las quanto aos riscos associados a execucao de servicos de manutencao sem a fiel observancia das publicacoes dos fabricantes das aeronaves, normas e regulamentos, bem como as suas atualizacoes."
A-003/CENIPA/2013-RS_001,"Divulgar o conteudo deste relatorio em seminarios, simposios, palestras e atividades afins voltadas a Aviacao Agricola."
A-003/CENIPA/2013-RSV001,"Realizar auditoria na Empresa Norte Jet, a fim de verificar adequabilidade dos registros de manutencao praticados pela Empresa, bem como aspectos gerenciais e de supervisao."
A-003/CENIPA/2013-RSV002,"Realizar auditoria no Programa de Treinamento de Operacoes dos tripulantes da Empresa Norte Jet, a fim de verificar adequabilidade ao disposto na IAC 135-1002, Normas para Elaboracao e Analise do Programa de Treinamento de Operacoes para Operadores de Transporte Aereo, regidos pelo RBAC 135, enfatizando, no curriculo de solo, o treinamento das diferencas entre as aeronaves previstas na Especificacao Operativa da Empresa."
A-003/CENIPA/2013-RSV003,Divulgar aos operadores regulados pelo RBAC 135 os ensinamentos colhidos nesta investigacao.
A-003/CENIPA/2014-RSV_001,"Reavaliar a fiscalizacao da atividade profissional do paraquedismo em campeonatos e eventos, bem como o acompanhamento diario da atividade amadora do esporte no Brasil."
A-003/CENIPA/2014-RSV_002,"Reavaliar o RBAC 105 descrevendo a necessidade de briefing detalhado entre tripulantes e paraquedistas, onde sejam esclarecidos aspectos relevantes de seguranca, como os tipos de salto a serem realizados, normas de separacao entre aeronave e paraquedista, e outros julgados oportunos."
A-003/CENIPA/2014-RSV_003,Reavaliar o RBAC 105 definindo e descrevendo as atribuicoes do responsavel tecnico previsto no RBAC 105.3.
A-003/CENIPA/2014-RSV_004,"Reavaliar imediatamente o modo de operacao do Centro, estabelecendo padroes de seguranca rigorosos e observando a legislacao internacional ja consagrada para a atividade esportiva."
A-003/CENIPA/2014-RSV_005,"Promover o registro do Termo de Ajustamento de Conduta e o estrito cumprimento de um sistema de gestao do risco, visando a analise, sistematica e constante, do potencial de perigo inerente a atividade de paraquedismo amador e profissional."
A-003/CENIPA/2017-01,Realizar gestoes junto a AEROIMPAR AVIACAO AGRICOLA LTDA. com o intuito de que a organizacao passe a exercer uma supervisao gerencial efetiva na padronizacao dos procedimentos operacionais utilizados no planejamento e preparacao dos voos.
A-004/CENIPA/2014-001,"Divulgar o conteudo do presente relatorio durante a realizacao de seminarios, palestras e atividades afins voltadas aos proprietarios, operadores e exploradores de aeronaves que operam segundo o RBAC 135 e 91."
A-004/CENIPA/2021-01,"Atuar junto ao CIAC Escola de Aviacao Civil EMFA Ltda., a fim de que sejam revisados os procedimentos estabelecidos para o treinamento de “pane apos a decolagem”, especialmente relacionados a altitude minima e ao gerenciamento de risco, objetivando elevar a seguranca operacional das suas operacoes aereas."
A-004/CENIPA/2022-01,"Divulgar o conteudo deste Relatorio as Organizacoes de Manutencao habilitadas nos modelos de aeronaves da familia Ipanema, de modo a alertar para a necessidade de que as Diretrizes de Aeronavegabilidade e Boletins de Servico afetos a inspecao das asas sejam cumpridos com plena adesao ao preconizado nas publicacoes tecnicas, utilizando- se dos equipamentos adequados, do padrao de calibracao previsto e pessoal capacitado, com vistas as boas praticas de manutencao."
A-004/CENIPA/2022-02,"Atuar junto a Organizacao de Manutencao Joao Martins Manutencao de Aeronaves Ltda.,no sentido de garantir a adequacao e a qualidade dos servicos de manutencao realizados, em especial no que se refere ao cumprimento de Boletins de Servico aplicaveis aos modelos de aeronave que e autorizada a inspecionar."
A-004/CENIPA/2022-03,"Realizar acoes de promocao da seguranca operacional para Mecanicos de Manutencao Aeronautica e Organizacoes de Manutencao do segmento aeroagricola, objetivando divulgar e fomentar a cultura de preenchimento dos Reportes de Dificuldades em Servicos."
A-005/CENIPA/2015-01,"Revisar a Diretriz de Aeronavegabilidade nº 2010-08-04 de 04OUT2010, de maneira a esclarecer com mais detalhes as acoes requeridas para restaurar as condicoes seguras de aeronavegabilidade."
A-005/CENIPA/2015-02,"Verificar a pertinencia de emitir Diretriz de Aeronavegabilidade referente ao ServiceBulletin SB-4 Rev B, 02SET2009, Subject: Bowl Clearence MA - Series Carburetors, a fim de tornar requisito de cumprimento obrigatorio as acoes nele contidas."
A-005/CENIPA/2015-03,"Verificar a possibilidade de tornar claro, na Instrucao Suplementar N° 39-001, qual deve ser o tratamento dado aos boletins que o fabricante classifica como mandatorios e que nao sejam convertidos ou incorporados por referencia em uma Diretriz de Aeronavegabilidade."
A-005/CENIPA/2016-01,"Atuar, junto ao operador, a fim de que ele aprimore o gerenciamento da escala dos pilotos destinados a operarem em aerodromos com restricoes/recomendacoes operacionais e que exijam operacao exclusiva do comandante no pouso, no intuito de que eles possuam experiencia recente e estejam familiarizados com a localidade, mormente quando as recomendacoes operacionais incluirem a possibilidade de ilusoes visuais, em especial do tipo efeito Black Hole."
A-005/CENIPA/2016-02,"Atuar, junto ao operador, no sentido de que os manuais, documentacoes internas e Airport Briefings contemplem os possiveis riscos associados a operacao visual noturna e ilusoes visuais, descrevendo os fenomenos e detalhando tecnicas de pilotagem associadas a prevencao dos riscos que essas ilusoes podem representar ao voo, mormente em aerodromos desprovidos de auxilios visuais luminosos para aproximacoes (ALS, VASIS, PAPI, etc.)."
A-005/CENIPA/2016-03,"Atuar, junto ao operador, no sentido de que, nos treinamentos inicial e recorrente de seus pilotos, seja enfatizada a divisao de tarefas durante aproximacoes visuais noturnas, mormente no que tange ao monitoramento dos parametros de altitude e distancia da pista em funcao da velocidade indicada, com intuito de que seja possivel a manutencao de uma rampa de aproximacao adequada."
A-005/CENIPA/2016-04,"Atuar, junto ao operador, no sentido de que, nos treinamentos inicial e recorrente de seus pilotos, seja enfatizada a identificacao das condicoes que sao favoraveis ao surgimento de ilusoes visuais, bem como, nas respectivas tecnicas de pilotagem a serem adotadas, visando mitigar os riscos que essas ilusoes representam ao voo."
A-005/CENIPA/2016-05,"Avaliar a possibilidade de reforcar a obrigatoriedade no repasse das informacoes meteorologicas atualizadas pelo OEA, conforme previsto nas publicacoes normativas desse orgao (MCA 100-16), as aeronaves em voo que estejam decolando ou pousando em localidades desprovidas de orgaos de controle ATS."
A-005/CENIPA/2020-01,"Atuar junto a Avante Aviacao Agricola Ltda., no sentido de que este operador demonstre que os processos destinados a garantir a efetividade do seu SGSO estao adequadamente implantados."
A-005/CENIPA/202-01,"Divulgar os ensinamentos colhidos nesta investigacao a Fundacao Nacional do Indio(FUNAI), a fim de que aquela organizacao observe o cumprimento dos requisitos estabelecidos no RBAC 153, visando incrementar o nivel de seguranca operacional nos aerodromos sob sua responsabilidade."
A-005/CENIPA/2021-01,"Atuar junto a Organizacao de Manutencao (OM) do Aeroclube do Espirito Santo, a fim de assegurar que a execucao e a supervisao dos trabalhos de manutencao por ela realizados sejam adequadas e suficientes para o atendimento dos requisitos de aeronavegabilidadedas aeronaves sob sua responsabilidade."
A-005/CENIPA/2021-02,"Divulgar os ensinamentos colhidos na presente investigacao, com a finalidade de alertar os operadores de aeronaves modelo R44 quanto aos riscos associados a correta aplicacao tecnica da manobra de autorrotacao, em especial, no que diz respeito ao conteudo do Service Alert SN-24."
A-006/CENIPA/2019-01,"Atuar junto a Aeroagricola Surena Ltda., a fim de que aquele operador aprimore os mecanismos administrativos de escrituracao dos servicos de manutencao executados em suas aeronaves, sobretudo no que diz respeito ao preenchimento das cadernetas de celula, motor e helice, como forma de prevenir ocorrencias aeronauticas."
A-006/CENIPA/2019-02,"Atuar junto a Aeroagricola Surena Ltda., a fim de que aquele operador aprimore seus mecanismos de planejamento de voo, gerenciamento de risco e supervisao gerencial, visando incrementar os niveis de competencia e seguranca operacional requeridos para o desempenho das atividades para as quais tal empresa e certificada."
A-006/CENIPA/2019-03,"Atuar junto a Aeroagricola Surena Ltda., a fim de que aquele operador ofereca a seus pilotos um adequado treinamento de operacoes aeroagricolas, sobretudo no que diz respeito ao correto planejamento de voo e as tecnicas de pilotagem necessarias ao desempenho seguro das atividades propostas."
A-006/CENIPA/2022-01,"Atuar junto a Soldeira Aviacao Agricola, no sentido de garantir a adequabilidade de suas operacoes aos requisitos estabelecidos no RBAC 137, notadamente no que se refere a utilizacao de areas de pouso para o uso aeroagricola, as condicoes tecnicas de suas aeronaves e ao gerenciamento do risco das operacoes."
A-006/CENIPA/2023-01,"Divulgar os ensinamentos colhidos nesta investigacao a Aplimax Aeroagricola, a fim de alertar aquela empresa quanto aos perigos do posicionamento do abastecimento das aeronaves em area de pouso para uso aeroagricola, com vistas a evitar a utilizacao de carretas estaqueadas ao solo proximo a pista."
A-007/CENIPA/2015-01,"Realizar gestoes junto ao Operador com o intuito de verificar a efetividade dos mecanismos de Supervisao Gerencial das atividades aeroagricolas, particularmente no que diz respeito aos processos de identificacao de perigos e gerenciamento dos riscos das operacoes."
A-008/CENIPA/2013-RSV001,"Realizar Vistoria Tecnica na Oficina Vava Manutencao Aeronautica Ltda., a fim de avaliar a qualidade de treinamento do seu pessoal e o cumprimento da IS 145.109-001 revisao A."
A-008/CENIPA/2013-RSV002,"Divulgar o presente relatorio as Oficinas de Manutencao homologadas no modelo EMB-820 C, destacando a importancia do cumprimento dos itens previstos nos Manuais de Manutencao."
A-008/CENIPA/2018-01,"Divulgar os ensinamentos colhidos na presente investigacao, no intuito de alertar pilotos e operadores da aviacao civil brasileira quanto a observancia dos parametros minimos para a realizacao de uma decolagem segura."
A-008/CENIPA/2019-01,"Reforcar a atuacao junto a Aerodinamica Aviacao Agricola Ltda., a fim de reavaliar a adequabilidade do Manual de Gerenciamento da Seguranca Operacional (MGSO) adotado por aquele operador, verificando se as instrucoes contidas no referido documento estao sendo cumpridas pelos tripulantes da empresa."
A-008/CENIPA/2019-02,"Atuar junto a Aerodinamica Aviacao Agricola Ltda., no sentido de que esse operador demonstre que seus mecanismos de supervisao gerencial estao adequadamente implantados e funcionando, particularmente no que se refere as atividades relacionadas ao controle tecnico da manutencao das aeronaves por ele operadas."
A-008/CENIPA/2019-03,"Atuar junto a REMASUL Aviacao e Manutencao de Aeronaves, com o objetivo de que essa organizacao de manutencao demonstre que seus mecanismos de supervisao gerencial estao adequadamente implantados e funcionando, particularmente no que se refere as atividades relacionadas ao controle tecnico da manutencao das aeronaves por ela inspecionadas."
A-008/CENIPA/2022-01,"Avaliar junto ao detentor do certificado de tipo da aeronave modelo Beechcraft 58 se os requisitos de manutencao em vigor sao suficientes para assegurar que os cabos dos manetes de comando, PN - 102-389010-47, nao venham a falhar em condicoes diferentes daquelas constantes nas suas especificacoes de projeto."
A-009/CENIPA/2019-01,"Divulgar os ensinamentos colhidos com a presente investigacao, a fim de alertar pilotos e operadores da aviacao civil brasileira sobre aos riscos decorrentes da operacao IMC por pessoal nao habilitado e/ou utilizando aeronave nao certificada para voo IFR."
A-009/CENIPA/2020-01,"Atuar junto ao CIOPAER, a fim de que aquele Centro demonstre que aprovou, implementou e mantem continuamente adequados a sua realidade operacional um Sistema de Gerenciamento da Seguranca Operacional (SGSO), um Manual de Gerenciamento da Seguranca Operacional (MGSO), um Manual de Operacoes (MOP), um Programa de Treinamento (PTO) e Standart Operational Procedures (SOP - Procedimentos Operacionais Padrao), de acordo com o que preve o Apendice A do RBAC nº 90."
A-009/CENIPA/2020-02,"Atuar junto ao CIOPAER, no intuito de que aquele Centro demonstre que os procedimentos, os requisitos estabelecidos e as responsabilidades relacionadas a supervisao gerencial das atividades estao implantados, adequadamente definidos e sendo cumpridos, notadamente no que diz respeito ao controle da documentacao da organizacao, a execucao e controle da manutencao das aeronaves e as atividades de planejamento, execucao e acompanhamento de desempenho nos ambitos, administrativo, tecnico e operacional."
A-009/CENIPA/2020-03,"Atuar junto ao CIOPAER, a fim de que aquele Centro estruture um Programa de Treinamento em CRM para a organizacao, de acordo com o que preve a Subparte M do RBAC nº 90 e a IS 00-010A."
A-009/CENIPA/2020-04,"Divulgar os ensinamentos colhidos na presente investigacao, junto aos operadores regidos pelo RBAC nº 90, a fim de salientar a necessidade do fiel cumprimento dos requisitos estabelecidos, assim como a importancia de implementar e manter funcionando adequadamente os dispositivos estabelecidos por este regulamento como ferramenta de prevencao de ocorrencias aeronauticas."
A-010/CENIPA/2013-RS_001,"Divulgar o conteudo do presente relatorio durante a realizacao de seminarios, palestras e atividades afins voltadas aos proprietarios, operadores e exploradores de aeronaves de asas rotativas."
A-010/CENIPA/2014-01,"Tendo em vista os fatos observados e relatados neste relatorio, a repeticao excessiva no  Brasil de ocorrencias aeronauticas envolvendo aeronaves de instrucao pela nao observacao dos pilotos, no que diz respeito aos limites operacionais determinados pelo fabricante da aeronave, e claramente expressos nos manuais, recomenda-se intensificar o grau e o nivel de fiscalizacao"
A-010/CENIPA/2014-RSV_001,"Divulgar o conteudo do presente relatorio durante a realizacao de seminarios, palestras e atividades afins voltadas aos proprietarios, operadores e exploradores de aeronaves que operam reguladas pelo RBAC 135."
A-010/CENIPA/2014-RSV_002,"Realizar uma avaliacao nas operacoes da Empresa TASUL - Taxi-Aereo Ltda., com objetivo de garantir os niveis de seguranca de operacao da empresa em completo acordo com a legislacao aeronautica vigente e o MGO adotado pela empresa."
A-011/CENIPA/2014-002,"Mesmo nao tendo contribuido para o acidente recomenda-se reavaliar os fatores internos que sucederam o acidente, referentes aos mecanismos de Controle de Trafego Aereo e de Busca e Salvamento em vigor."
A-011/CENIPA/2014-RSV_001,"Divulgar o conteudo do presente relatorio durante a realizacao de seminarios, palestras e atividades afins voltadas aos operadores de aeronaves da aviacao geral (RBAC 91), enfatizando os cuidados no planejamento dos voos e a obediencia as regras de Trafego Aereo, no que diz respeito as condicoes minimas para a operacao IFR."
A-011/CENIPA/2019-01,"Atuar junto ao Grupo Aeromovel da Policia Militar do Estado do Rio de Janeiro (GAM), a fim de garantir que aquele operador adote medidas no sentido de incluir, no seu Programa de Treinamento, aulas, estudos de caso e palestras acerca dos fatores de risco envolvidos nas operacoes de sobrevoo de superficies aquaticas a baixa altura, sobretudo em relacao as superficies espelhadas, abordando as principais condicoes potenciais de perigo nesse tipo de operacao, tais como: diminuicao da percepcao visual de profundidade, desorientacao espacial, gerenciamento do risco, etc."
A-011/CENIPA/2019-02,"Atuar junto ao Grupo Aeromovel da Policia Militar do Estado do Rio de Janeiro (GAM), no o intuito de garantir que aquele operador adote acoes no sentido de revisar, aprimorar, aplicar e reciclar continuamente o Treinamento de Gerenciamento de Recursos de Equipes, Corporate Resource Managment (CRM), a todos os integrantes do efetivo, com especial abordagem acerca de consciencia situacional, dos efeitos da fadiga e do estresse no desempenho humano e do gerenciamento da carga de trabalho, conforme previsto na IS Nº 00-010, de 05JUN2020."
A-011/CENIPA/2021-02,"Atuar junto ao operador aeroportuario do Aerodromo Estancia Hercules (SSFE), em Foz do Iguacu, PR, a fim de que as informacoes do Plano Basico de Zona de Protecao de Aerodromo (PBZPA) sejam atualizadas."
A-012/CENIPA/2013-RSV001,"Aprimorar os processos de auditorias nas empresas reguladas pelo RBHA 145, que prestam servicos de manutencao terceirizados, com a finalidade de elevar e garantir o nivel minimo adequado de manutencao de produtos aeronauticos aceitos pela Autoridade de Aviacao Civil."
A-012/CENIPA/2013-RSV002,"Aprimorar os processos de auditorias nas empresas reguladas pelo RBAC 121 e 135, que terceirizam servicos de manutencao para outras empresas, com a finalidade de elevar e garantir o nivel minimo adequado de manutencao de produtos aeronauticos aceitos pela Autoridade de Aviacao Civil."
A-012/CENIPA/2013-RSV003,"Aprimorar os procedimentos, as normas e as obrigacoes que assegurem a qualidade dos servicos de manutencao realizados em componentes aeronauticos por empresas que nao sao detentoras de CHE emitidos pela Autoridade de Aviacao Civil."
A-012/CENIPA/2013-RSV004,"Tendo em vista que as empresas envolvidas no acidente em tela (TRIP Linhas Aereas e AV Industria Aeronautica Ltda.) tinham procedimentos e processos definidos nos seus Programas de Manutencao e MPI, aprovados e aceitos, respectivamente, pela Autoridade da Aviacao Civil e que cumpriram o que estava previsto neles e tambem nos Regulamentos Brasileiros de Aviacao Civil, relacionados a esta atividade, e mesmo assim as falhas latentes se transformaram em falhas ativas, recomenda-se reavaliar a periodicidade e a qualidade dos processos de fiscalizacao com a finalidade de evitar acidentes aeronauticos conforme previsto em legislacao pertinente e vigente."
A-012/CENIPA/2023-01,"Divulgar os ensinamentos da presente investigacao com o proposito de alertar os operadores das aeronaves que operam sob as regras do RBAC 91, acerca da necessidade da fiel observancia do preconizado na Advisory Circular 20-105B, emitida pela Federal Aviation Administration (FAA), referenciada pela Instrucao Suplementar (IS) 91.409-001, Revisao B, da Agencia Nacional de Aviacao Civil (ANAC), mormente ao que tange a adocao de um programa de monitoramento de tendencias que promova a adequada avaliacao dascondicoes gerais do motor e de seus acessorios, para efeito da extensao dos respectivosintervalos entre revisoes gerais (overhaul) e que garanta condicoes minimas de segurancada aeronave."
A-013/CENIPA/2017-01,"Divulgar os ensinamentos advindos da investigacao do acidente aeronautico com a aeronave PR-SOM, no que diz respeito a necessidade do fomento a uma cultura da aviacao executiva, em que a observancia dos requisitos minimos de operacao sejam valorizados."
A-013/CENIPA/2017-02,"Revisar os requisitos existentes a fim de enfatizar, durante a formacao do piloto civil, as caracteristicas e os riscos decorrentes das ilusoes e da desorientacao espacial para a atividade aerea."
A-013/CENIPA/2019-01,"Avaliar a pertinencia de revisar a IS 137.201-001, em especial os itens 5.7.7 e 5.7.9, a fim de esclarecer ou especificar quais seriam as publicacoes tecnicas que devem ser usadas como referencia nas modificacoes realizadas nas aeronaves e nos motores para a utilizacao de alcool etilico hidratado como combustivel, assim como quem seriam os responsaveis pela elaboracao e aprovacao de procedimentos de manutencao especificos para operacao de aeronaves com motor convertido para operar com alcool etilico hidratado como combustivel."
A-014/CENIPA/2014-RSV_001,"Tendo em vista a performance das aeronaves que operam hoje segundo o RBAC 135, reavaliar a IAC 3535-135 0302 - Normas para a Elaboracao do Manual Geral de Operacoes (MGO) de Empresas de Transporte Aereo Regidas pelo RBAC 135, valida a epoca da ocorrencia, que nao requeria, especificamente, a descricao de tipos de aproximacao em high speed."
A-014/CENIPA/2014-RSV_002,"Divulgar o conteudo do presente relatorio durante a realizacao de seminarios, palestras e atividades afins voltadas aos proprietarios, operadores e exploradores de empresa de Taxi-Aereo."
A-014/CENIPA/2024-01,"Divulgar os ensinamentos colhidos na presente investigacao ao administrador do Aerodromo Severino Farias (SJH2), a fim de assegurar a adequacao das suas condicoes de seguranca operacional, notadamente em relacao a pista de pouso."
A-014/CENIPA/2024-02,"Divulgar os ensinamentos colhidos na presente investigacao, com o proposito de alertar osGestores Responsaveis pelos Centros de Instrucao de Aviacao Civil (CIAC), envolvidos com cursos praticos de pilotagem e que operam sob as regras do RBAC 141, sobre a importancia do Gerenciamento de Risco associado a operacao rotineira de suas aeronaves, com o foco nas avaliacoes das condicoes meteorologicas presentes nos voos de instrucao, bem como nos aerodromos com potencial de uso para a realizacao de pousos de precaucao ou de emergencia."
A-015/CENIPA/2020-01,"Divulgar os ensinamentos colhidos nesta investigacao aos Centros de Instrucao de Aviacao Civil (CIAC) que ministram cursos teoricos e/ou praticos para aeronaves de asas fixas, afim de que seja disseminado entre os pilotos o estudo relativo a acidentes de perda de controle envolvendo avioes monomotores turboelice de alta performance, elaborado pelo Bureau d'Enquetes et d'Analyses pour la Securite de l'Aviation Civile (BEA) e os ensinamentos contidos no Pilot’s Handbook of Aeronautical Knowledge (Guia de Conhecimento Aeronautico para Pilotos) da Federal Aviation Administration (FAA-H-8083-25C."
A-016/CENIPA/2013-RSV_001,"Na revisao do RBHA 91, SUBPARTE K - OPERACOES AEREAS DE SEGURANCA PUBLICA E/OU DE DEFESA CIVIL, acrescentar requisitos minimos operacionais semelhantes aos exigidos para as empresas de Taxi-Aereo, principalmente aqueles relativos a implementacao do SGSO, obrigatoriedade de MGO e outros, a fim de tornar esse tipo de operacao mais segura."
A-016/CENIPA/2013-RSV_002,"Divulgar o conteudo do presente relatorio durante a realizacao de seminarios, palestras e atividades afins voltadas aos operadores regidos de acordo com o RBHA 91, SUBPARTE K."
A-016/CENIPA/2016-01,"Atuar junto a VIAGRO Vidotti Agro Aerea Ltda., visando garantir a conformidade em relacao ao cumprimento das intervencoes de manutencao nas aeronaves de sua frota, bem como seus respectivos registros em consonancia com a legislacao em vigor."
A-016/CENIPA/2016-02,Analisar a pertinencia da inclusao do uso de luvas de voo e macacao antichamas como Equipamentos de Protecao Individual no item 209 do RBAC 137.
A-016/CENIPA/2019-01,"Atuar junto a Inovar Aviacao Agricola Ltda., a fim de que aquele operador incremente a preparacao dos pilotos para os voos agricolas, em especial no tocante a escolha de trajetoria a ser utilizada em funcao dos obstaculos existentes."
A-017/CENIPA/2013-RSV001,"Incrementar a atividade de fiscalizacao do cumprimento dos requisitos constantes no RBAC 61, item 61.21 (experiencia recente), por parte dos pilotos que operam segundo o RBHA 91. Considerar, para este fim, o Sistema eletronico de Registro de Voo e CIV, alem das atividades rotineiras dos Inspetores de Aviacao Civil."
A-017/CENIPA/2013-RSV002,"Divulgar o conteudo do presente relatorio durante a realizacao de seminarios, palestras e atividades afins voltadas aos proprietarios, operadores, exploradores de aeronaves e aeroclubes."
A-017/CENIPA/2014-RSV_001,"Divulgar o conteudo do presente relatorio durante a realizacao de seminarios, palestras e atividades afins voltadas aos proprietarios e operadores regulados pelo RBHA 91."
A-017/CENIPA/2017-01,"Atuar junto a NITZ AVIACAO AGRICOLA LTDA, a fim de verificar o planejamento, a supervisao e o cumprimento dos procedimentos de planejamento e supervisao das operacoes aeroagricolas, bem como verificar a efetiva atuacao do GSO da empresa."
A-017/CENIPA/2017-02,"Atuar junto a NITZ AVIACAO AGRICOLA LTDA, a fim de realizar nova pesagem na aeronave."
A-018/CENIPA/2013-01,"Realizar procedimentos de fiscalizacao junto ao Centro Nacional de Paraquedismo, em Boituva - SP, a fim de verificar a conformidade das aeronaves que la operam."
A-018/CENIPA/2014-RSV_001,"Divulgar o conteudo do presente relatorio durante a realizacao de seminarios, palestras e atividades afins voltadas aos proprietarios, operadores e exploradores de helicopteros e operadores de aerodromos."
A-018/CENIPA/2016-01,"Atuar junto a OM Cruzeiro do Sul Aviacao Ltda., no intuito de verificar a adequacao dos processos de manutencao realizados pela empresa, bem como o eficiente funcionamento de sistemas que visem ao gerenciamento da seguranca operacional e a gestao da qualidade."
A-018/CENIPA/2019-01,"Realizar uma auditoria na Pulveriza Aviacao Agricola, a fim de verificar se suas operacoes aereas atendem os requisitos previstos na regulamentacao, em especial no tocante ao controle do peso maximo de decolagem e analise de risco."
A-018/CENIPA/2020-02,"Atuar junto a OM Tangara Aerocenter, com o proposito de verificar a adequacao dos processos de manutencao realizados pela empresa, assim como o eficiente funcionamento de sistemas que visem ao gerenciamento da seguranca operacional e a gestao da qualidade."
A-018/CENIPA/2020-03,"Divulgar os ensinamentos colhidos na presente investigacao, a fim de alertar os mantenedores acerca dos riscos relacionados aos procedimentos de retifica de motores e na conducao inadequada dos servicos de manutencao."
A-019/CENIPA/2013-RSV_001,"Estudar a viabilidade de estabelecer um treinamento em voo monomotor com a superficie do Auto Bank Control defletida, de modo a permitir ao piloto conhecer a reacao da aeronave diante do funcionamento deste dispositivo."
A-019/CENIPA/2013-RSV_002,"Estudar a viabilidade de fornecer aos operadores o ajuste de potencia que corresponde ao arrasto equivalente ao encontrado na condicao de helices embandeiradas, para que seja empregado no treinamento de voo monomotor. Enfatizar que o recuo do manete de potencia para a posicao idle resultara em significativo aumento do arrasto gerado pela helice."
A-019/CENIPA/2013-RSV_003,"Reavaliar o metodo de exame de palhetas com vistas ao seu reaproveitamento, de maneira a assegurar, integralmente, a ausencia de processos de fadiga em todas as palhetas selecionadas para reaproveitamento."
A-019/CENIPA/2013-RSV_004,"Estabelecer mecanismos que assegurem que o registro de servicos de manutencao realizados em sitio tragam a completa identificacao das pecas e componentes empregados, de modo a facilitar a sua rastreabilidade."
A-019/CENIPA/2013-RSV005,"Estudar a viabilidade de alterar os formularios das Fichas de Avaliacao de Piloto (FAP), inserindo campos especificos para o registro das manobras e procedimentos de emergencia, de modo a permitir um maior detalhamento de tais registros e um melhor acompanhamento e supervisao das manobras treinadas."
A-019/CENIPA/2013-RSV006,"Estabelecer mecanismos de vigilancia, por parte da Agencia, que assegurem a aderencia dos operadores aos programas de treinamento aprovados."
A-019/CENIPA/2013-RSV007,"Estabelecer mecanismos que assegurem que qualquer software adotado por operador aereo que atue segundo o RBAC 135 ou o RBAC 121 para o despacho da aeronave, realize os calculos de performance, inclusive os de peso maximo de decolagem, em conformidade com os parametros estabelecidos pelo fabricante da aeronave."
A-019/CENIPA/2013-RSV008,"Aperfeicoar os mecanismos de verificacao de conformidades aplicados durante o processo de certificacao de empresa aerea, bem como os de vigilancia apos a certificacao, de modo a identificar falhas conceituais como a previsao de regressar para a pista na falha do motor na decolagem, apos a V1, encontrada no SOP da NOAR."
A-019/CENIPA/2014-001,"""Atuar junto ao Aeroclube de Rondonia, a fim de que seja observado o cumprimento do disposto no item 3.2 do MCA 58-3 - Manual do Curso de Piloto Privado - Aviao: """"alertar os alunos para a necessidade de ser estabelecida uma programacao continua de voo, na qual os intervalos entre as missoes da pratica de voo nao sejam superiores a oito dias consecutivos, a fim de se garantir a eficacia da instrucao pratica""""."""
A-019/CENIPA/2014-002,"Estabelecer procedimentos que assegurem que o INSPAC a ser escalado como checador, esteja plenamente qualificado para o voo de avaliacao, no que se refere aos requisitos de habilitacao e treinamento recente."
A-020/CENIPA/2013-RSV_001,"Assegurar-se dos adequados metodos de Supervisao e Planejamento Gerencial adotados pelo Aeroclube de Pernambuco, no ambito tecnico e operacional, no que se refere ao controle efetivo da disponibilidade de suas aeronaves para o voo, em face dos problemas de manutencao."
A-020/CENIPA/2013-RSV_002,"Adequar a legislacao aeronautica no sentido de impedir a comercializacao de pecas e componentes entre pessoas ou empresas nao homologadas para realizar os servicos de manutencao necessarios para a sua instalacao. Esta recomendacao se baseia no fato de que qualquer pessoa tem acesso a itens e pecas que, necessariamente, devem ser manuseados por empresas homologadas segundo o RBHA 145."
A-020/CENIPA/2013-RSV_003,"Divulgar o conteudo do presente relatorio durante a realizacao de seminarios, palestras e atividades afins voltadas aos proprietarios, operadores e exploradores de helicopteros, com enfase para os aspectos de operacao, manutencao, supervisao e cultura organizacional levantados na investigacao dessa ocorrencia."
A-020/CENIPA/2014-001,"Divulgar o conteudo do presente relatorio durante a realizacao de seminarios, palestras e atividades afins, voltadas aos proprietarios, operadores e exploradores de aeronaves, alertando-os para os riscos decorrentes de modificacoes realizadas nas aeronaves que nao sejam submetidas aos adequados processos de certificacao."
A-020/CENIPA/2017-01,"Atuar junto a SEPAL SERV. ESP. DE PULVER. AEREAS LTDA, a fim de reavaliar a adequabilidade e checar o cumprimento do Manual de Gerenciamento da Seguranca Operacional (MGSO) daquele operador, sobretudo no que diz respeito aos mecanismos de gerenciamento do risco adotados pela organizacao e por seus pilotos."
A-021/CENIPA/2015-01,"Atuar junto a Associacao Brasileira de Normas Tecnicas (ABNT), a fim de que a NBR 7276:2005 seja atualizada, visando tornar claro o processo pelo qual as partes interessadas deverao demonstrar a existencia de risco para a seguranca de terceiros ou da propria linha de transmissao e a qual entidade essa demonstracao devera ser apresentada."
A-021/CENIPA/2015-02,"Divulgar os ensinamentos colhidos na presente investigacao, a fim de alertar pilotos e operadores da aviacao agricola brasileira sobre os riscos de colisao com linhas de transmissao."
A-021/CENIPA/2022-01,"Revisitar seus processos internos, a fim de evitar que seus regulados deixem de cumprir os prazos estabelecidos nas Resolucoes publicadas, em especial, as Unidades Aereas Publicas que operam segundo os requisitos estabelecidos pelo RBAC 90."
A-021/CENIPA/2022-02,"Divulgar os ensinamentos colhidos nesta investigacao a UAP da Brigada Militar do Estado do Rio Grande do Sul, para que eles sejam utilizados por aquele operador em eventos internos de promocao da seguranca operacional."
A-022/CENIPA/2013-RSV001,"Atuar junto aos operadores privados, a fim de orienta-los quanto a adocao de mecanismos de Supervisao Gerencial, nos ambitos administrativo e operacional, visando assegurar que as operacoes aereas somente ocorram com pilotos efetivamente atualizados sobre os conhecimentos tecnicos das aeronaves."
A-022/CENIPA/2013-RSV002,"Divulgar o conteudo do presente relatorio durante a realizacao de seminarios, palestras e atividades afins voltadas aos proprietarios, operadores e exploradores de aeronaves."
A-023/CENIPA/2013-RSV001,"Divulgar o conteudo do presente relatorio durante a realizacao de seminarios, palestras e atividades afins voltadas aos proprietarios, operadores e exploradores de aeronaves de asas rotativas."
A-023/CENIPA/2013-RSV002,"Interceder junto ao operador, de modo a orientar a implantacao de processos e mecanismos formais e rigidos de gerenciamento dos voos que garantam uma antecipacao de planejamento suficiente para os tripulantes, conforme preve os regulamentos em vigor."
A-023/CENIPA/2013-RSV003,"Interceder junto ao operador, a fim de que seja alocado um profissional, no setor de operacoes, com conhecimento tecnico de cada tipo de aeronave operada, estabelecendo assim, mais um elo no gerenciamento de risco na operacao das aeronaves."
A-023/CENIPA/2015-001,"Incrementar a fiscalizacao nos Aeroclubes e Escolas de Aviacao, a fim de detectar e corrigir fragilidades no processo de instrucao aerea antes que estes venham a contribuir para a ocorrencia de acidentes aeronauticos."
A-023/CENIPA/2015-002,"Intensificar o acompanhamento das atividades aereas nos Aeroclubes e Escolas de Aviacao, no que se refere aos aspectos ligados a supervisao da instrucao ministrada, bem como, cobrar o cumprimento dos procedimentos constantes do MCA 58-3/2004 MANUAL DO CURSO DE PILOTO PRIVADO, principalmente no tocante a realizacao de briefing e debriefing."
A-023/CENIPA/2015-003,"Assegurar-se de que os instrutores de voo em Aeroclubes e Escolas de Aviacao sigam uma padronizacao, estabelecida por esta Agencia, no que diz respeito a aplicacao da correta didatica de instrucao e da avaliacao do desempenho dos alunos."
A-023/CENIPA/2015-004,"Certificar-se da correta aplicacao dos criterios para aprovacao de Pilotos em avaliacoes teoricas e praticas contidas na IS nº 00-002 revisao B ""Fichas de Avaliacao de Piloto - FAP"", pelos Inspetores e/ou Examinadores da Aviacao Civil."
A-023/CENIPA/2015-01,"Assegurar-se de que os conhecimentos referentes ao reconhecimento das condicoes meteorologicas e as condicoes favoraveis para o voo de navegacao em condicoes VMC, bem como, aos riscos decorrentes de entradas inadvertidas em condicoes de voo por instrumentos sem a devida habilitacao sejam transmitidos aos alunos das escolas de formacao de pilotos da aviacao civil e dos aeroclubes."
A-023/CENIPA/2015-02,"Atuar junto as escolas de formacao de pilotos da aviacao civil e aos aeroclubes, no sentido de incluirem no seu conteudo programatico instrucao relativa aos limites estruturais das aeronaves, enfatizando acerca dos riscos de extrapolacao dos limites dos fatores de carga em voo, cujas consequencias podem culminar com a separacaoestrutural, nos casos de perda de controle em voo."
A-024/CENIPA/2013-RSV_001,"""Na Subunidade """"Fatores humanos"""", da Unidade Didatica """"Acidentes/Incidentes"""", constante dos manuais do Curso de Piloto Privado - Helicoptero e do Curso de Piloto Comercial - Helicoptero, inserir comentarios acerca de acidentes deste tipo, onde devem ser destacada a tomada de decisao de nao se enfrentar condicoes IMC sem tripulacao habilitada e equipamento homologado, notadamente sobre regioes montanhosas, sob pena de perda de vidas e equipamentos."""
A-024/CENIPA/2013-RSV_002,"""Nas Unidades Didaticas """"Nevoeiro, nevoa umida e nevoa seca"""", """"Visibilidade"""" e """"Massas de Ar"""", constantes dos manuais do Curso de Piloto Privado - Helicoptero e do Curso de Piloto Comercial - Helicoptero, inserir os fenomenos tipicos de adveccao e conveccao de massas de ar, sobretudo a sotavento e a barlavento do relevo, associados a presenca de vegetacao e considerando-se os aspectos ligados a temperatura, umidade e pressao. Enfase deve ser dada ao potencial de acidentes presentes nessas condicoes."""
A-024/CENIPA/2013-RSV_003,"Por ocasiao dos cheques iniciais e recheques de alunos, pilotos, instrutores e examinadores credenciados, das habilitacoes de Piloto Privado, Piloto Comercial e Instrutor, exigir conhecimentos acerca de fenomenos meteorologicos relacionados a encostas montanhosas, bem como a necessidade de nao se baixar altitude de voo para obtencao de referencias visuais com o terreno, quando em IMC."
A-024/CENIPA/2013-RSV_004,"Divulgar o conteudo do presente relatorio enfatizando os fatores contribuintes e as recomendacoes de seguranca, servindo de estimulo a prevencao de acidentes e incidentes aeronauticos."
A-024/CENIPA/2013-RSV_005,"Estudar a possibilidade de a Radio Santos sistematizar uma rotina de questionamento as aeronaves que decolam de helipontos e aerodromos na Baixada Santista, para que fornecam as condicoes meteorologicas enfrentadas, de forma que aquele orgao ATS repasse tais informacoes aos trafegos seguintes."
A-024/CENIPA/2015-01,"Realizar gestoes junto a Administracao do Aerodromo de Braganca Paulista, a fim de garantir que tenham sido tomadas todas as medidas de mitigacao dos riscos de ocorrencias futuras, no tocante aos prestadores de servico de abastecimento, quanto a manutencao dos seus equipamentos."
A-024/CENIPA/2017-01,"Atuar junto a Sana Agro Aerea Ltda., a fim de verificar a adequabilidade do Manual de Gerenciamento de Seguranca Operacional desse operador, sobretudo no que diz respeito aos metodos de supervisao gerencial adotados e ao planejamento dos voos, quando operando em pistas de pouso eventual."
A-024/CENIPA/2022-01,"Atuar junto a Terceiro Milenio Aviacao Agricola Ltda., no sentido de garantir a adequadaidentificacao de partes e componentes de marcacao obrigatoria, conforme RBAC n° 45, Subparte B, Item 45.11, de modo a assegurar a rastreabilidade necessaria a manutencao da condicao de aeronavegabilidade de seus equipamentos."
A-025/CENIPA/2013-RSV001,"Divulgar o conteudo do presente relatorio durante a realizacao de seminarios, palestras e atividades afins voltadas aos proprietarios, operadores e exploradores de aeronaves."
A-025/CENIPA/2013-RSV002,"Atuar junto ao operador da aeronave envolvido neste acidente de modo a certificar-se que a estrutura organizacional atende ao minimo estabelecido pela ANAC nos aspectos de supervisao, cultura organizacional, controle e coordenacao dos voos, tendo em vista o historico de ocorrencias aeronauticas apresentado no corpo deste relatorio."
A-025/CENIPA/2014-001,"Tendo em vista os fatos observados e relatados neste relatorio, a repeticao excessiva no Brasil de ocorrencias aeronauticas envolvendo aeronaves aeroagricolas pela nao observacao dos pilotos, no que diz respeito aos limites operacionais determinados pelo fabricante da aeronave, claramente expressos nos manuais, e a ausencia de supervisao gerencial, recomenda-se intensificar o grau e o nivel de fiscalizacao sobre este tipo de operacao por parte da Autoridade de Aviacao Civil."
A-026/CENIPA/2013-RSV001,"Divulgar o conteudo do presente relatorio durante a realizacao de seminarios, palestras e atividades afins voltadas aos proprietarios, operadores e exploradores de aeronaves de areas rurais, enfatizando a necessidade do cumprimento da legislacao."
A-026/CENIPA/2013-RSV002,"Intensificar a fiscalizacao com objetivo de criar mecanismos visando inibir a realizacao de encontro de pilotos de aeronaves, sem a supervisao adequada, a fim de evitar a realizacao de manobras acrobaticas e outros tipos de voo que alem de servirem de mau exemplo para os outros pilotos, colocam em risco a operacao aerea e a vida de terceiros."
A-027/CENIPA/2023-01,"Atuar junto a Textor Aviacao Agricola Ltda., a fim de que aquele operador demonstre sua capacidade de gerenciamento de risco, em especial na identificacao de perigos e adocao das respectivas mitigacoes."
A-028/CENIPA/2013-RSV_001,"Divulgar  o  conteudo  do presente  relatorio  durante a realizacao  de  seminarios, palestras  e atividades afins voltadas aos operadores, exploradores e, principalmente, aos proprietarios de aeronaves de asas rotativas que atuam como pilotos privados."
A-028/CENIPA/2017-01,"Atuar junto a Heringer Taxi Aereo Ltda., a fim de que aquele operador aprimore os treinamentos oferecidos e as orientacoes emitidas a seus tripulantes, com o intuito de que tais profissionais operem com maior aderencia ao constante nos manuais das aeronaves utilizadas pela empresa, sobretudo no que diz respeito ao que e previsto em checklist."
A-028/CENIPA/2017-02,"Atuar junto a Heringer Taxi Aereo Ltda., a fim de que aquele operador aperfeicoe a ficha de treinamento inicial do segmento de voo local utilizada pela empresa, visando contemplar todos os procedimentos de emergencia cabiveis a aeronave, sobretudo aqueles associados a fogo ou fumaca na aeronave."
A-028/CENIPA/2017-03,"Atuar junto a Heringer Taxi Aereo Ltda., a fim de que aquele operador aperfeicoe seus mecanismos administrativos e operacionais de controle da qualidade dos servicos de manutencao executados em suas aeronaves (e das escrituracoes desses servicos), como forma de prevenir ocorrencias aeronauticas."
A-028/CENIPA/2020-01,"Atuar junto a Visual Propaganda Aerea Ltda. – EPP, a fim de que seja implementada em seu MGSO a identificacao de perigos e a mitigacao de riscos no tocante ao gerenciamento do combustivel da aeronave, durante a operacao dos voos de aeropublicidade."
A-028/CENIPA/2020-02,"Atuar junto a Visual Propaganda Aerea Ltda. – EPP, a fim de que seja reavaliada a frequencia e metodologia de execucao de treinamentos de falha de motor, bem como sejam atualizados, detalhados e padronizados em seus manuais os procedimentos de emergencia para falha do motor em voo e de realizacao de cheques periodicos durante o voo de cruzeiro."
A-028/CENIPA/2020-03,"Divulgar as boas praticas e as licoes aprendidas com a presente investigacao a todos os operadores de voos de aeropublicidade com reboque de faixas, bem como a todos os operadores de aeronaves cuja operacao e similar a do referido acidente."
A-028/CENIPA/2022-01,"Reavaliar seus processos internos, a fim de aprimorar os criterios de fiscalizacao de aeronaves experimentais apos emissao do CAVE, em especial nos casos em que se verifique a ocorrencia de acidentes, com o intuito de garantir a seguranca operacional de tais equipamentos, sob os criterios em que o referido Certificado tenha sido emitido."
A-028/CENIPA/2022-02,"Divulgar os ensinamentos colhidos nesta investigacao nos seus eventos de promocao da seguranca operacional, a fim de contribuir para o aumento da conscientizacao dos operadores e pilotos de aeronaves civis sobre a necessidade do cumprimento dos requisitos estabelecidos pela Autoridade de Aviacao Civil."
A-028/CENIPA/2023-01,"Divulgar os ensinamentos colhidos nesta investigacao a empresa Mineiros Aviacao Agricola Ltda., a fim de que os pilotos dessa empresa atentem sobre a importancia de serealizar corretamente os calculos de peso e balanceamento, levando em consideracao arelacao entre o peso do produto constante do hopper e o peso maximo de decolagem, comatencao especial as diferentes altitudes de operacao e temperaturas."
A-029/CENIPA/2013-RSV001,"Divulgar o conteudo do presente relatorio durante a realizacao de seminarios, palestras e atividades afins voltadas aos proprietarios, operadores e exploradores de aeronaves, com enfoque para os fatores de julgamento, processo decisorio e planejamento que influenciaram nessa ocorrencia."
A-029/CENIPA/2013-RSV002,"Reavaliar os requisitos e a funcionalidade do sistema DCERTA (Decolagem Certa), uma vez que, mesmo tendo detectado a nao conformidade, possibilitou que o piloto sem a habilitacao tecnica de voo por instrumentos, necessaria ao tipo de plano de voo por ele assinado (plano *Y*), teve o plano aceito por meio do preenchimento de uma declaracao de regularidade."
A-029/CENIPA/2020-01,"Divulgar os ensinamentos colhidos na presente investigacao, no intuito de aumentar o nivel de atencao dos pilotos agricolas, bem como alerta-los em relacao a importancia de se executar um minucioso planejamento do voo."
A-029/CENIPA/2022-01,"Atuar junto a empresa Aero Agricola Caicara Ltda., no sentido de garantir a conformidade de suas operacoes e controles de manutencao em relacao aos regulamentos aplicaveis."
A-029/CENIPA/2022-02,"Atuar junto a OM Tangara Aerocenter Ltda., a fim de assegurar a qualidade dos registros relativos aos servicos de manutencao prestados pela OM, assim como o efetivo cumprimento das tarefas de inspecao previstas para as aeronaves e componentes previstos em sua especificacao."
A-030/CENIPA/2014-001,"Divulgar o presente relatorio entre seus associados, com enfase nos fatores contribuintes, para fins de prevencao do tipo de ocorrencia."
A-030/CENIPA/2014-002,"Divulgar o presente relatorio entre seus associados, com enfase nos fatores contribuintes, para fins de prevencao do tipo de ocorrencia."
A-030/CENIPA/2023-01,"Atuar junto a Chui Aviacao Agricola Ltda., no sentido de que o operador demonstre que seus mecanismos de supervisao gerencial asseguram a realizacao dos procedimentos e respectivos registros de manutencao requeridos, especialmente no que se refere aos motores utilizados por suas aeronaves."
A-031/CENIPA/2013-RSV001,"Quando da revisao do Regulamento Brasileiro de Homologacao Aeronautica (RBHA 91), tornar obrigatoria a confeccao de MGO aos operadores regulados pela subparte K - Operacoes Aereas de Seguranca Publica e/ou Defesa Civil, face a necessidade de padronizar / disciplinar a multiplicidade de missoes desempenhadas."
A-031/CENIPA/2013-RSV002,"Divulgar o conteudo do presente relatorio durante a realizacao de seminarios, palestras e atividades afins voltadas aos proprietarios, operadores e exploradores de aeronaves de asas rotativas."
A-031/CENIPA/2014-01,Exigir treinamento de familiarizacao com as atividades em area operacional a todos os colaboradores de empresas de aviacao agricola que venham a se aproximar de aeronaves ou area de pouso de uso Aeroagricola.
A-031/CENIPA/2014-02,"Exigir das empresas de aviacao agricola um controle da capacitacao de todos os seus colaboradores, visando garantir que nao haja atribuicao de tarefas para pessoas que nao estejam devidamente capacitadas para exerce-las."
A-031/CENIPA/2014-03,"Estudar a viabilidade de explicitar no RBAC 137 a necessidade de realizar registro formal e escrito dos treinamentos realizados, englobando o assunto, objetivos e conteudo ministrado, visando assegurar que sejam cumpridas as melhores praticas a luz do SGSO."
A-031/CENIPA/2018-01,"Atuar junto a Tiarte Comercio e Manutencao de Aeronaves (COM No 1509-61/ANAC), a fim de que aquela organizacao de manutencao demonstre que possui e aplica todos os recursos necessarios a adequada prestacao de servicos de manutencao nas aeronaves EMB-720D, conforme preconiza a legislacao em vigor, os respectivos manuais tecnicos e a lista de capacidades da empresa."
A-031/CENIPA/2018-02,"Fiscalizar aeronaves que tenham realizado servicos de manutencao na Tiarte Comercio e Manutencao de Aeronaves, a fim de verificar a conformidade dos servicos realizados."
A-032/CENIPA/2013-RSV001,"Divulgar o conteudo do presente relatorio durante a realizacao de seminarios, palestras e atividades afins voltadas aos proprietarios, operadores e exploradores de aeronaves da aviacao geral brasileira."
A-032/CENIPA/2014-RSV_001,"Divulgar aos operadores de helicopteros vinculados ao RBHA 91 os ensinamentos oriundos desse acidente, a fim de elevar o nivel de alerta para os fatores de risco decorrentes do nao cumprimento dos Regulamentos Brasileiros de Homologacao Aeronautica (RBHA) e dos Regulamentos Brasileiros de Aviacao Civil (RBAC) em vigor."
A-032/CENIPA/2014-RSV_002,"Tendo em vista os fatos levantados nesta investigacao, atuar junto ao operador para garantir o fiel cumprimento dos Regulamentos Brasileiros de Homologacao Aeronautica (RBHA) e dos Regulamentos Brasileiros de Aviacao Civil (RBAC) em vigor."
A-032/CENIPA/2016-01,"Analisar a possibilidade de atualizar o MCA 58-17 - Manual de Curso de Piloto Agricola, a fim de enfatizar os temas afetos a aerodinamica, teoria de voo, graficos de desempenho, limites operacionais das aeronaves e suas relacoes com a ocorrencia do estol assimetrico em curvas de reversao."
A-032/CENIPA/2016-02,"Atuar junto a empresa Pulveriza Aviacao Agricola LTDA. - ME, a fim de verificar o cumprimento do disposto no Manual de Gerenciamento de Seguranca Operacional desse operador, sobretudo no que diz respeito aos processos organizacionais e aos metodos de planejamento gerencial."
A-032/CENIPA/2019-01,"Divulgar os ensinamentos colhidos na presente investigacao, a fim de alertar pilotos e operadores da aviacao civil brasileira, sobretudo os que atuam na aviacao agricola, sobre os riscos de correntes da realizacao de curvas de grande inclinacao a baixa altura."
A-033/CENIPA/2013-RSV001,"Realizar auditoria na Oficina Nacional Manutencao de Aeronaves Ltda., com a finalidade de analisar e propor melhorias no processo de execucao e registro de manutencao dos modelos de aeronaves constantes do Adendo ao seu Certificado de Homologacao de Empresa."
A-033/CENIPA/2013-RSV002,"Promover a divulgacao deste relatorio junto as oficinas de manutencao e aos proprietario/operadores de aeronaves, tendo por objetivo disseminar os ensinamentos adquiridos."
A-033/CENIPA/2019-01,"Divulgar os ensinamentos colhidos na presente investigacao, com o objetivo de alertar pilotos, operadores e organizacoes de manutencao da aviacao geral, sobre a importancia de se verificar os servicos de preservacao e estocagem realizados em aeronaves e de registrar os servicos de manutencao executados nas cadernetas da aeronave."
A-033/CENIPA/2022-01,"Avaliar a pertinencia de adotar as praticas recomendadas dispostas no Report 690, da International Association of Oil & Gas Producer, em especial a de realizacao do HUET; a utilizacao de um sistema de emergencia de respiracao por ar comprimido, tipo CA EBS; e utilizacao de Personal Locator Beacon pelos tripulantes e passageiros embarcados em voos comerciais offshore de helicoptero."
A-033/CENIPA/2022-02,"Divulgar os ensinamentos colhidos da presente investigacao, no ambito dos operadores do RBAC 135 envolvidos com operacao offshore, com o proposito de alertar os pilotos de helicoptero quanto a fiel observancia da aplicacao das tecnicas de Crew Resourse Management, incluindo cross-checks e coordenacao eficaz, notadamente, durante a aproximacao final VMC para pouso em helideque."
A-033/CENIPA/2022-03,"Assegurar-se da adocao de dispositivos, pela Lider Taxi Aereo S.A. Air Brasil, com foco no aperfeicoamento de seus mecanismos de supervisao gerencial, visando ao fiel cumprimento pelos pilotos dos Standard Calls e dos briefings previstos em todos os voos de treinamento, conforme estabelecido nos respectivos SOP e no PTO da empresa."
A-033/CENIPA/2022-04,"Avaliar a pertinencia de implementar um RBAC especifico para a operacao offshore, tendo em vista as peculiaridades atinentes a essa atividade aerea."
A-034/CENIPA/2013-RSV_001,"Divulgar o conteudo do presente relatorio durante a realizacao de seminarios, palestras e atividades afins voltadas aos proprietarios, operadores e exploradores de aeronaves privadas."
A-034/CENIPA/2013-RSV_002,"Rever o processo de fiscalizacao de tripulantes, incrementando a atividade de fiscalizacao in loco a fim de evitar que tripulantes incapacitados exercam funcoes a bordo em aeronaves de matricula brasileira."
A-034/CENIPA/2017-01,"Divulgar os ensinamentos colhidos na presente investigacao, a fim de alertar os pilotos da aviacao civil brasileira sobre os riscos decorrentes de interacoes medicamentosas incompativeis com a atividade aerea, bem como de modificacoes realizadas nas aeronaves sem o devido conhecimento e aprovacao da ANAC."
A-034/CENIPA/2017-02,"Atuar junto as Clinicas Medicas credenciadas por essa Agencia, a fim de enfatizar a importancia de se orientar os tripulantes da aviacao civil brasileira sobre os riscos decorrentes de interacoes medicamentosas incompativeis com a atividade aerea."
A-035/CENIPA/2013-RSV_001_A,"Adotar mecanismos de divulgacao dos ensinamentos colhidos na presente investigacao aos operadores de Taxi-Aereo, principalmente na Regiao Amazonica, alertando quanto aos riscos decorrentes da operacao de aeronaves em pistas nao registradas de aldeias indigenas, considerando que o RBAC 119, requisito 119.57 que ampara esse tipo de operacao."
A-035/CENIPA/2013-RSV_001_B,"Fiscalizar, nas oficinas homologadas para overhaul do motor Lycoming, modelos IO-540# o uso de publicacoes atualizadas, pessoal habilitado para o servico e o cumprimento do plano de manutencao preconizado pelo fabricante."
A-035/CENIPA/2013-RSV_002_A,"Realizar uma auditoria na Tucano Taxi-Aereo Ltda. com o objetivo de verificar o gerenciamento do risco realizado pela supervisao da empresa nas operacoes de suas aeronaves em pistas nao registradas de aldeias indigenas, considerando que o RBAC 119, item 119.57,119 ampara esse tipo de operacao."
A-035/CENIPA/2013-RSV_002_B,"Divulgar o conteudo do presente relatorio durante a realizacao de seminarios, palestras e atividades afins voltadas aos proprietarios, operadores e exploradores de helicopteros R-22 e R-44."
A-035/CENIPA/2013-RSV_003,"Divulgar o conteudo do presente relatorio durante a realizacao de seminarios, palestras e atividades afins junto aos seus associados."
A-035/CENIPA/2017-01,"Atuar junto ao Aeroclube de Ponta Grossa, a fim de que aquele operador enfatize a seus pilotos os riscos decorrentes dos primeiros voos solo em aeronaves agricolas, tendo em vista que, nao sendo duplo comando, esses equipamentos nao proporcionam ao aluno o treinamento inicial com o instrutor."
A-035/CENIPA/2017-02,"Atuar junto ao administrador do Aeroporto de Ponta Grossa, a fim de que seja realizada uma adequacao no sistema de drenagem do aerodromo, evitando que os drenos de escoamento de agua fiquem expostos e se tornem obstaculos as aeronaves que venham a sair acidentalmente pela lateral da pista."
A-035/CENIPA/2022-01,"Divulgar os ensinamentos colhidos na presente investigacao ao operador do Aerodromo da Fazenda Saco da Tapera (SSOT), no intuito de orienta-lo a manter atualizadas as informacoes sobre o aerodromo, assim como tentar evitar o ingresso de pessoas nas areas operacionais por meio de sinalizacoes e/ou restricoes de acesso."
A-036/CENIPA/2013-RSV001,"Intensificar as acoes no sentido de garantir e exigir a capacitacao do pessoal de apoio nos servicos de rampa dos helipontos registrados e homologados, tendo em vista a necessidade de procedimentos rigidos de seguranca nas operacoes de helicopteros no solo, durante o embarque e desembarque de passageiros, e sobre a importancia da utilizacao de pessoal devidamente qualificado e treinado para o desempenho das atividades operacionais de rampa."
A-036/CENIPA/2013-RSV002,"Divulgar o conteudo do presente relatorio durante a realizacao de seminarios, palestras e atividades afins voltadas aos proprietarios, operadores e exploradores de helipontos homologados e registrados, e tambem aos proprietarios, operadores de helicopteros que operem segundo o RBHA 91."
A-036/CENIPA/2017-02,"Analisar a viabilidade de solicitar a Petrobras a realizacao de estudo do ambiente eolico sobre o helideck da P-37 e demais plataformas com caracteristicas similares as da P-37, conforme disposto nas observacoes do item 0202 da NORMAM--27/DPC."
A-036/CENIPA/2020-01,"Divulgar os ensinamentos colhidos nesta investigacao ao Comando de Operacoes de Aviacao da Policia Militar do Estado de Sao Paulo, a fim de se promover a seguranca operacional no ambito daquela organizacao."
A-036/CENIPA/2020-02,"Divulgar os ensinamentos colhidos nesta investigacao as demais Unidades Aereas Publicas que operam segundo os requisitos estabelecidos no RBAC 90, a fim de se promover a seguranca operacional durante os eventos internos daquelas Unidades."
A-036/CENIPA/2021-01,"Divulgar os ensinamentos contidos nesta investigacao a empresa Textor Aviacao Agricola Ltda., a fim de que seja ressaltado aos pilotos a importancia dos procedimentos de inspecao pre-voo."
A-037/CENIPA/2020-01,"Atuar junto a Organizacao de Manutencao Top Line Taxi Aereo Ltda., no intuito de assegurar a correcao dos processos de assentamentos de manutencao, observando fielmente os requisitos estabelecidos pela ANAC, afetas aos registros primarios de manutencao, manutencao preventiva, reconstrucao e alteracao."
A-037/CENIPA/2023-01,"Atuar junto a OM Oficina de Manutencao de Aeronaves LTDA, visando assegurar que sejaadotado um mecanismo efetivo para verificacao da conformidade das atividades de manutencao executadas pela empresa, notadamente no que se refere aos trabalhos realizados pelos mecanicos e pelos inspetores nas ordens de servicos realizados."
A-037/CENIPA/2023-02,"Divulgar os ensinamentos colhidos nesta investigacao aos operadores de aeronave modeloT-188C, a fim de que esses operadores tomem conhecimento sobre a necessidade de observarem a correta instalacao e fixacao das abracadeiras nos trens de pouso principais,bem como se as montagens estao permitindo o deposito e acumulo de terra ou outros detritos entre as partes."
A-038/CENIPA/2013-RSV001,"Atuar junto a Paramazonia Taxi-Aereo Ltda., a fim de que seja verificado a organizacao e o controle das aeronaves operadas pela empresa, de maneira a mitigar possiveis duvidas quanto a situacao das aeronaves, no que diz respeito a autonomia e controle de abastecimento."
A-038/CENIPA/2013-RSV002,"Divulgar o conteudo do presente relatorio durante a realizacao de seminarios, palestras e atividades afins voltadas aos proprietarios, exploradores e operadores de aeronaves regulados pelos RBHA 91 e RBAC 135 que atuam na Regiao Amazonica."
A-038/CENIPA/2020-01,"Atuar junto a Redex Aeroagricola Ltda, a fim de que aquele operador aprimore seu Sistema de Gerenciamento de Seguranca Operacional (SGSO), sobretudo no que diz respeito aos mecanismos de gerenciamento de risco envolvendo o controle de validade das habilitacoes de seus pilotos e a supervisao gerencial das suas operacoes aeroagricolas."
A-038/CENIPA/2021-01,"Divulgar os ensinamentos colhidos nesta investigacao a Fenix Aviacao Agricola Ltda., no sentido de que aquele operador avalie se os seus processos relacionados ao planejamento dos voos e a supervisao gerencial das atividades de planejamento e execucao no ambito operacional garantem niveis adequados de seguranca nas operacoes, particularmente no que concerne ao gerenciamento dos ricos relacionados as areas de pouso para uso aeroagricola utilizadas por suas aeronaves."
A-039/CENIPA/2013-RSV001,"Realizar auditoria tecnica na empresa PIPES Manutencao de Aeronaves Ltda., com a finalidade de verificar a adequacao dos seus processos de recebimento de aeronaves para manutencao e de liberacao para o voo aos requisitos aplicaveis."
A-039/CENIPA/2013-RSV002,"Atuar junto a PIPES Manutencao de Aeronaves Ltda., a fim de orientar os mecanicos e inspetores de manutencao para efetuarem o lancamento diario da data da realizacao de cada item de inspecao nas respectivas fichas de inspecao das aeronaves."
A-039/CENIPA/2013-RSV003,"Atuar junto a PIPES Manutencao de Aeronaves Ltda., a fim de que reavalie e proponha melhorias em seus processos, de modo a mitigar a emissao de fichas de inspecao e de mapas de controle de componentes com erros em sua escrituracao."
A-039/CENIPA/2013-RSV004,"Divulgar os ensinamentos do presente relatorio aos operadores da aviacao geral, enfatizando a importancia da adequacao das pistas de pouso aos requisitos aplicaveis."
A-039/CENIPA/2017-01,"Atuar junto a Mirim Aviacao Agricola Ltda., a fim de que aquele operador, no ambito do grupo de tripulantes que utilizam suas aeronaves, transmita conhecimentos sobre aerodinamica de aeronaves de asa fixa e fomente os procedimentos operacionais de prevencao de situacoes de estol."
A-039/CENIPA/2019-01,"Atuar junto a Associacao Icaro de Aviadores do Catu, operadora da aeronave, no intuito de verificar o cumprimento do programa de manutencao de suas aeronaves e motores, bem como o atendimento aos criterios regulamentares previstos para o registro dessas manutencoes, notadamente ao estabelecido pela IS 91.409-001A - Manutencao de Aeronaves Equipadas com Motores Convencionais."
A-039/CENIPA/2019-02,"Atuar junto a organizacao de manutencao Uirapuru Servicos Aeronauticos Ltda., no sentido de verificar a conformidade dos servicos de manutencao realizados por aquela empresa, visando assegurar que a organizacao atenda continuamente aos requisitos estabelecidos pela autoridade de aviacao civil, principalmente no que se refere a transcricao dos registros dos servicos de manutencao executados para os documentos de controle tecnico dos operadores (cadernetas de celula, motor e helice), de forma completa e clara."
A-039/CENIPA/2022-01,"Atuar junto a empresa IMAER - Ibitinga Manutencao de Aeronaves e Pecas Ltda., COM nº 9404-02/ANAC, a fim de assegurar que a realizacao das inspecoes dos motores de marca Lycoming, modelo IO-540-K1J5, atenda adequadamente a secao 4 do Lycoming Operator’s Manual, O-540 e IO-540 series, no que se refere a manutencao de velas de ignicao."
A-040/CENIPA/2013-RSV_001,Realizar auditoria na empresa IVAI AEROAGRICOLA LTDA. com a finalidade de verificar a conformidade dos procedimentos por ela adotados e avaliar as discrepancias levantadas nesta investigacao.
A-040/CENIPA/2013-RSV_002,Realizar auditoria na empresa Tangara Aeroagricola Chapadao com a finalidade de verificar a conformidade dos procedimentos de manutencao e controle das cadernetas de manutencao das aeronaves por ela inspecionadas.
A-040/CENIPA/2013-RSV001,"Divulgar os ensinamentos colhidos da presente investigacao, no ambito das escolas de formacao de pilotos da aviacao civil, incluindo os aeroclubes, buscando alertar os alunos sobre a necessidade do respeito aos limites operacionais das aeronaves, particularmente, relacionados com a utilizacao da Velocidade Maxima de Manobra (VA) durante o sobrevoo de regioes sob o efeito de turbulencia."
A-040/CENIPA/2013-RSV002,"Divulgar os ensinamentos colhidos da presente investigacao, no ambito dos pilotos que atuam na Aviacao Geral, por intermedio da Associacao Brasileira de Aviacao Geral - ABAG, com o destaque para a fiel observancia dos limites operacionais das aeronaves, dos aspectos meteorologicos e das regulamentacoes aeronauticas em vigor, com vistas ao sucesso do planejamento dos voos, o que trara suporte para mais adequados processos decisorios, minimizando a possibilidade de que eventos dessa natureza se repitam."
A-040/CENIPA/2017-01,"Atuar junto a Centroar Agro-Aereo LTDA., a fim de que aquele operador aperfeicoe seus mecanismos de planejamento de voo e gerenciamento de risco, visando incrementar os niveis de competencia e seguranca operacional requeridos para o desempenho das atividades para as quais tal empresa e certificada."
A-040/CENIPA/2017-02,"Atuar junto a Centroar Agro-Aereo LTDA., a fim de que aquele operador implemente uma mudanca na cultura do grupo de tripulantes que atua na organizacao, tendo como objetivo aumentar a aderencia aos principios do SIPAER e coibir os habitos e as atitudes que possam fragilizar a seguranca operacional."
A-040/CENIPA/2017-03,"Divulgar os ensinamentos colhidos na presente investigacao, a fim de alertar pilotos e operadores da aviacao civil brasileira sobre os riscos decorrentes da realizacao de voos a baixa altura, sobretudo no que diz respeito ao risco de colisao contra redes de transmissao de dados e distribuicao de energia eletrica."
A-040/CENIPA/2019-01,"Atuar junto a Somar Aero Agricola Ltda., a fim de que o operador aprimore seu Gerenciamento de Seguranca Operacional, criando metodos ou procedimentos definidos para analisar o risco de suas operacoes agricolas, em especial quanto ao reconhecimento das areas a serem sobrevoadas durante as operacoes."
A-041/CENIPA/2013-RSV001,"Proporcionar a todos os tripulantes do 3º BBS o curso de CRM, com vista a elevar o nivel de consciencia situacional e proporcionar efetividade no processo de tomada de decisao das equipagens."
A-041/CENIPA/2013-RSV002,Desenvolver politica de pessoal de modo a permitir que os militares formados nos cursos relacionados a aviacao mantenham a continuidade no aprendizado executando atividades na unidade de aviacao.
A-041/CENIPA/2013-RSV003,"Promover politica de capacitacao de pessoal que contemple uma capacitacao continuada dos membros da unidade aerea, tomando as providencias necessarias para proporcionar treinamento teorico e pratico dos pilotos, tripulantes operacionais e mecanicos."
A-041/CENIPA/2013-RSV004,Tomar as medidas necessarias para que os militares tenham assistencia psicologica e promover as acoes para que a unidade aerea tenha profissional de saude que cuide da saude ocupacional de seus membros.
A-041/CENIPA/2013-RSV005,Verificar se as Recomendacoes de Seguranca de Voo emitidas durante o processo de investigacao do acidente aeronautico pelo SERIPA VI foram implementadas no 3° Batalhao de Busca e Salvamento.
A-041/CENIPA/2019-01,"Reforcar a atuacao junto a Nitz Aviacao Agricola Ltda., a fim de reavaliar a adequabilidade do Manual de Gerenciamento da Seguranca Operacional (MGSO) adotado por aquele operador, verificando se as instrucoes contidas no referido documento estao sendo cumpridas pelos tripulantes da empresa, notadamente em relacao aos itens que dizem respeito ao gerenciamento do risco."
A-041/CENIPA/2023-01,"Divulgar os ensinamentos colhidos na presente investigacao, a fim de alertar pilotos e operadores da aviacao agricola sobre os riscos decorrentes da operacao sob condicoes de voo por instrumentos por pessoal nao habilitado e capacitado, empregando uma aeronave tambem nao certificada para voo sob Regras de Voo por Instrumentos."
A-042/CENIPA/2013-RS_001,"Consultar o fabricante da aeronave sobre a viabilidade de fornecer aos operadores graficos de calculo de distancia de corrida de decolagem para livrar obstaculo de 50ft, em superficie nao pavimentada."
A-042/CENIPA/2013-RS_002,"Consultar o fabricante da aeronave sobre a viabilidade fornecer aos operadores graficos de calculo de distancia de corrida de decolagem para livrar obstaculo de 50ft, para operacao da aeronave em pesos diferentes do peso maximo de decolagem."
A-042/CENIPA/2013-RS_003,"Incrementar a fiscalizacao nas oficinas homologadas para a manutencao de Air Tractor, modelo AT-502B, a fim de coibir a instalacao de dispositivos nao homologados no projeto."
A-042/CENIPA/2013-RSV_001,"Atuar junto a Fly One Servicos Aereos Especializados, visando revisar a utilizacao do patio de estacionamento da sua empresa, localizado no Aeroclube de Sergipe, concomitantemente como area de pouso e decolagem, buscando adequa-lo ao que dispoem os itens 4.0 - Dimensoes da Area de Toque# 5.0 - Dimensoes da Area de Pouso e Decolagem# 6.0 - Area Periferica# e 8.0 Patio de Estacionamento, da Portaria n° 18/GMC - Instrucoes para Operacao de Helicopteros para Construcao e Utilizacao de Helipontos ou Heliportos, de 14 de fevereiro de 1974."
A-042/CENIPA/2013-RSV_002,"Atuar junto a Fly One Servicos Aereos Especializados, visando revisar o planejamento das operacoes de taxi, pouso e decolagem de helicopteros a partir do seu patio de estacionamento localizado no SNAU, levando-se em consideracao as caracteristicas predominantes de direcao e intensidade do vento, visando evitar a influencia do fenomeno conhecido como LTE."
A-042/CENIPA/2013-RSV_003,"Atuar junto a Fly One Servicos Aereos Especializados, visando providenciar a homologacao do heliponto em SNAU, a fim de permitir operacoes seguras no Aeroclube de Sergipe."
A-042/CENIPA/2013-RSV_004,"Atuar junto a Fly One Servicos Aereos Especializados, visando divulgar os ensinamentos colhidos na presente investigacao junto aos seus tripulantes, destacando os aspectos relacionados ao Loss of Tail rotor Effectiveness - LTE, utilizando-se da Advisory Circular - AC N° 90-95, emitida pela Federal Aviation Administration - FAA, em 26 DEZ 1995 e outras publicacoes que tratem do tema."
A-042/CENIPA/2013-RSV_005,"Atuar junto a Fly One Servicos Aereos Especializados, visando revisar seus mecanismos de Supervisao Gerencial, visando se certificar de que os voos de instrucao em suas aeronaves ocorrem estritamente em observancia ao estabelecido no Programa de Treinamento da empresa."
A-042/CENIPA/2013-RSV_006,"Atuar junto a Fly One Servicos Aereos Especializados, visando realizar diagnostico sobre o modelo organizacional da empresa, buscando identificar e corrigir os aspectos que possam influenciar na seguranca de suas operacoes aereas tais como: clareza das comunicacoes formais# dinamica de equipe# trato dos assuntos operacionais# e percepcao dos funcionarios sobre o trato dos assuntos relacionados a seguranca de voo."
A-042/CENIPA/2013-RSV_007,"Realizar auditoria tecnica na empresa aerea Fly One Servicos Aereos Especializados, buscando se certificar da adequacao dos criterios tecnicos e operacionais estabelecidos por meio do Programa de Treinamento da empresa, visando a instrucao de pilotos novos na operacao de suas aeronaves."
A-042/CENIPA/2013-RSV_008,"Realizar inspecao aeroportuaria em SNAU, buscando se certificar da adequacao da infraestrutura relativa ao patio de estacionamento de helicopteros utilizado pela Fly One, com base na Portaria n° 18/GMC - Instrucoes para Operacao de Helicopteros para Construcao e Utilizacao de Helipontos ou Heliportos, de 14 de fevereiro de 1974."
A-042/CENIPA/2013-RSV_009,"Divulgar os ensinamentos do presente relatorio aos operadores de helicoptero, enfatizando a importancia do conhecimento das caracteristicas propicias a perda de efetividade do rotor de cauda (Loss of Tail Rotor Effectiveness - LTE) para a prevencao de tais ocorrencias."
A-042/CENIPA/2014-RSV_001,"Divulgar o conteudo do presente relatorio durante a realizacao de seminarios, palestras e atividades afins voltadas aos proprietarios, operadores e exploradores de helicopteros."
A-043/CENIPA/2013-RSV_001,"Adotar mecanismos de divulgacao dos ensinamentos colhidos na presente investigacao aos operadores de Servico Aereo Especializado (SAE), alertando quanto aos riscos decorrentes da nao observacao do desempenho da aeronave no planejamento do voo e no controle de combustivel."
A-043/CENIPA/2013-RSV_002,"Reavaliar o modo de operacao da Engefoto Engenharia e Aerolevantamentos S.A. com a finalidade de garantir um acompanhamento gerencial rigido da operacao de suas aeronaves e tripulacoes, principalmente quando em areas distantes da sede da empresa."
A-043/CENIPA/2014-RSV_001,"Atuar junto aos aeroclubes, a fim de tornar obrigatoria a confeccao de uma regulamentacao especifica sobre a realizacao de voos por socios, com acompanhamento operacional por parte do setor de operacoes, visando a garantia da seguranca operacional."
A-044/CENIPA/2013-RSV001,"Reavaliar o Programa de Treinamento aplicado aos tripulantes da Mega Linhas Aereas, principalmente no que diz respeito aos abnormal procedures e emergency procedures."
A-044/CENIPA/2013-RSV002,Reavaliar a adequabilidade da condicao de transporte de tambores de combustivel dentro das aeronaves da Mega Linhas Aereas.
A-044/CENIPA/2013-RSV003,Divulgar o conteudo desta investigacao aos operadores de C-208.
A-044/CENIPA/2014-RSV_001,Divulgar os ensinamentos decorrentes desse acidente como forma de alertar os operadores da aviacao geral quanto a necessidade do cumprimento das regulamentacoes citadas neste Relatorio.
A-044/CENIPA/2017-01,"Analisar a pertinencia de aperfeicoar os mecanismos e sistemas de emissao e controle dos Certificados Medicos Aeronauticos (CMA), a fim de garantir o cumprimento dos requisitos previstos no RBAC 67, sobretudo o que versa no item 67.15 - Validade dos CMA."
A-044/CENIPA/2017-02,"Atuar junto a Icarai Turismo Taxi Aereo Ltda., a fim de reavaliar a adequabilidade e o cumprimento do Manual de Gerenciamento de Seguranca Operacional (MGSO) adotados por aquele operador, sobretudo no que diz respeito as reunioes e vistorias de seguranca operacional."
A-044/CENIPA/2017-03,"Atuar junto a Icarai Turismo Taxi Aereo Ltda., a fim de que aquela organizacao aperfeicoe seus mecanismos de planejamento de voo e supervisao gerencial, visando incrementar os niveis de competencia e seguranca operacional requeridos para o desempenho das atividades para as quais tal empresa e certificada."
A-044/CENIPA/2017-04,"Atuar junto a Icarai Turismo Taxi Aereo Ltda., a fim de que aquela organizacao implemente efetiva mudanca na cultura organizacional vigente no ambito da empresa, visando aumentar a aderencia aos principios da prevencao de acidentes por parte dos profissionais que la trabalham, coibindo atitudes e habitos que possam fragilizar a seguranca operacional."
A-044/CENIPA/2022-01,"Divulgar os ensinamentos colhidos nesta investigacao a EFAI - Escola de Aviacao CivilLTDA. - EPP, a fim de que aquele CIAC aprimore seus mecanismos de acompanhamento e supervisao da parte pratica da instrucao aerea, em especial na padronizacao de instrutores de voo sobre as caracteristicas de decolagem no Heliponto EFAI."
A-045/CENIPA/2014-RSV_001,"Divulgar o conteudo do presente relatorio durante a realizacao de seminarios, palestras e atividades afins voltadas aos proprietarios, operadores e exploradores de helicopteros da aviacao geral."
A-046/CENIPA/2014-RSV_001,"Divulgar o conteudo do presente relatorio durante a realizacao de seminarios, palestras e atividades afins voltadas aos proprietarios, operadores e exploradores de aeronaves agricolas."
A-046/CENIPA/2017-01,"Atuar junto a TAIM AEROAGRICOLA LTDA. com a finalidade de orientar seus pilotos quanto ao previo planejamento da missao e reconhecimento do local a ser sobrevoado, para evitar colisoes com obstaculos durante a operacao aeroagricola."
A-047/CENIPA/2013-RSV_001,"Reavaliar os metodos utilizados pela Oficina Poty Revisoes de Aeronaves Ltda., mantenedora da aeronave acidentada, nas inspecoes das aeronaves modelo 95-B55, buscando se certificar de que o procedimento de lubrificacao dos uplock rollers do trem de pouso principal atende fielmente ao estabelecido na AD 72-22-01."
A-047/CENIPA/2013-RSV_002,"Reavaliar os mecanismos de Supervisao Gerencial da Oficina Poty, no ambito tecnico, buscando se certificar de que os servicos de manutencao realizados nas aeronaves ocorrem em estrita observancia aos seus respectivos Manuais Tecnicos."
A-047/CENIPA/2013-RSV_003,Certificar-se de que o procedimento de lubrificacao dos uplock rollers do trem de pouso principal das aeronaves modelos 95-B55 praticado pela Ceara Taxi Aereo atende fielmente ao estabelecido na AD 72-22-01.
A-047/CENIPA/2013-RSV_004,"Divulgar, junto aos operadores dos modelos 95-B55, os ensinamentos colhidos na presente investigacao, alertando-os sobre a necessidade de se certificarem do livre movimento dos uplock rollers dos trens de pouso principais das aeronaves, durante a realizacao da inspecao antes do voo."
A-047/CENIPA/2014-RSV_001,"Divulgar o conteudo do presente relatorio durante a realizacao de seminarios, palestras e atividades afins voltadas aos proprietarios, operadores e exploradores de aeronaves agricolas."
A-048/CENIPA/2014-RSV_001,"Divulgar o conteudo do presente relatorio durante a realizacao de seminarios, palestras e atividades afins voltadas aos proprietarios, operadores e exploradores de aeronaves de asas rotativas da aviacao geral."
A-048/CENIPA/2019-01,"Estabelecer padroes de qualificacao que assegurem a experiencia necessaria, o conhecimento teorico e o treinamento pratico minimos dos pilotos para que estes sejam considerados aptos a realizarem acrobacia aerea sem exposicao de si e/ou de terceiros a riscos intoleraveis."
A-049/CENIPA/2013-RSV001,Realizar gestoes junto a Ortiz Taxi-Aereo Ltda. com a finalidade de garantir que haja uma avaliacao do risco pela administracao em todas as operacoes aereas realizadas da empresa.
A-049/CENIPA/2013-RSV002,Realizar gestoes junto a Prefeitura Municipal de Pauini com a finalidade de garantir que ocorram acoes concretas que garantam a minima condicao de operacao com seguranca no aerodromo sob a administracao da Prefeitura.
A-049/CENIPA/2013-RSV003,"Divulgar o conteudo do presente relatorio durante a realizacao de seminarios, palestras e atividades afins, voltadas aos proprietarios, operadores e exploradores de aeronaves."
A-049/CENIPA/2014-001,"Atuar junto a INFRAERO, a fim de que seja realizada uma avaliacao do sistema de iluminacao do patio de manobras e do estacionamento de SBSL, garantindo a seguranca das operacoes aereas e de rampa naquele aerodromo, e revisar o Plano de Emergencia de Aerodromo (PLEM) do Aeroporto de Sao Luis, a fim de avaliar a eficiencia do acionamento do servico medico, por ocasiao de emergencias aeronauticas no patio."
A-049/CENIPA/2014-002,"Divulgar os ensinamentos colhidos na presente investigacao, relativos a operacao de rampa, alertando as empresas aereas quanto aos riscos decorrentes da nao observacao das instrucoes de trabalho e de procedimentos de seguranca pelo pessoal de apoio e tripulantes, nessa fase de operacao."
A-049/CENIPA/2016-01,"Aprimorar os mecanismos de fiscalizacao adotados por esse Departamento, a fim de evitar que aeronaves experimentais, sem autorizacao especial, operem sobre areas densamente povoadas ou em aerovias movimentadas."
A-049/CENIPA/2016-02,"Aprimorar os mecanismos de fiscalizacao adotados por essa Agencia, a fim de evitar que aeronaves experimentais sem autorizacao especial operem sobre areas densamente povoadas."
A-049/CENIPA/2016-03,"Atualizar os regulamentos da aviacao civil brasileira, sobretudo o RBAC 01 e o RBHA 91, a fim de aprimorar e clarificar a definicao do termo “area densamente povoada”, com vistas a dirimir duvidas que venham a se relacionar com o tema, elevando os niveis de seguranca a terceiros."
A-049/CENIPA/2016-04,"Atualizar os regulamentos da aviacao civil brasileira, a fim de criar limitacoes para as aeronaves de construcao amadora, a exemplo do que e feito com as aeronaves leves esportivas e com os ultraleves, no intuito de reduzir o numero de terceiros expostos aos riscos do voo em aeronaves nao certificadas pela autoridade da aviacao civil brasileira."
A-049/CENIPA/2016-05,"Divulgar os ensinamentos colhidos na presente investigacao, a fim de alertar toda a sociedade brasileira sobre os riscos decorrentes do voo em aeronaves que nao foram submetidas aos processos de certificacao aeronautica aplicados por autoridade da aviacao civil."
A-049/CENIPA/2019-01,"Divulgar os ensinamentos colhidos na presente investigacao, a fim de alertar pilotos e operadores da aviacao civil brasileira sobre os riscos decorrentes da realizacao de finais para pouso nao estabilizadas e da decisao de nao realizar uma arremetida nos casos em que os procedimentos para pouso nao apresentarem as necessarias condicoes deseguranca."
A-049/CENIPA/2022-01,"Atuar junto ao operador da aeronave, a fim de assegurar a correta aplicacao dos mecanismos de gerenciamento de risco, principalmente na operacao em aerodromos privados."
A-049/CENIPA/2022-02,"Divulgar os ensinamentos colhidos nesta investigacao aos Centros de Treinamento de Aviacao Civil (CTAC) autorizados a ministrar instrucao teorica e pratica em aeronaves modelo EMB-505, com o objetivo de incentivar as boas praticas e recomendacoes para os procedimentos de pouso, bem como motivar a consulta aos documentos publicados pelo fabricante da aeronave."
A-050/CENIPA/2013-RSV001,"Divulgar os ensinamentos do presente relatorio aos operadores da aviacao geral, enfatizando a importancia da adequada analise das condicoes meteorologicas para o desenvolvimento de um voo seguro."
A-050/CENIPA/2014-001,"Divulgar o conteudo do presente relatorio durante a realizacao de seminarios, palestras e atividades afins voltadas aos proprietarios, operadores e exploradores de aeronaves."
A-050/CENIPA/2014-002,"Reavaliar o nivel da fiscalizacao realizada utilizando o sistema DCERTA, de modo a impedir as violacoes verificadas nesta investigacao e expostas neste relatorio."
A-050/CENIPA/2015-01,Atuar junto ao operador a fim de garantir que seja estabelecido um mecanismo efetivo para o controle  de atualizacao das escrituracoes das cadernetas de manutencao das aeronaves daquela empresa.
A-050/CENIPA/2015-02,Atuar junto ao operador visando garantir a adocao de procedimentos operacionais que impecam a realizacao de voos por parte do seu quadro de pilotos caso nao haja registro da realizacao da inspecao pre-voo no diario de bordo da respectiva aeronave.
A-050/CENIPA/2015-03,"Atuar junto ao operador, visando garantir que ele adote procedimentos no sentido de nao permitir a participacao de passageiros durante a execucao de voos de check operacional de manutencao, conforme legislacao em vigor."
A-050/CENIPA/2015-04,"Atuar junto ao Helipark, visando assegurar que seja adotado um mecanismo efetivo do controle das atividades de manutencao executadas pela empresa, notadamente no que se refere aos registros dos mecanicos e inspetores nas Fichas de Inspecao dos servicos realizados, conforme legislacao em vigor."
A-050/CENIPA/2015-05,Analisar junto ao fabricante a pertinencia de se especificar em documentacao apropriada as condicoes necessarias para a conclusao do processo de polimerizacao das pas antes de um periodo de sete (7) dias.
A-051/CENIPA/2018-01,"Divulgar os ensinamentos colhidos na presente investigacao, a fim de alertar pilotos e operadores da aviacao privada brasileira sobre os riscos decorrentes da falta de planejamento e de gerenciamento do combust?vel, necess?rios para a operacao aerea segura."
A-052/CENIPA/2013-001,"Atualizar as autorizacoes junto aos operadores regulados pelo Regulamento Brasileiro de Aviacao Civil 135 (RBAC 135), no que diz respeito a operacao VFR noturna, fora de terminal, transportando passageiros, com somente um piloto, a fim de mitigar os riscos presentes nesse tipo de operacao em determinadas condicoes e regioes do pais."
A-052/CENIPA/2013-002,"Divulgar o conteudo do presente relatorio aos operadores de aeronaves regulados pelo Regulamento Brasileiro de Aviacao Civil 135 (RBAC 135), por ocasiao da realizacao de seminarios, palestras e atividades afins voltadas aos proprietarios, operadores e exploradores de aeronaves."
A-052/CENIPA/2013-003,"Tendo em vista as condicoes latentes listadas no conteudo deste relatorio, intensificar as acoes de fiscalizacao no operador da aeronave acidentada."
A-052/CENIPA/2013-RSV_001,"Divulgar o conteudo do presente relatorio durante a realizacao de seminarios, palestras e atividades afins voltadas aos proprietarios, operadores, exploradores de helicopteros da aviacao geral."
A-052/CENIPA/2013-RSV_002,"Reforcar junto as escolas de instrucao e inspetores da aviacao civil sobre a necessidade de enfatizar aos alunos e aos pilotos em avaliacao, a fiel observancia dos limites operacionais das aeronaves, dos aspectos meteorologicos e das regulamentacoes aeronauticas em vigor, com vistas ao sucesso do planejamento dos voos, o que trara suporte para mais adequados processos decisorios, minimizando a possibilidade de que eventos dessa natureza se repitam."
A-052/CENIPA/2013-RSV_003,"Divulgar os ensinamentos colhidos da presente investigacao, no ambito dos pilotos que atuam na Aviacao Geral, por intermedio da Associacao Brasileira de Aviacao Geral - ABAG, com o destaque para a fiel observancia as limitacoes de certificacao das aeronaves, dos aspectos meteorologicos e das regulamentacoes aeronauticas em vigor, com vistas ao sucesso do planejamento dos voos, o que trara suporte para mais adequados processos decisorios."
A-052/CENIPA/2014-RS_001,"Divulgar o conteudo do presente relatorio durante a realizacao de seminarios, palestras e atividades afins voltadas aos proprietarios, operadores e exploradores de aeronaves da aviacao geral e da aviacao de taxi-aereo."
A-052/CENIPA/2017-01,"Divulgar os ensinamentos colhidos na presente investigacao, a fim de alertar pilotos, operadores e mantenedores da aviacao civil brasileira sobre os riscos decorrentes da conversao dos motores aeronauticos para utilizacao de etanol como combustivel sem que seja observado o constante na IS 137.201-001 Revisao B, sobretudo no que diz respeito ao item 5.7.3 - recomendacao de avaliacao de compatibilidade dos materiais originais."
A-053/CENIPA/2021-01,"Divulgar os ensinamentos colhidos na presente investigacao aos operadores da aviacao agricola, alertando sobre os riscos decorrentes de alteracoes nao aprovadas na aeronave, seus sistemas ou componentes, bem como sobre a importancia do correto controle da manutencao, para assegurar o atendimento as especificacoes previstas e a conservacao das aeronaves em adequadas condicoes de aeronavegabilidade."
A-054/CENIPA/2013-RSV001,"Realizar auditoria especial na empresa Paramazonia Taxi-Aereo Ltda., a fim de verificar as condicoes de operacao da empresa em locais desprovidos de pistas homologadas ou registradas e as condicoes de aderencia aos Regulamentos Brasileiros da Aviacao Civil em vigor."
A-054/CENIPA/2013-RSV002,"Divulgar o conteudo do presente relatorio durante a realizacao de seminarios, palestras e atividades afins voltadas aos proprietarios, operadores e exploradores de aeronaves."
A-054/CENIPA/2019-01,"Avaliar a pertinencia de inserir na instrucao previa minima ao endosso para modelo especifico de aeronave classe, prevista na Instrucao Suplementar (IS) n° 61-006, a instrucao prevista na secao 61.195 do RBAC n° 61 como referencia, evitando utilizar otermo “a criterio” quando nao houver orientacoes sobre o treinamento a ser ministrado."
A-054/CENIPA/2019-02,"Divulgar os ensinamentos colhidos nesta investigacao nos eventos de promocao daseguranca operacional a serem promovidos pela ANAC, a fim de disseminar entre os pilotosos criterios de treinamento para endosso de modelo especifico de aeronave classe, emespecial os treinamentos de emergencias."
A-055/CENIPA/2013-001,"Realizar gestoes junto a INFRAERO-BE, afim de que seja revisado o PLEM do Aeroporto Val de Cans (SBBE), visando a adequacao dos procedimentos para o completo atendimento as emergencias aeronauticas na area da Baia do Guajara, levando em consideracao o modelo de aeronave de maior porte com operacao prevista para o aerodromo."
A-055/CENIPA/2013-002,"Tendo em vista que a aeronave estava registrada na categoria de Servicos Aereos Privados (TPP), e estava realizando o transporte de enfermo, sem que fosse homologada para o tipo de servico, e que durante a investigacao verificou-se que a aeronave havia sido comprada por particular e estaria sendo preparada para compor a frota da empresa Tail Taxi-Aereo Ltda., realizar uma auditoria na respectiva empresa, com a finalidade de verificar a aderencia aos regulamentos."
A-055/CENIPA/2013-003,"Divulgar o conteudo do presente relatorio durante a realizacao de seminarios, palestras e atividades afins voltadas aos proprietarios, operadores e exploradores de aeronaves."
A-056/CENIPA/2013-RSV001,"Atuar junto as Empresas de Aviacao Agricola, a fim de alertar os pilotos para o correto planejamento do voo, observando, principalmente, o calculo do peso do defensivo agricola colocado no hopper da aeronave, visando a operacao dentro dos parametros previstos pelos fabricantes."
A-056/CENIPA/2013-RSV002,"Divulgar o conteudo do presente relatorio durante a realizacao de seminarios, palestras e atividades afins voltadas aos proprietarios, operadores e exploradores de aeronaves agricolas."
A-057/CENIPA/2021-01,"Divulgar os ensinamentos colhidos na presente investigacao a empresa Eletric PowerConstrucao Eireli, operadora da aeronave, a fim de promover o incremento da Cultura deSeguranca Operacional, com foco nos riscos decorrentes da realizacao de procedimentosoperacionais sem que pilotos ocupando os assentos de comando estejam devidamentequalificados."
A-057/CENIPA/2021-02,"Divulgar os ensinamentos colhidos na presente investigacao durante os eventos dePromocao da Seguranca Operacional, com o objetivo de reforcar a importancia dostreinamentos de Crew Resource Management (CRM - gerenciamento de recursos deequipe - tripulacao) nas operacoes da aviacao civil, assim como do cumprimento dosrequisitos em vigor."
A-058/CENIPA/2013-RSV001,"Intensificar a fiscalizacao nas atividades que ocorrem em SBJC, de modo a disciplinar a forma de contratacao de pilotos freelancer junto aos proprietarios, operadores e exploradores de aeronaves que operam a partir daquele aerodromo, com enfoque para um adequado processo de selecao e valorizacao da seguranca de voo."
A-058/CENIPA/2021-01,"Divulgar os ensinamentos colhidos nesta investigacao aos Centros de Instrucao de Aviacao Civil (CIAC) que ministram curso pratico para obtencao da licenca de Piloto Privado - Aviao(PPR), a fim de que os mesmos sejam utilizados durante os eventos internos de promocao da seguranca operacional, objetivando elevar a conscientizacao sobre o gerenciamento de risco nas suas operacoes aereas."
A-059/CENIPA/2013-RSV_001,"Divulgar o conteudo do presente relatorio durante a realizacao de seminarios, palestras e atividades afins voltadas aos proprietarios, operadores e exploradores de aeronaves agricolas."
A-059/CENIPA/2013-RSV_002,"Desenvolver acoes voltadas para as escolas de formacao de pilotos aeroagricolas, com enfase para os fatores contribuintes para nesse acidente."
A-060/CENIPA/2013-001,"Estudar o desenvolvimento das capacidades do programa de controle - DCERTA, no sentido de coibir irregularidades nao detectadas oportunamente quando da passagem dos planos e notificacoes de voo por tripulantes nao qualificados."
A-060/CENIPA/2013-002,Divulgar o conteudo deste relatorio junto aos membros da Associacao Brasileira de Aviacao Geral (ABAG) e da Associacao de Pilotos e Proprietarios de Aeronaves (APPA).
A-060/CENIPA/2022-01,"Atuar junto ao CIAC do Aeroclube de Sao Paulo, a fim de que aquele Centro aprimore seus mecanismos de acompanhamento e supervisao da parte pratica da instrucao aerea, em especial na padronizacao de Instrutores de Voo (INVA) e Coordenadores, no intuito de garantir que as operacoes transcorram dentro de padroes aceitaveis de qualidade e seguranca."
A-060/CENIPA/2022-02,"Divulgar os ensinamentos colhidos na presente investigacao aos Centros de Instrucao de Aviacao Civil, no intuito de conscientiza-los sobre a importancia de uma adequada supervisao gerencial, buscando melhorar a qualidade da instrucao aerea, identificar os perigos e mitigar os riscos de ocorrencias aeronauticas."
A-060/CENIPA/2022-03,"Atuar junto ao Aeroclube de Sao Paulo, a fim de que aquele CIAC revise seus manuais de instrucao, de modo que sejam rigorosamente observados os parametros de voo contidos nos manuais dos fabricantes das aeronaves pertencentes ao aeroclube."
A-061/CENIPA/2013-01,"Prover recursos humanos, financeiros e materiais exclusivamente dedicados a estruturacao de uma unidade aerea dentro do sistema organizacional da Policia Civil, compondo-a, minimamente, com as secoes de Manutencao, Apoio de Solo, Operacoes, Instrucao e Seguranca de Voo."
A-061/CENIPA/2013-02,"Implementar um programa de treinamento nas unidades aereas de seguranca publica, contemplando a formacao inicial e o treinamento regular, de forma a manter a proficiencia dos tripulantes."
A-061/CENIPA/2015-01,"Divulgar os ensinamentos advindos da presente investigacao, no ambito da aviacao geral, buscando ressaltar a importancia de se conhecer e aplicar, fielmente, as acoes e verificacoes previstas nos manuais de operacao das aeronaves."
A-061/CENIPA/2017-01,"Divulgar os ensinamentos colhidos na presente investigacao, a fim de alertar pilotos e operadores da aviacao civil brasileira sobre os riscos decorrentes de planejamentos de operacoes aeroagricolas que nao consideram corretamente os obstaculos presentes no terreno."
A-062/CENIPA/2013-RSV_001,"Divulgar o presente relatorio no ambito das Organizacoes de Saude credenciadas e  envolvidas com inspecao de saude ou acompanhamento medico dos aeronavegantes, enfatizando junto aos seus profissionais responsaveis por essas atividades, a necessidade do adequado aprofundamento das pesquisas relativas as patologias que possam comprometer a Seguranca de Voo."
A-062/CENIPA/2013-RSV_002,"Divulgar o presente relatorio no ambito das Organizacoes Militares de Saude da Aeronautica envolvidas com inspecao de saude de aeronavegantes, enfatizando junto aos seus profissionais responsaveis por essas atividades, a necessidade do adequado aprofundamento das pesquisas relativas as patologias que possam comprometer a Seguranca de Voo."
A-062/CENIPA/2013-RSV_003,"Divulgar os ensinamentos colhidos do presente relatorio, junto aos operadores agricolas das diversas regioes do pais, por meio de eventos voltados para a Seguranca Operacional (palestras, seminarios e cursos), buscando ressaltar as semelhancas entre os aspectos levantados e a realidade vivenciada pelos diversos operadores."
A-062/CENIPA/2014-001,"Realizar auditoria na empresa Aero Espina Ltda. (Certificado de Organizacao de Manutencao 9503-02/ANAC), responsavel pela manutencao da aeronave, no sentido de analisar e propor melhorias no processo de recebimento de itens e de inspecao de revisao geral."
A-062/CENIPA/2014-002,"Realizar auditoria na empresa Cururupu Taxi-Aereo Ltda., no sentido de analisar e propor melhorias no processo de recebimento e rastreabilidade de itens instalados em suas aeronaves."
A-062/CENIPA/2022-01,"Atuar junto a Flyone Servico Aereo Especializado Comercio e Servicos Eireli, a fim de quea empresa demonstre que os seus processos de execucao e supervisao gerencial garantema qualidade da execucao e da supervisao tecnica dos servicos de manutencao realizadosnas aeronaves que ela mantem, conforme os requisitos estabelecidos pela Autoridade deAviacao Civil."
A-063/CENIPA/2013-RSV_001,"Realizar auditoria de carater operacional nas aeronaves e tripulacoes que operam as aeronaves da Empresa Ultrafarma Saude Ltda., com o objetivo de garantir a operacao em acordo com as normas aeronauticas brasileiras em vigor."
A-063/CENIPA/2013-RSV_002,"Atuar junto ao Operador de Aerodromo de Congonhas (SBSP) para que seja efetivado o projeto e construcao de areas de seguranca nos finais das pistas (RESA - Runway End Safety Area), considerando as diversas tecnologias ja existentes e aplicadas em outros aerodromos ao redor do mundo (por exemplo, o EMAS - Engineered Material Arresting System) e, tambem, tendo em vista as caracteristicas peculiares e de importancia economica e social deste aerodromo para a aviacao civil brasileira."
A-063/CENIPA/2013-RSV_003,Divulgar os ensinamentos desta investigacao aos operadores brasileiros de C90A e demais operadores regulados pelo RBHA 91 e RBAC 135.
A-063/CENIPA/2014-001,"Explicitar em norma pertinente os parametros para o dispositivo de alijamento de carga em emergencia, especificando quais devem ser os requisitos aplicaveis para alijamento de produto agricola solido."
A-063/CENIPA/2021-01,"Divulgar os ensinamentos colhidos nesta investigacao aos operadores de aeronaves experimentais, modelos RV-10 e RV-10A, alertando-os para a necessidade de se dispensar especial atencao para o estado geral das cablagens do atuador dos compensadores, por ocasiao da realizacao dos procedimentos de manutencao preventiva, visando identificar condicoes indesejaveis que possam concorrer para um contato acidental dos cabos condutores com a estrutura do manche, resultando no acionamento involuntario do rele do trim."
A-063/CENIPA/2021-02,"Divulgar os ensinamentos colhidos nesta investigacao aos operadores de aeronaves experimentais, modelos RV-10 e RV-10A, afetadas pelo Boletim de Servico, SB-001/17-Flyer, alertando-os para o fiel cumprimento do referido boletim."
A-063/CENIPA/2022-01,"Divulgar os ensinamentos colhidos nesta investigacao aos operadores da aeronave Cessnamodelo 208, de modo a difundir os conhecimentos sobre os riscos de se utilizar o manete de emergencia (EPL) de modo inadequado, tendo em vista a possibilidade de agravamento da condicao de emergencia."
A-063/CENIPA/2022-02,"Atuar junto a Skydive4fun Servico Aereo Especializado Ltda., a fim de certificar-se de que as suas aeronaves sejam operadas e mantidas em conformidade com os manuais e regulamentos aplicaveis, particularmente com relacao ao uso do EPL e a manutencao dos cintos de seguranca."
A-063/CENIPA/2022-03,"Atuar junto as Empresas detentoras de Certificado de Operador Aereo que realizam atividades comerciais de lancamento de paraquedistas, no sentido de certificar-se que as acoes de manutencao previstas e executadas estao em conformidade com a configuracao real da aeronave."
A-063/CENIPA/2022-04,"Atuar junto a Organizacao de Manutencao (OM) CONAL AVIONICS (COM 9012-08/ANAC),a fim de garantir que aquela OM somente execute as acoes de manutencao em totalconformidade com os manuais e demais documentos tecnicos, considerando aconfiguracao real das aeronaves, notadamente no que se refere as aeronaves da Categoriade Registro de Servico Aereo Especializado Publico - Paraquedismo (SAE-PQD)."
A-064/CENIPA/2013-RSV001,"Ratificar junto a TAM que o desenvolvimento dos eventos deste acidente mostrou que os treinamentos de CRM, ja aplicados pela empresa, podem ser atualizados no que diz respeito a eficacia do treinamento e a efetiva mudanca de atitude com relacao aos aspectos de lideranca, trabalho em equipe, comunicacao, divisao da carga de trabalho, sinergia da equipe e tomada de decisao em momentos de emergencia, bem como quanto aos procedimentos operacionais padronizados pela empresa e alterados pela tripulacao."
A-064/CENIPA/2013-RSV002,"Divulgar o conteudo do presente relatorio durante a realizacao de seminarios, palestras e atividades afins voltadas aos operadores do RBAC 121."
A-064/CENIPA/2022-01,"Atuar junto a Elo Forte Aviacao Agricola Ltda., no sentido de que aquele operador demonstre que os seus mecanismos de supervisao gerencial garantem a qualidade dos servicos de manutencao executados em suas aeronaves, no que concerne a identificacao de processos de corrosao instalados nos avioes por ela operados e a aplicacao das correcoes recomendadas para esse problema."
A-064/CENIPA/2022-02,"Atuar junto a Elo Forte Aviacao Agricola Ltda., no sentido de que aquele operador demonstre que os processos organizacionais implantados asseguram a supervisao e o delineamento de procedimentos organizacionais importantes a manutencao da seguranca operacional, tais como o controle da qualificacao dos tripulantes escalados para a realizacao dos voos executados pela empresa, assim como aqueles relacionados ao gerenciamento de risco."
A-065/CENIPA/2014-01,"Realizar uma inspecao aeroportuaria na pista de SIFH, a fim de verificar as discrepancias relatadas neste documento, assim como outras que nao puderam ser constatadas pela equipe de investigadores, por nao ser o foco deste relatorio."
A-065/CENIPA/2016-01,"Atuar junto a empresa Paramazonia Taxi Aereo LTDA., a fim de alertar aquele operador sobre os riscos decorrentes da utilizacao de aerodromo nao registrado e aprovado para o tipo de aeronave envolvido e para a operacao proposta."
A-065/CENIPA/2016-02,"Atuar junto a Paramazonia Taxi Aereo LTDA., a fim de reavaliar a adequabilidade do Manual de Gerenciamento da Seguranca Operacional (MGSO) e do Manual de Procedimentos Operacionais Padronizados (SOP) adotados por tal operador e de verificar se as instrucoes contidas nos referidos documentos estao sendo cumpridas pelas tripulacoes da empresa."
A-065/CENIPA/2021-03,"Avaliar a viabilidade de revisao do NOTAM de SDTB, a fim de que haja uma adequada padronizacao para a realizacao dos circuitos de trafego e operacao de Aeronaves Leves Esportivas Especiais naquele aerodromo, levando em consideracao as especificidades dele, da ATZ-ATIBAIA e a presenca de areas densamente povoadas ao seu redor, considerando o preconizado pelas Regras do Ar em vigor, de forma que sejam elevados os niveis da seguranca de voo das operacoes naquela localidade."
A-066/CENIPA/2013-RS_001,"Atuar junto a oficina AEROCAMPO MANUTENCAO DE AERONAVES LTDA., a fim de verificar a conformidade dos procedimentos de manutencao e controle de cadernetas e componentes adotados por esta empresa."
A-066/CENIPA/2013-RSV001,"Criar mecanismos, em parceria com a ANP, a fim de que os processos relativos ao exercicio da atividade de revenda de combustivel de aviacao sejam analisados, tambem, por essa agencia, com o proposito de evitar a venda de produto sem o controle de qualidade exigido, colocando em risco a seguranca das operacoes aereas."
A-066/CENIPA/2013-RSV002,"Exigir dos Operadores de Aerodromos, de todas as categorias, a fiscalizacao dos postos de revenda de combustivel, nos respectivos aerodromos, a fim de evitar a comercializacao do produto sem o controle de qualidade previsto, que coloque em risco a seguranca das operacoes aereas."
A-066/CENIPA/2013-RSV003,"Reforcar junto as escolas de instrucao e inspetores da aviacao civil sobre a necessidade de uma avaliacao rapida e adequada das acoes para os tipos de emergencias relacionados com a manobra de autorrotacao, com enfase para as consequencias no retardo da identificacao da aplicabilidade e execucao de tal manobra."
A-066/CENIPA/2013-RSV004,"Divulgar o conteudo do presente relatorio durante a realizacao de  seminarios, palestras e atividades afins voltadas aos proprietarios, operadores e exploradores de aeronaves."
A-066/CENIPA/2022-01,"Atuar junto a empresa Sales Taxi Aereo Ltda., com a finalidade de assegurar a suaconformidade no tocante ao cumprimento do Programa de Treinamento da Empresa,notadamente no que se refere ao treinamento de CRM, conforme secao 135.330 do RBAC135, por parte de todo o pessoal envolvido nas suas atividades aereas."
A-067/CENIPA/2013-RSV001,"Atuar junto aos aeroclubes a fim de que seja confeccionado um manual de procedimentos de instrucao para o inicio de jornada de trabalho de um novo instrutor, a fim de proporcionar condicoes para um planejamento adequado a sua instrucao."
A-067/CENIPA/2013-RSV002,"Divulgar o conteudo do presente relatorio durante a realizacao de seminarios, palestras e atividades afins voltadas aos aeroclubes, operadores e exploradores de aeronaves."
A-067/CENIPA/2013-RSV003,Adotar mecanismos para a normatizacao da sinalizacao de advertencia em todas as linhas aereas de transmissao de energia eletrica que possam trazer riscos a atividade aerea.
A-067/CENIPA/2018-01,"Realizar gestoes junto a INFRAERO, empresa operadora do Aeroporto Internacional de Campo Grande-MS, a fim de que esta revise seu Plano de Gerenciamento de Risco de Fauna (PGRF), utilizando informacoes oriundas de Identificacao de Perigo de Fauna (IPF) e indicando acoes preventivas para mitigar o risco da presenca de animais terrestres na area operacional do aerodromo."
A-067/CENIPA/2018-02,"Realizar gestoes junto a INFRAERO, empresa operadora do Aeroporto Internacional de Campo Grande-MS, a fim de que esta inclua em seu Plano de Gerenciamento de Risco de Fauna (PGRF) as acoes especificas atribuidas a cada integrante da Comissao de Gerenciamento de Risco de Fauna interna e externa."
A-067/CENIPA/2018-03,"Realizar gestoes junto a INFRAERO, empresa operadora do Aeroporto Internacional de Campo Grande-MS, a fim de que esta efetue reparos e melhorias na cerca operacional existente, em coordenacao com as demais organizacoes envolvidas na execucao das atividades operacionais do aerodromo, levando-se em consideracao as informacoes obtidas com a Identificacao do Perigo da Fauna (IPF)."
A-067/CENIPA/2018-04,"Atuar junto aos operadores de aerodromo da aviacao civil brasileira, a fim de que as organizacoes que ainda nao tenham realizado a Identificacao de Perigo de Fauna (IPF) implementem o referido procedimento e, posteriormente, atualizem seus Programas de Gerenciamento do Risco da Fauna (PGRF)."
A-067/CENIPA/2020-01,"Divulgar os ensinamentos colhidos na presente investigacao ao Departamento de Policia Federal (DPF), a fim de reforcar as acoes de coordenacao com aquela Instituicao, objetivando evitar a liberacao de aeronaves apreendidas sem o cumprimento dos requisitos estabelecidos pela Autoridade de Aviacao Civil."
A-067/CENIPA/2022-01,"Divulgar os ensinamentos obtidos nesta investigacao ao operador da aeronave a fim de que o mesmo, como responsavel primario pela operacao e aeronavegabilidade de suas aeronaves, aperfeicoe seus mecanismos de supervisao gerencial objetivando se adequar aos requisitos estabelecidos pela Autoridade de Aviacao Civil."
A-068/CENIPA/2018-01,"Atuar junto ao Aeroclube de Eldorado do Sul, a fim de que aquele operador aprimore seus mecanismos de padronizacao da instrucao aerea, sobretudo no que diz respeito a utilizacao de fichas de avaliacao que apresentem todos os campos necessarios ao adequado registro do voo."
A-068/CENIPA/2018-02,"Atuar junto ao Aeroclube de Eldorado do Sul, a fim de que aquele operador aprimore seus mecanismos de padronizacao de instrutores, sobretudo no que diz respeito ao preenchimento das fichas de voo, ocasiao em que os comentarios anotados devem ser compativeis com os niveis de aprendizagem esperados e com os graus atribuidos a cada exercicio."
A-068/CENIPA/2018-03,"Atuar junto ao Aeroclube de Eldorado do Sul, a fim de que aquele operador aprimore os treinamentos de Crew Resource Management (CRM) oferecido a seus tripulantes, sobretudo no que diz respeito a padronizacao e as corretas tecnicas de instrucao, e oriente os instrutores a serem proativos e conservativos, de modo a evitar que os erros dos alunos se aproximem do ponto de irreversibilidade de um acidente."
A-068/CENIPA/2018-04,"Atuar junto ao Aeroclube de Eldorado do Sul, a fim de que aquele operador aperfeicoe seus mecanismos administrativos e operacionais de recebimento e verificacao dos servicos de manutencao executados em suas aeronaves, como forma de prevenir ocorrencias aeronauticas."
A-068/CENIPA/2019-01,"Atuar junto ao operador do aerodromo de Costa Esmeralda (SDEN), Porto Belo, SC, a fim de que aquele operador atualize as informacoes relativas aos Objetos Projetados no Espaco Aereo (OPEA), em especial em relacao a cerca perimetral do aerodromo nas proximidades da THR 15 de SDEN."
A-068/CENIPA/2019-02,"Analisar a pertinencia de requerer ao operador do aerodromo de Costa Esmeralda (SDEN), Porto Belo, SC, a pintura de uma sinalizacao horizontal com padrao em “V” em toda a extensao antes da cabeceira (THR) 15, no intuito de alertar os pilotos de que aquela area nao e adequada para pouso de aeronaves."
A-068/CENIPA/2019-03,"Atuar junto a organizacao de manutencao JPA Manutencao de Aeronaves Ltda., a fim de verificar a conformidade dos servicos de manutencao realizados por aquela empresa, visando incrementar os niveis de competencia e seguranca operacional requeridos ao desempenho das atividades para as quais tal organizacao e certificada."
A-068/CENIPA/2021-01,"Atuar junto a Helic Air Taxi Aereo e Servicos Aereos Especializados Ltda. (atual Helic FlyTaxi e Servicos Aereos Especializado Ltda.), a fim de que operador da aeronave demonstre que possui um Programa de Treinamento adequado aos servicos aereos prestados, assim como um sistema de gerenciamento de risco que identifique os perigos e produza as acoes mitigadoras necessarias."
A-069/CENIPA/2020-01,"Atuar junto a MANAV - Manutencao de Aeronaves Ltda. (Certificado de Organizacao de Manutencao 7304-05/ANAC), a fim de verificar a conformidade dos servicos de manutencao realizados por aquela empresa, visando incrementar os niveis de competencia e seguranca operacional requeridos ao desempenho das atividades para as quais tal organizacao e certificada."
A-069/CENIPA/2020-02,"Analisar a possibilidade de publicar orientacoes mais claras sobre os itens a serem avaliados ou procedimentos a serem observados na inspecao para avaliacao da condicao segura de voo da aeronave, em especial quando a mesma deveria ter passado por um processo de estocagem, com o objetivo de mitigar situacoes inseguras decorrentes do processo de solicitacao de emissao da Autorizacao Especial de Voo (AEV)."
A-069/CENIPA/2021-01,"Analisar a viabilidade de incluir um requisito de experiencia recente para aeronaves modeloR-44 que requeira a manutencao da experiencia em helicopteros R-44, a fim de assegurara proficiencia dos pilotos nesse modelo de aeronave."
A-069/CENIPA/2022-01,"Avaliar a pertinencia de emissao de diretrizes sobre a atividade de inspecao aerea de linha de transmissao de energia eletrica, com foco na seguranca operacional, levando em consideracao as orientacoes e estudos internacionais publicados sobre o tema."
A-069/CENIPA/2022-02,"Divulgar os ensinamentos colhidos nesta investigacao a Companhia Hidro Eletrica do Sao Francisco (CHESF), a fim de que esse operador possa aplicar as melhores praticas durante suas operacoes de inspecao de linha."
A-069/CENIPA/2022-03,"Divulgar os ensinamentos colhidos na presente investigacao as empresas que realizam aeroinspecao, com o proposito de alertar esses operadores quanto aos riscos decorrentes da inadequacao da sinalizacao das linhas aereas de transmissao de energia eletrica, com base no disposto na ABNT NBR 6535:2005."
A-069/CENIPA/2022-04,"Assegurar-se da adequacao, pelas concessionarias de linhas aereas de transmissao de energia eletrica que atuam nas diversas regioes do pais, dos criterios estabelecidos na ABNT NBR 6535:2005."
A-070/CENIPA/2017-01,"Atuar junto ao Aeroclube de Campinas, a fim de que aquele operador aprimore seus mecanismos de supervisao, padronizacao e avaliacao do desempenho de seus instrutores, visando mitigar eventuais desvios operacionais ou complacencia na instrucao aerea."
A-070/CENIPA/2017-02,"Atuar junto ao Aeroclube de Campinas, a fim de que aquele operador aprimore seus mecanismos de formalizacao e padronizacao dos parametros para a realizacao de exercicios previstos na instrucao aerea."
A-070/CENIPA/2017-03,"Atuar junto ao Aeroclube de Campinas, a fim de que aquele operador implemente uma mudanca na cultura do grupo de pilotos que utilizam suas aeronaves e na cultura organizacional da instituicao como um todo, visando a consolidacao da estrutura de Seguranca Operacional daquela organizacao de ensino."
A-070/CENIPA/2017-04,"Atuar junto ao Aeroclube de Campinas, a fim de que aquele operador aprimore seus mecanismos de recebimento e tratamento dos feedbacks de alunos e instrutores, visando prover embasamento para futuras melhorias no processo de instrucao de voo."
A-070/CENIPA/2017-05,"Atuar junto ao Aeroclube de Campinas, a fim de incentivar aquele operador a ter uma atuacao mais efetiva na promocao de atividade de prevencao de ocorrencias aeronauticas, como, por exemplo, o estimulo ao preenchimento de Relatos de Prevencao (RELPREV)."
A-070/CENIPA/2022-01,"Atuar junto a Delta Taxi Aereo, a fim de certificar-se de que aquele operador atende aos requisitos estabelecidos no RBAC 135, em especial em relacao ao seu Programa de Treinamento, assim como verificar se o seu Sistema de Gerenciamento da Seguranca Operacional (SMS) e efetivo o suficiente para mitigar os riscos identificados."
A-070/CENIPA/2022-02,"Realizar estudos no sentido de incluir no RBAC 91, secao 91.102, a necessidade de sempre haver um piloto qualificado no posto de pilotagem enquanto o(s) motor(s) da aeronave estiver(em) acionado(s), com fundamento no art. 302, item II, letra S, da Lei nº 7.565, de 19 de dezembro de 1986, Codigo Brasileiro de Aeronautica (CBA)."
A-072/CENIPA/2022-01,"Reforcar a atuacao junto a Classic Escola de Aviacao Ltda., a fim de que aquela instituicao demonstre que os seus processos de gerenciamento de risco garantem niveis adequados de seguranca operacional, em especial a adequacao dos seus manuais em relacao aos manuais dos fabricantes e ao cumprimento dos requisitos estabelecidos nos regulamentos em vigor."
A-074/CENIPA/2018-01,"Atuar junto a Asas de Socorro, a fim de que aquela organizacao aperfeicoe seus mecanismos administrativos e operacionais de escrituracao dos servicos de manutencao executados em suas aeronaves, como forma de prevenir ocorrencias aeronauticas."
A-074/CENIPA/2018-02,"Atuar junto a Asas de Socorro, a fim de alertar aquela organizacao sobre os riscos decorrentes da operacao em pistas nao homologadas - ou nao registradas - pela Autoridade da aviacao Civil, fato que fere o Art. 30 do Codigo Brasileiro de aeronautica."
A-074/CENIPA/2018-03,"Atuar junto a Asas de Socorro, a fim de que o item 6.8.12 (Procedimentos de voo VFR por cima da camada) do MGO daquela organizacao seja revisado, no intuito de torna-lo condizente com o que preve o subitem 5.1.2-a da ICA 100-12/2016: os voos VFR somente serao realizados quando simultanea e continuamente o piloto puder manter referencia com o solo ou agua, de modo que as formacoes meteorologicas abaixo do nivel de voo nao obstruam mais da metade da area de sua visao."
A-074/CENIPA/2018-04,"Atuar junto a Asas de Socorro, a fim de que aquela organizacao oriente os tripulantes que operam suas aeronaves a serem mais conservativos quando estiverem realizando o planeamento dos voos, sobretudo no que diz respeito a analise dos impactos causados por meteorologia adversa."
A-074/CENIPA/2018-05,"Atuar junto a Asas de Socorro, a fim de enfatizar aquela organizacao a importancia de se observar o previsto no Art. 88 do Codigo Brasileiro de aeronautica que, salvo as excecoes estabelecidas, proibe a remocao de aeronaves acidentadas do local da ocorrencia sem a devida anuncia da autoridade de investigacao SIPAER."
A-074/CENIPA/2018-06,"Atuar junto a Asas de Socorro, a fim de enfatizar aquela organizacao a importancia de se observar o previsto no RBAC 175 (Transporte de artigos perigosos em aeronaves civis), e suas respectivas IS, e no DOC 9284-AN/905 da ICAO, sempre que houver a necessidade de se transportar carga em alguma de suas aeronaves."
A-074/CENIPA/2018-07,"Atuar junto a Fundacao Nacional do indio (FUNAI), a fim de estimular aquele orgao a solicitar a essa Agencia o registro das pistas e areas de pouso e decolagem localizadas dentro de terras indigenas, uma vez que o apoio Aereo e de suma importancia para o cumprimento das atribuicoes institucionais de tal Fundacao."
A-074/CENIPA/2022-01,"Divulgar os ensinamentos colhidos na presente investigacao ao operador do Aerodromo Clemente Verillo (SJEH), Ribeirao Bonito, SP, a fim de que aquele operador considere a necessidade de implementar melhorias na infraestrutura daquele aerodromo, de modo a evitar que as estruturas que circundam a pista tornem-se obstaculos as aeronaves que venham a experimentar uma excursao de pista."
A-077/CENIPA/2013-01,"Divulgar os ensinamentos colhidos na presente investigacao, com a finalidade de alertar os examinadores credenciados, os operadores de helicopteros e as escolas de aviacao de asas rotativas quanto aos riscos associados a execucao de manobras nao previstas nos requisitos operacionais dos fabricantes, nos respectivos programas de instrucao ou nas fichas de avaliacao de pilotos."
A-077/CENIPA/2013-02,"Reavaliar inserir, na IS nº 00-002 - Revisao F, os parametros de avaliacao que orientavam os exames de proficiencia, englobados no texto do item 5.2.3.3, da revisao B, objetivando prevalecer, independentemente das eventuais consideracoes sobre manobras ou procedimentos, o contido no manual de operacao de cada tipo de aeronave (AFM, RFM, AOM, FCOM, FCTM, POH, POHH, QRH, e etc.)."
A-077/CENIPA/2013-03,"Criar mecanismos ou canais de comunicacao que permitam direcionar parte da promocao da seguranca operacional prevista no PSOE-ANAC exclusivamente para os examinadores credenciados, objetivando aperfeicoar seus conhecimentos e suas qualificacoes, contribuindo para que eles possam se transformar em facilitadores da ANAC na divulgacao dos requisitos estabelecidos e das recomendacoes de seguranca emitidas."
A-077/CENIPA/2013-04,"Estabelecer que todo examinador credenciado tenha curso de prevencao ou de gerenciamento de risco, criando uma cultura de seguranca operacional nesse profissional de elevada responsabilidade no ambito da aviacao civil."
A-078/CENIPA/2016-01,"Atuar junto ao Batalhao de Operacoes Aereas do Corpo de Bombeiros Militar de Santa Catarina (BOA/CBMSC), a fim de que este inclua em seu Programa de Treinamento Operacional (PTO) para pilotos do AS 350 B2 as recomendacoes contidas no Manual de Instrucao THP AS 350 B2 da HELIBRAS, Rev. 2007, Secao 4 - Procedimentos Normais,item 4.10 - Operacoes em Condicoes Meteorologicas Extremas, no tocante a operacao com vento forte."
A-078/CENIPA/2021-01,"Analisar, em coordenacao com o Departamento de Controle do Espaco Aereo (DECEA), a viabilidade de incluir em seus regulamentos ou normas especificas as orientacoes a respeito do treinamento necessario previsto na ICA 100-04 para a operacao noturna offshore em plataforma maritima."
A-078/CENIPA/2021-02,Analisar a pertinencia de estabelecer requisitos especificos para a aquisicao e manutencao de experiencia recente em helicopteros realizando operacao offshore no periodo noturno.
A-078/CENIPA/2021-03,"Divulgar os ensinamentos colhidos nesta investigacao as empresas que realizam operacoes aeromedicas noturnas em plataforma maritima, a fim de que seus programas de treinamento atendam aos requisitos e orientacoes necessarias que permitiam uma operacao segura da atividade."
A-078/CENIPA/2021-04,"Aperfeicoar os mecanismos de coordenacao com a ANAC, a fim de se evitar o descumprimento de regras e procedimentos especificos estabelecidos nas suas Instrucoes normativas, como o constatado na ICA 100-4, objeto de analise deste relatorio."
A-078/CENIPA/2022-01,"Atuar junto a Organizacao de Manutencao (OM) Marta Aviacao (COM 200505-01), a fim deassegurar que os procedimentos de manutencao conduzidos por aquela OM ocorram emconformidade com a regulamentacao em vigor, especificamente no que se refere aidentificacao e controle de componentes, assim como a execucao de servicos nos motoresdas aeronaves Cessna Aircraft, modelo 182P."
A-079/CENIPA/2015-01,"Realizar gestoes junto ao operador da aeronave a fim de que este aprimore os metodos de Supervisao Gerencial, no ambito operacional, com vistas ao adequado acompanhamento do planejamento e execucao dos voos realizados pelos tripulantes da empresa."
A-079/CENIPA/2015-02,"Realizar gestoes junto ao operador, visando garantir que seus tripulantes cumpram, fielmente, o estabelecido no Programa de Treinamento Operacional (PTO) estabelecido pela empresa."
A-079/CENIPA/2015-03,"Atuar junto ao operador com a finalidade de verificar os procedimentos estabelecidos para o relato de discrepancias/panes da aeronave, garantindo aos seus pilotos a autonomia necessaria para o registro destas no diario de bordo das aeronaves."
A-079/CENIPA/2015-04,"Realizar gestoes junto a oficina de manutencao Hangar Oficina e Recuperacao de Avioes (HORA) com a finalidade de verificar a conformidade dos procedimentos de manutencao, bem como o controle das cadernetas de manutencao das aeronaves por ela inspecionadas."
A-079/CENIPA/2016-01,"Divulgar os ensinamentos colhidos na presente investigacao, a fim de alertar pilotos e operadores da aviacao civil brasileira sobre os riscos decorrentes de um planejamento de voo inadequado, sobretudo no que diz respeito a nao observancia das condicoes meteorologicas em rota e no destino."
A-079/CENIPA/2017-01,"Divulgar os ensinamentos colhidos na presente investigacao, a fim de alertar pilotos e operadores da aviacao civil brasileira sobre a importancia do correto gerenciamento das emergencias, sobretudo no que diz respeito a identificacao assertiva de panes e a observancia das recomendacoes apresentadas nos manuais de voo das aeronaves."
A-080/CENIPA/2014-001,"Realizar gestoes junto ao operador da aeronave a fim de que este aprimore metodos de Supervisao Gerencial, no ambito operacional, com vistas ao adequado acompanhamento das fases de planejamento e execucao dos voos realizados em proveito das operacoes aeroagricolas."
A-080/CENIPA/2014-002,"Divulgar os ensinamentos colhidos da presente investigacao, buscando alertar os pilotos que atuam na aviacao agricola, sobre os riscos decorrentes da variacao dos parametros que interferem no desempenho operacional das aeronaves, notadamente, durante a realizacao da curva de reversao."
A-080/CENIPA/2016-01,"Divulgar os ensinamentos contidos na presente investigacao as empresas que realizam operacao offshore segundo o RBAC 135, com o intuito de alertar os operadores sobre a necessidade de discutir questoes envolvendo as emergencias relacionadas a falha de um dos motores em qualquer momento do voo, nao se limitando, apenas, a fase apos a decolagem."
A-080/CENIPA/2019-01,"Divulgar os ensinamentos colhidos na presente investigacao, com a finalidade de alertar os pilotos de aeronaves quanto aos riscos associados ao ofuscamento e degradacao da percepcao do ambiente externo."
A-081/CENIPA/2015-01,"Avaliar a viabilidade de incluir no sistema eletronico de planos de voo (SIGMA) uma logica capaz de identificar e bloquear os planos sob regra de voo visual (VFR) em que a operacao ocorrera no periodo noturno e fora dos limites de uma ATZ, CTR, TMA, ou ainda, na inexistencia desses espacos aereos, quando realizado dentro de um raio de 50 Km (27 NM) do aerodromo ou heliponto de partida."
A-081/CENIPA/2019-01,"Atuar junto a TEMA Tecnologia Manutencao de Aeronaves EIRELI no sentido de que aquela organizacao demonstre que os processos relacionados a supervisao gerencial das atividades de planejamento, execucao e controle, no ambito tecnico, estao devidamente implantados e garantam a qualidade dos servicos executados."
A-082/CENIPA/2021-01,Incluir os ensinamentos colhidos nesta investigacao no processo administrativo autuado que visa avaliar os requisitos de treinamento para o fenomeno de brownout na Subparte M- “Treinamento para Pilotos” do RBAC n° 90 - “Requisitos para Operacoes Especiais de Aviacao Publica”.
A-082/CENIPA/2021-02,"Divulgar os ensinamentos colhidos nesta investigacao as Unidades Aereas Publicas que operam helicoptero, a fim de reforcar a necessidade de analise, pelos operadores, sobre a viabilidade de incluir, na revisao de seus manuais, as tecnicas empregadas para o pouso com as condicoes visuais degradadas, em especial durante a ocorrencia do fenomeno brownout."
A-082/CENIPA/2022-01,"Divulgar os ensinamentos colhidos nesta investigacao a empresa Bom Futuro AgricolaLtda., a fim de que esta observe o cumprimento dos requisitos estabelecidos na Subparte F do RBAC 137, Emenda nº 05, buscando corrigir eventuais falhas na gestao organizacional que possam ocasionar um baixo nivel de gerenciamento da seguranca operacional."
A-083/CENIPA/2013-001,"Divulgar o conteudo do presente relatorio durante a realizacao de seminarios, palestras e atividades afins voltadas aos proprietarios, operadores e exploradores de aeronaves reguladas pelo RBAC 135."
A-083/CENIPA/2013-002,"Tendo em vista as condicoes latentes listadas no conteudo deste relatorio, intensificar as acoes de fiscalizacao no operador da aeronave acidentada."
A-084/CENIPA/2013-001,"Divulgar o conteudo do presente relatorio durante a realizacao de seminarios, palestras e atividades afins voltadas aos proprietarios, operadores e exploradores de aeronaves agricolas."
A-084/CENIPA/2013-002,Divulgar os ensinamentos decorrentes desse acidente como forma de coibir a realizacao de manobras nao condizentes com o modelo de aeronave e com a altura de voo.
A-084/CENIPA/2019-01,"Divulgar os ensinamentos colhidos na presente investigacao, com o objetivo de orientar os operadores de aeronaves utilizadas em operacoes privadas de fomento ou protecao da agricultura em geral sobre a necessidade de adotarem medidas mitigadoras, buscando dotar as areas de pouso para uso aeroagricola com a infraestrutura necessaria para gerenciar os riscos decorrentes desse tipo de operacao."
A-085/CENIPA/2017-01,"Divulgar os ensinamentos colhidos com esta ocorrencia, notadamente com relacao aos riscos associados a realizacao de operacoes aereas especializadas por tripulantes nao habilitados."
A-085/CENIPA/2020-01,"Atuar junto a Unidade Aerea Publica (UAP) da Policia Militar do Estado de Sao Paulo, a fim de que seja estabelecida uma abordagem sistematica para a gestao da seguranca operacional, por meio da adequacao do sistema de manuais e dos programas de treinamento estabelecidos no Apendice A do RBAC nº 90, de modo a contemplar a descricao detalhada das responsabilidades, dos processos e atribuicoes de todos os envolvidos nas operacoes especiais de aviacao publica."
A-086/CENIPA/2014-001,"Tendo em vista os fatos observados e relatados neste relatorio, a repeticao de ocorrencias aeronauticas com aeronaves E-202, por nao observacao dos pilotos no que diz respeito aos limites operacionais determinados pelo fabricante da aeronave e claramente expressos nos manuais, intensificar o grau e o nivel de avaliacao dos pilotos por ocasiao de cheque inicial e cheques de rotina."
A-087/CENIPA/2013-RSV001,"Enfatizar, nas atividades educativas e nas vistorias em aeroclubes e centros de treinamento de aviacao civil, a importancia do adequado preparo teorico e pratico dos instrutores e alunos, no que se refere ao controle e as reacoes das aeronaves convencionais, sobretudo quanto ao risco de toque da helice no solo."
A-087/CENIPA/2019-01,"Divulgar os ensinamentos colhidos na presente investigacao, com a finalidade de alertar os operadores, especialmente de aeronaves experimentais, quanto aos riscos associados ao gerenciamento inadequado do combustivel."
A-087/CENIPA/2022-01,"Divulgar os ensinamentos colhidos nesta investigacao durante os eventos de promocao daseguranca operacional, objetivando difundir os riscos associados aos voos VFR em condicoes restritas de visibilidade assim como a necessidade do cumprimento dos requisitos estabelecidos nas normas em vigor."
A-088/CENIPA/2018-01,"Divulgar  o  conteudo  deste  Relatorio  Final,  a  fim  de  alertar  os  pilotos  da  Aviacao  Geral quanto aos riscos associados a operacao em condicoes meteorologicas adversas."
A-088/CENIPA/2019-01,"Reforcar a atuacao junto a organizacao de manutencao Parintins Servicos de Transportes e Comercio de Pecas para Avioes Ltda (CHE No 0208-01/ANAC), a fim de verificar, novamente, a conformidade dos servicos de manutencao realizados por aquela empresa, visando incrementar os niveis de competencia e seguranca operacional requeridos ao desempenho das atividades para as quais tal organizacao e certificada."
A-088/CENIPA/2023-01,"Divulgar os ensinamentos colhidos na presente investigacao aos operadores aeroagricolas, com o proposito de auxiliar no processo de gerenciamento de risco e na identificacao de perigos, objetivando adotar as acoes mitigadoras necessarias em relacao aos procedimentos de abastecimento de combustivel durante as operacoes aeroagricolas."
A-089/CENIPA/2013-001,"Divulgar o conteudo deste relatorio em seminarios, simposios, palestras e atividades afins voltados a Aviacao Agricola."
A-089/CENIPA/2013-002,Intensifcar a fiscalizacao sobre os operadores regulados pelo RBAC 137.
A-089/CENIPA/2017-01,"Divulgar os ensinamentos colhidos na presente investigacao, a fim de alertar operadores e organizacoes de manutencao sobre a importancia de se verificar, durante os procedimentos de manutencao corretivas, as condicoes do sistema de combustivel dos motores IO-520-L-12B nao somente quanto a vazamentos, mas tambem quanto a possibilidade deste sistema estar contaminado por material estranho."
A-089/CENIPA/2017-02,"Atuar junto a VOARE Taxi Aereo Ltda., a fim de que aquela organizacao demonstre que possui e aplica todos os recursos necessarios a adequada prestacao de servicos de manutencao nas aeronaves CESSNA, modelo 210M, e nos motores Continental, modelo IO-520-L-12B, conforme preconiza a legislacao em vigor, os respectivos manuais tecnicos e a Lista de Capacidades da empresa."
A-089/CENIPA/2017-03,"Atuar junto a VOARE Taxi Aereo Ltda., a fim de que aquele operador aperfeicoe seus mecanismos administrativos e operacionais de reportes de anormalidade em suas aeronaves, realizados pelos tripulantes aos profissionais de manutencao, e de escrituracao dos servicos executados, como forma de prevenir ocorrencias aeronauticas."
A-089/CENIPA/2017-04,"Atuar junto a VOARE Taxi aereo ltda., a fim de que aquela organizacao estabeleca mecanismos que garantam o cumprimento do manual de voo das aeronaves por seus tripulantes, sobretudo no que diz respeito a correta utilizacao dos flapes para a decolagem."
A-089/CENIPA/2018-01,"Divulgar  os  ensinamentos  colhidos  na  presente  investigacao,  a  fim  de  alertar  pilotos  e operadores da aviacao civil brasileira sobre a importancia do correto planejamento de voo, sobretudo no que diz respeito aos aspectos relacionados a performance da aeronave na decolagem e subida e a escolha da cabeceira para a operacao."
A-090/CENIPA/2014-01,"Atuar junto ao Departamento de Policia Rodoviaria Federal, a fim de que aquele operador avalie a pertinencia de adotar, a despeito da nao obrigatoriedade pela legislacao em vigor, mecanismos que permitam o acompanhamento da proficiencia operacional e o controle das habilitacoes tecnicas e das qualificacoes dos tripulantes que operam suas aeronaves."
A-090/CENIPA/2014-02,"Atuar junto ao Departamento de Policia Rodoviaria Federal, a fim de que aquele operador avalie a pertinencia de adotar, a despeito da nao obrigatoriedade pela legislacao em vigor, de um programa de instrucao e manutencao operacional padronizado e adequado a cada modelo de aeronave operada, contemplando a formacao inicial e o treinamento regular, de forma a prover e manter a proficiencia dos tripulantes."
A-090/CENIPA/2014-03,"Atuar junto ao Departamento de Policia Rodoviaria Federal, a fim de que aquele operador mantenha e, continuamente, adeque um sistema de gerenciamento de seguranca operacional (SGSO) e um manual de gerenciamento da seguranca operacional (MGSO), de acordo com a realidade atual da organizacao."
A-090/CENIPA/2014-04,"Atuar junto ao Departamento de Policia Rodoviaria Federal, a fim de que aquele operador avalie a pertinencia de aprimorar e tornar periodicos os treinamentos de CRM oferecidos a seus tripulantes, sobretudo no que diz respeito as padronizacoes necessarias a manutencao da seguranca operacional nas atividades de instrucao."
A-090/CENIPA/2014-05,"Atuar junto ao Departamento de Policia Rodoviaria Federal, a fim de que aquele operador aprimore suas atividades de prevencao de ocorrencias aeronauticas, estabelecendo protocolos, responsabilidades e atribuicoes para o planejamento e a execucao das tarefas relacionadas a seguranca operacional."
A-090/CENIPA/2014-06,"Atuar junto ao Departamento de Policia Rodoviaria Federal, a fim de que aquele operador aperfeicoe seus mecanismos administrativos e operacionais de recebimento e verificacao dos servicos de manutencao executados em suas aeronaves por pessoas ou organizacoes contratadas com essa finalidade."
A-090/CENIPA/2017-01,"Divulgar os ensinamentos colhidos com a presente investigacao, a fim de alertar pilotos e operadores da aviacao civil brasileira sobre a importancia da criteriosa avaliacao das condicoes meteorologicas do ambiente operacional, sobretudo em localidades desprovidas de servico de informacao aeronautica, alem das caracteristicas fisicas dos aerodromos que poderao influenciar a selecao da cabeceira a ser utilizada."
A-091/CENIPA/2014-01,"Atuar junto a TC oficina de manutencao de helicopteros ltda. (oficina que realizou a ultima inspecao da aeronave), no sentido de assegurar que os procedimentos de manutencao realizados nas aeronaves modelo BELL 206L-3 estao de acordo com o preconizado pelo manual do fabricante."
A-091/CENIPA/2014-02,"Atuar junto a TC Oficina de Manutencao de Helicopteros LTDA., no sentido de aperfeicoar os mecanismos de supervisao dos trabalhos realizados na manutencao das aeronaves."
A-091/CENIPA/2017-01,"Monitorar os dados do Sistema de Gerenciamento de Risco Aviario (SIGRA), disponibilizado pelo CENIPA na sua pagina na internet, em especial o avistamento e as colisoes reportadas na rota SJPN-SDRE, a fim de atuar junto as autoridades competentes, visando reduzir atividades urbanas que se constituem ou venham a se constituir em potenciais focos de atracao de aves nas areas de influencia de aerodromos, conforme estabelecido na Politica Nacional de Aviacao Civil (PNAC), aprovada pelo Decreto nº 6780/2009."
A-091/CENIPA/2019-01,"Atuar junto a MAP Linhas Aereas LTDA., a fim de que esta empresa realize um treinamento extraordinario em gerenciamento de recursos de equipes (Corporate Resource Management - CRM), contemplando todo o programa estabelecido na IAC 060-1002A e no ML.DRH.002-16, para todos os seus tripulantes de voo. Foco especial devera ser despendido nas acoes adotadas durante o gerenciamento de situacoes anormais e de emergencias, ocorridas em voo, com os modelos de aeronaves que compoem a frota da empresa de acordo com as Especificacoes Operativas."
A-091/CENIPA/2019-02,"Realizar uma inspecao de acompanhamento do treinamento de CRM na MAP Linhas Aereas LTDA., de acordo com os termos estabelecidos pela IAC 060-1002A."
A-091/CENIPA/2019-03,"Atuar junto a MAP Linhas Aereas LTDA., a fim de que esta empresa ministre aulas de reciclagem sobre os sistemas eletricos das aeronaves ATR-42 e ATR-72 para todos os seus pilotos. Especial atencao devera ser dispendida no correto entendimento da lista de equipamentos dependentes que serao afetados por uma falha eletrica ocorrida em cada barramento da aeronave."
A-091/CENIPA/2019-04,"Atuar junto a MAP Linhas Aereas LTDA., a fim de assegurar que os servicos de manutencao efetivamente realizados nas aeronaves operadas pela empresa ocorram em total conformidade com as previsoes das Especificacoes Operativas, Manual Geral de Manutencao e Programa de Manutencao, aprovados pela Autoridade de Aviacao Civil."
A-091/CENIPA/2019-05,"Atuar junto a MAP Linhas Aereas LTDA. de forma a assegurar que o Programa de Manutencao da empresa esteja em conformidade com os requisitos estabelecidos pelo fabricante, a fim garantir as adequadas condicoes de aeronavegabilidade das aeronaves, especificamente no que se refere ao Programa de Prevencao e Controle de Corrosao."
A-091/CENIPA/2019-06,"Atuar junto a MAP Linhas Aereas LTDA., a fim de garantir que as demais aeronaves da frota da empresa estejam em condicoes adequadas de aeronavegabilidade, especificamente no que se refere ao Programa de Prevencao e Controle de Corrosao, haja vista as condicoes encontradas pela ATR durante a avaliacao feita na aeronave acidentada, as quais culminaram com a emissao do DAMAGE ASSESSMENT REPORT, reference ES-3495/19-ATR0100625."
A-091/CENIPA/2019-07,"Atuar junto a MAP Linhas Aereas LTDA., a fim de que esta empresa aprimore seus processos de comunicacao interna, buscando a estabilizacao do clima organizacional, por meio da troca de informacoes regulares com os funcionarios, com o objetivo de mante-los cientes das mudancas administrativas e operacionais em curso na organizacao."
A-092/CENIPA/2015-01,"Atuar junto a CIOPAER visando a implementacao de uma Avaliacao de Desempenho dos OEE que realizam o rapel nas aeronaves EC45, de acordo com o programa de treinamento da organizacao."
A-092/CENIPA/2015-02,"Atuar junto a CIOPAER buscando a designacao de instrutores/avaliadores de rapel, dentre os OEE da organizacao, de modo a permitir a realizacao de instrucao em consonancia com a padronizacao estabelecida nas normas e com as tecnicas de CRM."
A-092/CENIPA/2015-03,"Atuar junto a CIOPAER visando a realizacao de treinamento das tripulacoes que atuam na realizacao de rapel nas aeronaves modelo EC45, fazendo o uso do fiel cumprimento das sequencias das acoes estabelecidas no Manual de Procedimentos Operacionais, da fraseologia padrao e das tecnicas de CRM."
A-092/CENIPA/2015-04,"Atuar junto a CIOPAER visando a inclusao de call out na fraseologia estabelecida na pagina 110 do Programa de Treinamento para Pilotos, ou outro procedimento que assegure o toque da corda no solo durante a execucao de manobras do tipo rapel."
A-092/CENIPA/2015-05,"Atuar junto a CIOPAER visando a padronizacao da nomenclatura utilizada no Manual de Procedimentos Operacionais e no Programa de Treinamento para Pilotos, no tocante a realizacao do rapel."
A-092/CENIPA/2015-06,"Assegurar-se da adequacao dos metodos de supervisao gerencial adotados pela CIOPAER, visando ao pleno funcionamento do sistema de comunicacao interna das aeronaves modelo EC45, notadamente, para efeito da realizacao do rapel."
A-092/CENIPA/2015-07,"Assegurar-se de que, para efeito dos Planejamentos de Voo realizados pelos tripulantes da CIOPAER, alem dos procedimentos de rotina estabelecidos nas normas, sejam consideradas tambem as situacoes circunstanciais, como por exemplo, os acionamentos em voo de instrucao para o cumprimento de missoes reais."
A-092/CENIPA/2015-08,"Divulgar os ensinamentos advindos da presente investigacao, no ambito dos operadores aeropoliciais, buscando ressaltar a importancia do uso dos Procedimentos Operacionais Padrao, das tecnicas de CRM adequadas e da proficiencia dos tripulantes para o sucesso das operacoes aeropoliciais."
A-092/CENIPA/2021-01,"Atuar junto a RIMA - Rio Madeira Aerotaxi Ltda., responsavel primario pela operacao e aeronavegabilidade de suas aeronaves, a fim de que a empresa aperfeicoe seus mecanismos de supervisao gerencial das atividades de manutencao, garantindo niveis"
A-092/CENIPA/2024-01,"Divulgar os ensinamentos colhidos na presente investigacao durante os eventos de promocao da seguranca operacional, com o proposito de alertar os pilotos e operadores das aeronaves que atuam sob as regras do RBAC 91 para a importancia do adequado planejamento de voo, particularmente no tocante aos limites de peso e balanceamento, de modo a evitar a perda de controle durante a realizacao da corrida de decolagem."
A-092/CENIPA/2025-01,"Adotar acoes de fiscalizacao objetivando certificar-se do cumprimento dos requisitosestabelecidos na secao 154.401 do RBAC 154, notadamente o que se refere aos auxiliosvisuais para indicar areas de uso restrito e a remocao de todas as sinalizacoes normais daspistas que estejam permanentemente interditadas, a fim de evitar a exposicao de aeronaves a situacoes de risco."
A-092/CENIPA/2025-02,"Atuar junto a Superintendencia do Patrimonio da Uniao do Estado da Bahia (SPU/BA) no sentido de assegurar que os requisitos atinentes a auxilios visuais para indicar areas de uso restrito da pista de pouso e decolagem do Aerodromo Pedro Otacilio Figueiredo, excluida do cadastro, estao em consonancia com o estabelecido na Secao 154.401 do RBAC 154."
A-093/CENIPA/2015-01,"Divulgar o conteudo e os ensinamentos colhidos nesta investigacao a todos os operadores da aviacao offshore, ressaltando a importancia do fiel cumprimento das orientacoes e das medidas que foram implementadas apos este Incidente Grave, com especial atencao para a severidade das possiveis consequencias em caso de descumprimento."
A-093/CENIPA/2015-02,"Analisar a pertinencia de incluir nos procedimentos destinados aos radioperadores de unidades maritimas (um), preconizados na NORMAM-27/DPC, a obrigatoriedade de informar as aeronaves que se aproximam para pouso nas embarcacoes a mais recente condicao do helideque registrada no hms do navio (red light ou green light), em adicao as informacoes ja previstas nessa norma."
A-093/CENIPA/2020-01,"Avaliar a pertinencia de inclusao do fenomeno brownout no componente curricular da secao 90.173 - “Treinamento inicial: curriculo de solo”, da Subparte M - “Treinamento para Pilotos”do RBAC n° 90 - “Requisitos para Operacoes Especiais de Aviacao Publica”."
A-093/CENIPA/2020-02,"Divulgar os ensinamentos colhidos nesta investigacao as Unidades Aereas Publicas que operam helicoptero, a fim de que seja analisada, pelos operadores, a viabilidade de incluir na revisao de seus manuais as tecnicas empregadas para o pouso com as condicoes visuais degradadas, em especial durante a ocorrencia do fenomeno brownout."
A-094/CENIPA/2013-RSV001,"""Observar o rigoroso cumprimento do Manual de Procedimentos MPR 100, Rev 06, considerando a necessidade de criteriosa observacao dos parametros de seguranca no tocante aos criterios de liberacao de AEV, conforme o previsto em 7.10.4: """"Realizar a maior e mais abrangente inspecao prevista no programa de manutencao da aeronave, recomendado pelo fabricante ou aprovado do operador, incluindo qualquer item especial, horario ou calendarico estipulado"""". Tal quesito reveste-se de especial importancia nos casos de CA suspenso ou IAM vencida, para as aeronaves ha longo tempo sem acao de preservacao ou estocagem# situacao esta que requer a verificacao por pessoa credenciada para liberar o voo da aeronave."""
A-095/CENIPA/2013-01,Divulgar os ensinamentos colhidos na presente investigacao aos Centros de Instrucao de Aviacao Civil que ministram cursos teoricos e praticos de helicopteros.
A-096/CENIPA/2014-01,"Atuar  junto  a  Aero  Agricola  Santos  Dumont  Ltda.  no  sentido  de  tornar  efetiva  a participacao  do  GSO  da  empresa  para  a  seguranca  das  operacoes,  o  qual  devera:  criar procedimentos   formais   para   troca   de   informacoes   entre   os   pilotos;   incentivar   o preenchimento e a divulgacao de RELPREV; realizar o gerenciamento de risco dos voos; realizar  reunioes  periodicas  sobre seguranca  de  voo,  ressaltando  a  importancia  de observar as limitacoes de cada aeronave da empresa e as consequencias da indisciplina de voo."
A-096/CENIPA/2014-02,"Atuar  junto  a  Aero  Agricola  Santos  Dumont  para  que  seja  confeccionado  e  atualizado, periodicamente,  um  manual  de  procedimentos  de  voo  para  os  instrutores  e  alunos  da empresa."
A-096/CENIPA/2014-03,Atuar junto aos responsaveis pela Supervisao Gerencial da Aero Agricola Santos Dumont Ltda.  para  que  seja  monitorado  o  desempenho  dos  alunos  e  instrutores  dos  diversos cursos oferecidos pela empresa
A-096/CENIPA/2014-04,"Atuar junto aos responsaveis pela Supervisao Gerencial da Aero Agricola Santos Dumont Ltda.  para  que  seja  gerenciado  o  intervalo  entre  os  voos  de  cada  piloto,  de  forma  a possibilitar tempo adequado para briefinge debriefing, e para o descanso dos mesmo."
A-096/CENIPA/2021-01,"Atuar junto ao CIAC do Aeroclube de Dourados, a fim de que aquele Centro de Instrucao aprimore seus mecanismos de acompanhamento e supervisao de todas as inspecoes / revisoes relacionadas a manutencao de suas aeronaves, sejam elas realizadas em OM contratadas ou por mecanicos habilitados."
A-096/CENIPA/2021-02,"Divulgar os ensinamentos colhidos nesta investigacao aos Centros de Instrucao de Aviacao Civil que operam o modelo de aeronave AB-115, com o proposito de sua utilizacao nos eventos de promocao da seguranca operacional no ambito do SMS."
A-096/CENIPA/2022-01,"Atuar junto a Morandi Aviacao Agricola Ltda., no sentido de que aquele operador demonstreque os seus mecanismos de supervisao gerencial das atividades de planejamento e execucao, no ambito operacional, garantem niveis adequados de seguranca nas operacoes, particularmente no que concerne ao gerenciamento dos riscos relacionados as areas nas quais as suas aeronaves realizam operacoes aeroagricolas."
A-097/CENIPA/2013-RS_001,"Reiterar a importancia do CRM como ferramenta de seguranca operacional, por ocasiao de eventos relacionados a aviacao em geral, e nas obtencoes e revalidacoes de CHT, destacando questoes de divisao de tarefas, familiarizacao com procedimentos de emergencia, com enfase especifica na manutencao"
A-097/CENIPA/2023-01,"Atuar junto aos fabricantes NEIVA/EMBRAER e PIPER, no sentido de buscar solucoes de forma a excluir as possibilidades de contato entre o parafuso tipo clevis fixador do anti-shimmy e o tubo atuador traseiro da porta do trem de pouso de nariz, garantindo que nao haja bloqueio do movimento da perna do trem de pouso auxiliar em razao de rocamento entre os componentes, durante os ciclos de abaixamento e recolhimento do trem de pouso."
A-098/CENIPA/2016-01,"Atuar junto a empresa Aeroagricola Chapadao Ltda., a fim de que aquela organizacao aperfeicoe seus mecanismos de planejamento de voo, gerenciamento de risco e supervisao gerencial, visando incrementar os niveis de competencia e seguranca operacional requeridos para o desempenho das atividades para as quais tal empresa e certificada."
A-099/CENIPA/2022-01,"Divulgar os ensinamentos colhidos na presente investigacao aos Centros de Instrucao de Aviacao Civil (CIAC) que ministram instrucao em helicopteros, buscando alertar os pilotos das aeronaves modelo Robinson 44 a respeito do Safety Notice - 34 (SN-34), pelo qual o fabricante da aeronave orienta quanto aos procedimentos a serem adotados nos casos de perda de controle translacional."
A-099/CENIPA/2023-01,"Divulgar os ensinamentos colhidos na presente investigacao durante os eventos e acoes de promocao da seguranca operacional, com o proposito de alertar os operadores, pilotos e mantenedores das aeronaves que operam sob as regras do RBAC 91, sobre a necessidade da fiel observancia da IS 91.409-01, em sua ultima revisao, com foco na adocao de um programa de monitoramento de tendencia que promova a adequada avaliacao das condicoes gerais do motor e de seus acessorios, para efeito da extensao dos respectivos TBO."
A-100/CENIPA/201_5-0_1,"Atuar  junto a Uirapuru  Taxi  Aereo  Ltda.,  no  sentido  de  aperfeicoar  o  acompanhamento das  intervencoes  de  manutencao de  suas  aeronaves, no  sentido  de  fazer  com  que  seja cumprido rigorosamente o previsto no Manual de Manutencao elaborado pelo fabricante."
A-100/CENIPA/2015-0_2,Realizar  gestoes junto ao fabricante da aeronave a fim de avaliara viabilidade de incluir no respectivo check list informacoes relativas a  utilizacao  da  alimentacao  cruzada  em caso de falha do motor.
A-100/CENIPA/2022-01,"Atuar junto a empresa Aero Agricola Rio Verde Ltda., a fim de que aquele operadoraprimore suas atividades de supervisao gerencial e padronize seus procedimentosoperacionais e de manutencao, como forma de estabelecer barreiras eficazes ao errohumano."
A-101/CENIPA/2014-RS_001,"Determinar ao operador do aerodromo a suspensao temporaria da operacao normal de aeronaves de asas fixa no local, durante o periodo noturno, ate que acoes mitigadoras que restrinjam o acesso a pista de pouso por animais terrestres com massa superior a 1 kg sejam adotadas. A operacao diurna possibilita as tripulacoes a percepcao antecipada da possivel presenca de animais terrestres sobre a pista."
A-101/CENIPA/2014-RS_002,"Determinar ao operador do aerodromo que efetue inspecoes em todo o perimetro da pista, utilizando carro ou outros meios julgados necessarios a garantia de que nao ha animais nas proximidades da mesma, antes de todos os pousos e decolagens, durante o periodo de operacao do aerodromo."
A-101/CENIPA/2014-RS_003,"Determinar ao operador do aerodromo que instale cercas operacionais que impecam o acesso de animais terrestres a pista de pouso, em carater de urgencia."
A-101/CENIPA/2014-RS_004,"Determinar ao operador do aerodromo o cumprimento dos requisitos contidos no RBAC 164, a fim de aumentar a seguranca da operacao no local, uma vez que la operam aeronaves da categoria transporte regional."
A-101/CENIPA/2014-RS_005,"Determinar ao operador do aerodromo e aos operadores de aeronaves que facam o reporte de colisoes, quase colisoes e avistamentos de fauna por meio de sitio Internet do Cenipa (Ficha Cenipa 15 – FC15).  Alternativamente, em casos de maior severidade, o “Relatorio ao Cenipa para a Seguranca de Voo – RCSV” pode ser utilizado para reportar situacoes que tenham sido reportadas por Relatorio de Prevencao (RELPREV), mas nao tenham sido sanadas pelo operador do aerodromo."
A-101/CENIPA/2014-RS_006,Divulgar essas recomendacoes entre os operadores de aeronaves que utilizam regularmente o aerodromo de Porto Urucu.
A-101/CENIPA/2016-01,"Atuar junto a organizacao de manutencao REMAER Aviacao e Comercio Ltda., no intuito de verificar a adequacao dos processos de manutencao realizados pela empresa, especificamente no que se refere as revisoes gerais nos motores Lycoming IO-540-K1J5, bem como o eficiente funcionamento de sistemas que visem ao gerenciamento da seguranca operacional e a gestao da qualidade."
A-101/CENIPA/2016-02,"Divulgar os ensinamentos colhidos na presente investigacao, a fim de alertar os mantenedores do motor Lycoming IO-540-K1J5 quanto ao fiel cumprimento das instrucoes tecnicas previstas em manual, em particular, no que se refere ao torque previsto para os prisioneiros dos cilindros do motor."
A-101/CENIPA/2022-01,"Atuar junto ao CIAC do Aeroclube de Juiz de Fora, a fim de que aquele Centro demonstre  que adota, no ambito do seu Sistema de Gerenciamento da Seguranca Operacional, medidas suplementares de gerenciamento de risco para a escalacao dos seus pilotos, considerando a experiencia de voo no modelo de aeronave utilizada na instrucao aerea."
A-103/CENIPA/2013-01,"Aperfeicoar a redacao da secao 91.102 do RBHA 91, visando incluir, dentre os criterios ja estabelecidos para a operacao de embarque ou desembarque de passageiros em helicopteros com o(s) motor(es) em funcionamento, a obrigatoriedade da permanencia de piloto devidamente habilitado, no correspondente posto de pilotagem."
A-103/CENIPA/2013-02,"Incluir dispositivo no RBHA 91 estabelecendo a obrigatoriedade da realizacao de briefing dirigido aos passageiros, pelos pilotos, abordando aspectos de seguranca relativos as operacoes de embarque e desembarque das aeronaves de asas rotativas."
A-103/CENIPA/2014-01,"Redefinir, de maneira clara, em relacao a operacao de helicopteros em local nao homologado ou registrado, no RBHA 91.327.a.(3), os parametros que possam garantir a seguranca da aeronave e seus ocupantes e de terceiros."
A-103/CENIPA/2015-01,"Atuar junto a oficina TBA -Tecnologia Brasileira de Aeronautica S/A, a fim de que aquele mantenedor  demonstre  que possui  e  aplica  todos  os  recursos  necessarios  a  adequada prestacao  de  servicos  de  manutencao,  conforme  preconizam  a  legislacao  em  vigor,  os respectivos  manuais  tecnicos  e  a  Lista  de  Capacidades  da  Empresa,  que  acompanha  o Certificado de Organizacao de Manutencao."
A-104/CENIPA/2015-01,"Divulgar  os  ensinamentos  colhidos  na  presente  investigacao,  buscando  alertar  pilotos  e operadores  que  atuam  na  aviacao de  asas  rotativas  sobre  os  riscos  da  realizacao  de treinamentos de pousos corridos em areas nao previamente vistoriadas."
A-104/CENIPA/2015-02,"Efetuar gestoes junto ao operador visando assegurar-se da adequada analise do risco de suas  operacoes,em especial  no  tocante  a  avaliacao  das  condicoes  das  areas  de  pouso nao pavimentadas."
A-104/CENIPA/2016-01,"Divulgar os ensinamentos colhidos nesta investigacao ao Departamento de Policia Rodoviaria Federal, a fim de que aquela organizacao intensifique as acoes de gerenciamento do risco e utilize as informacoes obtidas nos eventos de promocao da seguranca operacional, objetivando adotar uma cultura organizacional capaz de elevar a percepcao coletiva acerca dos riscos inerentes a operacao."
A-104/CENIPA/2018-01,"Atuar junto a organizacao de manutencao Nacional Manutencao de Aeronaves Ltda., a fim de que essa instituicao demonstre que possui e aplica todos os recursos necessarios e adequada prestacao de servicos de manutencao e escrituracao das aeronaves CESSNA AIRCRAFT, modelo 172B, conforme preconiza a legislacao em vigor, os respectivos manuais tecnicos e a Lista de Capacidades da empresa."
A-104/CENIPA/2021-01,"Analisar a viabilidade de estabelecer prazo de validade dos endossos emitidos para modelos especificos de aeronaves Classe, como o B200, a fim assegurar que os pilotos passem por um processo de reciclagem nesses modelos de aeronaves, as quais eram consideradas tipo antes da publicacao da Emenda 06 ao RBAC 61."
A-105/CENIPA/2015-01,"Divulgar  os  ensinamentos  colhidos  na  presente  investigacao,  buscando  alertar  pilotos  e operadores de  aeronaves  equipadas  com  flutuadores  sobre  a  importancia  de  sempre  se utilizar   as   corretas   tecnicas   de   decolagens   na   agua,   bem   como   sobre   os   riscos decorrentes de uma rotacao com baixa velocidade."
A-105/CENIPA/2019-01,"Divulgar os ensinamentos colhidos na presente investigacao ao operador do aerodromo de Ribeirao Preto (SBRP), com a finalidade de orientar aquele operador quanto a fiel observancia dos regulamentos, notadamente na remocao da aeronave apos a ocorrencia sem a previa autorizacao da autoridade de investigacao SIPAER."
A-105/CENIPA/2023-01,"Atuar junto a Organizacao de Manutencao (OM) SANAGRI Manutencao de Aeronaves - COM 0210-01/ANAC, responsavel pela ultima inspecao do tipo “100 horas” e emissao do CVA para a aeronave PT-KUM, a fim de verificar se os procedimentos adotados naquela OM sao capazes de identificar a instalacao de componentes e sistemas em desacordo com o projeto e com a configuracao original das aeronaves."
A-106/CENIPA/2019-01,"Atuar junto ao Comando de Aviacao Operacional (CAOP), do Departamento de Policia Federal, a fim de que aquele operador aperfeicoe os Manuais de Procedimentos (MAPRO) e os Procedimentos Operacionais Padrao (POP), de forma a tornar claramente definidos os parametros utilizados nas tecnicas de transporte denominadas de “mata-leao” e “preguica”, tais como altura, velocidade e duracao dos deslocamentos."
A-106/CENIPA/2019-02,"Atuar junto ao Comando de Aviacao Operacional (CAOP), do Departamento de Policia Federal, com o intuito de que aquele operador reavalie a adequabilidade e a eficacia dos mecanismos de planejamento de voo adotados pela organizacao, notadamente no que diz respeito as operacoes com a utilizacao das tecnicas de transporte de “preguica” e de “mata-leao”."
A-106/CENIPA/2022-01,"Atuar junto ao Servico Aerotatico (SAT) do Departamento de Operacoes Policiais Estrategicas (DOPE) da Policia Civil do Estado de Sao Paulo, no sentido de que aquela UAP demonstre que desenvolveu e implantou o sistema de manuais previsto no RBAC 90,a fim de propiciar a adequacao aos requisitos estabelecidos para Operacoes Especiais de Aviacao Publica."
A-106/CENIPA/2022-02,"Atuar junto ao Servico Aerotatico (SAT) do Departamento de Operacoes Policiais Estrategicas (DOPE) da Policia Civil do Estado de Sao Paulo, no sentido de que aquela UAP demonstre que desenvolveu, implantou e mantem um Sistema de Gerenciamento da Seguranca Operacional (SMS), em conformidade com a Subparte K do RBAC 90 vigente."
A-106/CENIPA/2023-01,"Divulgar os ensinamentos colhidos na presente investigacao aos operadores das aeronaves experimentais, realcando a importancia de se prover a adequada manutencao de suas aeronaves."
A-107/CENIPA/2013-RSV_001,"Tendo em vista os fatos observados e relatados neste relatorio, realizar Auditoria de Seguranca Operacional no operador da aeronave e na oficina mantenedora da aeronave acidentada."
A-108/CENIPA/2013-001,"Estabelecer requisito que exija do fabricante a disponibilizacao de publicacoes operacionais em lingua portuguesa, quando se tratar de equipamento destinado a operacao aeroagricola."
A-108/CENIPA/2013-002,"Estabelecer requisito que exija do piloto a demonstracao proficiencia teorica nas publicacoes operacionais, nos limites e na performance em aeronaves turboelice, quando se tratar de equipamento destinado a operacao aeroagricola."
A-108/CENIPA/2021-01,"Atuar junto ao CIAC do Aeroclube de Uberlandia, a fim de que sejam revisados os procedimentos estabelecidos para o treinamento de “toque e arremetida”, especialmente relacionados as condicoes do aerodromo de aplicacao do exercicio, bem como o planejamento das atividades de voo e o gerenciamento de risco, objetivando elevar a seguranca operacional das suas operacoes aereas."
A-109/CENIPA/2013-001,"Divulgar o conteudo do presente relatorio durante a realizacao de seminarios, palestras e atividades afins voltadas aos proprietarios, operadores regulados pelo RBHA 91."
A-109/CENIPA/2013-002,"Interceder, junto a Prefeitura de Envira, AM, para que esta proceda a homologacao ou, pelo menos, o registro da pista de Envira, AM, junto a autoridade de aviacao civil ou, se nao for de interesse, proceder a interdicao definitiva da pista."
A-109/CENIPA/2014-01,"Divulgar os ensinamentos colhidos na presente investigacao, a fim de alertar pilotos e operadores da aviacao civil brasileira sobre as caracteristicas ergonomicas da aeronave Cessna 525, na qual a visualizacao do punho de acionamento do freio de emergencia e da placa com a inscricao “emerg break pull” e obstruida pela coluna do manche."
A-109/CENIPA/2014-02,"Reavaliar os requisitos de treinamento para as aeronaves Cessna 525 e similares, a fim de fornecer os conhecimentos necessarios a sua operacao segura."
A-109/CENIPA/2014-03,"Atuar junto as Escolas de Aviacao e Centros de Treinamento certificados para o Cessna 525, a fim de incrementar o conhecimento dos instruendos sobre o uso adequado do freio de emergencia."
A-111/CENIPA/2013-RS_001,"Realizar acao de fiscalizacao na HEISS TAXI AEREO LTDA., tendo em vista as violacoes encontradas durante a investigacao do acidente e expostas nesta SUMA, indo completamente contra aos regulamentos aeronauticos em vigor."
A-111/CENIPA/2018-01,"Divulgar os ensinamentos colhidos na presente investigacao, com a finalidade de alertar os operadores de aeronaves da aviacao geral quanto aos riscos associados a execucao da atividade aerea sem a fiel observancia das normas operacionais, em especial, no que diz respeito aos limites de peso maximo de decolagem."
A-112/CENIPA/2013-RS_001,"Realizar visitoria tecnica na empresa Heiss Taxi Aereo Ltda, com intuito de analisar e propor melhoria nos processos de Gerenciamento da Seguranca Operacional, principalmente quanto a analise do perigo e ao gerenciamento do risco."
A-112/CENIPA/2013-RSV_001,"Atuar junto ao proprietario e operador, a fim de verificar as irregularidades nas documentacoes relativas a aeronave, bem como nos seus processos de manutencao."
A-112/CENIPA/2013-RSV_002,"Atuar junto ao proprietario e operador, a fim de orienta-los quanto ao fiel cumprimento da NSCA 3-13, para notificar o CENIPA/SERIPA V, quando houver envolvimento em qualquer tipo de ocorrencia aeronautica."
A-112/CENIPA/2014-001,"Estudar a necessidade de estabelecer no RBAC n° 61 uma quantidade minima de horas de voo que o piloto deve ter no modelo de aeronave rebocadora para iniciar o curso de piloto rebocador de planador, de maneira que ele seja capaz de identificar e corrigir situacoes anormais ou de emergencia com mais efetividade."
A-112/CENIPA/2015-01,"Atuar  junto  a Aero  Agricola  do  Vale  Ltda.,  a  fim  de  alertar  aquele  operador sobre  a importancia  do   correto   acondicionamento   da   gasolina  de  aviacao  para   o   uso  em operacoes  aeroagricolas,  em  especial,  no  que  e  preconizado  nas  normasABNT  NBR 15216 de 07/2010 eResolucao ANP nº 18 de 26JUL2006."
A-112/CENIPA/2015-02,"Divulgar  os  ensinamentos  colhidos  na  presente  investigacao,  a  fim  de  alertar  pilotos  e operadores da aviacao civil sobre a importancia do correto acondicionamento da gasolina de  aviacao  para  o  uso  em  operacoes  aeroagricolas,  em  especial,  no  que  e  preconizado nas normasABNT NBR 15216 de 07/2010 eResolucao ANP nº 18 de 26JUL2006."
A-112/CENIPA/2016-01,"Implementar as acoes recomendadas no item 7.2 do Relatorio de Analises de Ocorrencias intitulado “Analise Qualitativa dos Relatorios Finais das ocorrencias com aeronaves de matricula brasileira nos ultimos 10 anos (2010-2019) classificados como Falha de Motor em Voo (SCF-PP)”, publicado por essa Agencia na pagina de Seguranca Operacional, em julho de 2020."
A-112/CENIPA/2016-02,"Atuar junto aos Centros de Instrucao da Aviacao Civil (CIAC), a fim de garantir que nao existam discrepancias entre o que preve os manuais de operacao (POH ou AFM) e possiveis listas de verificacao condensadas elaboradas por essas organizacoes, garantindo que nao ocorra a supressao e/ou modificacao de procedimentos contidos naqueles manuais."
A-112/CENIPA/2016-03,"Divulgar os ensinamentos colhidos nesta investigacao aos Centros de Instrucao da Aviacao Civil (CIAC), com o objetivo de alertar os pilotos em formacao sobre os riscos associados a formacao de gelo no carburador de motores aeronauticos convencionais, notadamente os que sejam mais suscetiveis a ocorrencia desse fenomeno."
A-112/CENIPA/2017-01,"Analisar a adequabilidade e praticabilidade de atuar junto ao certificador primario do produto aeronautico, a fim de que aquela entidade analise os procedimentos de fabricacao dos RGB Oil Tube aplicados aos motores modelo H80-100, de modo a identificar possiveis nao conformidades nesse processo."
A-112/CENIPA/2019-01,"Atuar junto a oficina Helices Costa LTDA., a fim de assegurar que todos os protocolos de inspecao e revisao geral, contidos nos manuais do fabricante das helices, sejam executados durante os procedimentos de manutencao e revisao e que a oficina demonstre possuir os recursos necessarios a adequada prestacao de servicos, conforme regulamentacao em vigor."
A-112/CENIPA/2019-02,"Atuar junto a empresa Parintins Taxi Aereo, no intuito de assegurar que os processos gerenciais sejam pautados na regulamentacao em vigor, bem como a cultura organizacional seja voltada para a seguranca de voo, a fim de mitigar falhas nos preenchimentos de cadernetas e praticas inseguras de manutencao."
A-112/CENIPA/2019-03,"Atuar junto a empresa Parintins Manutencao de Aeronaves Comercio e Servicos, com o objetivo de assegurar que os processos gerenciais sejam pautados na regulamentacao em vigor, bem como a cultura organizacional seja voltada para as boas praticas de manutencao."
A-112/CENIPA/2019-04,"Divulgar os ensinamentos colhidos nesta investigacao, a fim de alertar os operadores da aviacao civil brasileira sobre a sua responsabilidade primaria de acompanhamento e manutencao da aeronavegabilidade continuada das aeronaves por eles operadas."
A-112/CENIPA/2021-01,"Divulgar os ensinamentos colhidos nesta investigacao ao Centro de Instrucao de AviacaoCivil (CIAC) STS – Escola de Aviacao Civil Ltda., a fim de que os mesmos sejam utilizadosna melhoria continua da seguranca operacional e nos eventos internos de promocao daseguranca operacional, a serem realizados no ambito do seu SMS."
A-115/CENIPA/2013-RSV_001,"Atuar junto ao Aeroclube de Tupi Paulista, SP, a fim de que sejam revisados os procedimentos de preparacao dos voos de instrucao, com especial atencao aos limites de peso e balanceamento das aeronaves."
A-117/CENIPA/2015-01,"Realizar gestoes, junto a Rondonopolis Manutencao de Aeronaves Ltda (RMA), a fim de garantir que aquela organizacao de manutencao execute os procedimentos de manutencao de acordo com as normas e regulamentos de manutencao pertinentes."
A-117/CENIPA/2018-05,"Atuar junto a administracao do Aerodromo de Itapolis, a fim de que seja elaborado um Documento de Gerenciamento do Risco a Seguranca Operacional (DGRSO), conforme determinam os itens 1.5.4 e 2.2.3.5 da ICA 63-18/2017, fazendo constar o volume de movimentos das operacoes locais, com o detalhamento das medias diaria e mensal, assim como o volume de trafego nos horarios de pico, para subsidiar a implantacao de um AFIS no aerodromo ou uma TWR, se o movimento assim exigir."
A-117/CENIPA/2018-06,"Atuar junto a administracao do Aerodromo de Itapolis, a fim de que seja elaborado o pedido formal de implantacao de uma Frequencia de Coordenacao de Aerodromo (FCA) exclusiva."
A-117/CENIPA/2019-01,"Divulgar os ensinamentos colhidos na presente investigacao ao Departamento Integrado de Operacoes Aereas da Secretaria de Estado da Seguranca Publica do Amazonas, a fim de incentivar aquele operador na implementacao de uma mudanca cultural na organizacao, tendo, como foco, a elevacao da percepcao coletiva quanto a necessidade do fiel cumprimento das padronizacoes e dos procedimentos definidos nos manuais da unidade, bem como o efetivo gerenciamento do risco inerente as operacoes da aviacao de seguranca publica."
A-117/CENIPA/2019-02,"Atuar junto ao Departamento Integrado de Operacoes Aereas da Secretaria de Estado da Seguranca Publica do Amazonas, a fim de certificar-se que o operador aprovou, implementou e mantem continuamente adequado a sua realidade, um Manual de Gerenciamento da Seguranca Operacional (MGSO), um Manual de Operacoes (MOP), assim como o Programa de Treinamento e Procedimentos Operacionais Padronizados (SOP), de acordo com o que preve a regulamentacao em vigor."
A-117/CENIPA/2019-03,"Analisar o Programa de Treinamento aprovado do Departamento Integrado de Operacoes Aereas da Secretaria de Estado da Seguranca Publica do Amazonas, com o objetivo de certificar-se que aquele operador abordou em seus programas de treinamento, inicial e periodico, nos curriculos de voo e de solo, as principais diferencas entre os modelos de aeronaves operadas, especialmente no que se refere a diferenca na aplicacao do comando antitorque (pedal), entre os modelos S300 e AS350."
A-117/CENIPA/2019-04,"Atuar junto as demais Unidades Aereas Publicas (UAP) operadoras do modelo AS350, com a finalidade de certificar-se de que os procedimentos operacionais previstos no Safety Information Notice Nº 2992-S-00, notadamente o cheque do pairado, conste dos Procedimentos Operacionais Padronizados (SOP) e esteja efetivamente sendo realizado por suas tripulacoes."
A-117/CENIPA/2022-01,"Divulgar os ensinamentos obtidos na presente investigacao a Organizacao de ManutencaoLider Taxi Aereo, a fim de que os mesmos sejam utilizados nos eventos internos depromocao da seguranca operacional, objetivando implementar, de forma proativa, medidasapropriadas e efetivas para mitigacao dos riscos a seguranca operacional."
A-118/CENIPA/2014-01,"Realizar uma auditoria na empresa Guben S.A., a fim de verificar a conformidade dos servicos de manutencao realizados."
A-119/CENIPA/2014-01,"Realizar gestoes junto a Rico Taxi Aereo LTDA. com o intuito de que a empresa passe a exercer supervisao gerencial efetiva na padronizacao referente aos procedimentos operacionais utilizados no planejamento e execucao dos voos, notadamente, no que se refere ao pouso em locais desconhecidos pela tripulacao."
A-119/CENIPA/2018-01,"Atuar junto a empresa Boeing Company, fabricante da aeronave, a fim de verificar a eficacia das inspecoes obrigatorias de controle de qualidade a serem aplicadas no aft trunnion pin e em pecas similares, apos o processo de retifica da camada de cromo, principalmente no que tange ao previsto no Standard Overhaul Pratices Manual, Grinding of Chrome Plated Parts 20-10-04, item 4, Quality Control."
A-120/CENIPA/2015-01,"Atuar junto a PEMA - Pereira Machado Taxi Aereo LTDA., a fim de que aquele operador aperfeicoe seus mecanismos administrativos e operacionais de recebimento, escrituracao e verificacao dos servicos de manutencao executados em suas aeronaves, como forma de prevenir ocorrencias aeronauticas."
A-120/CENIPA/2015-02,"Atuar junto a PEMA - Pereira Machado Taxi Aereo LTDA., a fim de alertar aquele operador sobre os riscos decorrentes da operacao em pistas nao homologadas ou nao registradas, situacao que, alem de ferir o Art. 30 do Codigo Brasileiro de Aeronautica, traz serios riscos a Seguranca Operacional."
A-120/CENIPA/2015-03,"Atuar junto a ICON G (antiga Global Parts Motores e Acessorios Aeronauticos - COM N° 0703-01/ANAC), a fim de que aquela organizacao demonstre que possui e aplica todos os recursos necessarios a adequada prestacao de servicos de manutencao nas aeronaves EMB-721C, conforme preconiza a legislacao em vigor, os manuais tecnicos aplicaveis e a Lista de Capacidades da empresa."
A-121/CENIPA/2019-02,"Atuar junto a Divisao de Operacoes Aereas do Departamento de Policia Rodoviaria Federal, no sentido de verificar a fidelidade no cumprimento do estabelecido no capitulo 4 do MOA daquele operador, o qual dispoe sobre Requisitos de Tripulantes, para efeito da composicao das tripulacoes que realizam missoes operacionais."
A-121/CENIPA/2021-03,"Realizar gestoes junto a ANAC, no sentido harmonizar os requisitos da ICA 63-18, naquilo que diz respeito a instalacao de auxilios a navegacao, com os requisitos do RBAC 154."
A-121/CENIPA/2021-04,"Realizar gestoes junto a Companhia Energetica de Minas Gerais S.A. (CEMIG), de modo a sinalizar, em carater excepcional, a linha de transmissao de 69 kV no trecho correspondente ao prolongamento da pista 02 de SNCT."
A-121/CENIPA/2021-05,"Avaliar, em coordenacao com o DECEA, o estabelecimento de requisitos de sinalizacao de redes de transmissao e de distribuicao nos arredores de aerodromos, notadamente daqueles situados em regioes com relevo acidentado, com vistas a prevencao de acidentes aeronauticos."
A-121/CENIPA/2023-01,"Atuar junto a EFAI - Escola de Aviacao Civil LTDA. - EPP, a fim de que aquele CIAC aprimore seus mecanismos de acompanhamento e supervisao da parte pratica da instrucao aerea, em especial na padronizacao de instrutores de voo."
A-122/CENIPA/2022-01,"Divulgar os ensinamentos colhidos da presente investigacao aos Centros de Instrucao de Aviacao Civil (CIAC), com o objetivo de alertar os pilotos em formacao sobre os riscos decorrentes da formacao de gelo nos carburadores que equipam motores aeronauticos convencionais."
A-123/CENIPA/2014-01,"Realizar uma Auditoria Especial no Aeroclube de Mon tenegro, a fim de verificar a conformidade dos procedimentos operacionais adotado s pelo Setor de Instrucao da entidade, visando incrementar o nivel de proficiencia ia teorico e pratico de seus instrutores de voo."
A-123/CENIPA/2015-01,"Atuar junto ao operador do aerodromo nacional de aviacao (SBNV), a fim de que sejam implementadas melhorias na infraestrutura daquele aerodromo, de modo a evitar que as estruturas que circundam o campo tornem-se obstaculos as aeronaves que venham a experimentar uma excursao de pista."
A-123/CENIPA/2022-01,"Divulgar os ensinamentos colhidos na presente investigacao durante os eventos de Promocao da Seguranca Operacional, com o objetivo de divulgar o fenomeno conhecido como vapor lock e a possibilidade de interrupcao temporaria no fornecimento de combustivel, levando a variacoes repentinas de desempenho ou a uma falha de motor, em especial, nas operacoes aeroagricolas."
A-124/CENIPA/2015-01,"Atuar junto a Superintendencia Regional da Infraero em Goiania, a fim de enfatizar aquele operador de aerodromo a importancia de se cumprir o constante no Art. 88-N do Codigo Brasileiro  de  Aeronautica,  o  qual,  salvo  nos  casos  excepcionais  estabelecidos,  proibe  a remocao  de aeronaves  acidentadas do  local  da  ocorrencia  sem  a devida  autorizacao  da autoridade  de  investigacao  SIPAER,  como  ferramenta  de  prevencao  de  ocorrencias aeronauticas."
A-124/CENIPA/2018-01,"Divulgar os ensinamentos colhidos na presente investigacao, a fim de alertar pilotos e operadores da aviacao civil brasileira sobre a importancia da criteriosa avaliacao das condicoes meteorologicas para a conducao de voos sob VFR."
A-124/CENIPA/2023-01,"Atuar junto a empresa AMAPIL Taxi Aereo Ltda, a fim de que aquele operador demonstreque desenvolveu e implementou, de forma proativa, medidas apropriadas e efetivas paramitigacao dos riscos a seguranca operacional, assim como possui um processo efetivo decontrole e acompanhamento de informacoes referentes aos seus recursos humanos."
A-125/CENIPA/2020-01,"Atuar junto a UAP do Departamento da Forca Nacional de Seguranca Publica (DFNSP)objetivando analisar a adequacao do Programa de Treinamento Operacional (PTO), bem como do Manual de Operacoes (MOP) do Standard Operating Procedures (SOP - procedimentos operacionais padrao) e do MGSO (Manual de Gerenciamento da Seguranca Operacional) aos requisitos para Operacoes Especiais da Aviacao Publica estabelecidos no RBAC 90."
A-125/CENIPA/2020-02,"Divulgar os ensinamentos colhidos nesta investigacao a Unidade Aerea Publica (UAP) daForca Nacional de Seguranca Publica, a fim de que sejam utilizados nas acoes internas de promocao da seguranca operacional, objetivando incrementar o gerenciamento de risco em operacoes com tripulacoes de outras Unidades Aereas Publicas."
A-125/CENIPA/2020-03,"Divulgar os ensinamentos colhidos nesta investigacao as Unidades Aereas Publicas (UAP) para que sejam utilizados nas acoes internas de promocao da seguranca operacional,objetivando incrementar o gerenciamento de risco em suas operacoes."
A-125/CENIPA/2021-01,"Atuar junto a Helinews (COM 1705-32/ANAC) objetivando verificar se a Empresa executa as atividades de manutencao em conformidade com o que preve a legislacao da ANAC e os manuais aprovados para a aeronave R44 II e para o motor Textron Lycoming, modelo IO-540-AE1A5."
A-127/CENIPA/2013-001,"Divulgar o conteudo do presente relatorio durante a realizacao de seminarios, palestras e atividades afins voltadas aos proprietarios, operadores e exploradores de helicopteros da aviacao geral."
A-127/CENIPA/2021-03,"Divulgar os ensinamentos colhidos nesta investigacao ao Centro de Instrucao de AviacaoCivil (CIAC) do Aeroclube de Sao Paulo, a fim de que os instrutores e alunos daquele CIAC reconhecam desvios e atuem no sentido de descontinuar aproximacoes nao estabilizadas."
A-128/CENIPA/2017-01,"Divulgar os ensinamentos colhidos nesta investigacao, a fim de que os pilotos que realizam voos acrobaticos sejam alertados sobre a necessidade de manterem suas aptidoes psicofisicas em niveis adequados a realizacao dessa atividade, tendo em vista os riscos inerentes a esse tipo de operacao."
A-128/CENIPA/2019-01,"Divulgar os ensinamentos colhidos nesta investigacao a CHB Escola de Aviacao CivilLtda., a fim de que o treinamento de pilotos assegure apropriada identificacao da probabilidade da formacao de gelo no carburador e riscos decorrentes, assim como a tomada de medidas preventivas durante o voo preconizadas no manual de voo aprovado da aeronave, conforme probabilidade diagnosticada, objetivando elevar a seguranca operacional das suas operacoes aereas."
A-128/CENIPA/2022-01,"Atuar junto a SRR Aviacao Agricola Eireli - ME, no sentido de que aquele operadordemonstre que os seus mecanismos de supervisao gerencial asseguram a seguranca dasoperacoes conduzidas pelos pilotos nas aeronaves da empresa, em especial no queconcerne ao planejamento dos voos e a promocao de uma cultura de seguranca."
A-130/CENIPA/2013-RSV_001,"Tendo em vista os fatos levantados durante a investigacao e as acoes tomadas pelo operador apos o acidente, realizar auditoria tecnica na Roraima Taxi Aereo."
A-130/CENIPA/2015-01,"Atuar junto a Aeroagricola Bela Vista Ltda., afim de reavaliar a adequabilidade do Manual do Gerenciamento da Seguranca Operacional (MGSO) daquele operador, sobretudo no que diz respeito ao processo de gerenciamento do risco adotado pela empresa quando operando em pistas de pouso eventual."
A-131/CENIPA/2015-01,"Enfatizar a necessidade de ser reportada pelos controladores de trafego aereo a possibilidade de existencia de esteira de turbulencia durante pousos e decolagens de aeronaves, no intuito de alertar as tripulacoes quanto aos espacamentos de tempo previstos na ICA 100-37 – Servicos de Trafego Aereo."
A-131/CENIPA/2017-01,"Atuar junto a Manaus Aerotaxi (COM N°0701-02/ANAC), a fim de assegurar que os procedimentos de manutencao realizados por aquela empresa nos flutuadores Wipaire, e nos sistemas correlacionados ao funcionamento deste equipamento, estejam de acordo com o preconizado pelo manual de servicos do fabricante, sobretudo no que se refere as inspecoes anuais e configuracoes do sistema de aviso de posicao do trem de pouso anfibio."
A-131/CENIPA/2017-02,"Atuar junto a Manaus Aerotaxi (COM N°0701-02/ANAC), a fim de assegurar que os procedimentos de preparacao de aeronaves realizados antes da liberacao para o voo estejam de acordo com o preconizado pelos manuais de operacao de cada equipamento, sobretudo no que se refere as inspecoes pre-voo e cheques pos-inspecoes ou servicos de manutencao."
A-131/CENIPA/2017-03,"Atuar junto ao representante da Wipaire Inc. no Brasil, a fim de que aquela empresa analise a pertinencia de atualizar o manual de servicos e instalacao dos flutuadores Wipline 8.000, de maneira que tal documento traga como rotina de manutencao a verificacao dos disjuntores AMPHIB PUMP 1 e 2 na posicao IN apos a execucao do cheque de abaixamento e recolhimento por emergencia do trem de pouso."
A-131/CENIPA/2017-04,"Divulgar os ensinamentos colhidos na presente investigacao, a fim de alertar pilotos e operadores da aviacao civil brasileira sobre os riscos decorrentes da nao utilizacao da lista de verificacoes (checklist), sobretudo nas fases criticas de voo, como pousos e decolagens."
A-132/CENIPA/2021-01,"Atuar junto a empresa Fox Aeroagricola Ltda. a fim de que aquele operador aprimore seusprocessos organizacionais e suas atividades de supervisao gerencial, como forma deestabelecer barreiras eficazes ao erro humano e a operacao em desacordo com asregulamentacoes aeronauticas em vigor."
A-133/CENIPA/2013-001,"Divulgar o conteudo do presente relatorio durante a realizacao de seminarios, palestras e atividades afins voltadas aos proprietarios, operadores e exploradores de aeronaves agricolas regulados pelo RBAC 137."
A-133/CENIPA/2017-04,"Atuar junto ao Prestador de servico de Informacao de aerodromo de Itaituba, PA, de modo a garantir que sejam incentivadas acoes de prevencao, tais como a confeccao de RELPREV (Relatos de prevencao) e RCSV (Relato ao CENIPA para a Seguranca de Voo), sempre que observadas situacoes que coloquem em risco a Seguranca operacional."
A-133/CENIPA/2021-01,"Divulgar os ensinamentos colhidos na presente investigacao as empresas de transporte aereo que operam segundo os requisitos do RBAC 121, enfatizando a importancia da coordenacao de cabine e da comunicacao eficiente e padronizada entre pilotos e comissarios, com vistas a evitar evacuacoes indesejadas e aumentar o nivel de consciencia situacional das tripulacoes."
A-133/CENIPA/2021-02,"Divulgar os ensinamentos colhidos na presente investigacao ao Brazilian Commercial Aviation Safety Team (BCAST - Grupo Brasileiro de Seguranca Operacional da Aviacao Comercial), destacando a importancia da coordenacao de cabine e da comunicacao eficiente e padronizada entre pilotos e comissarios, com vistas a evitar evacuacoes indesejadas e aumentar o nivel de consciencia situacional das tr aereas regidas pelo RBAC 121."
A-134/CENIPA/2014-01,"Assegurar-se do fiel e correto cumprimento da IS 61-004 em vigor no que tange aos procedimentos estabelecidos para o treinamento de familiarizacao ou para o treinamento de diferencas, quer em simulador ou em aeronave, bem como a verificacao de proficiencia dos pilotos que operam no Brasil, de forma a garantir a operacao segura das aeronaves da serie CE560-XL fabricadas pela Cessna Aircraft Company em territorio brasileiro."
A-134/CENIPA/2014-010,Assegurar-se de que todos os operadores de AFIS e Controladores de Trafego Aereo assumam a sua funcao somente apos a conclusao de todos os tramites protocolares previstos em regulamentos especificos.
A-134/CENIPA/2014-011,Assegurar-se de que todos os operadores de AFIS e Controladores de Trafego Aereo mantenham-se atualizados com relacao ao padrao de fraseologia a ser empregado durante a prestacao de servicos de trafego aereo.
A-134/CENIPA/2014-012,Avaliar a possibilidade de implantar sistemas de alarme remoto de modo a permitir que os Operadores de Estacao Aeronautica tomem ciencia das condicoes de inoperancia dos auxilios a navegacao assim que estes se tornem indisponiveis.
A-134/CENIPA/2014-013,"Revisar e adequar a ICA 160-1, de forma a redefinir as competencias do COMAER nos assuntos relacionados as inspecoes de saude dos pilotos civis, uma vez que a referida instrucao e anterior a criacao da ANAC."
A-134/CENIPA/2021-01,"Divulgar os ensinamentos colhidos nesta investigacao aos Centro de Instrucao de AviacaoCivil (CIAC), a fim de que os fatores contribuintes desta ocorrencia sejam debatidos duranteos eventos internos de promocao da seguranca operacional."
A-134/CENIPA/2022-01,"Atuar junto a Ambipar Flyone Servico Aereo Especializado, Comercio e Servicos S.A. a fimde certificar-se de que aquele operador atende aos requisitos estabelecidos no RBAC 135,em especial em relacao ao seu Programa de Treinamento e aos Elementos previstos naestrutura do seu Sistema de Gerenciamento da Seguranca Operacional (SMS)."
A-134/CENIPA/2022-02,"Divulgar os ensinamentos colhidos na presente investigacao as empresas certificadas paraoperarem helicopteros segundo os requisitos estabelecidos no RBAC 135, a fim de queesses operadores divulguem, nos seus eventos internos de promocao da segurancaoperacional, os riscos decorrentes da operacao com meteorologia adversa, assim como anecessidade do cumprimento dos requisitos estabelecidos, em especial, a obrigatoriedadeda realizacao do Programa de Treinamento Operacional e a melhoria continua da culturade seguranca operacional."
A-137/CENIPA/2019-01,"Atuar junto ao operador do Aerodromo de Tangara da Serra (SWTS), MT, para que este faca gestoes no sentido de assegurar o isolamento da area operacional, com cercas e sistemas de protecao, em conformidade com os dispositivos previstos na Subparte H, Gerenciamento do Risco da Fauna, do RBAC n° 153."
A-137/CENIPA/2021-01,"Divulgar os ensinamentos colhidos neste Relatorio as Organizacoes de Manutencao que possuam em suas Especificacoes Operativas aeronaves modelos EMB-200, EMB-201, EMB-202, EMB-203 e variacoes, objetivando alertar essas Organizacoes sobre anecessidade de que as Diretrizes de Aeronavegabilidade e os Boletins de Servico afetos a inspecao das asas sejam cumpridos com elevados padroes de qualidade, utilizando-se dos equipamentos e padroes de calibracao previstos."
A-137/CENIPA/2021-02,"Divulgar os ensinamentos colhidos neste Relatorio aos operadores de aeronaves Ipanema, de modo que eles reconhecam a importancia de respeitarem, estritamente, todos os limites de operacao, em especial durante os procedimentos de alijamento de carga."
A-137/CENIPA/2021-03,"Avaliar a atualizacao dos procedimentos previstos na Diretriz de Aeronavegabilidade nº 2017-05-02, buscando sanar eventuais falhas de periodicidade ou de cumprimento deficiente ou insuficiente dos procedimentos previstos para a inspecao de verificacao da longarina das semiasas."
A-137/CENIPA/2021-04,Assegurar que a Organizacao de Manutencao D.A - Aviacao Ltda. (COM 9710-01/ANAC) executa o Ensaio Nao Destrutivo (END) pelo metodo Eddy-Current com a correcao e o nivel de qualidade necessarios para identificar o surgimento de trincas nas longarinas das asas das aeronaves Ipanema.
A-137/CENIPA/2021-05,"Assegurar que a Organizacao de Manutencao Aerocenter Manutencao Aeronautica e pecas Ltda. (COM 1308-43/ANAC) executa as tarefas previstas no BS 200-057-A007, nas inspecoes de “100 horas”, com a correcao e o nivel de qualidade necessarios paraidentificar trincas e corrosoes nas longarinas das asas das aeronaves Ipanema."
A-138/CENIPA/2021-01,"Atuar junto a Aeroagricola Chapadao Ltda., no sentido de que aquele operador estabelecamecanismos de supervisao capazes de identificar alteracoes em componentes da aeronave, mais especificamente, aqueles relacionados ao sistema de alimentacao de combustivel."
A-138/CENIPA/2022-01,"Divulgar os ensinamentos presentes nesta investigacao ao CIAC Natal Escola de Aviacao Civil Ltda., a fim de que este Relatorio Final seja utilizado nas acoes de promocao da seguranca operacional, com foco nos riscos decorrentes da falta de verificacao visual da quantidade de combustivel existente nas aeronaves, pelos pilotos, antes de cada voo."
A-139/CENIPA/2022-01,"Divulgar os ensinamentos colhidos nesta investigacao ao Centro de Instrucao de AviacaoCivil (CIAC) do Aeroclube de Ponta Grossa, a fim de que os mesmos sejam utilizados noseventos internos de promocao da seguranca operacional."
A-140/CENIPA/2020-01,"Atuar junto ao Aeroclube de Catanduva de modo que o seu Manual de Procedimentos e Praticas de Seguranca Operacional seja revisado, garantindo que os procedimentos relativos a transmissao de comandos de voo entre tripulantes sejam revistos e aprimorados, bem como que tais procedimentos sejam comentados e detalhados em briefing antes de cada voo."
A-141/CENIPA/2013-001,Informar aos administradores de aerodromos publicos quanto a responsabilidade de manter as informacoes aeronauticas atualizadas com relacao as reais condicoes de operacao do aerodromo.
A-141/CENIPA/2013-002,"Verificar as reais condicoes de operacao do Aerodromo de Paragominas (SNEB), e adotar as medidas julgadas cabiveis para garantir a operacao segura no aerodromo."
A-142/CENIPA/2013-RSV001,"Realizar visitoria tecnica na empresa Taxi Aereo Dourado Ltda, com intuito de analisar e propor melhoria nos processos de Gerenciamento da Seguranca Operacional, principalmente quanto a analise do perigo e do gerenciamento do risco."
A-142/CENIPA/2013-RSV002,"Atuar junto a Prefeitura Municipal de Santa Cruz do Arari-PA, orientando sobre os riscos envolvendo a utilizacao da pista nao homologada pela aviacao, bem como os processos necessarios para elevar as condicoes de seguranca da pista e eventual homologacao."
A-142/CENIPA/2013-RSV003,"Intensificar a fiscalizacao das operacoes da aviacao de taxi aereo, na regiao da cidade de Belem, PA, principalmente nos aspectos ligados a operacao de aeronave em locais nao registrados ou nao homologados."
A-142/CENIPA/2020-01,"Aprimorar as acoes de vigilancia continuada nas Unidades de Aviacao Publica (UAP), a fimde garantir que as organizacoes atendam aos requisitos estabelecidos no RBAC 90, emespecial o cumprimento dos programas de treinamento e o incremento da capacidade deanalisar os perigos, realizar a avaliacao de risco e desenvolver estrategias de mitigacaoque evitem a ocorrencia de mast bumping em projetos de aeronaves suscetiveis a essefenomeno."
A-142/CENIPA/2020-02,"Atuar junto a Unidade de Aviacao Publica (UAP) do IBAMA, a fim de que seja reforcada anecessidade de observancia dos requisitos estabelecidos no RBAC 90, em especial aeficiencia na identificacao e resolucao de suas deficiencias sistemicas afetas a segurancaoperacional requerida para a execucao das suas atividades aereas, conforme estabelecidona Subparte K do referido regulamento."
A-142/CENIPA/2020-03,"Divulgar os ensinamentos obtidos nesta investigacao a Helisul Taxi Aereo, a fim de que os mesmos sejam utilizados nos eventos internos de promocao da seguranca operacional."
A-144/CENIPA/2019-01,"Atuar junto ao operador da aeronave, no sentido de que procedimentos de avaliacao de risco sejam adotados para a operacao de turbojatos em aerodromos cujos dados nao constem do data bank do sistema de percepcao e alarme de proximidade do solo (TWAS/EGPWS) e que nao sejam equipados com sistema visual indicador de rampa de aproximacao."
A-144/CENIPA/2019-02,"Atuar junto as clinicas medicas credenciadas para a realizacao de inspecoes de saude dos aeronavegantes a fim de que, nos casos de condicoes de saude com prognostico de agravamento, e que possam implicar em prejuizos a seguranca de voo, a indicacao de acompanhamento da evolucao de tais condicoes seja objetiva e claramente registrada."
A-144/CENIPA/2021-01,"Atuar junto a empresa Estiva Aviacao Agricola Ltda., a fim de que aquele operador aperfeicoe os servicos de manutencao e de conservacao executados em suas aeronaves, visando garantir o cumprimento das orientacoes constantes no Manual de Servicos do fabricante."
A-145/CENIPA/2015-01,"Atuar junto ao operador da aeronave, a fim de verificar a conformidade dos procedimentos de planejamento e de supervisao gerencial nas operacoes aeroagricolas, bem como verificar a eficiencia do Programa de Seguranca Operacional da empresa."
A-146/CENIPA/2014-01,"Avaliar a necessidade de emitir uma Diretriz de Aeronavegabilidade com base no Boletim de Servico M77-9, emitido pela Continental Motors em 16MAR1977."
A-146/CENIPA/2014-02,"Divulgar os ensinamentos colhidos na presente investigacao, a fim de alertar operadores e mantenedores de aeronaves equipadas com motores IO-TSIO-LTSIO-360, IO-346, IO-TSIO-520 e GTSIO-520 Series Engines sobre a importancia do cumprimento do Boletim de Servico M77-9, emitido pela Continental Motors em 16MAR1977."
A-146/CENIPA/2018-01,"Divulgar os ensinamentos colhidos com a presente investigacao, a fim de alertar pilotos e operadores da aviacao civil brasileira sobre a importancia do fortalecimento das barreiras e defesas necessarias a mitigacao do erro humano e limitacao de suas consequencias."
A-146/CENIPA/2023-01,"Divulgar os ensinamentos colhidos na presente investigacao, no ambito dos operadores do RBAC 137, com o proposito de alertar os pilotos sobre a realizacao das operacoes aeroagricolas condicionadas ao planejamento de voo envolvendo os aspectos que levem ao ofuscamento em decorrencia dos raios solares, de modo a evitar colisao com obstaculos."
A-146/CENIPA/2023-02,"Avaliar a pertinencia de revisar os requisitos estabelecidos na secao 137.209 do RBAC 137, relacionados a equipamentos de seguranca de voo para tripulantes, incluindo no rol de itens obrigatorios (macacao e luva de voo com tecido antichama, bem como calcado com material que nao se deforme rapidamente com a elevacao da temperatura), a fim de proteger os tripulantes por um tempo maior em caso de fogo, possibilitando o abandono da aeronave de modo seguro."
A-147/CENIPA/2015-01,"Revisar o apendice A, da Instrucao Suplementar nº 61-006 para verificar a possiblidade de inclusao do modelo AT-502B como aeronave classe sujeito a endosso especifico, em virtude da reincidencia de ocorrencias envolvendo problemas de transicao entre o Ipanema e o Air Tractor."
A-147/CENIPA/2015-02,"Realizar gestoes junto a Ribeirao S.A. de modo a garantir que a supervisao gerencial da empresa melhore seus processos formais para contratacao de pilotos, garantindo que estes possuam os conhecimentos tecnicos necessarios para a operacao agricola."
A-147/CENIPA/2015-03,Analisar a pertinencia da inclusao do uso de luvas de voo e macacao antichamas como equipamentosde protecao individual no item 209 do RBAC 137.
A-147/CENIPA/2015-04,"Reavaliar os requisitos operacionais de proficiencia em lingua inglesa, com a finalidade de estabelecer criterios minimos de compreensao escrita do idioma, para pilotos que operem uma aeronave civil, cujo manual de voo tenha sido aprovado na lingua inglesa."
A-147/CENIPA/2023-01,"Atuar junto ao CIAC Fly Eagle Escola de Aviacao Civil Ltda., a fim de que sejam revisados os procedimentos estabelecidos para o treinamento de “toque e arremetida”, especialmente relacionados ao planejamento das atividades de voo previstas no Programa de Instrucao e o gerenciamento de risco, objetivando elevar a seguranca operacional das suas operacoes aereas."
A-149/CENIPA/2013-01,"Atuar junto as organizacoes de manutencao certificadas, a fim de que qualquer evento serio de falha, mau funcionamento ou defeito relacionado ao motor ARRIUS 2 F que equipa a aeronave EC120B - COLIBRI seja relatado a essa agencia em ate 96 horas apos a sua descoberta, por meio de relatorios de dificuldades em servico."
A-149/CENIPA/2013-02,"Realizar uma auditoria na organizacao de manutencao SAFRAN HELICOPTER ENGINES DO BRASIL, a fim de verificar a conformidade de seus procedimentos, em especial no tocante a manutencao dos motores ARRIUS 2F."
A-149/CENIPA/2013-03,"Realizar uma auditoria na organizacao de manutencao da HELIBRAS, em Sao Paulo-SP, a fim de verificar a conformidade de seus procedimentos, em especial no tocante ao modelo EC120B."
A-149/CENIPA/2013-04,"Divulgar os ensinamentos colhidos na presente investigacao, a fim de elevar a consciencia situacional de pilotos e operadores das aeronaves EC120B - COLIBRI, sobretudo no que diz respeito a possibilidade de falha do motor em voo decorrente da perda de pressao de oleo do sistema de lubrificacao."
A-149/CENIPA/2013-05,"Divulgar os ensinamentos colhidos na presente investigacao, a fim de alertar operadores e mantenedores da aeronave EC120B - COLIBRI sobre a importancia do cumprimento da SERVICE LETTER N° 2818/11/ARRIUS2F, como ferramenta de prevencao de ocorrencias aeronauticas."
A-149/CENIPA/2015-01,Atuar junto a TAM Aviacao Executiva e Taxi Aereo S.A. de forma que a organizacao de manutencao implemente melhorias nos processos de controle e registros de voo de experiencia (voos operacionais de verificacao) requeridos apos as acoes de manutencao.
A-149/CENIPA/2015-02,"Atuar junto ao Banco Bradesco S.A. de forma que o operador aprimore os processos referentes aos registros em diario de bordo, notadamente no que se refere a execucao de voos de experiencia (voos operacionais de verificacao)."
A-149/CENIPA/2015-03,"Atuar junto a Cessna Aircraft Company (fabricante da aeronave), a fim de que seja revisado o AFM das aeronaves modelo 650, de modo que as mudancas de procedimentos operacionais introduzidas por meio de Temporary Changes possam ser, igualmente, incorporadas aos seus checklists condensados (Pilots' Abbreviated Checklist)."
A-149/CENIPA/2015-04,"Verificar junto ao certificador primario da aeronave, Federal Aviation Administration (FAA), a necessidade de revisar os documentos de certificacao da aeronave modelo 650 quanto a utilizacao do sistema secundario de compensacao longitudinal em condicoes de disparo do estabilizador horizontal."
A-150/CENIPA/2015-01,"Atuar junto ao fabricante da aeronave, buscando obter um melhor detalhamento dos criterios de inspecao do shaft weldment, no cartao de inspecao de 100 horas das aeronaves modelo R66, notadamente no que se refere a identificacao de pontos de corrosao no shaft weldment, nas partes anteriores e posteriores a parede de fogo."
A-150/CENIPA/2015-02,"Atuar junto ao mantenedor da aeronave, visando assegurar-se do adequado cumprimento dos procedimentos de inspecao do shaft weldment, estabelecidos no cartao de inspecao de 100 horas das aeronaves modelo R66, especificamente no que se refere a identificacao de pontos de corrosao no shaft weldment, nas partes anteriores e posteriores a parede de fogo."
A-150/CENIPA/2015-03,"Atuar junto ao mantenedor da aeronave, visando assegurar-se da adocao dos adequados mecanismos de Supervisao Gerencial, no ambito tecnico, notadamente, no que se refere ao acompanhamento das inspecoes do shaft weldment, estabelecidos no cartao de inspecao de 100 horas das aeronaves modelo R66."
A-150/CENIPA/2015-04,Analisar a viabilidade de emitir uma Diretriz de Aeronavegabilidade baseada nos procedimentos descritos nos R66 SERVICE BULLETIN SB-16 e R66 SERVICE BULLETIN SB 17 da Robinson Helicopter Company.
A-150/CENIPA/2020-01,"Divulgar os ensinamentos obtidos na presente investigacao as Organizacoes de Manutencao certificadas no modelo EMB-202, a fim de que seja reforcada a aderencia as praticas de manutencao previstas pelo fabricante, em especial o respeito aos limites de torque e a execucao do reaperto (retorque), cujo descumprimento pode favorecer a ocorrencia de folgas, desalinhamentos ou sobrecargas localizadas nos componentes, com possiveis consequencias estruturais."
A-151/CENIPA/2013-RSV001,"Atuar junto ao Aeroclube de Bage, a fim de reforcar a obrigatoriedade e a importancia de comunicar imediatamente a ocorrencia aeronautica ao Comando Investigador (CENIPA/SERIPA) de acordo com as normas em vigor."
A-151/CENIPA/2018-01,"Divulgar os ensinamentos colhidos na presente investigacao, a fim de alertar pilotos e operadores da aviacao civil brasileira, sobre os riscos da realizacao de procedimentos de pouso quando condicoes climaticas propicias a formacao de windshear (tempestades, pancadas de chuva, virga) estiverem ocorrendo nas proximidades do aerodromo."
A-152/CENIPA/2021-01,"Atuar junto a Vale do Paranapanema Aviacao Agricola Ltda., a fim de que a empresa aprimore seus metodos de supervisao gerencial e gerenciamento do risco das operacoes, com vistas a correta identificacao de perigos e adocao das respectivas mitigacoes, conforme preconiza a secao 137.215, do RBAC 137, objetivando incrementar o nivel de seguranca operacional de suas operacoes."
A-153/CENIPA/2023-01,"Atuar junto ao Centro de Instrucao de Aviacao Civil (CIAC) Icaro Ltda. objetivando analisar a adequacao do Programa de Instrucao daquele Centro para o Curso de Piloto Agricola – Aviao, bem como verificar a aderencia dos gestores, instrutores e demais envolvidos aos Standard Operating Procedures (SOP – procedimentos operacionais padrao) nos voos de instrucao."
A-153/CENIPA/2023-02,"Divulgar os ensinamentos colhidos nesta investigacao aos Centros de Instrucao autorizados a ministrar cursos praticos de piloto agricola, a fim de que os mesmos sejam utilizados nas suas acoes de promocao da seguranca operacional, reforcando que a percepcao coletiva distorcida na instrucao pratica pode gerar falhas latentes que consequentemente, enfraquecem a cultura de seguranca de uma organizacao."
A-154/CENIPA/2013-01,"Realizar auditoria na ATC-AERONAVES TURBINAS E COMPONENTES LTDA, a fim de verificar a conformidade dos servicos executados por tal empresa, em especial no tocante a montagem do rolamento 2½ do motor ROLLS-ROYCE / ALLISON, modelo 250-C20J."
A-154/CENIPA/2013-02,"Atuar junto a DELTA AERO TAXI LTDA, a fim de que aquele operador incremente o treinamento de autorrotacao oferecido a seus pilotos."
A-154/CENIPA/2013-03,"Divulgar os ensinamentos colhidos na presente investigacao, a fim de alertar pilotos, operadores e, principalmente, mantenedores quanto ao fiel e irrestrito cumprimento dos procedimentos previstos nas atividades de manutencao, mormente a supervisao final dos servicos por parte dos inspetores."
A-154/CENIPA/2013-RSV001,"Realizar uma auditoria na empresa Aerovaley - Manutencao e Comercio de Aeronaves Ltda., com a finalidade de averiguar a conformidade de seus procedimentos em relacao aos Programas de manutencao dos fabricantes."
A-154/CENIPA/2015-01,"Divulgar os ensinamentos colhidos na presente investigacao, a fim de alertar pilotos e operadores da aviacao agricola brasileira sobre a importancia do correto planejamento de voo e operacao das aeronaves, sobretudo no que diz respeito as informacoes de temperatura, umidade e pressao atmosferica, bem como aos procedimentos previstos nos manuais."
A-154/CENIPA/2020-01,Atuar junto a Combate Aviacao Agricola Ltda. - ME a fim de verificar se os seus mecanismosde supervisao gerencial garantem a realizacao adequada de processos de gerenciamentode riscos a seguranca operacional.
A-155/CENIPA/201_5-0_1,"Atuar  junto  ao  Aeroclube  de  Bento  Goncalves  com  o  objetivo  de garantir  que  haja  uma atuacao efetiva da supervisao gerencial da organizacao, notadamente no que se refere apadronizacao do planejamento e da execucao das atividades de reboque deplanadores."
A-155/CENIPA/2014-0_1,"Avaliar a interferencia da presenca da rede eletrica, situada na proximidade da cabeceira 33, na operacao do aerodromo e, caso necessario, tomar as atitudes cabiveis no ambito de competencia do DECEA."
A-155/CENIPA/2014-0_2,Emitir NOTAM a respeito da existencia da rede eletrica localizada proxima a cabeceira 33 da pista de SDVI.
A-155/CENIPA/2014-0_3,Analisar  a  pertinencia  de  incluir  no  ROTAER  a  informacao  da  presenca  de  rede eletrica localizada proxima a cabeceira 33 da pista de SDVI.
A-155/CENIPA/2015-0_2,"Verificar  a  conformidade  das  caracteristicas  fisicas  do  aerodromo  de  Garibaldi  com  os requisitos do RBAC 154 e determinar as adequacoes necessarias, se houver."
A-155/CENIPA/2019-01,"Divulgar o conteudo deste relatorio como forma de conscientizar os operadores aeroagricolas sobre a importancia da padronizacao de procedimentos operacionais que representem barreiras ao erro humano, assim como sobre a necessidade de aumento do alerta situacional durante operacoes nas quais existam uma elevada sequencia de pousos e decolagens."
A-156/CENIPA/2019-01,"Atuar junto a Aereo Agricola Fornagieri Ltda., a fim de certificar-se de que os itens previstos em seu Manual de Gerenciamento de Seguranca Operacional (MGSO), em especial as medidas de identificacao, avaliacao e mitigacao dos riscos afetos a operacao, sejam fielmente observados."
A-156/CENIPA/2019-02,"Divulgar os ensinamentos colhidos na presente investigacao, com o objetivo de alertar pilotos e operadores da aviacao agricola brasileira sobre os riscos de colisao com linhas de transmissao eletrica decorrentes de planejamentos de voo pouco detalhados."
A-156/CENIPA/2020-01,"Reforcar a atuacao junto a Mercaer Aviacao Agricola Ltda, a fim de que aquele operador aprimore suas atividades de supervisao gerencial e gerenciamento do risco estabelecidos no seu Manual de Gerenciamento de Seguranca Operacional (MGSO), com o intuito de estabelecer barreiras eficazes ao erro humano."
A-158/CENIPA/2014-01,"Divulgar  os  ensinamentos  colhidos  na  presente  investigacao,  a  fim  de  alertar  pilotos  e operadores da aviacao de asas rotativas acercados riscos decorrentes das operacoes a baixa altura, especialmente quando sobrevoando superficies aquaticas espelhadas."
A-158/CENIPA/2015-01,"Analisar a possibilidade de acrescentar no exame de saude pericial para obtencao e revalidacao do CMA de pilotos o Exame Toxicologico de Substancia Psicoativa, visando prevenir o risco associado ao uso indevido de substancias psicoativas na aviacao civil."
A-158/CENIPA/2015-02,"Analisar a possibilidade de atualizar o MCA 58-17 -Manual de Curso de Piloto Agricola, a fim de enfatizar os temas afetos a aerodinamica e a teoria de voo e suas relacoes com a ocorrencia do estol assimetrico em curvas de reversao."
A-159/CENIPA/2015-01,"Atuar junto a AHV - Escola de Aviacao Civil Ltda., a fim de verificar os criterios adotados por aquele operador para o preenchimento das fichas de avaliacao dos alunos."
A-159/CENIPA/2015-02,"Atuar junto a AHV - Escola de Aviacao Civil Ltda., a fim de alertar aquela Escola sobre a importancia de se observar o que e previsto no Manual do Instrutor de Voo do Comite Nacional de Prevencao de Acidentes Aeronauticos (CNPAA), sobretudo, no que diz respeito a rotatividade de instrutores."
A-159/CENIPA/2015-03,"Atualizar o Anexo H, “Fichas de avaliacao do piloto-aluno na pratica de voo do curso PP-A” do MCA 58-3, introduzindo uma coluna para que sejam preenchidos os niveis de aprendizagem a serem atingidos nos exercicios em cada missao, por fases de voo."
A-160/CENIPA/2013-001,"Divulgar o conteudo deste relatorio em seminarios, simposios, palestras e atividades afins voltadas a Aviacao Geral."
A-160/CENIPA/2015-01,"Divulgar os ensinamentos colhidos na presente investigacao, a fim de alertar pilotos e operadores de aeronaves convencionais sobre a importancia do fiel cumprimento das normas operacionais e dos manuais de voo, bem como de uma transicao adequada da operacao de aeronaves triciclo para as convencionais."
A-161/CENIPA/2015-01,"Atuar junto a Agrosema Aero Agricola Ltda., a fim de que aquele operador aperfeicoe seus mecanismos administrativos/operacionais de recebimento e verificacao dos servicos de manutencao executados em suas aeronaves."
A-162/CENIPA/2013-RSV_001,"Divulgar o conteudo do presente relatorio durante a realizacao de seminarios, palestras e atividades afins voltadas aos proprietarios, operadores e exploradores de helicopteros."
A-163/CENIPA/2013-001,"Tendo em vista os fatos observados e relatados neste relatorio, realizar Auditoria de Seguranca Operacional no Aeroclube de Blumenau."
A-163/CENIPA/2013-01,"Divulgar os ensinamentos colhidos na presente investigacao, a fim de alertar operadores e mantenedores da aeronave Cessna 152 sobre a importancia do cumprimento do programa de manutencao da aeronave/motor, o qual aponta a obrigatoriedade do cumprimento do Textron Lycoming Mandatory Service Bulletin nº 388."
A-164/CENIPA/2018-01,"Atuar junto a Pachu Aviacao Agricola Ltda., no sentido de avaliar a disponibilidade e aplicabilidade de seu Manual de Gerenciamento da Seguranca Operacional (MGSO) e suas Especificacoes Operativas, a fim de que os eventuais riscos relacionados a operacao sejam mapeados e mitigados apropriadamente."
A-165/CENIPA/2018-01,"Avaliar a pertinencia de esclarecer na tabela “Classe Helicopteros Multimotores”, do Apendice B da Instrucao Suplementar (IS) n° 61-006, Revisao J, de 26NOV2021, em vigor na data de publicacao deste Relatorio Final, que a instrucao requerida para o endosso de aeronaves modelo A109E deva obedecer aos criterios estabelecidos no Relatorio de Avaliacao Operacional do modelo AW109SP, tendo em vista que ambos os modelos possuem o mesmo designativo (A19S)."
A-165/CENIPA/2018-02,"Avaliar a pertinencia de incluir, nas exigencias de treinamento minimo e endosso para operar modelos especificos de aeronave requeridas no item (1), letra (f) da Secao 61.199 do RBAC 61, o treinamento em solo e em voo para a operacao VFR noturna."
A-165/CENIPA/2018-03,"Estabelecer orientacoes objetivando esclarecer aos pilotos quais os procedimentos necessarios para readquirir experiencia recente, apos deixar de realizar, dentro dos 90 (noventa) dias precedentes ao voo, as operacoes previstas na secao 61.21 do RBAC 61, principalmente quanto aos requisitos de voo noturno."
A-165/CENIPA/2018-04,"Divulgar os ensinamentos colhidos nesta investigacao aos Centros de Treinamento da Aviacao Civil autorizados a ministrar instrucoes teoricas e/ou praticas para helicopteros, a fim de contribuir para a disseminacao da cultura do endosso, enfatizando sua importancia para a operacao segura das aeronaves."
A-165/CENIPA/2018-05,Avaliar a pertinencia de instituir fichas de acompanhamento da instrucao de solo e de voo para que o piloto endossante registre a evolucao do treinamento do piloto endossado.
A-165/CENIPA/2018-06,"Analisar a possibilidade de traduzir a adaptar, para a realidade da aviacao civil brasileira, os textos dos handbooks e manuais publicados e disponibilizados pela FAA na sua pagina eletronica, no endereco https://www.faa.gov/regulations policies/handbooksmanuals/."
A-166/CENIPA/2013-RSV_001,"Atuar junto a Helicopteros do Brasil S/A - Helibras para que seja programada, periodicamente, uma apresentacao sobre as responsabilidades dos tripulantes e do Setor de Safety da empresa no caso de uma ocorrencia aeronautica com as aeronaves operadas pela Helibras, de acordo com a legislacao em vigor (CBA, RBHA/RBAC, IAC, NSCA e afins)."
A-166/CENIPA/2013-RSV_002,"Atuar junto ao Operador de Aerodromo de Guarulhos, a fim de que sejam adotados procedimentos para a fiscalizacao periodica dos patios e areas de manobras, de forma a detectar e/ou remover, oportunamente, obstaculos e objetos estranhos que possam constituir risco a circulacao de aeronaves."
A-166/CENIPA/2013-RSV_003,"Divulgar o conteudo deste relatorio aos associados, com o objetivo de ressaltar a importancia da comunicacao das ocorrencias aeronauticas, bem como a questao do gerenciamento da aeronavegabilidade de cada aeronave."
A-166/CENIPA/2014-001,"Realizar inspecao no aerodromo de Boquira (SNBO), de forma a verificar se o mesmo atende aos requisitos minimos de seguranca para operacao."
A-167/CENIPA/2013-RSV_001,"Atuar junto a Empresa Globo Aviacao Agricola Ltda, a fim de estabelecer um procedimento formal que permita a supervisao necessaria, referente ao emprego operacional da aeronave, considerando as atividades de planejamento e execucao dos trabalhos dos pilotos, dos ajudantes e dos responsaveis pelo apoio operacional, especialmente nas operacoes sem supervisao direta, como em fazendas distantes da sede da empresa."
A-167/CENIPA/2013-RSV_002,"Atuar junto a Empresa Globo Aviacao Agricola Ltda, a fim de estabelecer procedimento junto ao seu Controle Tecnico de Manutencao (CTM), com o objetivo de organizar e executar o planejamento dos servicos de manutencao das aeronaves de sua propriedade, evitando que esse controle fique por conta dos pilotos."
A-167/CENIPA/2013-RSV_003,"Promover a divulgacao deste Relatorio Final junto as empresas associadas e pilotos agricolas, tendo por objetivo disseminar os ensinamentos adquiridos a todos os envolvidos em planejamento de operacao aeroagricola, realcando a necessidade do previo reconhecimento aereo e terrestre das areas a serem pulverizadas e de uma supervisao gerencial mais apurada para este tipo de operacao."
A-168/CENIPA/2015-01,"Atuar junto as escolas de formacao de pilotos de helicoptero da aviacao civil, para que adotem, em suas instrucoes teoricas, aulas sobre a teoria do rolamento dinamico, chamando a atencao para os riscos de extrapolacao do angulo critico de rolamento e as medidas para evitar o evento."
A-168/CENIPA/2015-02,"Realizar gestoes junto a ULTRA PILOT ESCOLA DE AVIACAO CIVIL LTDA., de modo a assegurar-se de que esta escola providencie treinamento de CRM para os seus tripulantes, visando a mitigacao dos riscos operacionais decorrentes de falha nas comunicacoes, de falta de assertividade ou de duvidas na definicao das tarefas em voo."
A-168/CENIPA/2015-03,"Orientar as escolas de formacao de pilotos de helicopteros da aviacao civil sediadas no Aeroporto de Jacarepagua, para que realizem avaliacao previa da pista de grama, antes de cada etapa de treinamento de solo, como pre-requisito para a sua utilizacao."
A-168/CENIPA/2015-04,"Atuar junto ao operador do Aerodromo de Jacarepagua (SBJR), para que sejam adotadas medidas de implementacao de rotinas que possam garantir condicoes seguras de operacao da pista de grama do aerodromo."
A-168/CENIPA/2016-01,"Divulgar os ensinamentos colhidos na presente investigacao, a fim de alertar pilotos e operadores da aviacao civil brasileira sobre a importancia de se conhecer e respeitar os limites operacionais estabelecidos pelos fabricantes das aeronaves."
A-169/CENIPA/2013-RSV_001,"Analisar o Convenio de Delegacao nº 09/2012, firmado entre a Uniao e a Prefeitura Municipal de  Marica,  com  o  objetivo  de  verificar  se  os deveres  e  obrigacoes  do Delegatario  estao  sendo    devidamente  observados,  principalmente  no  que  diz  respeito  a  seguranca  das  operacoes  no aerodromo."
A-169/CENIPA/2014-01,"Divulgar os ensinamentos colhidos na presente investigacao, a fim de alertar pilotos e operadores da aviacao agricola quanto aos riscos da nao utilizacao da booster durante as fases do voo em que ela e requerida."
A-169/CENIPA/2016-01,"Atuar junto a PLA & SILVA AVIACAO AGRIC. LTDA., a fim de enfatizar aquele operador a importancia de se observar o constante nos Artigos 88, 88-N e 302(n) do Codigo Brasileiro de Aeronautica como ferramenta de prevencao de ocorrencias aeronauticas."
A-169/CENIPA/2016-02,"Atuar junto a PLA & SILVA AVIACAO AGRIC. LTDA., a fim de reforcar que, a despeito da falta de obrigatoriedade, cumprir os intervalos entre as revisoes gerais previstos nos programas de manutencao desenvolvido pelo fabricante e certificado pela autoridade da aviacao civil e uma importante ferramenta de prevencao de ocorrencias aeronauticas."
A-169/CENIPA/2016-03,"Divulgar os ensinamentos colhidos na presente investigacao, a fim de reforcar aos operadores regidos pelo RBHA 91 e RBAC 137 que, a despeito da falta de obrigatoriedade, cumprir os intervalos entre as revisoes gerais previstos nos programas de manutencao desenvolvido pelo fabricante e certificado pela autoridade da aviacao civil e uma importante ferramenta de prevencao de ocorrencias aeronauticas."
A-170/CENIPA/2014-001,"Realizar uma Auditoria de Seguranca de Voo na empresa Claro Aviacao sediada no Aeroporto de Carlos Prates (CHE0911-31/ANAC), tendo em vista que ambas as aeronaves acidentadas haviam passado por servicos recentes de manutencao nessa empresa, e que, no primeiro evento, foram constatados indicios de deficiente manutencao."
A-170/CENIPA/2018-01,"Atuar junto a Rambo Aviacao Agricola Ltda. ME, a fim de que sejam revistos os procedimentos operacionais adotados pelo operador relativos ao correto gerenciamento do combustivel, principalmente no tocante ao fiel cumprimento das instrucoes contidas nos manuais de voo publicados pelo fabricante da aeronave."
A-170/CENIPA/2018-02,"Divulgar os ensinamentos colhidos na presente investigacao, com o objetivo de alertar os proprietarios das empresas agricolas, pilotos e Gestores de Seguranca Operacional (GSO) quanto aos riscos da nao implantacao de uma politica eficaz nos procedimentos relacionados ao gerenciamento de combustivel em voo."
A-170/CENIPA/2018-03,"Atuar junto a Rambo Aviacao Agricola Ltda. ME, a fim que aquele operador aprimore o Sistema de Gerenciamento de Seguranca Operacional (SGSO), bem como verificar a efetiva atuacao do GSO da empresa."
A-172/CENIPA/2013-RSV_001,"Adotar procedimentos para divulgacao deste relatorio aos operadores de aeronaves de categoria privada (TPP), alertando quanto aos riscos relativos a inobservancia das altitudes minimas para o sobrevoo de areas urbanas."
A-172/CENIPA/2013-RSV_002,Incrementar os mecanismos de fiscalizacao em eventos de grande monta de modo a coibir operacoes de aeronaves a margem dos regulamentos aeronauticos em vigor e que colocam em risco a vida de terceiros.
A-172/CENIPA/2015-01,"Atuar junto a Aeroarroz Aviacao Agricola Ltda., a fim de que aquele operador aprimore o Sistema de Gerenciamento de Seguranca Operacional (SGSO) adotado pela empresa, sobretudo no que diz respeito aos mecanismos de planejamento de voo e de supervisao gerencial das operacoes aeroagricolas."
A-172/CENIPA/2015-02,"Atuar junto a Aeroarroz Aviacao Agricola Ltda., a fim de que aquele operador aperfeicoe seus mecanismos administrativos de escrituracao dos servicos de manutencao executados em suas aeronaves, como forma de prevenir ocorrencias aeronauticas."
A-172/CENIPA/2016-01,"Atuar junto a PARINTINS MNT DE ANV COM E SERVICOS, a fim de verificar a conformidade dos servicos de manutencao realizados por aquela empresa, visando incrementar os niveis de competencia e seguranca operacional requeridos ao desempenho das atividades para as quais tal organizacao e certificada."
A-172/CENIPA/2016-02,"Atuar junto a Parintins Taxi Aereo LTDA., a fim de verificar o cumprimento integral, por parte daquele operador, do constante no RBAC 135, sobretudo no que diz respeito a letra (a), do item 135.245 - Pre-requisitos para segundo em comando, da Subparte E."
A-173/CENIPA/2013-RSV_001,"Assegurar-se da adequacao do planejamento gerencial exercido pela Bahia Air Propaganda Aerea Ltda., no ambito operacional, tendo como foco o fiel cumprimento das regras de voo visual, estabelecidas na ICA 100-12, pelos pilotos envolvidos com os voos de reboque de faixa."
A-173/CENIPA/2013-RSV_002,"Reavaliar dispositivo no ambito do RBAC 61, visando ao estabelecimento de requisitos relacionados a concessao, revalidacao e requalificacao de habilitacao que possibilitem a adequada proficiencia dos pilotos rebocadores de faixa, a semelhanca dos requisitos estabelecidos para os pilotos rebocadores de planador."
A-173/CENIPA/2013-RSV_003,"Divulgar o conteudo do presente relatorio durante a realizacao de seminarios, palestras e atividades afins voltadas a proprietarios, operadores e exploradores de aeronaves."
A-173/CENIPA/2015-01,"Atuar junto ao Batalhao de Aviacao da Policia Militar do Estado de Santa Catarina (BAPM-SC), a fim de certificar-se de que esse operador passou a adotar procedimentos gerenciais que nao permitam a realizacao de voos por tripulantes que nao estejam devidamente habilitados para o cumprimento de missao aeropolicial."
A-173/CENIPA/2015-02,"Atuar junto ao BAPM-SC, buscando orientar o operador quanto a importancia de incluir em seu Manual de Operacoes a padronizacao para realizacao de pouso em area restrita e decolagem de maxima performance em consonancia com os manuais do fabricante."
A-173/CENIPA/2015-03,"Atuar junto a Empresa AEROMOT Aeronaves e Motores Ltda. a fim de que essa oficina nao realize nenhum tipo de servico de reparo em aeronave acidentada sem comunicacao e autorizacao da agencia reguladora, conforme legislacao em vigor."
A-174/CENIPA/2016-01,"Atuar, junto ao operador da aeronave (QNE Escola de Aviacao Civil Ltda.), no sentido de assegurar-se de que a realizacao das inspecoes de 50 e de 100 horas dos motores marca Lycoming, modelo 0-235-L2C, atenda adequadamente a secao 4 do Lycoming Operator?s Manual, O-235 e O-290 series, bem como ao estabelecido na letra (d) do Apendice D do RBAC 43, no que se refere a remocao, analise e instalacao de velas de ignicao."
A-174/CENIPA/2018-01,"Intensificar as acoes previstas no ambito do Plano de Supervisao da Seguranca Operacional (PSSO) 2020-2022, levando em consideracao os ensinamentos colhidos nesta investigacao e nas demais citadas neste relatorio, buscando reduzir o numero de ocorrencias categorizadas como “alto risco operacional”."
A-175/CENIPA/2013-01,"Realizar gestoes, junto a Abelha Taxi Aereo e Manutencao Ltda., no sentido certificar-se que a empresa realiza uma supervisao gerencial adequada sobre as operacoes aereas, notadamente, no que se refere ao planejamento e preparacao das missoes."
A-175/CENIPA/2014-01,"Atuar junto a HORA - Hangar Oficina e Recuperacao de Aeronaves (COM 6804-03/ANAC), a fim de que aquela organizacao demonstre que possui e aplica todos os recursos necessarios a adequada prestacao de servicos de manutencao nas aeronaves Beech Aircraft, modelo 58, conforme preconiza a legislacao em vigor, os respectivos manuais tecnicos e a lista de capacidades da empresa."
A-175/CENIPA/2014-02,"Atuar junto Secretaria Estadual de Justica e Seguranca Publica do Mato Grosso do Sul, a fim de que aquele operador aperfeicoe seus mecanismos administrativos e operacionais de recebimento, escrituracao e verificacao dos servicos de manutencao executados nas aeronaves sob sua responsabilidade, como forma de prevenir ocorrencias aeronauticas."
A-175/CENIPA/2016-01,"Atuar junto ao operador visando assegurar-se da existencia de processos organizacionais adequados de planejamento, controle e acompanhamento das atividades aereas."
A-177/CENIPA/2014-01,Realizar gestoes junto ao operador da aeronave de modo a certificar-se que este organize o planejamento gerencial das suas aeronaves e equipe as mesmas com kit de sobrevivencia e kit de primeiros socorros.
A-180/CENIPA/2013-RSV-001,"Atuar junto a AEROCON ESCOLA DE AVIACAO CIVIL S/S LTDA., a fim de ampliar e aperfeicoar o acompanhamento e a supervisao dos processos relativos a manutencao das aeronaves, com o objetivo que os servicos de manutencao sejam realizados de acordo com o previsto nos manuais tecnicos especificos."
A-181/CENIPA/2011,"Tendo em vista a emissao do Boletim Tecnico n° 139-265 pela Agusta, a emissao da Diretriz de Aeronavegabilidade de Emergencia AD n° 2011-0156-E pela EASA, os reportes de dificuldades em servico e os fatos conhecidos ate o presente momento em relacao as pas do rotor de cauda do helicoptero modelo AW139, avaliar junto a Autoridade Primaria de Certificacao (EASA) se as medidas mitigadoras adotadas sao suficientes para assegurar um controle adequado das falhas nas referidas pas e permitem que a aeronave seja operada no Brasil em conformidade com os requisitos de certificacao de tipo aplicaveis."
A-181/CENIPA/2013-01,"Divulgar os ensinamentos colhidos na presente investigacao aos Centros de Instrucao de Aviacao Civil, com a finalidade de alertar os instrutores e alunos sobre a importancia do treinamento e da adequada analise das condicoes meteorologicas e dos conhecimentos adquiridos no curso especifico de cada aeronave."
A-181/CENIPA/2018-01,Melhorar o processo de divulgacao de procedimentos de solicitacao de emissao de NOTAM e informacoes temporarias de aerodromos privados junto a ANAC.
A-181/CENIPA/2018-02,"Avaliar a viabilidade de elaboracao de um regulamento que estabeleca regras a serem adotadas no projeto de aerodromos privados, com a finalidade de se aumentar o nivel de Seguranca operacional, mormente no tocante as caracteristicas da area destinada a pousos e decolagens."
A-183/CENIPA/2013-01,"Realizar gestoes junto a Henrimar Taxi Aereo Ltda. a fim de assegurar-se quanto ao adequado cumprimento do SB A292 72 0230, versao C, de 29FEV2012, visando a execucao do programa de manutencao dos motores Arriel 1 e series, com base na definicao dos tipos de ambientes nos quais ocorrem as operacoes de suas aeronaves."
A-183/CENIPA/2013-02,"Realizar gestoes junto a Oficina Henrimar Taxi Aereo Ltda., a fim de assegurar-se, para efeito da execucao do programa de manutencao dos motores Arriel 1 e series, do fiel cumprimento dos procedimentos estabelecidos pelo SB A292 72 0230, versao C, de 29FEV2012, no tocante ao monitoramento do desgaste das palhetas do compressor axial e da presenca de laterite depositada no eixo oco do rolamento do gas generator."
A-183/CENIPA/2013-03,"Realizar gestoes junto a Oficina Henrimar Taxi Aereo Ltda., a fim de certificar-se de que a utilizacao da ferramenta erosion tool PN-TM0131G004, ocorre em consonancia com o disposto nas letras (a) e (a) - I do RBAC 145.109."
A-183/CENIPA/2013-04,"Realizar gestoes junto a Oficina Henrimar Taxi Aereo Ltda., a fim de assegurar-se da adequada Supervisao Gerencial, no ambito tecnico, com o foco na execucao do programa de manutencao dos motores Arriel 1 e series, notadamente, no que se refere a observancia do estabelecido no SB A292 72 0230, versao C, de 29FEV2012."
A-183/CENIPA/2013-05,"Realizar gestoes junto a Oficina Flyone Servico Aereo Especializado, Comercio e Servicos Ltda. a fim de assegurar-se, para efeito da execucao do programa de manutencao dos motores Arriel 1 e series, do fiel cumprimento dos procedimentos estabelecidos pelo SB A292 72 0230, versao C, de 29FEV2012, no tocante ao monitoramento do desgaste das palhetas do compressor axial e da presenca de laterite depositada no eixo oco do rolamento do gas generator."
A-183/CENIPA/2013-06,"Realizar gestoes junto a Oficina Flyone Servico Aereo Especializado, Comercio e Servicos Ltda. a fim de certificar-se de que a utilizacao da ferramenta erosion tool PN -TM0131G004 ocorre em consonancia com o disposto nas letras (a) e (a)-I do RBAC 145.109."
A-183/CENIPA/2013-07,"Realizar gestoes junto a oficina FLYONE Servico Aereo Especializado, Comercio e Servicos LTDA. a fim de assegurar-se da adequada supervisao gerencial no ambito tecnico, com o foco no cumprimento do programa de manutencao dos motores ARRIEL 1 e series, notadamente, no que se refere a observancia do estabelecido no SB a292 72 0230, versao C, de 29FEV2012."
A-185/CENIPA/2013-RSV_001,"Realizar acao de fiscalizacao na YROS FLY ESCOLA DE AV CIVIL LTDA., tendo em vista as condicoes encontradas durante a investigacao do acidente e expostas nesta SUMA."
A-185/CENIPA/2018-01,"Atuar junto a Produzir Agropecuaria Ltda., a fim de que aquele operador implemente um controle efetivo dos componentes utilizados em suas aeronaves, visando possibilitar o monitoramento e o rastreamento dos servicos de manutencao executados."
A-186/CENIPA/2013-RSV_001,"Realizar acoes de fiscalizacao na VCM AVIACAO AGRICOLA LTDA., em funcao de todas as violacoes relatadas na investigacao deste acidente."
A-187/CENIPA/2014-01,"Atuar junto a Pelicano Aviacao Agricola LTDA, a fim de incentivar que o setor responsavel pela seguranca operacional daquele operador tenha uma atuacao mais efetiva na promocao de atividade de prevencao de ocorrencias aeronauticas e que o Manual de Gerenciamento da Seguranca Operacional (MGSO) seja atualizado e cumprido por todos os profissionais que atuam na referida empresa."
A-187/CENIPA/2014-02,"Atuar junto a Pelicano Aviacao Agricola LTDA, a fim de que aquele operador reavalie a adequabilidade e a eficacia dos mecanismos de planejamento de voo e de supervisao gerencial adotados pela empresa, tendo em vista que tais acoes, quando adequadamente realizadas, tornam-se importantes ferramentas de prevencao de ocorrencias aeronauticas."
A-187/CENIPA/2014-03,"Atuar junto a Pelicano Aviacao Agricola LTDA, a fim de que esse operador aprimore seus mecanismos de controle e registro dos servicos de manutencao realizados em suas aeronaves, visando evitar a instalacao de produtos incompativeis com as especificacoes da aeronave."
A-191/CENIPA/2013-01,"Assegurar-se da instalacao de manometro diferencial ou de outro meio que permita a leitura direta da pressao diferencial do combustivel nos CTA operados pelo GRAER-BA, de acordo com o Form 1839-R20 03/13."
A-191/CENIPA/2013-02,"Atuar junto ao representante da Velcon no Brasil, no sentido de que o manual de instrucao dos elementos monitores utilizados nos CTA que dao suporte as atividades aeronauticas, bem como os Boletins de Servico relacionados, sejam devidamente impressos e divulgados na lingua portuguesa."
A-191/CENIPA/2013-03,"Assegurar-se da adequacao dos metodos utilizados pelo GRAER-BA, para efeito do monitoramento do combustivel utilizado nas aeronaves proveniente dos seus CTA."
A-191/CENIPA/2013-04,"Assegurar-se de que os operadores dos CTA do GRAER-BA foram orientados e treinados quanto ao fiel cumprimento do estabelecido no Form 1839-R20 03/13, da Velcon, notadamente no que se refere ao monitoramento da curva de substituicao de elementos monitores por reducao de vazao."
A-191/CENIPA/2013-05,"Instruir o GRAER-BA, no sentido de que sejam instaladas placas de aviso em local visivel dos CTA, com base na Nota 1 do item 5.7 da ABNT NBR15216, alertando os seus operadores quanto a restricao ao uso de combustivel aditivado."
A-191/CENIPA/2013-06,"Assegurar-se de que a operacao dos caminhoes tanques abastecedores (CTA) ocorra em consonancia com as instrucoes contidas nos manuais de instrucao dos elementos monitores de combustivel que os equipa, notadamente, no se refere ao monitoramento da pressao diferencial de combustivel aplicada aos filtros monitores desses veiculos."
A-191/CENIPA/2013-07,"Assegurar-se de que a construcao e a operacao dos CTA atendam as instrucoes contidas na ABNT NBR 13310, notadamente, no que se refere a instalacao do manometro de pressao diferencial ou de outro meio que permita a leitura direta desse parametro."
A-192/CENIPA/2013-RSV_001,"Realizar auditoria de seguranca operacional na HORUS ESCOLA DE AVIACAO CIVIL LTDA., com a finalidade de assegurar que o operador mantenha as condicoes minimas de seguranca, bem como o correto gerenciamento da instrucao de voo realizada com suas aeronaves e seus instrutores."
A-192/CENIPA/2018-01,"Divulgar os ensinamentos colhidos na presente investigacao, com a finalidade de alertar os operadores e proprietarios de aeronaves experimentais, quanto aos riscos associados a execucao da atividade aerea sem a fiel observancia das normas operacionais, regulamentos ou regras de trafego aereo, notadamente na realizacao de manobras a baixa altura."
A-193/CENIPA/2013-01,"Certificar-se da adequacao dos mecanismos de supervisao gerencial adotados pelo operador da aeronave, visando a melhor definicao de responsabilidade e de autonomia da sua gerencia de operacoes, de modo a evitar o uso de praticas nao recomendadas, como a composicao das tripulacoes dos helicopteros por pilotos sem a devida qualificacao."
A-193/CENIPA/2013-02,"Certificar-se da adocao dos mecanismos de supervisao gerencial pelo operador da aeronave, buscando permitir que a realizacao dos voos de instrucao em suas aeronaves ocorra somente quando forem satisfeitas as normas estabelecidas e de maneira oportunamente conhecida pelos seus gestores."
A-193/CENIPA/2013-03,"Assegurar-se da adequacao dos mecanismos de supervisao gerencial adotados pelo operador da aeronave, visando a padronizacao da operacao de seus helicopteros modelo AS 350 B2, notadamente, quanto a realizacao do teste do sistema hidraulico antes de cada decolagem, em conformidade com o previsto no Checklist e no Flight Manual das aeronaves."
A-193/CENIPA/2013-04,"Assegurar-se da implementacao de um SGSO pelo operador da aeronave, em conformidade com o que dispoe a resolucao Nº 106 da ANAC, de 30 de junho de 2009."
A-194/CENIPA/2014-01,"Atuar junto a HORA - Hangar, Oficina e Recuperacao de Avioes Ltda. (COM no 6804-03/ANAC), a fim de que aquela organizacao demonstre que possui e aplica todos os recursos necessarios a adequada prestacao de servicos de manutencao nas aeronaves de modelo U206f, fabricadas pela Cessna Aircraft, visando incrementar os niveis de competencia e seguranca operacional requeridos ao desempenho das atividades para as quais tal organizacao e certificada."
A-200/CENIPA/2013-001,"Divulgar em palestras, reunioes e simposios, os ensinamentos contidos no presente relatorio, a fim de aumentar a consciencia situacional de pilotos e operadores agricolas, com relacao aos fatores contribuintes deste acidente."
A-205/CENIPA/2014-01,"Divulgar os ensinamentos colhidos da presente investigacao, buscando alertar os pilotos que atuam na aviacao agricola sobre os riscos decorrentes da execucao de manobras a baixa altura com velocidades proximas a velocidade de estol, notadamente durante a realizacao da curva de reversao."
A-211/CENIPA/2014-01,"Divulgar os ensinamentos colhidos da presente investigacao, enfatizando junto aos operadores aeroagricolas quanto aos riscos envolvidos numa operacao sem que haja a devida observancia dos limites aerodinamicos da respectiva aeronave."
A-212/CENIPA/2014-01,"Atuar junto a ABNT, buscando estabelecer criterios para a atualizacao da norma NBR 7276:2005, normatizando a sinalizacao das linhas de transmissao de energia eletrica em areas sujeitas a operacao aeroagricola, com o objetivo de mitigar o risco de colisao de aeronaves agricolas com estas linhas de transmissao, tendo em vista a frequente reincidencia de acidentes desta natureza."
A-212/CENIPA/2014-02,"Atuar junto as concessionarias de distribuicao de energia eletrica, a fim de se estabelecer um mecanismo pelo qual os operadores aeroagricolas possam solicitar a sinalizacao das linhas de transmissao de energia eletrica, localizadas dentro de areas onde se pretenda operar aeronaves agricolas, em atendimento ao item 4.7.5 da NBR 7276:2005."
A-212/CENIPA/2014-03,"Divulgar os ensinamentos colhidos na presente investigacao aos operadores agricolas das diversas regioes do pais, buscando ressaltar as semelhancas entre os aspectos levantados e a realidade vivenciada pelos diversos operadores."
A-213/CENIPA/2013-01,"Realizar gestoes, junto a Heringer Taxi-Aereo Ltda., de maneira a garantir que esta so utilize aeronaves constantes de suas Especificacoes Operativas na execucao de contratos de transporte aereo."
A-213/CENIPA/2013-02,"Realizar gestoes, junto a Heringer Taxi-Aereo Ltda., de maneira a garantir que esta so utilize pilotos que estejam com os treinamentos requeridos pelo Programa de treinamento Operacional e habilitacoes em dia, na execucao de contratos de transporte aereo."
A-213/CENIPA/2013-03,"Realizar gestoes, junto a Heringer Taxi-Aereo Ltda., de maneira a garantir que esta so utilize pistas homologadas ou registradas, na execucao de contratos de transporte aereo."
A-213/CENIPA/2013-04,"Verificar se os contratos de transporte aereo celebrados entre empresas de transporte aereo e orgaos governamentais (IBAMA, FUNAI, ANS, prefeituras, etc.), estao sendo cumpridos de acordo com o que preve a legislacao aeronautica aplicavel."
A-216/CENIPA/2013-RSV_001,"Divulgar o conteudo do presente relatorio durante a realizacao de seminarios, palestras e atividades afins voltadas aos proprietarios, operadores e exploradores de aeronaves regulados pelo RBHA 91."
A-225/CENIPA/2013-01,"Realizar gestoes junto a RURAL AVIACAO AGRICOLA LTDA, no sentido de que se estabeleca um curriculo minimo de treinamento para todos os envolvidos no trato com aeronaves. Todos os procedimentos operacionais, desde o abastecimento de combustivel e produtos agricolas, ate o voo propriamente dito devem ser contemplados. Desta forma, havera um melhor conhecimento para o desempenho mais eficiente e seguro de suas tarefas."
A-225/CENIPA/2013-02,"Realizar gestoes junto a RURAL AVIACAO AGRICOLA LTDA, a fim de verificar sua conformidade com o SGSO."
A-225/CENIPA/2013-03,"Revisar a regulamentacao existente sobre as operacoes aeroagricolas, a fim de avaliar a pertinencia de inserir procedimentos especificos para o abastecimento das aeronaves com produtos para aplicacoes agricolas (solidos e liquidos) pelos respectivos operadores."
A-227/CENIPA/2013-01,"Reavaliar os procedimentos para aceitacao dos servicos de recuperacao de aeronaves acidentadas adotados pelas oficinas, mediante a proporcao dos danos ocorridos para enquadramento nos procedimentos de grandes reparos, a fim de garantir a confiabilidade destes."
A-227/CENIPA/2013-02,"Atuar junto a Agroer Oficina de Manutencao de Aeronaves Agricolas Ltda., a fim de verificar a conformidade dos procedimentos de manutencao e controle adotados por esta oficina."
A-287/CENIPA/2012-01,"Adotar acoes de fiscalizacao junto a Go Air (Master Esc Pilotagem Hel Ltda)  visando a substituicao imediata de produtos de uso nao aeronautico pelos previstos nos manuais de manutencao, bem como a aplicacao dos mesmos segundo os parametros previstos pela Robinson Helicopter Company e pelos seus fabricantes, como temperatura, tempo de cura e outros, em especial no tocante aos primers previstos no item 1.450 do Manual de Manutencao do R-22."
A-288/CENIPA/2012-02,Divulgar aos demais operadores de R-22 e R-44 a importancia do uso dos primers previstos pelo fabricante para a seguranca dos voos.
A-502/CENIPA/2015-001,"Realizar uma Auditoria no Aeroclube de Planadores de Balsa Nova, visando aprimorar a atividade aerea de instrucao desenvolvida com os requisitos aplicaveis."
A-502/CENIPA/2018-01,"Analisar a pertinencia de publicar um documento similar ao Collision Avoidance Strategies and Tactics (estudo produzido pela Aircraft Owners and Pilots Association - AOPA), no intuito de transmitir a pilotos e operadores da aviacao civil brasileira conhecimentos acerca de estrategias e taticas para evitar colisoes de aeronaves."
A-502/CENIPA/2018-02,"Divulgar os ensinamentos colhidos na presente investigacao, a fim de alertar pilotos e operadores da aviacao civil brasileira sobre os riscos decorrentes da nao observancia do que preve o RBHA 91 e a ICA 100-12, sobretudo no que diz respeito as regras para separacao entre aeronaves em voo."
A-506/CENIPA/2015-001,"Atuar, junto ao Governo do Estado do Amazonas, de modo a garantir que o operador realize uma adequada supervisao sobre as operacoes em suas aeronaves, especialmente quanto aos aspectos relacionados aos treinamentos de seus tripulantes ou de tripulantes contratados por meio de terceirizacao de contratos."
A-506/CENIPA/2015-002,"Estudar a viabilidade de criar uma legislacao especifica ou modificar a existente a fim de garantir o treinamento periodico para tripulantes de operadores da Administracao Publica Direta, tais como Governos Estaduais e Municipais."
A-507/CENIPA/2018-01,"DIVULGAR OS ENSINAMENTOS COLHIDOS NA PRESENTE INVESTIGAcaO, A FIM DE ALERTAR PILOTOS E OPERADORES DA AVIAcaO CIVIL BRASILEIRA SOBRE OS RISCOS DECORRENTES DO VOO SOB CONDIcoES DE VOO POR INSTRUMENTOS QUANDO AS AERONAVES OU AS TRIPULAcoES NaO SaO CERTIFICADAS OU HABILITADAS PARA OPERAR EM TAIS CONDIcoES."
A-509/CENIPA/2014-001,"Tendo em vista os fatos relatados neste relatorio, realizar gestoes junto a Escola de Aviacao Civil Golden Wings Ltda., de modo a orientar pilotos e pessoal de apoio para o que preve a ABNT NBR 15216, que trata da qualidade e dos cuidados no transporte, armazenamento e abastecimento de combustiveis de aviacao."
A-512/CENIPA/2015-001,"Divulgar aos operadores de aeronaves CIRRUS, modelo SR-22, o potencial de risco do nao travamento do banco do piloto, por ocasiao do ajuste do assento."
A-515/CENIPA/2018-02,"ATUAR JUNTO AO AEROCLUBE DE MONTENEGRO, A FIM DE QUE AQUELE OPERADOR APRIMORE OS TREINAMENTOS DE CRM OFERECIDO A SEUS TRIPULANTES, SOBRETUDO NO QUE DIZ RESPEITO a PADRONIZAcaO E aS CORRETAS TeCNICAS DE INSTRUcaO, E ORIENTE OS INSTRUTORES A SEREM CONSERVATIVOS, DE MODO A EVITAR QUE OS ERROS DOS ALUNOS SE APROXIMEM DO PONTO DE IRREVERSIBILIDADE DE UM ACIDENTE."
A-515/CENIPA/2018-04,"ATUAR JUNTO AO AEROCLUBE DE MONTENEGRO, A FIM DE QUE AQUELE OPERADOR CUMPRA, RIGOROSAMENTE, O PREVISTO NO MCA 58-3 - MANUAL DO CURSO PILOTO PRIVADO ? AVIaO, SOBRETUDO NO QUE DIZ RESPEITO a OBRIGATORIEDADE DA REALIZAcaO DO BRIEFING, MOMENTO EM QUE O INSTRUTOR EXPLANARa, DETALHADAMENTE, COMO TRANSCORRERa A REFERIDA MISSaO, DESDE O APRONTO INICIAL ATe O ENCERRAMENTO COMPLETO DO VOO."
A-515/CENIPA/2021-01,"Estabelecer procedimentos que garantam a atualizacao de publicacoes referentes a temas recorrentes em acidentes ou incidentes aeronauticos, em especial o fenomeno de windshear, notadamente no que se refere a necessidade de um planejamento de voo que contemple as condicoes meteorologicas que possam afetar as operacoes aereas."
A-516/CENIPA/2015-001,"Atuar junto a Skydive Vera Cruz Ltda. de modo a garantir a correta escrituracao das cadernetas de celula, motor e helice das aeronaves operadas pela entidade e deste modo elevar os niveis de seguranca operacional."
A-519/CENIPA/2015-001,"Tendo em vista os fatos relatados neste relatorio, realizar auditoria tecnica junto ao operador da aeronave, buscando certificar se a manutencao programada de suas aeronaves, bem como os servicos fora de sede que sao realizados por oficina homologada pela ANAC."
A-520/CENIPA/2015-001,"Tendo em vista os fatos relatados neste relatorio, atuar junto ao operador da aeronave de modo a garantir que esta disponibilize aos seus tripulantes a tabela para balanceamento de peso da aeronave, modelo EMB 202A, com base nas diferentes configuracoes de peso, e levando em consideracao os volumes de combustivel e de defensivo agricola utilizados. Alem de permitir a adequada agilizacao e precisao dos calculos e a evitar a operacao da aeronave fora do envelope, de acordo com o estabelecido no Manual de Operacao do fabricante da aeronave."
A-522/CENIPA/2014-001,Realizar visita tecnica na empresa Aero-Agricola Caicara Ltda. com intuito de analisar e propor melhorias no processo de recebimento de partes e registros de manutencao apos revisao de motores e demais componentes aeronauticos.
A-522/CENIPA/2016-01,"Realizar uma auditoria na Net Aviation Escola de Aviacao Civil, a fim de verificar o funcionamento e a conformidade do seu Sistema de Gestao da Seguranca Operacional, em especial no tocante a avaliacao das condicoes meteorologicas para a realizacao dos voos."
A-522/CENIPA/2016-02,"Divulgar os ensinamentos colhidos na presente investigacao, a fim de alertar pilotos e operadores da aviacao civil brasileira sobre a importancia da criteriosa avaliacao das condicoes meteorologicas, bem como de suas consequencias, por ocasiao do planejamento e da execucao dos voos."
A-531/CENIPA/2016-01,"Atuar junto ao operador no sentido de incrementar a manutencao do treinamento de seus pilotos, notadamente no tocante a coordenacao de cabine, visando garantir o cumprimento de todos os itens de checklist previstos."
A-531/CENIPA/2016-02,Atuar junto ao operador visando certificar-se quanto a adocao de mecanismos gerenciais que permitam controlar a manutencao dos programas de treinamento especificos para os seus tripulantes.
A-531CENIPA2015-01,"Realizar gestoes junto a Helisul Taxi-Aereo Ltda., a fim de que esta tome providencias para que todos os servicos de reparo nas pas de rotores nao previstos nos manuais de manutencao do operador sejam efetuados pelo fabricante ou por oficina devidamente credenciada."
A-531CENIPA2015-02,"Realizar gestoes junto a Helisul Taxi-Aereo Ltda., a fim de que esta providencie meios para capacitar os mantenedores a avaliar e executar reparos em pas no nivel previsto pelo fabricante para oficinas homologadas."
A-531CENIPA2015-03,"Realizar gestoes junto a Helisul Taxi-Aereo Ltda., a fim de que esta adeque a quantidade de mantenedores e inspetores na base Belem, de modo a atender a demanda dos servicos envolvendo as aeronaves em operacao naquela base."
A-531CENIPA2015-04,"Realizar gestoes junto ao GRAESP, a fim de que este elabore um programa de treinamento abrangente, abordando topicos sobre a manutencao operacional dos tripulantes e instrutores de voo."
A-531CENIPA2015-05,"Realizar gestoes junto ao GRAESP, a fim de que este elabore um programa sobre o controle tecnico e execucao de manutencao."
A-531CENIPA2015-06,"Realizar gestoes junto ao GRAESP, a fim de que este elabore um Manual de Gerenciamento da Seguranca Operacional (MGSO) com objetivo de divulgar os conceitos de Seguranca Operacional (Seguranca de Voo), e de orientar e monitorar as atividades do GRAESP, possibilitando a identificacao das falhas ativas e das condicoes latentes, assim como o gerenciamento dos riscos inerentes a missao do Grupamento."
A-531CENIPA2015-07,"Realizar gestoes junto ao GRAESP, a fim de que este adeque a quantidade de mantenedores e inspetores na base Belem, de modo a atender a demanda dos servicos envolvendo as aeronaves em operacao."
A-533/CENIPA/2015-01,"Atuar, junto a BRASFLIGHT ESC. BRASILEIRA DE AVIACAO CIVIL LTDA. de modo a garantir que esta esteja executando praticas operacionais adequadas no ambito da instrucao em voo."
A-539/CENIPA/2014-001,"Tendo em vista os fatos observados e relatados neste relatorio, a repeticao excessiva, no Brasil, de ocorrencias aeronauticas envolvendo aeronaves R-22 e R-44 pela nao observacao dos pilotos, no que diz respeito aos limites operacionais determinados pelo fabricante da aeronave, e claramente expressos nos manuais, recomenda-se intensificar o grau e o nivel de avaliacao dos pilotos por ocasiao de cheque inicial e cheques de rotina."
A-539/CENIPA/2015-01,"Avaliar a necessidade de emissao de Diretriz de Aeronavegabilidade, ou documento equivalente, referente a incorporacao do Service Bulletin 500-32-0011 e do Service Bulletin 500-27-0017 nas aeronaves modelo EMB-500 Phenom 100."
A-543/CENIPA/2015-01,Verificar a conformidade do heliponto da empresa Nanete Textil Ltda. com relacao aos requisitos de seguranca para operacao de helicopteros.
A-545/CENIPA/2017-02,"ESTUDAR A VIABILIDADE TeCNICA DE EXPANDIR NiVEIS DE VOO DE ROTAS AeREAS VISUAIS, ESPECIALMENTE, SOBRE CIDADES, A FIM DE PERMITIR A TRIPULANTES EVITAR O ESPAcO AeREO DE ALTA PROBABILIDADE DE COLISoES COM AVES, IDENTIFICADO NO BRASIL ENTRE O SOLO E 3.500FT DE ALTURA."
A-550/CENIPA/2011-02,"ATUAR JUNTO a USINA ESTIVES, A FIM DE ASSEGURAR QUE AQUELA EMPRESA ADOTE AS PROVIDeNCIAS NECESSaRIAS a ADEQUAcaO DA SINALIZAcaO DOS CABOS DE SUSTENTAcaO DAS SUAS TORRES AO QUE PRESCREVE A PORTARIA 957/GM3, DE 09JUL2015, DO COMANDO DA AERONaUTICA, E SUAS ALTERAcoES."
A-550/CENIPA/2011-03,"DIVULGAR OS ENSINAMENTOS COLHIDOS DA PRESENTE INVESTIGAcaO, JUNTO AOS DIVERSOS OPERADORES DA AVIAcaO AGRiCOLA, BUSCANDO RESSALTAR AS SEMELHANcAS ENTRE OS ASPECTOS LEVANTADOS NESTA INVESTIGAcaO E A REALIDADE VIVENCIADA PELOS OPERADORES DESTE SEGMENTO DA AVIAcaO CIVIL."
A-555/CENIPA/2014-001,"Divulgar o conteudo deste Relatorio Final para os operadores regulados pelo RBHA 91, alertando sobre a obrigatoriedade do cumprimento fiel dos limites operacionais estabelecidos pelos fabricantes das aeronaves."
A-559/CENIPA/2014-RSV_001,"Divulgar o conteudo deste relatorio em seminarios, simposios, palestras e atividades afins voltadas aos operadores regulados pelo RBAC 135."
A-559/CENIPA/2014-RSV_002,"Tendo em vista todas as condicoes latentes reportadas no conteudo deste relatorio, intensificar a fiscalizacao na Lafir Taxi-Aereo e na Parintins Taxi-Aereo."
A-561/CENIPA/2011-02,"Analisar a possibilidade de restringir a operacao na REH Boa Vista ao periodo diurno, com a finalidade de evitar a possibilidade de entrada inadvertida IMC, devido as caracteristicas meteorologicas e geograficas da regiao, e a consequente desorientacao da navegacao em area montanhosa."
A-567/CENIPA/2014-RSV_001,"Realizar auditoria tecnica no operador da aeronave com intuito de analisar e propor melhorias nos processos de gerenciamento, supervisao e manutencao praticados pela Direcao do Aeroclube de Imperatriz, tendo em vista os fatos levantados durante a investigacao do acidente."
A-569/CENIPA/2014-01,Realizar auditoria tecnica no Aeroclube de Goiania com intuito de analisar e propor melhorias no processo de manutencao das aeronaves do acervo do operador.
A-570/CENIPA/2014-001,"Realizar visita tecnica no Aeroclube de Taubate com intuito de analisar e propor melhorias no processo de manutencao das aeronaves, instrucao, supervisao e operacao tendo em vista os fatos relatados no corpo deste relatorio."
A-581/CENIPA/2014-01,"Tendo em vista os fatos observados e relatados neste relatorio, realizar auditoria tecnica na empresa Aeropalmas Taxi-Aereo Ltda. com intuito de analisar e propor melhorias no processo de operacao."
A-582/CENIPA/2014-03,"Orientar as suas organizacoes subordinadas em relacao ao fiel cumprimento do estabelecido na ICA 100-37, de 28ABR2014, no seu item 5.9.3 e na MCA 100-16, de 18NOV2013, no item 2.3.3."
A-584/CENIPA/2014_RSV_001,"Tendo em vista os fatos observados e relatados neste relatorio, a repeticao excessiva no Brasil de ocorrencias aeronauticas envolvendo aeronaves R-22 e R-44 pela nao observacao dos pilotos, no que diz respeito aos limites operacionais determinados pelo fabricante da aeronave, e claramente expressos nos manuais, recomenda-se intensificar o grau e o nivel de avaliacao dos pilotos por ocasiao de cheque inicial e cheques de rotina."
A-584/CENIPA/2016-01,"Realizar gestoes junto a Addey Taxi Aereo Ltda., a fim de certificar-se de que a empresa adote mecanismos de Supervisao Gerencial, no ambito operacional, visando garantir que seus pilotos facam o correto uso do checklist em todas as fases da operacao."
A-584/CENIPA/2016-02,"Realizar gestoes junto a Addey Taxi Aereo Ltda., a fim de certificar-se de que a empresa adote mecanismos de Supervisao Gerencial, no ambito administrativo, visando garantir um melhor acompanhamento das rotinas de trabalho de seus tripulantes, no tocante a identificacao oportuna de aspectos que possam comprometer a Seguranca de Voo, principalmente aqueles relacionados ao estresse e a fadiga."
A-586/CENIPA/2014_RSV_001,"Tendo em vista os fatos observados e relatados neste relatorio, realizar auditoria tecnica no Aeroclube de Blumenau com intuito de aperfeicoar o processo de instrucao naquela instituicao."
A-587/CENIPA/2016-01,"Implementar medidas de fiscalizacao de forma a assegurar que as oficinas executantes de revisao geral em celulas e grandes componentes dos helicopteros modelos R-22 e R-44, estejam empregando adequadamente os produtos especificados pelos fabricantes, com destaque para a remocao de tinta e da aplicacao de primers utilizados em juncoes, notadamente entre os PN A166-1 e PN A907-4."
A-593/CENIPA/2018-01,"Divulgar os ensinamentos colhidos na presente investigacao, com o objetivo de alertar operadores e organizacoes de manutencao sobre importancia de se verificar a correta execucao dos servicos de manutencao realizados nas aeronaves."
A-596/CENIPA/2013-001,"Tendo em vista os fatos observados e relatados neste relatorio, a repeticao excessiva no Brasil de ocorrencias aeronauticas envolvendo aeronaves R-22 e R-44 pela nao observacao dos pilotos, no que diz respeito aos limites operacionais determinados pelo fabricante da aeronave, e claramente expressos nos manuais, recomenda-se intensificar o grau e o nivel de avaliacao dos pilotos por ocasiao de cheque inicial e cheques de rotina."
A-605/CENIPA/2014-02,"Rever o processo de fabricacao e montagem dos motores TIO-540-AJ1A, em busca de uma possivel falha que possa concorrer para um erro de instalacao dos componentes: P/N STD-1737 (ring external retaining), P/N 71664 (Gear Assy, Fuel pump idler), e P/N 70474 (Washer, fuel pump idler thrust)."
A-606/CENIPA/2014-01,"Promover a disseminacao das licoes deste acidente aeronautico junto a operadores e pilotos da aviacao civil, tendo como objetivo relembrar os riscos associados ao nao cumprimento dos minimos operacionais estabelecidos nos procedimentos IFR"
A-606/CENIPA/2014-02,Orientar e incentivar os programas de promocao da saude e controle de sobrepeso quanto aos riscos oferecidos pelas condicoes de windshear.
A-606/CENIPA/2014-03,"Identificar o Morro de Santo Antonio na carta do procedimento VOR para a pista 32 de SBGO de modo a elevar o nivel de percepcao dos pilotos quanto aos riscos de colisao com esse obstaculo, conforme preve a CIRTRAF 100-30."
A-610/CENIPA/2014-001,"Orientar a empresa Vilela Agro Aerea Ltda. para reavaliar o processo de manuseio e abastecimento das aeronaves, com o intuito de eliminar qualquer possibilidade de contaminacao do combustivel."
A-613/CENIPA/2014-001,"Divulgar o conteudo deste Relatorio Final Simplificado em palestras, simposios e eventos de seguranca operacional, com o objetivo de alertar quanto aos perigos na operacao de aeronaves anfibias."
A-613/CENIPA/2014-002,"Divulgar o conteudo deste Relatorio Final Simplificado aos Inspetores de Aviacao Civil e Examinadores Credenciados da ANAC, com o objetivo de alertar quanto aos perigos na operacao de aeronaves anfibias."
A-617/CENIPA/2014-001,"Alertar aos operadores de aeronaves R22 a verificacao da fixacao da haste de controle da mistura do carburador, por ocasiao da proxima inspecao de 100 horas."
A-617/CENIPA/2014-002,"Alertar as oficinas de aviacao homologadas para a manutencao de aeronaves R22 a verificacao da fixacao da haste de controle da mistura do carburador, por ocasiao da proxima inspecao de 100 horas."
A-620/CENIPA/2014-001,Realizar gestoes no Aeroporto da Pampulha a fim de verificar o cumprimento da legislacao pertinente quanto a correta adequacao das sinalizacoes horizontas e verticais dos patios e areas de manobras de aeronaves.
A-620/CENIPA/2014-002,Realizar gestoes no Aeroporto da Pampulha a fim de verificar o cumprimento da legislacao pertinente quanto ao treinamento e instrucoes fornecidas aos Sinalizadores de Patios.
A-620/CENIPA/2014-003,"Atuar, junto a Starflight Academia de Aviacao Civil, de forma a assegurar que os instrutores e alunos sejam orientados sobre procedimentos de estacionamento em locais que apresentem restricoes na area de manobras."
A-626/CENIPA/2014-001,"Realizar uma auditoria no operador da aeronave, mais especificamente nos setores de manutencao e operacoes, com o objetivo de verificar se os procedimentos estabelecidos no Manual Geral de Manutencao (MGM) e no Manual Geral de Operacoes (MGO) estao sendo cumpridos conforme aprovacao do orgao regulador."
A-626/CENIPA/2014-002,"Divulgar as empresas de taxi-aereo os ensinamentos colhidos nesta ocorrencia, enfatizando a importancia do cumprimento dos procedimentos estabelecidos em seus manuais, bem como o fiel cumprimento de todos os passos contidos no cheklist durante todas as fases de operacao da aeronave."
CSTOJ_RS_10/206,"Atualizar, incluindo mais informacoes na publicacao AIP Brasil, sobre as caracteristicas fisicas do aerodromo, nomeadamente, largura, tipo e resistencia do piso das Taxiway B/C/D/E/G/H/J/K Aeroporto Internacional de Belem (SBBE)."
I-053/CENIPA/2014-RS_001,"Por se tratar do certificador primario da aeronave, assegurar-se que a logica do software da BCU que equipa as aeronaves modelo EMB-500, evite que durante o pouso, considerando-se o momento do toque das rodas na pista, o autoteste do seu sistema de freio se encontre em curso ou venha a se iniciar."
I-053/CENIPA/2014-RS_002,"""Por se tratar do certificador primario da aeronave, reavaliar a atualizacao das publicacoes tecnicas que tratam do sistema de freio das aeronaves modelo EMB-500 e dos dispositivos que contemplem informacoes sobre a manutencao das funcoes do antiskid protection apos o surgimento da mensagem """"ANTISKID FAIL"""" no CAS, de modo a facilitar o entendimento do operador quanto a diferenca da condicao de """"falha"""" ou """"degradacao"""" do sistema."""
I-067/CENIPA/2013-RSV_001,"Assegurar que todas as solicitacoes de NOTAM enviadas ao ICA, no que diz respeito a infraestrutura aeroportuaria, estejam contemplando as informacoes necessarias aos aeronavegantes de maneira clara, simples, concisa, livre de ambiguidades, de modo a ser compreendida sem necessidade de consultas a outros documentos, conforme preve a ICA 53-1 no item 2.3.5."
I-067/CENIPA/2013-RSV_002,"Aperfeicoar o processo de coordenacao entre a ANAC, os Operadores de Aerodromos e o DECEA, relativos as informacoes de Seguranca Operacional que possam ser utilizadas pelos aeronavegantes, principalmente nos aerodromos que estejam passando por processo de modificacao de infraestrutura aeroportuaria."
I-067/CENIPA/2013-RSV_003,"Verificar junto aos Operadores Brasileiros e Estrangeiros que operam em aerodromos brasileiros o que estabelece o RBHA 91.101, RBHA 91.102 e o RBAC 129.19 (a) (b) (c), tendo em vista que durante a investigacao do incidente foi observado a existencia de diferentes Cartas de Aerodromo (ADC) associadas ao Aerodromo de Brasilia, e ainda, os Boletins Informativos de Seguranca Operacional produzidos e emitidos pelo Operador do Aerodromo, todos eles apresentando diferencas entre si, e que podem ser condicoes latentes para ocorrencias aeronauticas."
I-067/CENIPA/2013-RSV_004,"Atuar junto aos Operadores de Aerodromos com objetivo de estabelecer procedimentos formais, de modo que o Setor de Engenharia disponibilize todos os dados necessarios para que o Setor de Operacoes possa formalizar a solicitacao de NOTAM contendo, de maneira completa e oportuna, todas as informacoes que os usuarios do aerodromo necessitam para elaborar o planejamento dos voos de maneira segura, especialmente os dados relativos a alguma restricao temporaria ou definitiva as operacoes aereas, em consonancia com a ICA 53-1/2012."
I-067/CENIPA/2013-RSV_005,"Atuar junto aos Operadores de Aerodromos com objetivo de estabelecer procedimentos formais, de modo que os Setores de Engenharia e de Operacoes disponibilizem, oportunamente, todos os dados necessarios para que os DTCEA disponham de tempo suficiente para o treinamento dos controladores de trafego aereo e a difusao aos usuarios dos aerodromos (atraves de radiodifusao ATIS), relativos as modificacoes a serem introduzidas na rotina operacional."
I-067/CENIPA/2013-RSV_006,"Atuar junto ao Operador de Aerodromo com objetivo de orientar que as solicitacoes de NOTAM ocorram de modo planejado e definitivo, evitando as emissoes sucessivas de NOTAM para retificar informacoes ja divulgadas, tendo em vista o impacto negativo que as alteracoes sequenciadas sobre o mesmo assunto tem sobre a seguranca operacional, em observancia ao item 2.3.5 da ICA 53-1/2012."
I-067/CENIPA/2013-RSV_007,Divulgar o conteudo deste Relatorio Final a todos os Operadores de Aerodromos brasileiros.
I-067/CENIPA/2013-RSV_008,"Aperfeicoar de maneira padronizada e sistemica o briefing diario de alerta ao pessoal de servico, realizado pelos Supervisores de Equipe, sobre todas as informacoes que possam ser utilizadas pelos controladores de trafego aereo, principalmente nos aerodromos que estejam passando por processo de modificacao de infraestrutura aeroportuaria."
I-067/CENIPA/2013-RSV_009,"Aperfeicoar o processo de coordenacao e troca de informacoes com os Operadores de Aerodromos e a ANAC sobre todas as informacoes e ferramentas que possam ser utilizadas pelos controladores de trafego aereo, e consequentemente, pelos aeronavegantes, principalmente nos aerodromos que estejam passando por processo de modificacao de infraestrutura aeroportuaria."
I-067/CENIPA/2013-RSV_010,"Estudar uma forma de manter uma atualizacao intermediaria das cartas ADC, dos aerodromos que estejam passando por processo de modificacao de infraestrutura aeroportuaria, a fim de mitigar o risco da possibilidade de utilizacao de outros documentos, como boletins informativos e cartas confeccionadas pelos operadores."
I-067/CENIPA/2013-RSV_011,Divulgar o conteudo deste Relatorio Final a todos os Destacamentos de Controle de Espaco Aereo.
I-149/CENIPA/2021-02,"Realizar treinamento com os operadores da TWR-SV, enfatizando a importancia da utilizacao das cameras de vigilancia e da necessidade da informacao de trafegos essenciais locais, possibilitando a correta utilizacao da carta PDC 1 de SBSV, diante de taxis simultaneos de aeronaves com diversas categorias de envergadura."
I-149/CENIPA/2021-03,"Analisar, em coordenacao com o operador aeroportuario de SBSV, a necessidade de modificar o Modelo Operacional da TWR-SV, revisando as informacoes sobre utilizacao da taxiway J3, J2 e J4 pelas aeronaves categoria C ou superiores."
I-152/CENIPA/2013-RSV001,"Atuar junto ao proprietario e ao operador (Rio 22), a fim de orienta-los quanto ao fiel cumprimento da NSCA 3-13, para notificar o CENIPA/SERIPA III, quando houver o envolvimento em qualquer tipo de ocorrencia aeronautica."
I-215/CENIPA/2015-001,Divulgar o conteudo do presente relatorio junto as empresas que comercializam JET A1 (Querosene de Aviacao) nos aerodromos brasileiros.
I-215/CENIPA/2015-002,"Implementar, em coordenacao com a ANP, a utilizacao de recipientes de 5 galoes (aproximadamente 20 litros) de aditivo ULTRASOLVE AC HF diretamente nos CTA, pelas empresas que comercializam JET A1 (Querosene de Aviacao), excluindo do processo a transferencia de aditivo entre recipientes extras para o transporte ate reservatorio do aditivo dos CTA."
I-215/CENIPA/2015-003,"Adequar os recursos humanos e materiais necessarios a realizacao das tarefas de suporte aos caminhoes de abastecimento no patio de aeronaves, a fim de evitar interrupcoes de tarefas."
I-215/CENIPA/2015-004,"Divulgar, a todos os funcionarios, a informacao de novos produtos que venham a circular no ambiente operacional como forma de coibir possiveis enganos sobre os produtos utilizados e reforcar a adocao de procedimentos especificos para o manuseio dos mesmos."
I-215/CENIPA/2015-005,"Incrementar a fiscalizacao na adequacao dos recursos humanos e materiais, utilizados pelas empresas revendedoras, necessarios a realizacao das tarefas de suporte aos caminhoes de abastecimento no patio de aeronaves, a fim de evitar interrupcoes de tarefas."
I-235/CENIPA/2013-001,"Atuar junto ao Operador de Aerodromo de SBGL com objetivo de estabelecer procedimentos formais, de modo que os Setores de Engenharia e de Operacoes disponibilizem, oportunamente, e o mais rapido possivel, todos os dados necessarios para que o DTCEA-GL disponha de tempo suficiente para mudancas e adequacao do modelo de operacao dos controladores de trafego aereo."
I-235/CENIPA/2013-002,"Atuar junto ao Operador de Aerodromo buscando o cumprimento do previsto no Anexo 14 da ICAO no tocante a infraestrutura, de maneira que todas as aeronaves operando na taxiway L3 fiquem devidamente separadas de obstaculos e eventuais aeronaves estacionadas no patio 2."
I-235/CENIPA/2013-003,Divulgar o conteudo deste Relatorio Final a todos os Operadores de Aerodromos Brasileiros.
I-235/CENIPA/2013-004,"Aperfeicoar de maneira padronizada e sistemica o briefing diario de alerta ao pessoal de servico, realizado pelos Supervisores de Equipe, sobre todas as informacoes que possam ser utilizadas pelos controladores de trafego aereo, principalmente nos aerodromos que estejam passando por processo de modificacao de infraestrutura aeroportuaria."
I-235/CENIPA/2013-005,Reavaliar e aperfeicoar o Modelo Operacional aplicado pelo DTCEA-GL.
I-235/CENIPA/2013-006,Divulgar o conteudo deste Relatorio Final a todos os Destacamentos de Controle de Espaco Aereo.
I-535/CENIPA/2014-RS_001,Notificar o fabricante da aeronave sobre o conteudo da investigacao do incidente e para que o mesmo certifique-se que os ganchos fornecidos estao em conformidade com a especificacao do projeto.
I-535/CENIPA/2014-RS_002,"Reavaliar a validacao de certificacao da aeronave para transporte de carga externa tendo em vista o Laudo Tecnico nº 024/AMR/2012, elaborado pelo Departamento de Ciencia e Tecnologia Aeroespacial (DCTA), o qual indicou uma utilizacao de material inadequado na articulacao do gancho de carga existente na aeronave de modelo MI-171A envolvida na ocorrencia aeronautica em questao, adquirida pela empresa Atlas Taxi-Aereo."
I-535/CENIPA/2014-RS_003,Reavaliar as condicoes de operacao padronizadas com carga externa utilizadas pela empresa Atlas Taxi-Aereo.
I-544/CENIPA/2017-05,"Desenvolver um programa de treinamento e capacitacao para controladores de trafego aereo que aumente a consciencia situacional quanto a presenca de animais e bandos de aves, no solo ou em voo, como perigos ocasionais que podem representar obstaculos a operacao de aeronaves."
I-544/CENIPA/2017-06,"Aperfeicoar a regulacao de aviacao civil brasileira, incluindo metodologia de classificacao imediata de risco de fauna na area critica de aerodromo, para facilitar a comunicacao eficiente entre operadores de aerodromos e controle de trafego aereo, viabilizando pronto-emprego de metodos de remocao de animais dentro dos aerodromos brasileiros."
I-548/CENIPA/2018-01,"Divulgar os ensinamentos colhidos na presente investigacao, a fim de alertar operadores e mantenedores da aviacao civil brasileira sobre a importancia de se verificar, durante as acoes de manutencao, as condicoes e a integridade dos conectores da cablagem (W601-00011-24BL) instalados nas aeronaves EMB 500."
IG-001/CENIPA/2015-001,Atuar junto ao operador do aerodromo de modo a assegurar que o estacionamento das aeronaves nas diversas posicoes do patio 4 de SBSV ocorra de forma coincidente com as marcacoes em “T” existentes no solo.
IG-001/CENIPA/2015-002,"Atuar junto ao operador do aerodromo para assegurar que haja efetiva assistencia prestada as aeronaves que realizam manobras de estacionamento no patio 4 de SBSV, por meio de “parqueador”, de acordo com o estabelecido no RBAC 153.121 (a)."
IG-001/CENIPA/2015-003,Orientar o operador da aeronave para que o mesmo cobre dos seus pilotos o fiel cumprimento da sinalizacao horizontal dos patios de manobra.
IG-003/CENIPA/2019-02,"Analisar a pertinencia de inserir o estudo de caso desta ocorrencia no PAELS (Programa de Atividades e Emprego do Laboratorio de Simulacao), no sentido de buscar mitigar os erros decorrentes de desvios de normas e modelos operacionais, cometidos por Controladores de Trafego Aereo habilitados."
IG-003/CENIPA/2019-03,"Analisar a pertinencia quanto ao aperfeicoamento da redacao do texto contido no item a seguir, da ICA 100-37 - Servico de Trafego Aereo, a fim de clarificar o entendimento do seu conteudo: 6.28.3.6 As instrucoes de controle de trafego aereo a serem emitidas apos a decolagem."
IG-006/CENIPA/2013-001,"Reforcar junto aos demais operadores brasileiros de aeronave EMB500 a importancia do cumprimento do Boletim Operacional nº 500-003/11 de 23 de agosto de 2011, emitido pela EMBRAER, alertando para as condicoes de vento na aproximacao final, recomendando ao operador que consulte as informacoes de vento disponiveis nos equipamentos da aeronave, especialmente, quando operar em aerodromos sem disponibilidade de informacoes meteorologicas."
IG-006/CENIPA/2013-002,"Atuar, junto a USINA CORURIPE ACUCAR E ALCOOL, de modo a garantir que sejam adotadas acoes no sentido de remanejar o bagaco de cana-de-acucar, depositado na area de manobras do aerodromo, em funcao da contaminacao da pista pela dispersao do po deste subproduto, o que acarreta a diminuicao do coeficiente de atrito da superficie asfaltada, principalmente, nas condicoes de pista molhada, colocando em risco o controle das aeronaves no solo."
IG-006/CENIPA/2014-RSV_001,"Divulgar o conteudo do presente relatorio durante a realizacao de seminarios, palestras e atividades afins voltadas aos operadores de aeronaves da aviacao regular (RBAC 121), enfatizando a aplicacao constante dos conceitos de CRM."
IG-007/CENIPA/2014-RSV_001,"Divulgar o conteudo do presente relatorio durante a realizacao de seminarios, palestras e atividades afins voltadas aos proprietarios, operadores e exploradores de aeronaves."
IG-007/CENIPA/2017-01,"Realizar gestoes junto a Teruel Aviacao Agricola Ltda. com o objetivo de que seja reforcado o treinamento periodico de suas tripulacoes com informacoes sobre os limites estabelecidos pelo fabricante das aeronaves operadas pela empresa, no que diz respeito a operacao com vento de cauda e traves."
IG-008/CENIPA/2021-01,"Atuar junto a Unidade Aerea Publica (UAP) da Casa Militar do Governo do Parana, a fim de verificar se aquele operador estabeleceu os Procedimentos Operacionais Padrao (SOP) do modelo 208B, bem como implementou o Manual de Gerenciamento da Seguranca Operacional (MGSO)."
IG-010/CENIPA/2013-RSV001,"Atuar junto as Empresas Aereas reguladas pelo RBAC 121 no sentido de aprimorar os processos de supervisao gerencial e coordenacao entre os setores de Safety, Operacoes e Manutencao, com o objetivo de identificar condicoes latentes, como por exemplo, aeronaves que estejam apresentando panes repetitivas (dificuldade em servico) e que possam vir a comprometer a seguranca operacional, de modo que sejam estabelecidas medidas mitigadoras mais eficientes."
IG-010/CENIPA/2013-RSV002,"Formalizar orientacao reguladora as Empresas Aereas reguladas pelo RBAC 121 que criem procedimentos internos de preservacao de dados do Cockpit Voice Recorder (CVR), em caso de ocorrencias aeronauticas, a fim de resguardar as gravacoes de audio para melhor subsidiar as investigacoes."
IG-010/CENIPA/2013-RSV003,Divulgar o presente Relatorio Final de forma a evitar novas ocorrencias com os mesmos fatores contribuintes.
IG-010/CENIPA/2016-01,"Divulgar os ensinamentos colhidos na presente investigacao, a fim de alertar pilotos e operadores da aviacao civil brasileira sobre os riscos decorrentes da nao utilizacao de uma lista de verificacoes adequada, bem como da operacao em pistas nao homologadas ou nao registradas por autoridade competente, em desacordo com o Art. 30 do Codigo Brasileiro de Aeronautica."
IG-010/CENIPA/2022-01,"Divulgar os ensinamentos colhidos nesta investigacao a Unidade Aerea Publica (UAP)da Policia Militar do Estado de Minas Gerais, a fim de que aquela UAP discuta nos seus eventos internos de promocao da seguranca operacional a importancia do treinamento de suas tripulacoes"
IG-011/CENIPA/2013-RSV001,"Reavaliar o treinamento periodico praticado pela TAM, visto que o que era praticado nao abrangia totalmente o que esta recomendado pela AIRBUS atraves do RECURRENT TRAINING AND CHECKING previsto no FLIGHT CREW TRAINING PROGRAM, datado de novembro de 2010, no que diz respeito a periodicidade dos treinamentos em simulador de voo."
IG-011/CENIPA/2013-RSV002,"Atuar junto aos orgaos competentes, para acoes pertinentes julgadas cabiveis, quanto ao perigo que se traduz a aviacao nacional e estrangeira operando em espaco aereo brasileiro, da atividade de soltura de qualquer tipo de balao que apresente a caracteristica de incontrolabilidade."
IG-011/CENIPA/2013-RSV003,Realizar a divulgacao deste Relatorio Final para a comunidade aeronautica brasileira.
IG-011/CENIPA/2013-RSV004,"Dar conhecimento ao Ministerio Publico Federal do conteudo da investigacao deste Incidente Grave para acoes pertinentes julgadas cabiveis, quanto ao perigo que se traduz a aviacao nacional e estrangeira operando em espaco aereo brasileiro, da atividade de soltura de qualquer tipo de balao que apresente a caracteristica de incontrolabilidade, sejam eles, os artesanais sem fogo ou os dotados de chama incandescente como fonte de sustentacao."
IG-012/CENIPA/2014-001,"Atuar junto ao operador da aeronave de modo a divulgar os ensinamentos colhidos na investigacao e reforcar os conceitos sterile cockpit, conforme o QRH da aeronave, bem como os conceitos de CRM, a fim de evitar que distracoes ou informacoes inesperadas dos orgaos ATC venham a comprometer os procedimentos de operacao normal da aeronave."
IG-012/CENIPA/2014-002,"Divulgar e ratificar junto aos operadores das Torres de Controle, sob a responsabilidade do DECEA, da fundamental necessidade do cumprimento integral das orientacoes contidas na ICA 100-12, relativas ao cotejamento de mensagens essenciais as tripulacoes, contribuindo para evitar falhas de entendimento ou esquecimento nas fases mais criticas do voo."
IG-012/CENIPA/2016-01,"Avaliar a exequibilidade de atuar junto as empresas aereas de transporte regular (RBAC 121) para o aperfeicoamento do treinamento ofertado aos tripulantes, sobre os efeitos e sintomas de hipoxia, a fim de aumentar as possibilidades da identificacao dos sintomas fisicos relacionados a essa ocorrencia, alem dos sinais indicados pela aeronave para deteccao de problemas de pressurizacao (luzes e sons)."
IG-012/CENIPA/2016-02,"Avaliar a viabilidade de atuar junto as empresas aereas de transporte regular (RBAC 121), no sentido de alertar as tripulacoes quanto aos efeitos do uso e/ou abstinencia de medicamentos antidepressivos no desempenho das atividades profissionais."
IG-013/CENIPA/2014-001,"Divulgar o conteudo do presente relatorio durante a realizacao de seminarios, palestras e atividades afins voltadas aos proprietarios, operadores e exploradores de aeronaves."
IG-014/CENIPA/2013-RSV_001,Determinar que os Operadores Regulados pelo RBAC 121 e 135 reavaliem o programa de treinamento em simulador onde as emergencias mais criticas sejam treinadas com maior frequencia.
IG-014/CENIPA/2013-RSV_002,"Determinar que os Operadores Regulados pelo RBAC 121 e 135 revisem os processos de recebimento de novas aeronaves incorporadas nas especificacoes operativas, com vistas a identificar necessidades e capacitar seus recursos humanos de manutencao para as inovacoes tecnologicas incorporadas nos novos equipamentos adquiridos."
IG-014/CENIPA/2013-RSV_003,"Determinar que os Operadores Regulados pelo RBAC 121 e 135 criem procedimentos definitivos que garantam a preservacao dos dados dos gravadores de voz (CVR), sempre houver uma ocorrencia aeronautica."
IG-014/CENIPA/2013-RSV_004,Determinar que os Operadores Regulados pelo RBAC 121 e 135 criem procedimentos definitivos que garantam a presenca de profissionais com formacao de SAFETY atuando diretamente nos Centros de Manutencao e mantenham continuo contato com a Diretoria de Seguranca Operacional.
IG-014/CENIPA/2013-RSV_005,"Divulgar o conteudo do presente relatorio durante a realizacao de seminarios, palestras e atividades afins voltadas aos operadores regulados pelo RBAC 121 e 135."
IG-017/CENIPA/2013-RSV_001,"Atuar junto ao operador da aeronave, tendo em vista os fatos levantados durante a investigacao deste incidente grave."
IG-018/CENIPA/2013-RSV_001,Realizar gestoes junto ao Operador de Aerodromo de Uberlandia (SBUL) no intuito de viabilizar a instalacao de um Sistema Visual Indicador de Rampa de Aproximacao para a cabeceira 22.
IG-018/CENIPA/2013-RSV_002,"Realizar gestoes junto aos aerodromos publicos brasileiros que operam com aeronaves turbo-jato, que nao possuam um Sistema Visual Indicador de Rampa de Aproximacao, no intuito de viabilizar a instalacao do referido sistema, visando adequa-los ao que estabelece o RBAC 154 Emenda 01, Subparte D, 154.305 letra J."
IG-018/CENIPA/2013-RSV_003,"Realizar gestoes junto ao DECEA no intuito de estabelecer criterios unificados sobre a implantacao de Sistemas Visuais de Indicadores de Rampa de Aproximacao, adequando, desta forma o RBAC154 Emenda 01 - Projeto de Aerodromos com a ICA 63-18 CRITERIOS DE IMPLANTACAO DE ORGAOS ATS E DE AUXILIO A NAVEGACAO AEREA."
IG-018/CENIPA/2013-RSV_004,"""Adotar uma metodologia, com base cientifica, de medicao e avaliacao do nivel de """"contaminacao de pista de pouso e decolagem por agua"""" dos aerodromos publicos brasileiros operados por empresas aereas regulares e regionais, tendo como referencia os parametros estabelecidos no Anexo 14 da OACI e no RBAC 154 (Regulamento Brasileiro de Aviacao Civil) com a finalidade de mitigar a possibilidade de ocorrencias aeronauticas associadas a hidroplanagem."""
IG-018/CENIPA/2013-RSV_005,"Realizar gestoes junto a ANAC no intuito de estabelecer criterios unificados sobre a implantacao de Sistemas Visuais Indicadores de Rampa de Aproximacao, adequando, desta forma o RBAC154 Emenda 01 - Projeto de Aerodromos com a ICA 63-18 CRITERIOS DE IMPLANTACAO DE ORGAOS ATS E DE AUXILIO A NAVEGACAO AEREA."
IG-018/CENIPA/2013-RSV_006,"""Visto que ainda NULL um metodo de avalicao definido pelo orgao de fiscalizacao e regulacao da Aviacao Civil Brasileira (ANAC) quanto ao aspecto de contaminacao de pista por agua nos aerodromos publicos brasileiros e visando mitigar possiveis ocorrencias aeronauticas em caso de chuva intensa sobre as pistas de pouso e decolagem, estudar a possibilidade de implementar a necessidade de solicitacao de reporte junto as tripulacoes do """"breaking action"""" apos o pouso pelos controladores de trafego aereo, mesmo sabedores de que se trata de uma informacao subjetiva e dependente da performance especifica de cada aeronave e da experiencia pregressa de cada tripulacao."""
IG-019/CENIPA/2017-01,"Atuar junto a Industria Aeronautica Neiva S.A (EMBRAER), a fim de que aquele fabricante promova a atualizacao do Boletim de Servico Neiva Nº 800-032-0034, de 10NOV1997, ou mesmo do Capitulo 32 (Trem de Pouso) do MS-810D/554, tornando tais procedimentos mais completos."
IG-019/CENIPA/2017-02,"Analisar a pertinencia de atualizar a Diretriz de Aeronavegabilidade (DA) 98-01-01, tomando como base a Airworthiness Directives (AD) FAA 2005-13-16 e o Service Bulletin da Piper Nº 1123C, de 30MAIO2013, uma vez que as aeronaves EMB-810D foram fabricadas utilizando-se o projeto das aeronaves Piper PA-34."
IG-020/CENIPA/2019-01,"Atuar junto a Azul Linhas Aereas Brasileiras S.A, a fim de dar ampla divulgacao a “Lista de exemplos de incidentes graves”, o Anexo A da NSCA 3-13 (Protocolos de Investigacao de Ocorrencias Aeronauticas da Aviacao Civil conduzidas pelo Estado Brasileiro), sobretudo o item Incapacitacao da tripulacao em voo, visando evitar que incidentes graves envolvendo aeronave sob a responsabilidade daquele operador nao sejam informados a autoridade de investigacao de ocorrencias aeronauticas."
IG-020/CENIPA/2019-02,"Divulgar os ensinamentos colhidos na presente investigacao, a fim de alertar os tripulantes da aviacao civil brasileira sobre os riscos decorrentes da operacao sem as plenas capacidades psicofisicas."
IG-023/CENIPA/2019-01,"Atuar junto a Aeromaj Aviacao Agricola Ltda., a fim de que aquele operador aprimore o Sistema de Gerenciamento de Seguranca Operacional (SGSO) adotado pela empresa, sobretudo no que diz respeito aos mecanismos de planejamento de voo, manutencao da atencao dos tripulantes durante os servicos de pulverizacao e de supervisao gerencial das operacoes aeroagricolas."
IG-023/CENIPA/2019-02,"Divulgar os ensinamentos colhidos no presente relatorio, a fim de alertar pilotos e operadores da aviacao civil brasileira sobre os riscos decorrentes de planejamentos de operacoes aeroagricolas que nao consideram corretamente os obstaculos presentes no terreno."
IG-025/CENIPA/2019-01_A,"Atuar junto a empresa Costa do Sol Taxi Aereo S.A., a fim de que aquele operador aprimore os treinamentos de Crew Resource Management (CRM) oferecidos a seus tripulantes, sobretudo no que diz respeito as interacoes interpessoais necessarias a manutencao da seguranca operacional durante os procedimentos de taxi e estacionamento das aeronaves operadas."
IG-025/CENIPA/2019-01_B,"Atuar junto ao operador do aerodromo de SWCA, a fim de assegurar que as operacoes naquela localidade estejam dentro dos niveis aceitaveis de seguranca operacional, mormente no que se refere ao processo de identificacao de perigos, analise e gerenciamento do risco, bem como ao plano de emergencia em aerodromo (PLEM). (obs: recomendacao emitida antes da publicacao do RF)"
IG-025/CENIPA/2019-02,"Atuar junto a empresa Costa do Sol Taxi Aereo S.A., a fim de enfatizar aquele operador a importancia de se observar o previsto no Art. 88-N do Codigo Brasileiro de Aeronautica que, salvo as excecoes estabelecidas, proibe a remocao de aeronaves acidentadas do local da ocorrencia sem a devida autorizacao da Autoridade de Investigacao SIPAER."
IG-025/CENIPA/2019-03,"Atuar junto a empresa Costa do Sol Taxi Aereo S.A., a fim de enfatizar aquele operador a importancia de se comunicar, pelo meio mais rapido, a Autoridade da Aviacao Civil e a Autoridade de Investigacao SIPAER toda e qualquer ocorrencia aeronautica que envolva aeronave operada pela empresa."
IG-025/CENIPA/2019-04,"Atuar junto a empresa Costa do Sol Taxi Aereo S.A., a fim de enfatizar aquele operador a importancia de se preservar os dados gravados pelos equipamentos de bordo das aeronaves operadas para a investigacao de ocorrencias aeronauticas."
IG-025/CENIPA/2019-05,"Atuar junto a Prefeitura Municipal de Carauari, a fim de aquele operador de aerodromo atualize e cumpra o constante em seu Manual de Gerenciamento de Seguranca Operacional (MGSO), como forma de prevenir futuras ocorrencias aeronauticas."
IG-025/CENIPA/2019-06,"Atuar junto a Prefeitura Municipal de Carauari, a fim de aquele operador de aerodromo desenvolva e implante em SWCA um Sistema de Resposta a Emergencia Aeroportuaria (SREA), um Plano de Emergencia Aeronautica (PLEM) e um Plano Contraincendio de Aerodromo."
IG-025/CENIPA/2019-07,"Atuar junto a Prefeitura Municipal de Carauari, a fim de aquele operador de aerodromo providencie um Gerente de Seguranca Operacional que possa realizar as atividades previstas no Sistema de Gerenciamento da Seguranca Operacional (SGSO) adotado em SWCA."
IG-029/CENIPA/2025-01,"Avaliar a adequabilidade de inserir na CIRCEA 100-57 orientacoes claras sobre as responsabilidades remanescentes dos ATCO apos a desativacao formal de funcoes, em especial a de Supervisor, a fim de evitar ambiguidades, assegurar a continuidade da vigilancia e manter a consciencia situacional no ambiente operacional, especialmente em situacoes criticas."
IG-029/CENIPA/2025-02,"Atuar junto ao CRCEA-SE, a fim de que sejam reavaliados seus processos de monitoramento e medicao do desempenho da seguranca operacional, buscando a melhoria continua do seu SMS."
IG-029/CENIPA/2025-03,"Analisar a pertinencia de incluir o conceito de hot spot na ICA 81-4, com orientacoes clarassobre sua aplicacao nos procedimentos de varredura visual e de coordenacao de pista, afim de elevar a consciencia situacional com relacao aos riscos envolvidos nas operacoesconduzidas nesses locais."
IG-029/CENIPA/2025-04,"Atuar junto ao CRCEA-SE, a fim de que sejam realizadas avaliacoes periodicas da cultura organizacional, com foco na promocao da cultura justa, a fim de garantir que os operador esse sintam seguros para reportar erros, reduzindo barreiras a acao corretiva imediata."
IG-029/CENIPA/2025-05,"Avaliar, em coordenacao com a ANAC, a viabilidade de implantar, nos aerodromos classeIII e IV, o principio “Uma Pista, Uma Frequencia”, realizando todas as comunicacoes comveiculos e aeronaves que operam na mesma pista por uma unica frequencia,preferencialmente VHF, conforme recomendado no Doc 9870 da ICAO."
IG-029/CENIPA/2025-06,"Avaliar a possibilidade da implementacao do conceito de “Sala de Controle Esteril”, com restricao total ao uso de dispositivos moveis e a realizacao de conversas nao operacionais,conforme boas praticas internacionais."
IG-029/CENIPA/2025-07,"Atuar junto ao DTCEA-GL, em coordenacao com a RIOgaleao, a fim de garantir a ausenciade obstaculos, naturais ou artificiais, que possam causar quaisquer restricoes devisibilidade, limitando a supervisao efetiva das taxiways e das pistas de pouso e decolagemdo aerodromo."
IG-029/CENIPA/2025-08,"Divulgar os ensinamentos colhidos nesta investigacao aos provedores de servicos de navegacao aerea, a fim de elevar a consciencia situacional, enfatizando o uso obrigatorio de audiofones, a adequacao ergonomica das estacoes de trabalho e a importancia da varredura visual da pista e da vigilancia constante sobre todas as operacoes andamento."
IG-029/CENIPA/2025-09,"Avaliar, em coordenacao com o DECEA, a viabilidade de implantar nos aerodromos classe III e IV, o principio “Uma Pista, Uma Frequencia”, realizando todas as comunicacoes com veiculos e aeronaves que operam na mesma pista por uma unica frequencia,preferencialmente VHF, conforme preconizado no Doc 9870 da ICAO."
IG-029/CENIPA/2025-10,"Atuar junto a RIOgaleao, em coordenacao com o DTCEA-GL, a fim de garantir a ausencia de obstaculos, naturais ou artificiais, que possam causar quaisquer restricoes de visibilidade, comprometendo a supervisao efetiva das taxiways e das pistas de pouso e decolagem do aerodromo."
IG-029/CENIPA/2025-11,"Divulgar os ensinamentos colhidos nesta investigacao aos operadores de aerodromosclasses III e IV, a fim de que os riscos levantados neste relatorio sejam divulgados noseventos internos de promocao da seguranca operacional."
IG-030/CENIPA/2018-01,"Avaliar a necessidade de incluir na Secao 67.77 (a) do RBAC 67 a neoplasia de membranas meningeas, a fim de evitar que os medicos examinadores credenciados por essa Agencia tenham interpretacoes dubias."
IG-030/CENIPA/2018-02,Avaliar a viabilidade de implantar mecanismos que permitam aos medicos examinadores credenciados por essa Agencia o acesso as fichas de inspecao de saude anteriores dos candidatos a obtencao/revalidacao do CMA e nao apenas ao resultado da inspecao anterior.
IG-031/CENIPA/2017-05,"Por meio da Diretoria de Material Aeronautico e Belico (DIRMAB), atuar junto a Embraer, a fim de que sejam implementados mecanismos de inspecao, controle ou modificacao, que assegurem a inexistencia de interferencia ou atrito entre as cablagens e o sidewall dos ERJ 190 em operacao no GTE, visando impedir a deterioracao do isolamento dos cabos condutores daquelas aeronaves."
IG-031/CENIPA/2017-06,"Atuar junto a Diretoria de Material Aeronautico e Belico (DIRMAB), a fim de implementar medidas que assegurem que todos os tripulantes de aeronaves equipadas com machadinha, pertencentes aos Parques de Material Aeronautico, estejam proficientes no que diz respeito a sua adequada utilizacao, como equipamento de combate ao fogo no interior das aeronaves, visando impedir que o uso dessa ferramenta degrade as condicoes de operacao da aeronave em voo ou em solo."
IG-031/CENIPA/2017-07,"Atuar junto ao Grupo de Transporte Especial (GTE), a fim de que as cablagens localizadas entre a fuselagem e o sidewall das aeronaves ERJ-190 sejam inspecionadas quanto a sua integridade."
IG-031/CENIPA/2017-08,"Atuar junto ao Grupo de Transporte Especial (GTE), a fim de implementar medidas que assegurem que todos os tripulantes de aeronaves equipadas com machadinha estejam proficientes no que diz respeito a sua adequada utilizacao, como equipamento de combate ao fogo no interior das aeronaves, visando impedir que o uso dessa ferramenta degrade as condicoes de operacao da aeronave em voo ou em solo."
IG-031/CENIPA/2017-09,"Implementar medidas que assegurem que todos os tripulantes de aeronaves equipadas com machadinha, pertencentes as suas Organizacoes Militares subordinadas, estejam proficientes no que diz respeito a sua adequada utilizacao, como equipamento de combate ao fogo no interior das aeronaves, visando impedir que o uso dessa ferramenta degrade as condicoes de operacao da aeronave em voo ou em solo."
IG-031/CENIPA/2017-10,"Atuar junto ao Grupo Especial de Inspecao em Voo (GEIV) e ao Segundo Centro Integrado de Defesa Aerea e Controle de Trafego Aereo (CINDACTA 2), a fim de implementar medidas que assegurem que todos os tripulantes de aeronaves equipadas com machadinha estejam proficientes no que diz respeito a sua adequada utilizacao, como equipamento de combate ao fogo no interior das aeronaves, visando impedir que o uso dessa ferramenta degrade as condicoes de operacao da aeronave em voo ou em solo."
IG-032/CENIPA/2017-01,"Avaliar, em conjunto com o fabricante dos motores IAE V2527-A5, se todas as acoes previstas para a manutencao da vida em servico dos annulus fillers instalados nesses motores, tais como verificacoes periodicas e ensaios nao destrutivos, sao suficientes para assegurar que nao ocorram falhas estruturais nesses componentes durante a sua operacao."
IG-033/CENIPA/2017-01,"Divulgar os ensinamentos colhidos na presente investigacao, a fim de alertar pilotos, aeroclubes e escolas de aviacao sobre a importancia do fiel cumprimento dos procedimentos operacionais estabelecidos, sobretudo no que diz respeito a leitura e execucao da lista de verificacoes (checklist), mitigando a possibilidade de esquecimento dos itens mais criticos a operacao da aeronave."
IG-033/CENIPA/2017-02,"Atuar junto a Floripa Flight Training, a fim de que aquele operador aprimore os treinamentos de CRM oferecidos a seus tripulantes e que seja enfatizado aos instrutores que atuam naquela escola a importancia do fiel cumprimento dos procedimentos operacionais estabelecidos, sobretudo no que diz respeito a leitura e execucao da lista de verificacoes (checklist), mitigando a possibilidade de esquecimento dos itens mais criticos a operacao da aeronave."
IG-033/CENIPA/2017-03,"Atuar junto a Floripa Flight Training, a fim de que aquele operador monitore o fiel cumprimento do programa de instrucao por ele estabelecido, enfatizando a importancia do instrutor explicar minuciosamente no briefing da missao as tecnicas corretas para a execucao de cada exercicio e os erros mais comuns que podem ser cometidos pelo piloto-aluno."
IG-040/CENIPA/2015-01,Atuar junto a CESSNA AIRCRAFT no sentido de avaliar a obrigatoriedade de inclusao nos manuais de manutencao da aeronave C-208 uma advertencia recomendando a nao reutilizacao de camaras de ar durante as trocas de pneus.
IG-041/CENIPA/2022-01,"Divulgar os ensinamentos obtidos na presente investigacao as empresas que operam segundo os requisitos do RBAC 121, a fim de que os mesmos sejam utilizados nos eventos internos de promocao da seguranca operacional buscando orientar as tripulacoes quanto a importancia do cotejamento completo das autorizacoes ATS, conforme preconizado pelas normas em vigor."
IG-041/CENIPA/2022-02,"Atuar junto a NAV BRASIL a fim de verificar a possibilidade de instalacao de um sistema de cameras com visualizacao interna da TWR-RJ objetivando propiciar o acompanhamento das tarefas exercidas pelos colaboradores, especificamente a distribuicao das suas funcoes e carga de trabalho durante o turno de servico, apresentando-se como um metodo proativo de gerenciamento da seguranca operacional."
IG-041/CENIPA/2022-03,"Atuar junto a NAV Brasil a fim de verificar se as acoes preventivas, dispostas no item 5 deste Relatorio Final e propostas pela Assessoria de Seguranca Operacional no Controle do Espaco Aereo (ASEGCEA), foram implementadas."
IG-041/CENIPA/2022-04,"Verificar junto ao Subdepartamento Tecnico se as acoes preventivas a respeito das modificacoes no sistema ACAMS-ALCMS, dispostas no item 5 deste Relatorio Final e propostas pela ASEGCEA, foram implementadas."
IG-042/CENIPA/2019-04,"Atuar junto a Pratt & Whitney Canada no sentido de atualizar os parametros e processos estabelecidos nos manuais e boletins de servico para a manutencao da vida operacional das High Pressure Turbine Blades, PN 3115601-01 que atualmente equipam os motores PW127M, diminuindo o tempo limite de vida das HP blades PN 3115601-01."
IG-042/CENIPA/2019-05,"Atuar junto a Pratt & Whitney Canada no sentido de implementar melhorias no projeto das High Pressure Turbine Blades, PN 3115601-01, instaladas nos motores Pratt & Whitney Canada, modelo PW127M, de forma a torna-las menos suscetiveis ao surgimento de processos de Fadiga de Alto Ciclo."
IG-042/CENIPA/2019-06,"Atuar junto a Pratt & Whitney Canada para que sejam implementadas as melhorias no projeto das High Pressure Turbine Blades, PN 3115601-01, instaladas nos motores Pratt & Whitney Canada, modelo PW127M, de forma a torna-las menos suscetiveis ao surgimento de processos de Fadiga de Alto Ciclo."
IG-045/CENIPA/2013-RSV001,"Reavaliar os mecanismos de controle de processos e documentacoes adotados pela ATC Aeronaves Turbinas e Componentes Ltda., relativos a execucao dos servicos de revisao de motores e partes afins, no sentido de evitar a possibilidade de que componentes de um motor sejam aplicados em outro, de numero de serie diferente."
IG-045/CENIPA/2013-RSV002,"Reavaliar o sistema de supervisao e controle de documentacao e registro de manutencao das aeronaves adotado pela Vera Cruz Taxi Aereo Ltda. referente aos registros de manutencao da aeronave, no sentido de prover maior credibilidade e consistencia / compatibilidade as informacoes catalogadas."
IG-045/CENIPA/2013-RSV003,"Divulgar os ensinamentos e recomendacoes de seguranca de voo colhidas aos operadores regulados pelo RBAC 135 e 145, alertando-os quanto aos fatores contribuintes deste acidente."
IG-045/CENIPA/2015-01,"Divulgar os ensinamentos colhidos na presente investigacao, a fim de alertar pilotos, operadores e mantenedores da aviacao civil brasileira, sobre a importancia de seguir fielmente os preceitos dos Manuais e Publicacoes Tecnicas vigentes, notadamente quando da execucao, inspecao e supervisao das tarefas de manutencao previstas."
IG-045/CENIPA/2015-02,"Atuar junto a empresa Omni Taxi Aereo S.A., no sentido de que sejam disponibilizadas as publicacoes tecnicas nas bases de operacao da empresa, bem como incentivar o aperfeicoamento de seus colaboradores no dominio da lingua inglesa para compreensao dos seus conteudos."
IG-045/CENIPA/2017-01,"Atuar junto a empresa CTA - Cleiton Taxi Aereo LTDA., visando assegurar que seja adotado pelo operador, um mecanismo efetivo do controle das atividades de manutencao executadas por sua oficina, notadamente no que se refere aos procedimentos de desmontagem, montagem ou troca de componentes dos conjuntos de rodas do trem de pouso."
IG-048/CENIPA/2013-RSV001,"Avaliar, juntos aos operadores da aeronave, a necessidade de se estabelecer no Flight Standards Manual da empresa uma faixa de valores de N1 considerados adequados para as aproximacoes com flap 30 e flap 40, de forma atender as correspondentes variacoes de peso, do maximo de pouso ate configuracoes mais leves (translado com tripulacao minima, sem carga e pouso com minimo combustivel)."
IG-048/CENIPA/2013-RSV002,"""Avaliar, junto aos operadores da aeronave, a necessidade de execucao de """"call-outs"""" para as situacoes em que os motores sejam operados fora da faixa de valores de N1 considerados adequados para as aproximacoes com flap 30 e flap 40, ou para as situacoes em que a potencia estabilize em """"flight idle"""" abaixo de 1000ft AFE."""
IG-048/CENIPA/2013-RSV003,"""Avaliar, juntos aos operadores da aeronave, a necessidade de o piloto em sua formacao inicial, no treinamento de simulador de voo, enunciar os valores de N1 ao efetuar os """"call outs"""" de 1000ft AFE e 500ft AFE como forma de se elevar o nivel de atencao para o monitoramento da potencia durante a aproximacao final."""
IG-048/CENIPA/2017-01,"Interagir com o fabricante da aeronave (ATR) com a finalidade de que sejam revisados os procedimentos de manutencao programada para a inspecao dos cabos de comando Part Number S2211001100000, que estejam conectados ao servo drive Part Number 7002260-722 e instalados nas aeronaves ATR-72-212A, a fim de assegurar a adequacao e a robustez necessarias para identificar processos de deterioracao por fadiga de material."
IG-048/CENIPA/2017-02,"Interagir com o fabricante da aeronave de forma a verificar a necessidade de atribuir um “limite de vida” aos cabos de comando Part Number S2211001100000, que estejam conectados ao servo drive Part Number 7002260-722 e instalados nas aeronaves ATR-72-212A, em termos de horas de voo e/ou tempo decorrido desde a instalacao."
IG-048/CENIPA/2024-01,"Divulgar os ensinamentos colhidos nesta investigacao ao operador do Aerodromo Fazenda Santo Inacio (SJ7J), a fim de que seja observada a manutencao das condicoes de seguranca operacional da pista de pouso e decolagem, notadamente quanto ao desprendimento ou acumulacao de material na superficie que possa prejudicar o controle direcional das aeronaves."
IG-049/CENIPA/2014-001,Realizar vistoria na pista da Fazenda Agua Limpa (SDNQ) a fim de verificar suas condicoes de operacao.
IG-051/CENIPA/2022-01,"Analisar os dados colhidos na investigacao e avaliar a viabilidade de realizar gestoes junto ao fabricante da aeronave no sentido de revisar o sistema de indicacao de posicao dos trens de pouso, a fim de garantir que as indicacoes fornecidas pelo sistema sejam condizentes com a condicao real de posicao dos trens de pouso da aeronave."
IG-053/CENIPA/2013-RSV_001,"Realizar auditoria especial na empresa HELIT Manutencao de Helicopteros Ltda., a fim de verificar a capacidade do sistema de controle de qualidade, das instalacoes, dos equipamentos, do pessoal e dos processos empregados na referida oficina, quanto a sua adequacao ao volume de servicos contratados e a conformidade com os padroes estabelecidos na regulamentacao."
IG-053/CENIPA/2013-RSV_002,"Divulgar o conteudo do presente relatorio durante a realizacao de seminarios, palestras e atividades afins voltadas aos proprietarios, operadores, exploradores e mantenedores de aeronaves."
IG-053/CENIPA/2013-RSV_003,"Realizar auditoria de Seguranca Operacional no Batalhao de Radiopatrulhamento Aereo da PM-MG, de modo a levantar condicoes de risco e propor acoes mitigadoras no que diz respeito aos processos de supervisao dos servicos de manutencao externos e internos aplicados pelo operador."
IG-053/CENIPA/2014-001,"Atuar, junto a empresa Stilus Taxi-Aereo, de forma que esta venha a aprimorar seu gerenciamento dos fatores de risco associados as operacoes."
IG-055/CENIPA/2022-01,"Encaminhar os ensinamentos colhidos nesta investigacao a Empresa VOARE Taxi Aereo Ltda., a fim de que aquele Operador divulgue nos seus eventos de promocao da seguranca operacional a importancia da aplicacao dos conceitos de Gerenciamento de Recursos de Tripulacao nas operacoes, com enfase na comunicacao proativa, coordenacao de cabine e relacionamento interpessoal."
IG-055/CENIPA/2022-02,"Atuar junto a VOARE Taxi Aereo Ltda., no sentido de garantir que aquela organizacao demonstre que realiza o gerenciamento adequado dos riscos de acordo com o seu Manual de Gerenciamento da Seguranca Operacional (MGSO)."
IG-056/CENIPA/2016-01,"Realizar uma auditoria na Escola de Aviacao Civil do ABC Ltda., a fim de verificar a conformidade dos procedimentos operacionais adotados pelo Setor de Instrucao da entidade, visando incrementar o nivel de proficiencia teorico e pratico de seus instrutores de voo."
IG-057/CENIPA/2014-001,"Atuar, junto ao Aeroclube do Parana, de modo a garantir a adocao de acoes no sentido melhorar a supervisao das atividades de instrucao."
IG-057/CENIPA/2015-01,"Realizar gestoes junto ao operador, no sentido que este alerte os tripulantes quanto apossibilidade de ocorrencias de ilusoes visuais durante o voo em condicoes de chuva."
IG-057/CENIPA/2015-02,"Realizar gestoes junto ao operador, no sentido que este reforce, nos treinamentos em simulador de voo, manobras de reject landing em condicoes similares as encontradas nessa ocorrencia."
IG-058/CENIPA/2018-01,"Atuar junto aos representantes do APP-RJ, da TWR-JR e do Departamento Aerodesportivo do Clube de Aeronautica, com o proposito de debater e atualizar os procedimentos contidos na Carta de Acordo Operacional, de 12NOV2015, com enfase especial as frequencias VHF de coordenacao entre aeronaves que voam em Espacos Aereos classe G."
IG-058/CENIPA/2018-02,"Fazer constar, tacitamente, nas AIC, que nao haja circulacao de aeronaves de asa fixa em areas especificas de helicopteros, com excecao de casos previstos na propria AIC."
IG-062/CENIPA/2013-RSV001,"Verificar as condicoes de aeronavegabilidade das bombas hidraulicas (P/N HYC 5005), e adotar medidas que minimizem a reincidencia de falhas eletricas em seus componentes."
IG-063/CENIPA/2019-01,"Atuar junto aos controladores do APP-ES, a fim de assegurar que aqueles profissionais se mantenham proficientes na execucao das atividades de controle de trafego aereo empregando a lingua inglesa."
IG-063/CENIPA/2019-02,"Atuar junto aos controladores do APP-ES, no intuito de assegurar que aqueles profissionais cumpram os requisitos estabelecidos no Modelo Operacional do APP-ES, particularmente no que concerne a transferencia dos trafegos ja sequenciados e separados para ingresso no circuito de trafego."
IG-065/CENIPA/2018-01,"Atuar junto a INFRAMERICA, a fim de que aquele Operador de Aerodromo adote medidas em relacao a estrutura de iluminacao dos patios de estacionamento (Pier Norte e Pier Sul), de modo a evitar que a luz proveniente dos respectivos holofotes interfira negativamente na linha de visada dos controladores da TWR-BR."
IG-065/CENIPA/2018-05,"Analisar a pertinencia de se estabelecer, com clareza e em norma, o momento ou a posicao em que, apos o pouso, a tripulacao de uma aeronave deve trocar a frequencia da Torre de Controle para o Controle de Solo."
IG-065/CENIPA/2018-06,"Alertar os controladores de trafego aereo brasileiros sobre a importancia da utilizacao da fraseologia padrao prevista no MCA 100-16, notadamente no que se refere o item 3.4.3.4 (Instrucoes apos o pouso), onde e apresentado um exemplo de mensagem correta."
IG-065/CENIPA/2018-07,"Alertar os controladores de trafego aereo brasileiros sobre a importancia da utilizacao do recurso de fraseologia previsto no item 6.14.6.4 da ICA 100-37/2017, o qual orienta que, quando necessario ou desejavel, o controlador podera instruir uma tripulacao a reportar o momento em que sua respectiva aeronave tiver desocupado a pista em uso."
IG-065/CENIPA/2018-08,"Analisar a pertinencia de se estabelecer um Modelo Operacional que defina, claramente, os procedimentos a serem adotados pelos controladores de trafego aereo das diversas posicoes da Torre de Controle do Aerodromo Internacional de Brasilia, em relacao a coordenacao dos trafegos quando estes estiverem transitando pelos pontos cegos do aerodromo."
IG-065/CENIPA/2018-09,"Avaliar a viabilidade da implantacao de um Radar de Movimentacao de Superficie (Surface Movement Radar - SMR) em SBBR, a fim de mitigar os riscos de incursao em pista decorrentes dos diversos pontos cegos existentes no aerodromo."
IG-068/CENIPA/2022-01,"Divulgar os ensinamentos colhidos nesta investigacao ao operador da aeronave a fim deque seus tripulantes sejam orientados quanto a importancia da padronizacao das comunicacoes e a obrigatoriedade do registro dos reportes mandatorios no Portal Unico de Comunicacao, conforme disposto na Resolucao nº 714/2023 da ANAC."
IG-068/CENIPA/2022-02,"Divulgar os ensinamentos colhidos nesta investigacao aos Provedores de Servico deNavegacao Aerea (PSNA) que atuam no controle de trafego aereo, com a finalidade de que sejam utilizados nas acoes de promocao da seguranca operacional no ambito de seus Sistemas de Gerenciamento da Seguranca Operacional, objetivando enfatizar a importancia da padronizacao das comunicacoes, bem como a necessidade de assertividade para realizar correcoes, visando impedir que erros operacionais se concretizem."
IG-069/CENIPA/2013-RSV001,"Divulgar o conteudo do presente relatorio durante a realizacao de seminarios, alertando quanto aos riscos decorrentes da realizacao de procedimentos por pessoas nao habilitadas legalmente na aeronave."
IG-073/CENIPA/2014-001,"Estudar a inclusao de uma nota (RMK) no procedimento de nao precisao VOR para pista 27L, alertando quanto a defasagem longitudinal entre as cabeceiras, tendo em vista que a disposicao das pistas em relacao ao final do procedimento favorece a visualizacao da cabeceira 27R antes da 27L. Apesar de aparecerem duas pistas na representacao grafica do aerodromo no procedimento, uma nota (RMK) seria uma defesa a mais para alertar os tripulantes quanto a peculiaridade da disposicao das cabeceiras do Aerodromo de Guarulhos."
IG-073/CENIPA/2014-002,Tendo em vista os fatos narrados no corpo do relatorio atuar junto ao operador para mitigar as condicoes latentes operacionais expostas na aproximacao para pouso em SBGR.
IG-073/CENIPA/2014-003,Atuar junto ao Operador de Aerodromo (SBGR) e o Operador da Aeronave da necessidade de comunicacao imediata ao orgao de investigacao das situacoes que se caracterizem ocorrencias aeronauticas conforme a NSCA 3-13.
IG-076/CENIPA/2013-RSV001,"Instruir os pilotos TAIL TAXI AEREO ITAITUBA LTDA sobre a ICA 100-12, com enfase a declaracao de situacoes de emergencias aos orgaos de controle por parte dos comandantes de aeronaves."
IG-076/CENIPA/2013-RSV002,"Realizar uma inspecao na TAIL TAXI AEREO ITAITUBA LTDA, visando a revisao dos procedimentos estabelecidos no Manual Geral de Operacoes (MGO) e no Manual Geral de Manutencao (MGM) da empresa de forma a verificar a sua eficacia e assegurar o seu fiel cumprimento."
IG-076/CENIPA/2015-01,"Assegurar-se da implementacao do SGSO no ambito do GOA, em consonancia com a Resolucao nº106 da ANAC, de 30JUN2009."
IG-076/CENIPA/2015-02,"Assegurar-se de que o treinamento em CRM, a ser implementado no ambito do GOA, esteja centrado nas suas operacoes de rotina, em consonancia com a IAC 060-1002 A."
IG-076/CENIPA/2015-03,"Atuar junto ao GOA, no sentido de que sejam adotados procedimentos visando a adequada coordenacao de cabine entre os seus tripulantes, de modo que seja possivel haver uma efetiva comunicacao em voo, fato que permitira uma maior interacao e incremento da consciencia situacional."
IG-077/CENIPA/2015-01,"Efetuar gestoes de forma que seja verificada a conformidade dos procedimentos efetuados pela oficina HAR 3 Ltda., responsavel pelos ultimos servicos de manutencao na aeronave."
IG-079/CENIPA/2013-RSV001,"Atuar junto aos Aeroclubes e aos Centros de Treinamento de Aviacao Civil visando a revisao e o cumprimento dos procedimentos inerentes ao ajuste da mistura em voo de cruzeiro e, quando aplicavel, os procedimentos para limpeza de vela, com a finalidade de evitar a formacao de residuos de chumbo nas aeronaves que operam motores convencionais."
IG-080/CENIPA/2013-01,"Assegurar-se de que os processos para execucao de overhaul realizados pela Heringer Taxi-Aereo, previstos para os atuadores PN 50-820208-5 sao, rigorosamente, cumpridos conforme determinado pelo fabricante, uma vez que o mesmo falhou com CSO de, apenas, 183 ciclos."
IG-083/CENIPA/2019-01,"Atuar junto a Empresa Brasileira de Infraestrutura Aeroportuaria (INFRAERO), a fim de que aquela organizacao alerte os controladores de trafego aereo que atuam na TWR-RP, objetivando aprimorar os mecanismos e procedimentos que proveem as separacoes entre os trafegos aereos que operam na CTR de Ribeirao Preto."
IG-084/CENIPA/2015-01,Atuar junto ao operador visando garantir que este estabeleca criterios e procedimentos padronizados que possam contribuir para a prevencao de eventos relacionados a aproximacao nao estabilizada.
IG-085/CENIPA/2014-01,"Atuar junto ao operador, o Departamento da Policia Federal, a fim de que este incorpore em seu Programa de Treinamento da Coordenacao de Aviacao Operacional (CAOP/DPF) uma programacao padronizada para missoes de readaptacao, abordando diretamente todas as tarefas a serem cumpridas pelos operadores aerotaticos, de forma a mitigar os riscos envolvidos em Operacoes Aeropoliciais."
IG-085/CENIPA/2014-02,"Atuar junto ao operador, o Departamento da Policia Federal, a fim de que este crie mecanismos capazes de garantir que somente operadores aerotaticos detentores de uma adequada proficiencia em operacoes aereas sejam escalados para o cumprimento das missoes Aeropoliciais."
IG-085/CENIPA/2014-03,"Atuar junto ao operador, o Departamento da Policia Federal, a fim de que este implemente, no ambito de seu corpo de tripulantes, um adequado programa de treinamento de CRM, orientado, sobretudo, para as operacoes com helicopteros em area restrita."
IG-085/CENIPA/2015-01,"Atuar junto ao Aeroclube de Sao Jose dos Campos, visando verificar a adequacao dos procedimentos de supervisao da manutencao em suas aeronaves, em especial no tocante a helice."
IG-088/CENIPA/2014-01,"Atuar, junto a administracao do Aerodromo de Correntina, BA (SNTY), de forma a garantir que os preceitos estabelecidos pelo RBAC 164 sejam observados em carater permanente pelo operador do aerodromo."
IG-089/CENIPA/2020-01,Atuar junto ao Instituto de Cartografia Aeronautica (ICA) de modo a reforcar o alerta quanto a possibilidade de pouso na Taxiway “J” por meio de nota Remark (RMK - observacao) nas cartas Visual Approach Chart (VAC- carta de aproximacao visual) e Instrument Approach Chart (IAC - carta de aproximacao por instrumentos).
IG-091/CENIPA/2015-01,"Atuar junto a Infinity Participacoes Ltda. (operador da aeronave), de modo a assegurar-se de que a empresa reforce aos seus pilotos os conhecimentos basicos do sistema hidraulico da aeronave, principalmente nas situacoes de emergencia."
IG-091/CENIPA/2015-02,"Atuar junto a oficina Premium Jet, a fim de garantir que o acompanhamento e a execucao das intervencoes de manutencao nas aeronaves modelo 1124A, obedecam rigorosamente o previsto no Manual de Manutencao elaborado pelo fabricante, com maior enfase para a identificacao e correcao do posicionamento de mangueiras hidraulicas situadas no interior da nacele dos motores."
IG-091/CENIPA/2015-03,"Atuar junto a oficina Premium Jet, a fim de garantir que na execucao das intervencoes de manutencao nas aeronaves modelo 1124A, sejam atendidos os requisitos estabelecidos no RBAC 21 e no RBAC 45 no que se refere a marcacao de Produtos Aeronauticos Aprovados e tambem as condicoes previstas no Manual de Manutencao elaborado pelo fabricante da aeronave, com maior enfase para as mangueiras hidraulicas situadas no interior da nacele dos motores."
IG-092/CENIPA/2014-01,Analisar a necessidade de criacao de requisitos de programa de treinamento para os operadores de aeronaves publicas.
IG-092/CENIPA/2014-02,"Realizar gestoes junto a Diretoria de Transporte Aereo do Governo do Estado do Para, de maneira a garantir que esta implemente, por meio de documento pertinente, procedimentos padronizados orientando seus pilotos e mecanicos a respeito dos voos de experiencia."
IG-092/CENIPA/2014-03,"Realizar gestoes junto a Diretoria de Transporte Aereo do Governo do Estado do Para, de maneira a garantir que, apos a implementacao, por parte deste operador, de procedimentos padronizados para os voos de experiencia, apenas os tripulantes que tenham recebido instrucao a respeito desse tipo de operacao estejam autorizados a conduzir voos desta natureza."
IG-092/CENIPA/2014-04,"Realizar gestoes junto a Diretoria de Transporte Aereo do Governo do Estado do Para, de maneira a garantir que sejam implementados treinamentos de CRM e de procedimentos de emergencia aos tripulantes e mecanicos."
IG-092/CENIPA/2018-01,"Divulgar os ensinamentos coletados nesta investigacao nos eventos de promocao daseguranca operacional, em especial no ambito do Brazilian General Aviation Safety Team (BGAST), a fim de disseminar a importancia do respeito aos limites de operacao definidos pelos fabricantes, a relevancia da coordenacao previa entre operador e tripulacao para alteracoes de planejamento de voo, bem como proporcionar o incremento da cultura de seguranca de voo nesse importante segmento da aviacao brasileira."
IG-097/CENIPA/2015-01,"Recomendar ao IBAMA que estabeleca um programa de treinamento para todos os pilotos e operadores de equipamentos especiais que operem pelo Instituto, o qual contemple o pouso em area restrita, bem como o Gerenciamento de Recursos de Equipe."
IG-097/CENIPA/2015-02,"Recomendar ao IBAMA a elaboracao de um manual de operacoes que contemple, dentre outros, procedimentos operacionais e padronizacoes de fraseologia para as missoes aereas realizadas pelo Instituto, mormente aquelas de pouso em area restrita."
IG-097/CENIPA/2015-03,"Recomendar ao IBAMA o aprimoramento dos criterios operacionais ja estabelecidos para a cessao de tripulantes por parte de Organizacoes Externas ao Instituto, com o objetivo de assegurar o padrao de proficiencia necessario ao cumprimento das missoes, bem como mitigar a questao de alta rotatividade desses profissionais a servico do IBAMA."
IG-098/CENIPA/2014-01,"Realizar gestoes junto ao operador, no sentido de certificar-se que este passou a realizar um controle efetivo sobre a atualizacao das escrituracoes das cadernetas de manutencao da aeronave."
IG-099/CENIPA/2014-01,"Divulgar os ensinamentos contidos no presente relatorio, a fim de elevar a consciencia situacional de operadores e de proprietarios, notadamente no que se refere a servicos de manutencao inadequados ou em desacordo com os manuais de manutencao."
IG-100/CENIPA/2013-RSV001,"Assegurar-se de que a TROPIC AIR TAXI AEREO LTDA adota medidas adequadas de manutencao do sistema do trem de pouso da sua aeronave modelo EMB 721C, particularmente, no que se refere a lubrificacao dos elementos de articulacao e travamento, tendo em vista as sucessivas operacoes de lavagem daqueles componentes e as caracteristicas do ambiente em que transcorrem as operacoes da aeronave."
IG-101/CENIPA/2013-001,"Tendo em vista os fatos observados e relatados neste relatorio, a repeticao excessiva de ocorrencias aeronauticas envolvendo aeronaves do Aeroclube de Braganca Paulista, recomenda-se intensificar o nivel de fiscalizacao sobre a qualidade da instrucao ministrada."
IG-104/CENIPA/2017-01,"Divulgar os ensinamentos colhidos na presente investigacao em eventos de promocao da seguranca operacional direcionados as organizacoes de manutencao de produto aeronautico, sobretudo quanto ao fiel cumprimento dos manuais de manutencao."
IG-105/CENIPA/2017-01,"Atuar junto a Oceanair Linhas Aereas (Avianca), a fim de que a empresa defina claramente uma Diretriz de Operacoes, estabelecendo o posicionamento da companhia aerea quanto ao emprego da tecnica “dive and drive” por parte dos seus tripulantes."
IG-105/CENIPA/2017-02,"Atuar junto a Oceanair Linhas Aereas (Avianca), a fim de que a empresa reforce a divulgacao do procedimento, estabelecido no ambito da empresa, quanto a execucao de uma aproximacao IFR quando o teto e/ou a visibilidade reportados forem inferiores aos apresentados nas respectivas cartas."
IG-105/CENIPA/2017-03,"Atuar junto a Oceanair Linhas Aereas (Avianca), a fim de que seja ministrada uma instrucao teorica acerca do EGPWS para todos os tripulantes tecnicos da empresa."
IG-105/CENIPA/2017-04,"Avaliar a pertinencia de incluir a indicacao do fixo GL083 na carta de aproximacao por instrumentos RNAV Y RWY 28 de SBGL, com o fito de incrementar a consciencia situacional dos pilotos, quanto aos limites verticais da aproximacao."
IG-105/CENIPA/2017-05,"Avaliar a pertinencia de incluir a indicacao nominal dos Stepdown Fixes nas cartas de aproximacao dos procedimentos de nao precisao, sempre que houver uma nomenclatura designativa estabelecida para o respectivo ponto."
IG-105/CENIPA/2017-06,"Reavaliar os criterios estabelecidos para a selecao de pista em SBGL, considerando os ensinamentos colhidos nesta investigacao."
IG-105/CENIPA/2022-01,"Atuar junto a NAV Brasil, a fim de assegurar-se de que, para efeito do cumprimento das instrucoes teoricas e praticas dos ATCO, que atuam no APP-TE e na TWR-TE, seja enfatizada a necessidade da adequada coordenacao entre aqueles orgaos ATC, de modo a otimizar a fluidez e a seguranca do trafego, por se tratar de operacao em espaco aereoClasse “D”, em consonancia com a letra “d”, item 3.4.1, da ICA 100-37/2020 - Servicos de Trafego Aereo, notadamente, quando envolver voos VFR e IFR."
IG-105/CENIPA/2022-02,"Atuar junto a NAV Brasil, com o objetivo de assegurar-se de que, para efeito do cumprimento das instrucoes teoricas e praticas dos ATCO, que atuam no APP-TE e na TWR-TE, seja enfatizada a importancia da utilizacao adequada das informacoes disponibilizadas pelo Repetidor de Vigilancia do RADAR - TARIS, de forma a otimizar a prestacao de servico de trafego aereo e, por consequencia, a fluidez e a seguranca."
IG-105/CENIPA/2022-03,"Divulgar os ensinamentos colhidos nesta investigacao aos Provedores de Servico deNavegacao Aerea (PSNA) que atuam no controle de trafego aereo, a fim de que sejam utilizados nas acoes de promocao da seguranca operacional no ambito de seus Sistemas de Gerenciamento da Seguranca Operacional."
IG-105/CENIPA/2022-04,"Divulgar os ensinamentos colhidos nesta investigacao ao Grupo Especial de Inspecao de Voo (GEIV), com o proposito de que a conduta de seus pilotos, durante os treinamentos em simuladores contemplando situacoes de avisos gerados pelo sistema anticolisao de bordo (ACAS) das aeronaves, esteja em consonancia com a ICA 100-32 - Procedimentos Operacionais e Orientacoes de Treinamento para Pilotos e Controladores de Trafego Aereo com Relacao ao Sistema Anticolisao de Bordo (ACAS) e o Airplane Operations Manual da aeronave EMB-550."
IG-109/CENIPA/2022-01,"Divulgar os ensinamentos colhidos nesta investigacao ao Provedor de Servico de Navegacao Aerea (PSNA) do Aerodromo Santa Genoveva (SBGO), a fim de que aquele Provedor, durante os eventos de promocao da seguranca operacional internos, reforce a necessidade de realizar um bom planejamento para o sequenciamento de pouso,contemplando, dentre outras, performances de aeronaves, regras de voo, posicao das aeronaves, condicoes meteorologicas e, em especial, prioridades para o pouso, conforme disposto no item 6.14.3 da ICA 100-37/2020."
IG-110/CENIPA/2018-01,"Divulgar os ensinamentos contidos nesta investigacao a empresa NAV Brasil Servicos deNavegacao Aerea, no intuito de elevar o nivel de alerta situacional dos Air Traffic Controllers(ATCO - controladores de trafego aereo) quanto a importancia de compreender as normasestabelecidas nos Modelos Operacionais em vigor e aplicar adequadamente asferramentas disponibilizadas para a prestacao do servico de trafego aereo."
IG-113/CENIPA/2022-01,"Divulgar os ensinamentos colhidos no presente relatorio aos operadores aereos deaeronaves modelo 45, com o objetivo de alertar suas tripulacoes sobre os riscos deaproximacoes nao estabilizadas, reforcando a necessidade da adocao dos procedimentosprevistos para aproximacao com cortantes de vento (Windshear)."
IG-114/CENIPA/2013-RSV001,"Implantar medidas que assegurem que o operador da aeronave adote os adequados mecanismos de Supervisao Gerencial, no ambito tecnico, visando o adequado acompanhamento dos servicos de manutencao realizados em suas aeronaves."
IG-114/CENIPA/2013-RSV002,"Implantar medidas que assegurem que a oficina mantenedora da aeronave adote os adequados mecanismos de Supervisao Gerencial, no ambito tecnico, visando ao fiel cumprimento dos procedimentos estabelecidos no Manual de Servicos das aeronaves modelo Cessna 310, para efeito da regulagem do seu sistema de retracao do trem de pouso principal."
IG-116/CENIPA/2013-001,"Divulgar o conteudo do presente relatorio durante a realizacao de seminarios, palestras e atividades afins voltadas aos proprietarios, operadores e exploradores de aeronaves de asas rotativas."
IG-117/CENIPA/2014-01,"Divulgar os ensinamentos colhidos na presente investigacao, a fim de alertar pilotos e operadores da aviacao civil sobre a importancia do fiel cumprimento das normas operacionais e dos manuais de voo das aeronaves, sobretudo no que diz respeito as corretas configuracoes da aeronave para a realizacao dos pousos normais."
IG-117/CENIPA/2014-02,"Divulgar os ensinamentos colhidos na presente investigacao, a fim de alertar pilotos e operadores da aviacao civil sobre um possivel aumento do risco de esquecimento da realizacao do cheque do trem de pouso nas aproximacoes finais, em razao da mudanca na fraseologia prevista para essa fase do voo, a qual nao preve que a tripulacao informe ao orgao ats a situacao do trem de pouso."
IG-117/CENIPA/2014-03,"Analisar a possibilidade de reinserir na ICA 100-12, e nos demais documentos que versam sobre Fraseologia de Trafego Aereo, a obrigatoriedade de os pilotos, quando na aproximacao final, informarem ao orgao ATS pertinente a situacao do trem de pouso, a fim de evitar que aeronaves toquem na pista com o trem de pouso recolhido devido ao esquecimento dos tripulantes."
IG-120/CENIPA/2020-02,"Adotar sistematica, em consonancia com o previsto no item 6.6 da AIC-N 16/20, condicionando a aprovacao do Plano de Voo (“V” ou “Y”) ou Plano de Voo Simplificado ao registro da REA a ser utilizada, no campo 18 do respectivo plano apresentado pelos pilotos das aeronaves com destino a SBFZ."
IG-120/CENIPA/2020-03,"Alertar os ATCO que atuam no APP-FZ quanto a importancia da utilizacao prioritaria das REA para as aeronaves que se aproximam em voo VFR para SBFZ, de modo a contribuir para adequada fluidez e sequenciamento de trafego."
IG-120/CENIPA/2020-04,Alertar os ATCO que atuam no APP-FZ para que a adocao da excecao estabelecida no item 6.1 da AIC-N 16/20 devera ocorrer nos casos em que forem assegurados o sequenciamento e a fluidez do trafego.
IG-120/CENIPA/2020-05,"Implementar estudo de caso centrado na presente investigacao, no ambito do DTCEA-FZ, visando a mitigar os erros, notadamente aos relacionados a AIC-N 16/20, de modo a permitir a melhor assimilacao dos ensinamentos colhidos e a contribuir para a elevacao dos padroes operacionais do Controle de Trafego Aereo disponibilizado na TMA-FZ."
IG-121/CENIPA/2015-01,"Atuar junto ao operador do Aerodromo Carlos Prates (SBPR), a INFRAERO, a fim de que este, visando reduzir o risco de danos a uma aeronave que saia acidentalmente da pista de taxi, cumpra o que e estabelecido no RBAC 154, sobretudo no que diz respeito ao proposito da faixa de pista de taxi."
IG-121/CENIPA/2015-02,"Atuar junto ao operador do Aerodromo Carlos Prates (SBPR), a INFRAERO, a fim de que este cumpra o que e estabelecido no RBAC 153, sobretudo o diz respeito ao monitoramento da condicao fisica e operacional do aerodromo"
IG-121/CENIPA/2015-03,"Atuar junto a INFRAERO, a fim de enfatizar o previsto no Art. 88-N do Codigo Brasileiro de Aeronautica, e no item 5.2.1 da NSCA 3-13 que, salvo as excecoes estabelecidas, proibe a remocao de aeronaves acidentadas, ou de suas partes, do local da ocorrencia sem a devida autorizacao da autoridade de investigacao SIPAER."
IG-121/CENIPA/2015-04,"Atuar junto a NET AVIATION ESCOLA DE AVIACAO LTDA. - ME (operador da aeronave), a fim de enfatizar o previsto no item 4.2.6 da NSCA 3-13 sobre a responsabilidade do operador ou proprietario em notificar formalmente a autoridade de investigacao SIPAER as ocorrencias aeronauticas."
IG-123/CENIPA/2013-001,Divulgar o conteudo desse relatorio em seus diversos eventos de prevencao de acidentes aeronauticos.
IG-123/CENIPA/2024-01,"Reavaliar seus processos de fiscalizacao da atividade aeroportuaria e desenvolver protocolos especificos mais rigorosos de acompanhamento, controle e fiscalizacao dos aerodromos, especialmente durante a realizacao de obras e servicos nas pistas de pouso e decolagem, objetivando criar mecanismos internos que permitam mitigar os riscos decorrentes dessas atividades."
IG-123/CENIPA/2024-02,"Atuar junto a administracao do Aerodromo Afonso Pena (SBCT), Curitiba, PR, de modo a garantir que os preceitos estabelecidos pelos regulamentos de aviacao civil sejam observados em carater permanente pelo operador do aerodromo."
IG-123/CENIPA/2024-03,"Atuar junto a administracao do Aerodromo Afonso Pena (SBCT), Curitiba, PR, de modo a garantir que o gerenciamento da seguranca operacional no aerodromo seja realizado conforme as diretrizes previstas no MGSO aprovado, especialmente no que se refere a correta identificacao dos perigos e a adequada avaliacao, analise e mitigacao dos seus riscos associados."
IG-123/CENIPA/2024-04,"Divulgar os ensinamentos colhidos nesta investigacao aos operadores de aerodromo detentores de Certificado Operacional de Aeroporto, a fim de garantir que esses operadores utilizem as ferramentas de calculo da gravidade dos eventos de incursao em pista RISC Calculator e o Guia para Entender a Severidade da Incursao em Pista, recomendadas pelo Manual para Prevencao de Incursao em Pista no Aerodromo, possibilitando que as ocorrencias categorizadas como A e B sejam oportunamente investigadas pela Autoridade de Investigacao SIPAER e que o Runway Safety Team (RST) do aerodromo seja convocado com brevidade, o que permitira a adocao de acoes corretivas tempestivas e multidisciplinares."
IG-123/CENIPA/2024-05,"Divulgar os ensinamentos colhidos nesta investigacao aos controladores de trafego aereo,enfatizando a importancia da varredura visual da pista e da vigilancia constante sobre todas as operacoes de voo que se efetuem no aerodromo ou em suas vizinhancas, inclusive das aeronaves, veiculos e pessoas que se encontrem na area de manobras, conforme previsto na ICA 81-4 Programa para Prevencao de Ocorrencias de Incursao em Pista na Prestacao dos Servicos de Trafego Aereo e na ICA 100-37 Servicos de Trafego Aereo."
IG-123/CENIPA/2024-06,"Avaliar a viabilidade de ampliar o conceito de “varredura visual da pista” para “varredura visual da area protegida” nos documentos emitidos por esse Departamento, com o objetivo de elevar o nivel de consciencia situacional dos controladores que ocupam a posicao operacional Torre de Controle quanto a movimentacao de aeronaves, veiculos e pessoas na area de manobras, abrangendo nao apenas a pista de pouso e decolagem, mas tambem a zona de parada (stopway), toda a extensao da faixa de pista, as areas laterais delimitadas pela distancia regulamentar estabelecida pelo RBAC 154 ate a posicao de espera correspondente, a Area de Seguranca de Fim de Pista (RESA) e, quando aplicavel, a zona desimpedida (clearway)."
IG-125/CENIPA/2022-01,"Divulgar os ensinamentos obtidos na presente investigacao a OM Globo Aviacao Ltda., no sentido de elevar o nivel de atencao da organizacao sobre a importancia dos mecanismos de supervisao gerencial para a garantia da qualidade dos servicos realizados nas aeronaves por ela manutenidas, particularmente no que concerne as intervencoes realizadas no sistema de freios das aeronaves Cessna 310R."
IG-126/CENIPA/2013-001,"Atuar, junto ao operador da aeronave a fim de certificar-se do adequado preenchimento do Livro de Bordo da aeronave de matricula PR-ARZ, com base no que dispoe a IAC 3151."
IG-126/CENIPA/2013-002,"Realizar auditoria tecnica na oficina mantenedora da aeronave, com o objetivo de se certificar da adequacao dos mecanismos de Supervisao Tecnica adotados pelos seus Inspetores de Manutencao e RPQS, por ocasiao da realizacao dos servicos de manutencao nos motores modelo PT6A-114/114."
IG-126/CENIPA/2013-003,"Avaliar a mudanca de classificacao das aeronaves modelo Caravan C-208 para TIPO, tomando-se por base o grau de complexidade da sua operacao por apenas um piloto."
IG-127/CENIPA/2020-01,"Analisar a pertinencia de utilizar os ensinamentos colhidos na presente investigacao na elaboracao dos treinamentos simulados, com o intuito de mitigar os erros decorrentes de distracoes e desvios de modelos operacionais cometidos por controladores de trafego aereo habilitados."
IG-128/CENIPA/2021-01,"Avaliar a pertinencia de promover as acoes necessarias no sentido de viabilizar a instalacao de auxilios do tipo ALS, VASIS e/ou PAPI no Aerodromo de Maringa (SBMG), com o objetivo de aumentar a consciencia situacional dos pilotos e incrementar a seguranca nas aproximacoes visuais noturnas para a pista 28."
IG-128/CENIPA/2021-02,"Divulgar os ensinamentos colhidos nesta investigacao ao Brazilian Aviation Safety Team(BCAST - grupo brasileiro de seguranca operacional da aviacao comercial), a fim de que sejam discutidas a possibilidade de incluir o cenario operacional analisado nos voos de treinamento em simulador, e a adequabilidade do programa de treinamento aplicado a seus pilotos, sobretudo no que diz respeito a identificacao e ao aprimoramento dos conhecimentos, habilidades e atitudes de pilotos que apresentaram deficiencia na pilotagem manual."
IG-129/CENIPA/2013_RS_001,"Divulgar o conteudo deste Relatorio Final Simplificado aos operadores das aeronaves Robinson 22 e 44, com a finalidade de alerta-los quanto a possibilidade de interpretacoes equivocadas de emergencias que possam colocar a aeronave em risco desnecessario."
IG-129/CENIPA/2013_RS_002,Certificar-se da capacitacao da Empresa WIP AVIACAO em efetuar a revisao dos magnetos utilizados nas aeronaves tipo Robinson R44.
IG-129/CENIPA/2013_RS_003,Certificar-se da capacitacao da Empresa de Manutencao CLARO AVIACAO em efetuar as revisoes previstas no programa de manutencao das aeronaves tipo Robinson R-44.
IG-129/CENIPA/2013_RS_004,"Reavaliar procedimentos internos para que qualquer comunicacao recebida via fonia, ou por qualquer outro meio, de ocorrencia que nao se enquadre como evento SAR, porem que possa ser classificada como ocorrencia de interesse do SIPAER, seja comunicada ao elo SIPAER responsavel pela area da ocorrencia."
IG-131/CENIPA/2013-RSV001,"Realizar vistoria na pista do Aerodromo Aereo Amazonia-PA (SSXN) para verificar o nivel de interferencia, na faixa preparada, de uma vala de escoamento de aguas pluviais, situada ao longo da lateral da pista, longitudinalmente, a 10 metros do centro da pista, do lado esquerdo, no sentido 07/25, com o objetivo de avaliar e provocar a correcao, caso necessario."
IG-131/CENIPA/2021-01,"Divulgar os ensinamentos obtidos nesta investigacao a Brasil Vida Taxi Aereo Ltda. e aosoperadores da aeronave Beech Aircraft modelo 200, no intuito de alerta-los sobre a importancia de realizar uma supervisao adequada das atividades de manutencao e do controle da documentacao desse equipamento, particularmente no que concerne as intervencoes realizadas nos atuadores do trem de pouso desses avioes, como forma deelevar o nivel de seguranca das operacoes de suas aeronaves."
IG-132/CENIPA/2015-01,"Atuar junto ao operador a fim de enfatizar o previsto no Art. 88-N do Codigo Brasileiro de Aeronautica que, salvo as excecoes estabelecidas, proibe a remocao de aeronaves acidentadas do local da ocorrencia sem a devida autorizacao da autoridade de investigacao SIPAER."
IG-133/CENIPA/2013-001,"Tendo em vista os fatos observados e relatados neste relatorio, realizar auditoria tecnica no operador da aeronave com intuito de aprimorar os processos de instrucao, gerenciamento e manutencao."
IG-136/CENIPA/2013-01,"Atuar junto aos operadores de aeronaves ATR, a fim de que estes garantam que os treinamentos teoricos, simulados e praticos sejam suficientes para que as tripulacoes adquiram o conhecimento e desenvolvam as habilidades necessarias para reconhecer e realizar as acoes adequadas em um voo sob condicoes de formacao de gelo."
IG-136/CENIPA/2013-02,"Atuar junto aos operadores de aeronaves ATR, a fim de que estes implementem a filosofia UPRT no manual de operacao da companhia aerea e no treinamento associado."
IG-138/CENIPA/2019-01,Avaliar o nivel de adequacao do programa Maintenance on Reliable Engines (MORE)aplicado aos motores PT6A-114/114A instalados nas aeronaves da Two Taxi Aereo Ltda.no que tange as tarefas de manutencao definidas nos manuais da P&WC e suas capacidades de garantir niveis adequados de seguranca com a extensao dos intervalos de revisao geral desses propulsores e de seus componentes para valores superiores aos recomendados pelo fabricante.
IG-138/CENIPA/2019-02,"Atuar junto a Organizacao de Manutencao Two Taxi Aereo Ltda. no sentido de que aquela OM demonstre que os seus mecanismos de supervisao gerencial garantem a qualidade dos servicos por ela executados, particularmente no que concerne as inspecoes conduzidas nos motores PT6A-114/114A, seus acessorios e sistemas relacionados a eles."
IG-140/CENIPA/2013-001,"Tendo em vista os fatos observados durante a investigacao e relatados no corpo deste relatorio, realizar Auditoria Tecnica no operador com objetivo de aperfeicoar os processos de operacao e manutencao aplicados."
IG-140/CENIPA/2015-01,"Atuar junto a STAR TUR VIAGENS E TURISMO LTDA. - EPP (operador da aeronave), a fim de enfatizar o previsto no Art. 88-N do Codigo Brasileiro de Aeronautica que, salvo as excecoes estabelecidas, proibe a remocao de aeronaves acidentadas, ou de suas partes, do local da ocorrencia sem a devida autorizacao da autoridade de investigacao SIPAER."
IG-141/CENIPA/2013-001,"Divulgar o presente relatorio as oficinas que possuem a aeronave EMB-810/PA-34 em seus adendos, a fim de alertar mecanicos e inspetores sobre o problema da montagem invertida do parafuso do amortecedor de vibracoes laterais do trem auxiliar e sua respectiva porca."
IG-141/CENIPA/2013-002,"Dar ampla divulgacao do presente relatorio entre seus associados, a fim de alertar sobre o problema da montagem invertida do parafuso do amortecedor de vibracoes laterais do trem auxiliar e sua respectiva porca, bem como alertar quanto ao perigo na utilizacao de mao de obra nao homologada para servicos de manutencao."
IG-141/CENIPA/2013-003,"Dar ampla divulgacao do presente relatorio entre seus associados, a fim de alertar sobre o problema da montagem invertida do parafuso do amortecedor de vibracoes laterais do trem auxiliar e sua respectiva porca, bem como alertar quanto ao perigo na utilizacao de mao de obra nao homologada para servicos de manutencao."
IG-143/CENIPA/2014-01,"Divulgar os ensinamentos colhidos na presente investigacao, a fim de alertar pilotos e operadores de helicopteros acerca da importancia da utilizacao das informacoes apresentadas na Service-Letter 1673-67-04 como ferramenta de prevencao de ocorrencias aeronauticas."
IG-143/CENIPA/2015-01,"Atuar junto ao Aeroclube de Braganca Paulista a fim de melhorar a supervisao da instrucao aerea, bem como a padronizacao dos instrutores de voo."
IG-143/CENIPA/2022-01,"Avaliar a pertinencia de revisar a ICA 100-37 - “Servicos de Trafego”, com o fito de acrescentar orientacoes claras aos controladores de trafego aereo no sentido de instruir adequadamente as aeronaves que estejam se aproximando para areas diferentes daquelas designadas para pouso a executarem uma arremetida ou procedimento de aproximacao perdida, a exemplo do que trata a publicacao para os temas de incursao e/ou presenca de obstaculos na pista."
IG-144/CENIPA/2015-01,"Atuar junto a Cleiton Taxi Aereo Ltda., a fim de que os treinamentos dos pilotos de PA46 “jetprop” daquele operador enfatizem os conceitos de aproximacao estabilizada, CRM e controle direcional (frenagem e direcionamento), focando nas particularidades operacionais desta aeronave."
IG-144/CENIPA/2015-02,"Atuar junto a Cleiton Taxi Aereo Ltda., a fim de assegurar que os procedimentos de manutencao sob a responsabilidade daquele operador estejam sendo conduzidos de forma a garantir a seguranca das operacoes e de acordo com as normas vigentes."
IG-144/CENIPA/2015-03,"Divulgar os ensinamentos colhidos neste relatorio, a fim de alertar pilotos e operadores da aviacao civil brasileira quanto a possibilidade de perda do controle direcional da aeronave apos o pouso, bem como suas consequencias, em especial aos modelos da familia PA46."
IG-144/CENIPA/2015-04,"Atuar junto a Cleiton Taxi Aereo Ltda., a fim de assegurar que aquele operador esteja exercendo suas atividades em conformidade com suas especificacoes operativas."
IG-144/CENIPA/2020-01,"Divulgar os ensinamentos colhidos nesta investigacao aos operadores de aerodromo que tenham manifestado estar aptos a processar operacao regida pelo RBAC nº 121, a fim de que sejam utilizados na promocao da seguranca operacional no ambito do SMS de cada operador."
IG-144/CENIPA/2020-02,"Atuar em conjunto com a Aena Brasil, de modo a incluir hot spots na Carta de Aerodromo de SBSP, visando alertar pilotos que operam naquele aerodromo sobre os locais com maior incidencia de incursoes em pista, bem como os pontos que nao podem ser visualizados pelo ATCO que ocupa a posicao TWRSP."
IG-144/CENIPA/2020-03,"Avaliar a viabilidade, em conjunto com a Aena Brasil, de implementar medidas tecnologicas que elevem o nivel de consciencia situacional de pilotos e controladores de trafego aereo, mitigando os riscos de incursao em pista em SBSP."
IG-144/CENIPA/2020-04,"Atuar junto ao DTCEA-SP, com o objetivo de adotar solucoes para mitigar ou eliminar a obstrucao visual que as estruturas de concreto da TWR-SP causam na visualizacao da pista a partir da posicao operacional torre de controle (TWRSP)."
IG-144/CENIPA/2020-05,"Divulgar os ensinamentos colhidos nesta investigacao aos PSNA que operam em aerodromos que possuem Runway Safety Team (RST), a fim de que esses provedores sejam orientados a comunicarem ao operador de aerodromo local as incursoes em pista, com a maior brevidade possivel, conforme previsto na ICA 81-4 - “Programa para Prevencao de Ocorrencias de Incursao em Pista na Prestacao dos Servicos de Trafego Aereo”."
IG-146/CENIPA/2017-03,"Atuar junto aos controladores de voo da TWR-FI, a fim de reforcar aqueles profissionais a necessidade de se cumprir fielmente o disposto no MCA 100-16/2016, sobretudo no que diz respeito as informacoes a serem transmitidas para as tripulacoes na reta final para pouso, como direcao e intensidade do vento no aerodromo."
IG-152/CENIPA/2018-02,"Divulgar os ensinamentos colhidos no presente relatorio, de modo a alertar os controladores de trafego aereo quanto a importancia do correto emprego da fraseologia nas comunicacoes aeronauticas."
IG-153/CENIPA/2015-001,"Realizar gestoes junto a Rico Taxi Aereo, de forma a garantir que a operacao de suas aeronaves seja conduzida de acordo com a homologacao prevista pelo Orgao Fiscalizador."
IG-153/CENIPA/2015-01,"Atuar  junto  ao  Administrador  Aeroportuario  do  Aerodromo  de  Flores  a  fim  de  que  os obstaculos existentes nas areas de escape da pista de SWFN sejam removidos, evitando-se,assim,possiveis danos ou agravamento destes as aeronaves que porventura venham a experimentar uma excursao de pista."
IG-155/CENIPA/2017-03,"Atuar junto ao pessoal dos Servicos de Trafego Aereo (ATS) no sentido de ratificar a observancia dos padroes de fraseologia de trafego aereo constantes no MCA 100-16, atualmente em vigor, com o objetivo de assegurar a uniformidade das comunicacoes radiotelefonicas."
IG-158/CENIPA/2013-RSV001,"Atuar junto a empresa Aero Agricola Rosariense Ltda, a fim de verificar as irregularidades no tocante a comunicacao de ocorrencia aeronautica, a decolagem de um local de pouso nao previsto sem previa autorizacao dos orgaos competentes e o cumprimento do programa de manutencao da aeronave."
IG-159/CENIPA/2014-01,"Orientar os controladores de trafego aereo que atuam no aerodromo de Porto Seguro sobre a importancia de sempre informar os pilotos em operacao naquela localidade sobre a presenca de agua na pista ou qualquer outra informacao essencial sobre as condicoes do aerodromo, conforme legislacao em vigor."
IG-160/CENIPA/2016-01,"Atuar junto ao Aeroclube de Piracicaba, a fim de que aquele operador adeque seu processo de instrucao de voo ao previsto no MCA 58-3, sobretudo no que diz respeito a utilizacao de fichas de avaliacao que apresentem todos os campos necessarios ao adequado registro do voo."
IG-160/CENIPA/2016-02,"Atuar junto ao Aeroclube de Piracicaba, a fim de que aquele operador aprimore as tecnicas de instrucao utilizadas e oriente os instrutores a serem mais proativos e conservativos, de modo a evitar que os erros dos alunos se aproximem do ponto de irreversibilidade de um acidente."
IG-167/CENIPA/2016-01,"Atuar junto a Oficina de Manutencao de Aeronaves Ltda. (OMAER), a fim de verificar a conformidade dos servicos de manutencao realizados por aquela empresa, visando incrementar os niveis de competencia e seguranca operacional requeridos ao desempenho das atividades para as quais tal organizacao e certificada."
IG-167/CENIPA/2017-01,"Atuar junto a empresa Voa Sao Paulo, no sentido de avaliar a implantacao de orgao de servico de trafego aereo e de meteorologia aeronautica em SDUB, com o fito de prover aos pilotos que operam naquela regiao, informacoes meteorologicas e de trafego Aereo sobre a localidade."
IG-170/CENIPA/2013-RSV_001,"Atuar junto as empresas de taxi-aereo, a fim de que sejam ministradas palestras sobre medicina aeroespacial para todos os aeronavegantes, bem como sobre a importancia de um setor medico bem estruturado e estabelecido nas empresas que sirva de suporte aos aeronavegantes."
IG-170/CENIPA/2013-RSV_002,"Divulgar o conteudo do presente relatorio durante a realizacao de seminarios, palestras e atividades afins voltadas aos proprietarios, operadores e exploradores de aeronaves empregadas no servico de Taxi-Aereo e na Aviacao Regular Brasileira."
IG-171/CENIPA/2013-RSV_001_A,"Divulgar o conteudo do presente relatorio durante a realizacao de seminarios, palestras e atividades afins voltadas aos proprietarios, operadores e exploradores de aeronaves."
IG-171/CENIPA/2013-RSV_001_B,"Assegurar-se, junto ao operador de aerodromo de SBTE, que este adote as medidas necessarias para a recuperacao das condicoes da pista de pouso e decolagem, com a maior brevidade possivel, particularmente no que se refere a sua cobertura asfaltica."
IG-171/CENIPA/2013-RSV_002,"Atuar junto a Lider Taxi-Aereo, a fim de que sejam criados mecanismos para garantir a utilizacao, com seguranca, dos diversos equipamentos opcionais instalados nas aeronaves constantes na especificacao operativa da empresa."
IG-176/CENIPA/2014-01,"""Atuar na Yros Fly Escola de Aviacao Civil Ltda., a fim de que aquele operador aprimore os treinamentos de Crew Resource Management (CRM) oferecido a seus tripulantes sobretudo no que diz respeito as tecnicas de instrucao recomendadas, e oriente os instrutores a serem proativos e conservativos, de modo a evitar que os erros dos alunos se aproximem do ponto de irreversibilidade de um acidente."""
IG-177/CENIPA/2018-04,"Atuar junto ao DTCEA-EG, a fim de que seus controladores, efetivamente, realizem os procedimentos previstos para mudanca de pista, tao logo seja necessario, bem como que comuniquem aos pilotos informacoes relevantes como a mudanca de pista em uso, principalmente quando for relacionada as condicoes meteorologicas."
IG-177/CENIPA/2018-05,"Divulgar os ensinamentos colhidos na presente investigacao, a fim de alertar os Destacamentos de Controle do Espaco Aereo, que possuam Servico de Controle de Trafego Aereo, sobre a importancia de seus controladores, efetivamente, realizarem os procedimentos previstos para mudanca de pista, tao logo seja necessario, bem como comunicarem aos pilotos informacoes relevantes como a mudanca de pista em uso, principalmente quando for sobre as condicoes meteorologicas."
IG-177/CENIPA/2018-06,"Atuar junto ao DTCEA-EG, a fim de que se providencie a instalacao de cameras CCTV que possibilitem a visualizacao da cabeceira 11 pelos controladores da TWR-EG."
IG-177/CENIPA/2018-07,"Atuar junto DTCEA-EG, a fim de que seus controladores de voo evitem o uso do Codigo Q nas comunicacoes internas, especialmente nas realizadas por telefonia."
IG-177/CENIPA/2018-08,"Divulgar os ensinamentos colhidos na presente investigacao, a fim de que os controladores de voo dos Destacamentos de Controle do Espaco Aereo, que possuam Servico de Controle de Trafego Aereo, evitem utilizar o uso do Codigo Q nas comunicacoes internas, especialmente nas realizadas por telefonia."
IG-177/CENIPA/2018-09,"Avaliar a possibilidade de normatizar as acoes, por parte dos orgaos de Servico ou Controle de Trafego Aereo, de modo a informar ao Operador do Aerodromo a ocorrencia de chuva com intensidade suficiente para contaminacao da pista, com a finalidade de que o operador receba a informacao a tempo para a realizacao da inspecao de pista."
IG-187/CENIPA/2013-01,"Atuar junto as escolas de aviacao civil, a fim de que estes centros de formacao de pilotos de helicopteros enfatizem em seus cursos os fatores que contribuem para a ocorrencia do brownout, sobretudo durante pousos e decolagens de locais nao homologados ou nao registrados, e os riscos associados a esse fenomeno."
IG-187/CENIPA/2013-02,"Divulgar os ensinamentos colhidos na presente investigacao, a fim de alertar pilotos e operadores de helicopteros sobre os riscos associados a ocorrencia do fenomeno conhecido como brownout, sobretudo durante pousos e decolagens de locais nao homologados ou nao registrados."
IG-190/CENIPA/2018-01,"Atuar junto aos orgaos ATC, no sentido de assegurar que seus controladores tenham o correto entendimento sobre a diferenca entre um procedimento de desembarque e uma evacuacao de aeronaves."
IG-190/CENIPA/2018-05,"Atuar em parceria com a Boeing Company para certificar-se de que, considerando os eventos observados no incidente grave em tela e o nivel de risco avaliado como Classe II, a probabilidade de ocorrencia dessa falha tenha se mantido menor que 1x10-7 (uma falha em 10 milhoes de horas de voo)."
IG-195/CENIPA/2013-02,"Assegurar-se de que as informacoes sobre as condicoes do aerodromo, relacionadas a alteracoes que possam afetar a seguranca das operacoes, sejam retransmitidas com tempo suficiente para que os tripulantes as utilizem devidamente."
IG-203/CENIPA/2013-001,"Tendo em vista os fatos relatados neste relatorio, reavaliar o manual de cargas externas do operador."
IG-503/CENIPA/2018-01,"Atuar junto a Diretoria de Portos e Costas (DPC) da Marinha do Brasil, a fim de que aquela autoridade analise a pertinencia de atualizar a NORMAM 27, visando clarificar o correto posicionamento da aeronave na Area de Toque e definir a que distancia do helideque os obstaculos deverao receber um esquema de pintura ou outro dispositivo para ressalta-los."
IG-503/CENIPA/2018-02,"Atuar junto a Diretoria de Portos e Costas (DPC) da Marinha do Brasil, a fim de que aquela autoridade analise a pertinencia de atualizar a NORMAM 27, de modo a permitir a realizacao de estudo aeronautico que vise o deslocamento do centro da area de toque de um helideque especifico, quando seu operador julgar necessario, com a finalidade de aumentar a distancia entre a area de toque e os obstaculos proximos."
IG-503/CENIPA/2018-03,"Atuar junto ao proprietario do navio Lochnagar, a fim de que aquele operador de aerodromo adapte o helideque instalado na embarcacao ao constante na NORMAM 27 mais atualizada."
IG-503/CENIPA/2018-04,"Atuar junto a BHS Brazilian Helicopter Services Taxi Aereo S.A., a fim de que aquele operador reavalie a adequabilidade de seus Manuais de Operacao e de Gerenciamento de Seguranca Operacional, sobretudo no que diz respeito aos procedimentos e cuidados necessarios para a operacao segura em helideques instalados em embarcacoes ou em plataformas maritimas."
IG-521/CENIPA/2017-01,"Atuar junto a DRAWANZ E MOTORES AERONAUTICOS LTDA, de modo a cerificar-se que a oficina esteja cumprindo fielmente os procedimentos e normas no tocante a revisao geral dos motores, de acordo com o previsto pelos fabricantes."
IG-521/CENIPA/2017-02,"Atuar junto a DRAWANZ ? MOTORES AERONAUTICOS LTDA, de modo a certificar-se se a oficina possui mecanismos de supervisao gerencial adequados, no tocante aos servicos de manutencao."
IG-521/CENIPA/2018-01,"ATUAR NO AERoDROMO DE NOVO HAMBURGO (SSNH), A FIM DE QUE SEJA AVERIGUADO SE AQUELE CAMPO OFERECE CONDIcoES SEGURAS DE OPERAcaO, DE ACORDO COM A LEGISLAcaO EM VIGOR."
IG-521/CENIPA/2018-02,"ATUAR JUNTO a BORN TO FLY ESCOLA DE AVIAcaO, A FIM DE QUE AQUELE OPERADOR INCREMENTE O TREINAMENTO DE CRM OFERECIDO A SEUS TRIPULANTES, SOBRETUDO NO QUE DIZ RESPEITO aS INTERAcoES INTERPESSOAIS, NECESSaRIAS a MANUTENcaO DA SEGURANcA OPERACIONAL DURANTE OS PROCEDIMENTOS PARA POUSO."
IG-521/CENIPA/2018-03,"ATUAR JUNTO a BORN TO FLY ESCOLA DE AVIAcaO, A FIM DE QUE AQUELE OPERADOR ORIENTE SEUS INSTRUTORES QUANTO a IMPORTaNCIA DE SE REALIZAR UM PLANEJAMENTO ADEQUADO PARA O VOO, INCLUINDO A VERIFICAcaO DAS CONDIcoES DO AERoDROMO PARA A OPERAcaO PROPOSTA."
IG-521/CENIPA/2018-04,"ATUAR JUNTO AO OPERADOR DO AERoDROMO, A FIM DE QUE AQUELA ORGANIZAcaO PROVIDENCIE A ATUALIZAcaO DO TIPO DE PISO DA PISTA DE POUSO DO AERoDROMO DE NOVO HAMBURGO (SSNH)."
IG-521/CENIPA/2018-05,"DIVULGAR OS ENSINAMENTOS COLHIDOS NA PRESENTE INVESTIGAcaO, A FIM DE ALERTAR PILOTOS E OPERADORES DA AVIAcaO CIVIL BRASILEIRA SOBRE OS RISCOS DECORRENTES DA REALIZAcaO DE FINAIS PARA POUSO NaO ESTABILIZADAS E DA DECISaO DE NaO REALIZAR UMA ARREMETIDA NOS CASOS EM QUE OS PROCEDIMENTOS PARA POUSO NaO APRESENTAREM AS NECESSaRIAS CONDIcoES DE SEGURANcA."
IG-526/CENIPA/2016-01,"Divulgar os ensinamentos contidos na presente investigacao para as empresas que operam segundo o RBAC 121 e 135, com o intuito de alertar os operadores sobre a necessidade do cumprimento dos criterios estabelecidos no Manual Geral de Operacoes para realizacao de voos de experiencia apos a execucao de servicos de manutencao."
IG-526/CENIPA/2016-02,"Discutir, no ambito do Grupo Brasileiro de Seguranca Operacional da Aviacao Comercial (BCAST), os atuais procedimentos adotados pelas empresas aereas para realizacao de voo de experiencia apos a execucao de servicos de manutencao, objetivando a troca de experiencia, a mitigacao de eventuais riscos e a producao de safety enhancements sobre o tema, caso o Grupo considere necessario."
IG-532/CENIPA/2015-02,"Incluir no Normal Procedures Checklist do L410UVP-E20, nos procedimentos previstos para o After Takeoff, um ou mais itens determinando o desligamento do water injection, antes da reducao dos manetes de potencia, informando tais atualizacoes aos tripulantes."
IG-532/CENIPA/2015-03,"Incluir no AFM do L410UVP-E20 Flight Manual, Section 4, Normal Procedures, o alerta previsto no Operation Manual Turboprop Engine – Models Walter M601E – Walter M601E-21, Manual Part n° 0982404 page 2-6, informando tais atualizacoes aos tripulantes."
IG-532/CENIPA/2015-04,"Incluir no AFM do L410UVP-E20 Flight Manual, Section 7, Systems of Airplane, o alerta previsto no Operation Manual Turboprop Engine – Models Walter M601E – Walter M601E-21, Manual Part n° 0982404 page 2-6, informando tais atualizacoes aos tripulantes."
IG-538/CENIPA/2017,"Atuar junto ao Aeroclube do Estado de Minas Gerais, a fim de que aquele operador aperfeicoe seus mecanismos administrativos e operacionais de recebimento e verificacao dos servicos de manutencao executados em suas aeronaves por organizacoes ou mecanicos contratados para realizar essas atividades."
IG-540/CENIPA/2015-01,"Assegurar-se de que as empresas de taxi-aereo incluam, nos seus respectivos planejamentos de voos, o cumprimento dos requisitos de limitacoes de pouso nos aerodromos de destino, segundo o RBAC 135."
IG-540/CENIPA/2015-02,"Orientar as empresas de taxi-aereo para que realizem uma avaliacao dos riscos envolvidos nos cumprimentos dos voos, considerando, nos planejamentos, as caracteristicas de operacao dos aerodromos e o nivel de experiencia dos pilotos."
IG-540/CENIPA/2015-03,"Divulgar o conteudo do presente relatorio as empresas e aos pilotos de taxi aereo, com a finalidade de aprimorar o julgamento dos tripulantes em relacao as aproximacoes desestabilizadas, considerando sempre a possibilidade de arremetida."
IG-544/CENIPA/2015-04,"Orientar os controladores quanto a aplicacao dos conceitos de CRM, a fim de evitar que estes sobrecarreguem os tripulantes com solicitacoes que podem nao ser relevantes para uma determinada condicao de emergencia."
IG-550/CENIPA/2015-01,Realizar um estudo sobre a viabilidade de implementacao de um sistema que restrinja a aceitacao de planos de voos para aerodromos de destino e/ou de alternativa que se encontrem interditados.
IG-551/CENIPA/2014-001,"Assegurar-se, com base na analise das falhas prematuras dos semimancais laminados do rotor de cauda dos helicopteros Esquilo, das adequadas condicoes para a manutencao da Aeronavegabilidade Continuada dos modelos AS350 B3e e AS355 NP na frota brasileira."
IG-551/CENIPA/2014-002,"Divulgar o conteudo do presente relatorio durante a realizacao de seminarios, palestras e atividades afins voltadas aos proprietarios, operadores e exploradores de aeronaves de asas rotativas."
IG-551/CENIPA/2016-01,"DIVULGAR OS ENSINAMENTOS COLHIDOS NA PRESENTE INVESTIGAcaO, A FIM DE ALERTAR PILOTOS E OPERADORES DA AVIAcaO CIVIL BRASILEIRA SOBRE A IMPORTaNCIA DA EXECUcaO DE UMA APROXIMAcaO ESTABILIZADA, VISANDO GARANTIR A MANUTENcaO DOS CORRETOS PARaMETROS DE POUSO, FRENAGEM E PARADA DA AERONAVE COM SEGURANcA."
IG-556/CENIPA/2018-05,"Exigir dos orgaos de controle que estabelecam e mantenham, durante o periodo de vigencia de acordos operacionais, uma comunicacao de radiotelefonia adequada e padronizada, levando em consideracao a envergadura, o comprimento e o peso da aeronave."
IG-556/CENIPA/2018-06,"Exigir dos orgaos de controle, durante a vigencia de acordos operacionais devido a obras no aerodromo, que eles evitem usar termos genericos e estabelecam rotas especificas de taxi levando em consideracao o tipo de aeronave utilizada."
IG-563/CENIPA/2014-RSV_001,"""Realizar auditoria tecnica na empresa Planave Aviacao Ltda. (CHE 765-02/ANAC) com intuito de analisar e propor melhorias no processo de recebimento de partes e registros de manutencao apos revisao de motores e demais componentes aeronauticos constantes na Lista de Capacidade (""""Adendo ao Certificado de Homologacao de Empresa"""")."""
IG-571/CENIPA/2014-001,"Tendo em vista os fatos observados e relatados neste relatorio, recomenda-se intensificar a fiscalizacao sobre o operador da aeronave."
IG-571/CENIPA/2014-002,"Tendo em vista os fatos observados e relatados neste relatorio, recomenda-se intensificar a fiscalizacao sobre o operador do Aerodromo de Pirassununga, SP."
IG-588/CENIPA/2018-02,"Avaliar a implantacao do SGSO na empresa PEMA - Pereira Machado Taxi Aereo Ltda., de acordo com os requisitos estabelecidos no MGSO."
IG-589/CENIPA/2016-01,"ATUAR JUNTO a TBA - TECNOLOGIA BRASILEIRA AERONaUTICA, A FIM DE QUE AQUELA ORGANIZAcaO DEMONSTRE QUE POSSUI E APLICA TODOS OS RECURSOS NECESSaRIOS a ADEQUADA PRESTAcaO DE SERVIcOS DE MANUTENcaO NAS AERONAVES CESSNA, MODELO 150E, CONFORME PRECONIZA A LEGISLAcaO EM VIGOR, OS RESPECTIVOS MANUAIS TeCNICOS E A LISTA DE CAPACIDADES DA EMPRESA."
IG-621/CENIPA/2014-001,"Reforcar as orientacoes da RSO nº 151/2008, visto que a presente ocorrencia e recorrente, determinando que os operadores de aeronaves Sikorsky, modelos S-76A e S-76C, realizassem inspecao no componente Engine Shaft Flexible Coupling, P/N 76361-04008-103 ou 76361-04008-102, de acordo com o capitulo 5, secao 5-20-00, paragrafo 3, pagina 46, do manual P/Nº AS 4047-76C-2-1 (Rev 31 MAR 2008)."
IG-621/CENIPA/2014-002,"Reforcar a RSO n° 36/2009, a qual orienta sobre os requisitos estabelecidos pela Secao 135.431 do RBAC 135, com a finalidade de orientar as empresas aereas e inspetores de aviacao civil sobre metodos de implantacao de um Sistema de Analises e Supervisao Continuada nas atividades desenvolvidas."
IG-621/CENIPA/2014-003,"Solicitar que a empresa Lider Aviacao que reforce a RSO n° 37/2009, a qual estabelece a implantacao de um sistema de analises e supervisao continuada, conforme o previsto na Secao 135.431 do RBHA 135, a fim de assessorar o monitoramento da eficacia e da execucao do programa de manutencao."
RSO_(A)_0026/2013-CENIPA,"Assegurar-se da adequacao do treinamento oferecido pelo operador da aeronave aos pilotos recem-ingressos na Casa Militar - PB, no tocante a familiarizacao com as rotinas operacionais, nelas incluindo a operacao das suas aeronaves e o reconhecimento dos aerodromos utilizados com maior frequencia."
RSO_(A)_0027/2013-CENIPA,"Certificar-se da adequacao dos mecanismos de Supervisao Gerencial adotados pelo operador da aeronave, no ambito operacional, no que se refere ao acompanhamento das fases de planejamento e de execucao dos voos."
RSO_(A)_0028/2013-CENIPA,"Certificar-se das adequadas condicoes de infraestrutura do aerodromo do Aeroclube de Campina Grande (SNKB), notadamente, no que se refere ao isolamento, obstaculos nas cabeceiras e estado do piso da pista de pouso."
RSO_(A)_0029/2013-CENIPA,"Certificar-se da adequacao dos mecanismos de Supervisao Gerencial adotados pelo operador da aeronave, no ambito operacional, com o foco na utilizacao do checklist e dos conceitos de CRM em todas as fases do voo pelos seus pilotos."
RSO_(A)_0139/2013-CENIPA,"Incluir os operadores vinculados as Casas Militares dos Governos Estaduais na Secao 1.3 da Resolucao nº 106 da ANAC, de 30 de junho de 2009, que dispoe sobre o Sistema de Gerenciamento de Seguranca Operacional para os Pequenos Provedores de Servico da Aviacao Civil SGSO P-PSAC, com o proposito de tornar obrigatoria a implementacao de um SGSO por aqueles P-PSAC."
RSO_(A)_048/2010/SERIPA_VI,Reciclar o pessoal de manutencao de aeronaves quanto aos processos de execucao e de supervisao dos servicos de manutencao de forma a garantir a adequacao dos servicos.
RSO_(A)_049/2010/SERIPA_VI,"Implantar o Sistema de Gerenciamento da Seguranca Operacional (SGSO) voltado para a area de manutencao, com o intuito de aprimorar o processo de acompanhamento das atividades de inspetoria e de manutencao das aeronaves."
RSO_(I)_194/2010-CENIPA,"Realizar inspecao em toda a sua frota de aeronaves MK28F100 a fim de verificar a correta montagem  dos “Torque Link Dampers” na estrutura dos trens principais, verificando a correta colocacao dos espacadores,  conforme previsto no manual de manutencao AMM 0100 Fokker 70/100, Task 32-11-10-400-814-B, item 8, Subtask 32-11-10-420-014-B00, item “G”."
RSO_(I)_195/2010-CENIPA,"Determinar ao setor de manutencao da empresa o fiel cumprimento do manual de manutencao AMM 0100 Fokker 70/100, Task 32-11-10-400-814-B, por ocasiao das trocas dos “Torque Link Dampers”, a fim de assegurar a correta montagem de tais componentes."
RSO_(I)_196/2010-CENIPA,"Divulgar o presente incidente, suas causas e consequencias para pilotos e pessoal de manutencao, em eventos internos da empresa, de forma a evitar novas ocorrencias"
RSO_(I)_197/2010-CENIPA,"Envidar os esforcos necessarios no sentido de aprimorar os processos de supervisao gerencial e coordenacao entre os setores de Safety, Operacoes e Manutencao da empresa, com o objetivo de identificar aeronaves que estejam apresentando panes repetitivas que possam vir a comprometer a seguranca operacional, de modo que estes avioes sejam retirados da malha de voos ate que as discrepancias possam ser identificadas e sanadas."
RSO_(I)_198/2010-CENIPA,"Orientar as tripulacoes tecnicas no sentido de desativar o “circuit-breaker” do Cockpit Voice Recorder (CVR), em eventos dessa natureza, a fim de resguardar as gravacoes de audio para melhor subsidiar a investigacao."
RSV_(A)_019/2013,"Atuar junto a Rima Aerotaxi Ltda., visando incrementar o treinamento de CRM dos seus tripulantes, a fim de permitir a adequada gestao das situacoes de emergencia em voo."
RSV_(A)_020/2013,"Atuar junto a Rima Aerotaxi Ltda., visando incrementar o treinamento de pouso com motor inoperante aos tripulantes de C-208B, a fim de permitir a realizacao do trafego de emergencia adequado."
RSV_(A)_021/2013,"Atuar junto a Rima Aerotaxi Ltda., visando melhorar o fluxo de informacoes relativo aos voos a serem realizados, a fim de permitir a preparacao adequada dos seus tripulantes."
RSV_(A)_022/2013,"Avaliar junto aos fabricantes da aeronave e do motor a necessidade de verificacao dos Fuel Control Unit (FCU) P/N 3122678-04 equipados com Bellows PN 3244112 do mesmo lote de fabricacao do item que falhou neste acidente, visando assegurar-se de que a possivel falha de fabricacao nao atingiu outros itens do mesmo lote."
RSV_(A)_023/2013,"Promover junto ao fabricante do motor a revisao do controle de qualidade no processo de fabricacao do Bellows PN 3244112 que equipa o Fuel Control Unit (FCU) P/N 3122678 - 04, a fim de assegurar-se de que falhas no processo de fabricacao, como a que possivelmente ocorreu neste acidente, sejam detecta das e corrigidas oportunamente."
RSV_(A)_024/2013,"Divulgar os ensinamentos do presente relatorio aos operadores de taxi aereo e da aviacao geral, em especial aos operadores de C-208B, enfatizando a importancia da coordenacao de cabine e da execucao adequada do trafego de emergencia, quando necessario."
RSV_(A)_025/2013,"Avaliar a necessidade de verificacao dos Fuel Control Unit (FCU) P/N 3122678-04 equipados com Bellows PN 3244112 do mesmo lote de fabricacao do item que falhou neste acidente, visando assegurar-se de que a possivel falha de fabricacao nao atingiu outros itens do mesmo lote."
RSV_(A)_026/2013,"Promover a revisao do controle de qualidade no processo de fabricacao do Bellows PN:3244112 que equipa o Fuel Control Unit (FCU) P/N 3122678-04, a fim de assegurar-se de que falhas no processo de fabricacao, como a que possivelmente ocorreu neste acidente, sejam detectadas e corrigidas oportunamente."
RSV_(A)_033/2013-CENIPA,"Divulgar o conteudo do presente relatorio durante a realizacao de seminarios, palestras e atividades afins voltadas aos proprietarios, operadores e exploradores de aeronaves."
RSV_(A)_305/2011-CENIPA,"""Eliminar as diferencas entre a Lista de Verificacoes de Emergencias (Checklist of Emergency L410 UVP-E20 Brazilian Airplane Flight Manual) e o Manual de Voo (L 410 UVP-E20 Flight Manual, Section 3, Emergency Procedures), alusivas aos itens marcados com asterisco na emergencia Falha do Motor Durante a Decolagem - Depois da V1"""", informando as atualizacoes aos operadores."""
RSV_(A)_306/2011-CENIPA,"Estabelecer na Secao 3, Procedimentos de Emergencia, do Manual de Voo (L 410 UVP-E20 Flight Manual), pagina 15, item 6, se os 1500ft sao AGL ou acima da altitude do campo, informando as atualizacoes aos operadores."
RSV_(A)_307/2011-CENIPA,"Incluir na Lista de Verificacoes de Emergencias (Checklist of Emergency L410 UVP-E20 Brazilian Airplane Flight Manual), pagina E-4, no item 08 (Airspeed 107 KIAS), a informacao para se manter os 107 KIAS ate 1500ft, conforme descrevem a Secao 3, Procedimentos de Emergencia, pagina 15, item 06, e a Secao 5, Desempenho, item 5.6, paginas 33, 34 e 35, do Manual de Voo (L 410 UVP-E20 Flight Manual), informando as atualizacoes aos operadores."
RSV_(A)_308/2011-CENIPA,"Definir no Programa de Treinamento (L 410 Aircraft Pilot Type Training Program), Chart 6, pagina 29, a altura minima para iniciar curvas, nas situacoes em que nao haja a interferencia de obstaculos, levando em consideracao o segmento 3b do perfil de decolagem com um motor inoperante (L 410 UVP-E20 Flight Manual, Section 5, Performance, item 5.6), informando as atualizacoes aos operadores."
RSV_(A)_309/2011-CENIPA,"""Reavaliar, na Lista de Verificacoes de Emergencias (Checklist of Emergency L410 UVP-E20 Brazilian Airplane Flight Manual), pagina E-4, na emergencia """"Falha do Motor Durante a Decolagem - Depois da V1"""", o fato de o item 5 (AUTO BANK CONTROL switch OFF) requerer a execucao a 200ft acima da pista e nao ser marcado com asterisco."""
RSV_(A)_310/2011-CENIPA,"Realizar o treinamento de emergencias durante o treinamento inicial, parte pratica de solo, conforme o Programa de Treinamento do fabricante (L 410 Aircraft Pilot Type Training Program), item B, pagina 10."
RSV_(A)_311/2011-CENIPA,"""Realizar o treinamento inicial e recorrente de  """"Falha do Motor Durante a Decolagem - Depois da V1"""", de acordo com o  L 410 Aircraft Pilot Type Training Program, item 5, paginas 13 e 14."""
RSV_(A)_312/2011-CENIPA,"Realizar o treinamento de emergencias durante o treinamento inicial, parte pratica de solo, conforme o Programa de Treinamento do fabricante (L 410 Aircraft Pilot Type Training Program), item B, pagina 10."
RSV_(A)_313/2011-CENIPA,"""Realizar o treinamento inicial e recorrente de  """"Falha do Motor Durante a Decolagem - Depois da V1"""", de acordo com o  L 410 Aircraft Pilot Type Training Program, item 5, paginas 13 e 14."""
RSV_(A)_314/2011-CENIPA,"Realizar o treinamento de emergencias durante o treinamento inicial, parte pratica de solo, conforme o Programa de Treinamento do fabricante (L 410 Aircraft Pilot Type Training Program), item B, pagina 10."
RSV_(A)_315/2011-CENIPA,"""Realizar o treinamento inicial e recorrente de  """"Falha do Motor Durante a Decolagem - Depois da V1"""", de acordo com o  L 410 Aircraft Pilot Type Training Program, item 5, paginas 13 e 14."""
RSV_(A)_316/2011-CENIPA,"Realizar o treinamento de emergencias durante o treinamento inicial, parte pratica de solo, conforme o Programa de Treinamento do fabricante (L 410 Aircraft Pilot Type Training Program), item B, pagina 10."
RSV_(A)_317/2011-CENIPA,"""Realizar o treinamento inicial e recorrente de  """"Falha do Motor Durante a Decolagem - Depois da V1"""", de acordo com o  L 410 Aircraft Pilot Type Training Program, item 5, paginas 13 e 14."""
RSV_(A)_318/2011-CENIPA,"Acompanhar a execucao dos programas de treinamento dos operadores de L 410, de maneira a assegurar que a parte pratica de solo do treinamento inicial de emergencias, atenda, no minimo, o estabelecido no Programa de Treinamento do fabricante (L 410 Aircraft Pilot Type Training Program), item B, pagina 10."
RSV_(A)_319/2011-CENIPA,"Acompanhar a execucao dos programas de treinamento dos operadores de L 410, de maneira a assegurar que o treinamento inicial e recorrente da emergencia Engine Failure During Take-off - Above V1, atenda, no minimo, o estabelecido no Programa de Treinamento do fabricante (L 410 Aircraft Pilot Type Training Program), item 5, paginas 13 e 14."
RSV_(A)_327/2012-CENIPA,"Atuar junto a Master Escola de Pilotagem de Helicoptero Ltda. a fim de que sejam corrigidas as nao conformidades observadas em fiscalizacao realizada por essa agencia, em 26AGO2010."
RSV_(A)_328/2012-CENIPA,"Reavaliar os requisitos minimos necessarios a concessao de habilitacao de instrutor de voo de helicoptero, visando assegurar a experiencia e o treinamento adequados ao desempenho da funcao."
RSV_(A)_329/2012-CENIPA,"Revisar o MMA 58-16 - Manual do Curso de Instrutor de Voo, visando atualiza-lo e incrementa-lo, levando em conta a publicacao da Federal Aviation Administration (FAA): FAA-H-8083-9A - Aviation Instructor's Handbook, que expoe detalhadamente as tecnicas de instrucao e atributos desejaveis dos instrutores, entre varios outros temas atualizados e de interesse sobre o assunto."
RSV_(A)_330/2012-CENIPA,"Avaliar a possibilidade de desenvolver um Curso de Padronizacao de Instrutores de Voo, de forma a difundir e uniformizar a adocao de boas praticas (cognitivas, afetivas e psicomotoras), tanto para os checadores quanto para os instrutores em atividade nas escolas de formacao de pilotos."
RSV_(A)_331/2012-CENIPA,"Avaliar a possibilidade de criar requisito, aos centros de formacao, aeroclubes e escolas de pilotagem, que determine a confeccao de rotinas operacionais (standard operational procedures - SOP), as quais, alem de profissionalizar a instrucao e mitigar os efeitos da personalizacao, resultarao em uma transicao mais adequada aqueles que almejam a aviacao executiva ou de transporte aereo regular."
RSV_(A)_332/2012-CENIPA,"""Atuar junto a INFRAERO, a fim de corrigir a nao conformidade relativa a falta de visualizacao da taxiway """"F"""", durante o taxi das aeronaves, permitindo o pronto atendimento no caso de uma emergencia aeronautica."""
