recomendacao_dia_assinatura,recomendacao_status,recomendacao_dia_encaminhamento,recomendacao_dia_feedback,recomendacao_numero,destinatario_sigla,codigo_ocorrencia
1/30/2008,ADOTADA,7/27/2010,8/16/2010,001/A/08,ANAC,33480
2/25/2011,ADOTADA,3/1/2011,10/29/2014,001/D/11,ANAC,43633
1/31/2012,SEM INFORMACAO,1/31/2012,NULL,001/D/12,LET,44888
2/26/2009,SEM INFORMACAO,2/26/2009,NULL,002/A/09_SERIPA_5,AEROC_MONT,34775
2/25/2011,ADOTADA,3/1/2011,10/29/2014,002/D/11,ANAC,43633
1/31/2012,SEM INFORMACAO,1/31/2012,NULL,002/D/12,LET,44888
2/25/2011,ADOTADA,3/1/2011,10/29/2014,003/D/11,ANAC,43633
1/31/2012,ADOTADA,1/31/2012,NULL,003/D/12,LET,44888
2/25/2011,NAO ADOTADA,3/1/2011,4/27/2012,004/D/11,ANAC,43633
1/31/2012,ADOTADA,2/6/2012,5/15/2012,004/D/12,ANAC,44888
3/6/2008,ADOTADA,3/13/2008,11/13/2008,005/A/08,ANP,31864
2/25/2011,ADOTADA,3/1/2011,11/28/2017,005/D/11,ANAC,43633
1/31/2012,ADOTADA,2/6/2012,10/7/2015,005/D/12,ANAC,44888
3/6/2008,ADOTADA,3/13/2008,4/24/2009,006/A/08,ANAC,31864
2/25/2011,ADOTADA,3/2/2011,5/4/2011,006/D/11,PASSAREDO,43633
1/31/2012,ADOTADA,2/6/2012,10/7/2015,006/D/12,ANAC,44888
3/6/2008,ADOTADA,3/13/2008,7/21/2008,007/A/08,ANAC,31864
4/30/2009,SEM INFORMACAO,4/30/2009,NULL,007/C/09,AEROC,34501
2/25/2011,ADOTADA,3/2/2011,5/4/2011,007/D/11,PASSAREDO,43633
1/31/2012,ADOTADA,2/6/2012,5/15/2012,007/D/12,ANAC,44888
3/6/2008,SEM INFORMACAO,3/13/2008,5/8/2008,008/A/08,PETROBRAS,31864
3/6/2008,ADOTADA,3/13/2008,9/16/2008,008/A/08,SHELL,31864
2/25/2011,ADOTADA,3/2/2011,5/4/2011,008/D/11,PASSAREDO,43633
1/31/2012,ADOTADA,12/11/2012,3/26/2013,008/D/12,ANAC,45047
3/6/2008,ADOTADA,3/13/2008,6/9/2008,009/A/08,DIVERSOS-L,31864
2/25/2011,ADOTADA,3/2/2011,5/4/2011,009/D/11,PASSAREDO,43633
2/27/2012,ADOTADA,12/11/2012,4/2/2013,009/D/12,ANAC,43980
5/16/2008,ADOTADA,5/16/2008,7/16/2008,010/A/07,ANAC,29859
10/7/2008,SEM INFORMACAO,10/7/2008,NULL,010/D/08,NOVA_MUTUM-AG,34755
10/7/2008,SEM INFORMACAO,10/7/2008,NULL,010/D/08,SERIPA-6,34755
2/25/2011,ADOTADA,3/2/2011,5/4/2011,010/D/11,PASSAREDO,43633
2/27/2012,ADOTADA,12/11/2012,5/23/2014,010/D/12,ANAC,43980
4/18/2008,ADOTADA,5/16/2008,6/9/2008,011/A/07,ANAC,29859
10/7/2008,SEM INFORMACAO,10/7/2008,NULL,011/D/08,SERIPA-6,34755
2/27/2012,ADOTADA,12/11/2012,5/23/2014,011/D/12,DAESP,43980
5/16/2008,ADOTADA,5/16/2008,7/31/2008,012/A/08,TAM,29859
2/27/2012,ADOTADA,12/11/2012,12/21/2015,012/D/12,ANAC,44990
5/16/2008,ADOTADA,5/16/2008,7/31/2008,013/A/08,TAM,29859
4/6/2010,ADOTADA,4/6/2010,NULL,013/C/20,SERIPA-5,44751
3/19/2010,SEM INFORMACAO,3/19/2010,NULL,013/D/08,DUMON,31456
2/27/2012,ADOTADA,12/11/2012,5/17/2013,013/D/12,ANAC,44990
5/16/2008,ADOTADA,5/16/2008,7/31/2008,014/A/08,TAM,29859
10/15/2008,SEM INFORMACAO,10/15/2008,NULL,014/C/20,SERIPA-5,44751
3/15/2011,ADOTADA DE FORMA ALTERNATIVA,3/15/2011,6/27/2017,014/D/11,ANAC,43899
2/27/2012,ADOTADA,12/11/2012,4/19/2013,014/D/12,ANAC,44990
2/22/2012,ADOTADA,2/22/2012,12/12/2012,015/2012,ANAC,42250
5/16/2008,ADOTADA,5/16/2008,7/31/2008,015/B/08,TAM,29859
3/15/2011,ADOTADA,3/15/2011,10/27/2014,015/D/11,ANAC,43899
2/22/2012,ADOTADA,2/22/2012,12/12/2012,016/2012,ANAC,42250
5/16/2008,ADOTADA,5/16/2008,7/31/2008,016/A/08,TAM,29859
2/22/2012,ADOTADA,2/22/2012,4/28/2014,017/2012,ANAC,42250
4/18/2008,ADOTADA,5/16/2008,7/31/2008,017/A/08,TAM,29859
3/9/2009,ADOTADA,3/24/2009,6/12/2009,017/D/09,ANAC,29955
4/27/2011,NAO ADOTADA,4/29/2011,8/1/2011,017/D/11,ANAC,37995
2/22/2012,ADOTADA,2/22/2012,12/12/2012,018/2012,ANAC,42250
4/18/2008,ADOTADA,5/16/2008,7/31/2008,018/A/08,TAM,29859
3/9/2009,ADOTADA,3/24/2009,4/8/2009,018/A/09,SERIPA-1,29955
3/9/2009,ADOTADA,3/24/2009,4/6/2009,018/A/09,SERIPA-2,29955
3/9/2009,ADOTADA,3/24/2009,5/8/2009,018/A/09,SERIPA-3,29955
3/9/2009,ADOTADA,3/24/2009,7/31/2009,018/A/09,SERIPA-4,29955
3/9/2009,ADOTADA,3/24/2009,5/11/2009,018/A/09,SERIPA-5,29955
3/9/2009,ADOTADA,3/24/2009,7/14/2009,018/A/09,SERIPA-6,29955
3/9/2009,ADOTADA,3/24/2009,4/28/2009,018/A/09,SERIPA-7,29955
4/27/2011,SEM INFORMACAO,4/29/2011,NULL,018/D/11,AVIANCA,40190
4/30/2010,SEM INFORMACAO,4/30/2010,NULL,019/2010,DIVERSOS-J,40087
2/22/2012,ADOTADA,2/22/2012,12/12/2012,019/2012,ANAC,42250
4/18/2008,ADOTADA,5/16/2008,8/24/2008,019/A/08,TAM,29859
4/16/2009,SEM INFORMACAO,4/30/2009,NULL,019/D/09,EMBRAER,35798
4/27/2011,SEM INFORMACAO,4/29/2011,NULL,019/D/11,AVIANCA,40190
4/30/2010,SEM INFORMACAO,4/30/2010,NULL,020/2010,DIVERSOS-J,40087
2/22/2012,ADOTADA,2/22/2012,12/12/2012,020/2012,ANAC,42250
4/18/2008,ADOTADA,5/16/2008,7/31/2008,020/B/08,TAM,29859
4/27/2011,SEM INFORMACAO,4/29/2011,10/24/2011,020/D/11,INFRAERO,40190
4/30/2010,SEM INFORMACAO,4/30/2010,NULL,021/2010,DIVERSOS-J,40087
2/22/2012,ADOTADA DE FORMA ALTERNATIVA,2/22/2012,4/10/2014,021/2012,ANAC,42250
4/18/2008,ADOTADA,5/16/2008,7/31/2008,021/A/08,TAM,29859
5/9/2011,ADOTADA,5/5/2011,4/28/2014,021/D/11,ANAC,43266
4/30/2010,SEM INFORMACAO,4/30/2010,NULL,022/2010,DIVERSOS-J,40087
2/22/2012,ADOTADA,2/22/2012,1/21/2014,022/2012,ANAC,42250
4/18/2008,ADOTADA,5/16/2008,7/31/2008,022/A/08,TAM,29859
3/19/2010,SEM INFORMACAO,3/19/2010,NULL,022/D/08,SERIPAS,31456
5/9/2011,ADOTADA,5/5/2011,12/7/2012,022/D/11,ANAC,43266
5/3/2011,ADOTADA DE FORMA ALTERNATIVA,5/13/2011,12/21/2015,023/2011,ANAC,31129
2/22/2012,SEM INFORMACAO,2/22/2012,NULL,023/2012,OCEANAIR-TPX,42250
4/18/2008,ADOTADA,5/16/2008,7/31/2008,023/A/08,TAM,29859
5/3/2011,ADOTADA,5/13/2011,10/3/2011,024/2011,ANAC,31129
2/22/2012,SEM INFORMACAO,2/22/2012,NULL,024/2012,OCEANAIR-TPX,42250
4/18/2008,ADOTADA,5/16/2008,7/31/2008,024/B/08,TAM,29859
5/3/2011,ADOTADA,5/13/2011,7/17/2014,025/2011,ANAC,34415
2/22/2012,SEM INFORMACAO,2/22/2012,NULL,025/2012,OCEANAIR-TPX,42250
4/18/2008,ADOTADA,5/16/2008,7/31/2008,025/A/08,TAM,29859
5/3/2011,ADOTADA,5/13/2011,8/4/2011,026/2011,ANAC,34415
2/22/2012,SEM INFORMACAO,2/22/2012,NULL,026/2012,OCEANAIR-TPX,42250
4/18/2008,ADOTADA,5/16/2008,7/31/2008,026/A/08,TAM,29859
5/3/2011,NAO ADOTADA,5/13/2011,7/5/2011,027/2011,ANAC,34415
2/22/2012,SEM INFORMACAO,2/22/2012,NULL,027/2012,OCEANAIR-TPX,42250
4/18/2008,ADOTADA,12/28/2007,5/18/2010,027/C/08,AIRBUS,29859
3/19/2010,SEM INFORMACAO,4/7/2010,NULL,027/D/10,FRETAX,28355
2/22/2012,SEM INFORMACAO,2/22/2012,NULL,028/2012,OCEANAIR-TPX,42250
5/16/2008,ADOTADA,9/19/2008,9/19/2008,028/C/08,CENIPA,29859
3/19/2010,SEM INFORMACAO,4/7/2010,NULL,028/D/10,FRETAX,28355
6/6/2011,SEM INFORMACAO,5/27/2011,NULL,028/D/11,INFRAERO,41387
2/22/2012,SEM INFORMACAO,2/22/2012,NULL,029/2012,OCEANAIR-TPX,42250
3/19/2010,SEM INFORMACAO,4/7/2010,NULL,029/D/10,FRETAX,28355
6/6/2011,SEM INFORMACAO,5/27/2011,NULL,029/D/11,INFRAERO,41387
12/5/2008,ADOTADA,12/5/2008,NULL,030/2008,HELISUL,32156
5/18/2011,NAO ADOTADA,5/27/2011,7/5/2011,030/2011,ANAC,31078
2/22/2012,SEM INFORMACAO,3/1/2012,NULL,030/2012,OCEANAIR-TPX,42250
3/19/2010,ADOTADA,3/31/2010,7/14/2010,030/D/10,SERIPA-1,28355
3/19/2010,SEM INFORMACAO,3/31/2010,NULL,030/D/10,SERIPA-2,28355
3/19/2010,SEM INFORMACAO,3/31/2010,NULL,030/D/10,SERIPA-3,28355
3/19/2010,SEM INFORMACAO,3/31/2010,NULL,030/D/10,SERIPA-4,28355
3/19/2010,ADOTADA,3/31/2010,4/30/2010,030/D/10,SERIPA-5,28355
3/19/2010,ADOTADA,3/31/2010,4/19/2010,030/D/10,SERIPA-6,28355
3/19/2010,SEM INFORMACAO,3/31/2010,NULL,030/D/10,SERIPA-7,28355
3/19/2010,ADOTADA,3/19/2010,NULL,030/D/10,SERIPAS,28355
12/5/2003,SEM INFORMACAO,12/5/2003,NULL,031/2008,HELISUL,32156
5/18/2011,NAO ADOTADA,5/27/2011,7/1/2011,031/2011,ANAC,31078
2/22/2012,SEM INFORMACAO,2/22/2012,NULL,031/2012,OCEANAIR-TPX,42250
3/19/2010,ADOTADA,4/6/2010,7/15/2010,031/D/10,ANAC,30595
12/5/2008,ADOTADA,12/5/2008,NULL,032/2008,HELISUL,32156
5/18/2011,SEM INFORMACAO,5/27/2011,NULL,032/2011,ABAG,39321
2/22/2012,SEM INFORMACAO,2/22/2012,NULL,032/2012,OCEANAIR-TPX,42250
3/19/2010,SEM INFORMACAO,4/6/2010,11/29/2010,032/C/10,SERIPA-3,30595
5/18/2011,SEM INFORMACAO,5/27/2011,NULL,033/2011,APPA,39321
2/22/2012,SEM INFORMACAO,2/22/2012,NULL,033/2012,OCEANAIR-TPX,42250
4/27/2009,ADOTADA,6/4/2009,3/4/2010,033/D/09,ANAC,28455
3/19/2010,ADOTADA,4/6/2010,7/14/2010,033/D/10,SERIPA-1,30595
3/19/2010,ADOTADA,4/6/2010,11/29/2010,033/D/10,SERIPA-2,30595
3/19/2010,SEM INFORMACAO,4/6/2010,NULL,033/D/10,SERIPA-3,30595
3/19/2010,SEM INFORMACAO,4/6/2010,NULL,033/D/10,SERIPA-4,30595
3/19/2010,ADOTADA,4/6/2010,4/15/2010,033/D/10,SERIPA-5,30595
3/19/2010,SEM INFORMACAO,4/6/2010,NULL,033/D/10,SERIPA-6,30595
3/19/2010,SEM INFORMACAO,4/6/2010,NULL,033/D/10,SERIPA-7,30595
12/5/2008,ADOTADA,12/5/2008,NULL,034/2008,HELISUL,32156
5/18/2011,ADOTADA,5/27/2011,12/18/2012,034/2011,ANAC,39316
4/27/2009,ADOTADA,6/4/2009,8/9/2010,034/D/09,ANAC,28455
3/19/2010,ADOTADA,4/20/2010,5/11/2010,034/D/10,ANAC,36075
12/5/2008,ADOTADA,12/5/2008,NULL,035/2008,SERIPA-5,32156
5/13/2010,SEM INFORMACAO,4/20/2010,NULL,035/2010,BRASAG,39320
5/18/2011,ADOTADA,5/27/2011,7/7/2011,035/2011,ANAC,39316
8/10/2007,NAO ADOTADA,6/24/2010,9/23/2010,035/A/07,ANAC,41689
4/27/2009,SEM INFORMACAO,6/4/2009,NULL,035/B/09,SERIPA-1,28455
4/27/2009,ADOTADA,6/4/2009,7/17/2009,035/B/09,SERIPA-2,28455
4/27/2009,ADOTADA,6/4/2009,9/11/2009,035/B/09,SERIPA-3,28455
4/27/2009,SEM INFORMACAO,6/4/2009,NULL,035/B/09,SERIPA-4,28455
4/27/2009,ADOTADA,6/4/2009,8/5/2009,035/B/09,SERIPA-5,28455
4/27/2009,ADOTADA,6/4/2009,7/16/2009,035/B/09,SERIPA-6,28455
4/27/2009,ADOTADA,6/4/2009,8/25/2009,035/B/09,SERIPA-7,28455
3/19/2010,ADOTADA,4/20/2010,3/16/2016,035/D/10,ANAC,36075
5/13/2010,SEM INFORMACAO,5/13/2010,NULL,036/2010,BRASAG,39320
5/18/2011,NAO ADOTADA,5/27/2011,10/27/2014,036/2011,ANAC,40171
8/10/2007,NAO ADOTADA,6/24/2010,9/23/2010,036/A/07,ANAC,41689
4/27/2009,ADOTADA,6/4/2009,12/3/2009,036/D/09,ANAC,33278
5/13/2010,SEM INFORMACAO,5/13/2010,NULL,037/2010,ESCOLAS_SAE-AG,39320
5/18/2011,ADOTADA,5/27/2011,9/15/2011,037/2011,ANAC,40171
8/10/2007,SEM INFORMACAO,8/10/2007,NULL,037/A/07,IMEMBUY,41689
4/27/2009,ADOTADA,6/4/2009,12/3/2009,037/D/09,ANAC,33278
5/13/2010,ADOTADA,5/13/2010,NULL,038/2010,SERIPA-5,39320
8/10/2007,SEM INFORMACAO,8/10/2007,NULL,038/A/07,IMEMBUY,41689
8/5/2009,SEM INFORMACAO,8/5/2009,NULL,038/A/09,NORDESTE-TPX,35035
4/27/2009,ADOTADA,5/29/2009,3/3/2010,038/B/09,SERIPA-1,33278
4/27/2009,ADOTADA,5/29/2009,7/17/2009,038/B/09,SERIPA-2,33278
4/27/2009,ADOTADA,5/29/2009,9/11/2009,038/B/09,SERIPA-3,33278
4/27/2009,SEM INFORMACAO,5/29/2009,NULL,038/B/09,SERIPA-4,33278
4/27/2009,SEM INFORMACAO,5/29/2009,NULL,038/B/09,SERIPA-5,33278
4/27/2009,ADOTADA,5/29/2009,7/16/2009,038/B/09,SERIPA-6,33278
4/27/2009,ADOTADA,5/29/2009,8/25/2009,038/B/09,SERIPA-7,33278
8/5/2009,SEM INFORMACAO,8/5/2009,NULL,039/A/09,NORDESTE-TPX,35035
4/27/2009,ADOTADA,6/4/2009,4/14/2010,039/D/09,ANAC,30556
11/12/2010,SEM INFORMACAO,3/13/2008,NULL,040/2008,SERIPAS,29216
8/5/2009,SEM INFORMACAO,8/5/2009,NULL,040/A/09,NORDESTE-TPX,35035
4/27/2009,ADOTADA,6/4/2009,4/14/2010,040/D/09,ANAC,30556
3/19/2010,SEM INFORMACAO,4/7/2010,5/10/2010,040/D/10,JATOBASSO,31081
11/12/2010,SEM INFORMACAO,3/13/2008,NULL,041/2008,DIVERSOS-Y,29216
8/5/2009,SEM INFORMACAO,8/5/2009,NULL,041/A/09,NORDESTE-TPX,35035
4/27/2009,ADOTADA,6/4/2009,7/24/2009,041/D/09,ANAC,30556
3/19/2010,ADOTADA,3/31/2010,7/14/2010,041/D/10,SERIPA-1,31081
3/19/2010,SEM INFORMACAO,3/31/2010,NULL,041/D/10,SERIPA-2,31081
3/19/2010,SEM INFORMACAO,3/31/2010,NULL,041/D/10,SERIPA-3,31081
3/19/2010,SEM INFORMACAO,3/31/2010,NULL,041/D/10,SERIPA-4,31081
3/19/2010,ADOTADA,3/31/2010,4/30/2010,041/D/10,SERIPA-5,31081
3/19/2010,ADOTADA,3/31/2010,4/19/2010,041/D/10,SERIPA-6,31081
3/19/2010,SEM INFORMACAO,3/31/2010,NULL,041/D/10,SERIPA-7,31081
8/29/2011,SEM INFORMACAO,8/29/2011,NULL,042/2010,DIVERSOS-J,38675
2/22/2012,SEM INFORMACAO,3/21/2012,NULL,042/2012,TAPERA,28379
9/27/2007,SEM INFORMACAO,9/27/2007,NULL,042/A/07,CEARA,28575
8/5/2009,SEM INFORMACAO,8/5/2009,NULL,042/A/09,NORDESTE-TPX,35035
11/12/2010,SEM INFORMACAO,3/13/2008,NULL,042/B/08,DIVERSOS-Y,29216
4/27/2009,ADOTADA,6/22/2009,10/25/2012,042/D/09,FAA,30556
3/19/2010,NAO ADOTADA,3/31/2010,6/15/2010,042/D/10,ANAC,31379
2/22/2012,SEM INFORMACAO,3/21/2012,NULL,043/2012,TAPERA,28379
3/9/2009,SEM INFORMACAO,3/9/2009,NULL,043/A/09,SERIPA-2,35035
9/13/2007,SEM INFORMACAO,9/13/2007,NULL,043/B/07,SERIPA-2,28575
11/12/2010,SEM INFORMACAO,3/13/2008,NULL,043/B/08,DIVERSOS-Y,29216
4/27/2009,ADOTADA,6/22/2009,10/25/2012,043/D/09,FAA,30556
3/19/2010,ADOTADA,3/31/2010,12/13/2010,043/D/10,ANAC,31379
2/22/2012,ADOTADA,3/21/2012,10/10/2012,044/2012,ANAC,28379
7/2/2008,ADOTADA,7/2/2008,NULL,044/A/07,SERIPA-2,28575
8/15/2007,ADOTADA,8/15/2007,NULL,044/A/07,SERIPAS,28375
4/27/2009,ADOTADA,6/4/2009,3/22/2010,044/B/09,SERIPA-1,30556
4/27/2009,ADOTADA,6/4/2009,7/17/2009,044/B/09,SERIPA-2,30556
4/27/2009,ADOTADA,6/4/2009,9/11/2009,044/B/09,SERIPA-3,30556
4/27/2009,SEM INFORMACAO,6/4/2009,NULL,044/B/09,SERIPA-4,30556
4/27/2009,ADOTADA,6/4/2009,8/5/2009,044/B/09,SERIPA-5,30556
4/27/2009,ADOTADA,6/4/2009,7/16/2009,044/B/09,SERIPA-6,30556
4/27/2009,ADOTADA,6/4/2009,8/25/2009,044/B/09,SERIPA-7,30556
3/19/2010,ADOTADA,3/31/2010,12/13/2010,044/D/10,ANAC,31379
2/22/2012,ADOTADA,3/21/2012,9/14/2012,045/2012,ANAC,28379
7/21/2007,ADOTADA,7/21/2007,4/24/2008,045/A/07,ANAC,29859
4/30/2009,ADOTADA,6/4/2009,12/14/2009,045/D/09,ANAC,29915
3/19/2010,NAO ADOTADA,3/31/2010,7/14/2010,045/D/10,ANAC,31379
2/22/2012,ADOTADA,3/21/2012,7/18/2012,046/2012,ANAC,28379
9/19/2007,ADOTADA,9/19/2007,4/24/2008,046/A/07,ANAC,29859
3/14/2008,ADOTADA,3/14/2008,2/26/2009,046/A/08,ASAS_DO_SOCORRO,29215
4/30/2009,ADOTADA,6/4/2009,12/14/2009,046/D/09,ANAC,29915
3/19/2010,ADOTADA,3/31/2010,7/13/2010,046/D/10,ANAC,31379
2/22/2012,ADOTADA,3/21/2012,7/19/2016,047/2012,SINDAG,28379
9/19/2007,ADOTADA,9/19/2007,4/24/2008,047/A/07,ANAC,29859
3/14/2008,ADOTADA,3/14/2008,2/26/2009,047/A/08,ASAS_DO_SOCORRO,29215
4/30/2009,SEM INFORMACAO,6/4/2009,NULL,047/D/09,INFRAERO,29915
3/19/2010,NAO ADOTADA,5/18/2010,1/21/2011,047/D/10,DNA-AR,31379
6/27/2011,ADOTADA,6/28/2011,1/7/2016,048/2011,ANAC,34656
2/22/2012,ADOTADA,3/21/2012,4/16/2014,048/2012,ANAC,44749
9/19/2007,ADOTADA,9/19/2007,4/24/2008,048/A/07,ANAC,29859
3/14/2008,ADOTADA,3/14/2008,2/26/2009,048/A/08,ASAS_DO_SOCORRO,29215
3/19/2010,SEM INFORMACAO,5/18/2010,NULL,048/D/10,LAVIA,31379
2/22/2012,ADOTADA,3/21/2012,4/28/2014,049/2012,ANAC,44749
9/19/2007,ADOTADA,9/19/2007,4/24/2008,049/A/07,ANAC,29859
3/14/2008,ADOTADA,3/14/2008,2/26/2009,049/A/08,ASAS_DO_SOCORRO,29215
3/19/2010,ADOTADA,3/31/2010,7/14/2010,049/C/10,SERIPA-1,31379
3/19/2010,SEM INFORMACAO,3/31/2010,NULL,049/C/10,SERIPA-2,31379
3/19/2010,SEM INFORMACAO,3/31/2010,NULL,049/C/10,SERIPA-3,31379
3/19/2010,SEM INFORMACAO,3/31/2010,NULL,049/C/10,SERIPA-4,31379
3/19/2010,ADOTADA,3/31/2010,4/30/2010,049/C/10,SERIPA-5,31379
3/19/2010,ADOTADA,3/31/2010,4/19/2010,049/C/10,SERIPA-6,31379
3/19/2010,SEM INFORMACAO,3/31/2010,NULL,049/C/10,SERIPA-7,31379
2/22/2012,ADOTADA,3/21/2012,2/20/2013,050/2012,ANAC,44749
9/19/2007,ADOTADA,9/19/2007,2/4/2009,050/A/07,ANAC,29859
3/14/2008,ADOTADA,3/14/2008,2/26/2009,050/A/08,ASAS_DO_SOCORRO,29215
2/22/2012,ADOTADA,3/21/2012,12/21/2015,051/2012,ANAC,44749
9/19/2007,ADOTADA,9/19/2007,4/24/2008,051/A/07,ANAC,29859
3/14/2008,ADOTADA,3/14/2008,2/26/2009,051/A/08,ASAS_DO_SOCORRO,29215
6/30/2011,ADOTADA,8/1/2011,3/16/2016,052/2011,ANAC,37379
9/19/2007,ADOTADA,9/19/2007,4/24/2008,052/A/07,ANAC,29859
3/14/2008,ADOTADA,3/14/2008,6/9/2008,052/A/08,ANAC,29215
2/22/2012,ADOTADA,2/22/2012,NULL,052/D/12,SERIPA-1,44749
2/22/2012,ADOTADA,2/22/2012,NULL,052/D/12,SERIPA-2,44749
2/22/2012,ADOTADA,2/22/2012,NULL,052/D/12,SERIPA-3,44749
2/22/2012,ADOTADA,2/22/2012,NULL,052/D/12,SERIPA-4,44749
2/22/2012,ADOTADA,2/22/2012,NULL,052/D/12,SERIPA-5,44749
2/22/2012,ADOTADA,2/22/2012,NULL,052/D/12,SERIPA-6,44749
2/22/2012,ADOTADA,2/22/2012,NULL,052/D/12,SERIPA-7,44749
6/30/2011,ADOTADA,8/1/2011,3/16/2016,053/2011,ANAC,37379
2/22/2012,SEM INFORMACAO,3/21/2012,NULL,053/2012,ABAETE,28935
9/19/2007,ADOTADA,9/19/2007,2/4/2009,053/A/07,ANAC,29859
3/13/2008,SEM INFORMACAO,3/13/2008,7/28/2008,053/B/08,DECEA,29215
6/30/2011,ADOTADA,8/1/2011,3/16/2016,054/2011,ANAC,37379
2/22/2012,SEM INFORMACAO,3/21/2012,NULL,054/2012,ABAETE,28935
8/16/2007,ADOTADA,8/16/2007,4/24/2009,054/A/07,ANAC,29860
9/19/2007,ADOTADA,9/19/2007,11/5/2007,054/A/07,INFRAERO,29859
3/14/2008,ADOTADA,3/13/2008,1/20/2009,054/A/08,SERIPA-1,29215
3/14/2008,ADOTADA,3/13/2008,3/4/2009,054/A/08,SERIPA-2,29215
3/14/2008,ADOTADA DE FORMA ALTERNATIVA,3/13/2008,11/28/2008,054/A/08,SERIPA-3,29215
3/14/2008,SEM INFORMACAO,3/13/2008,NULL,054/A/08,SERIPA-4,29215
3/14/2008,ADOTADA,3/13/2008,9/29/2008,054/A/08,SERIPA-5,29215
3/14/2008,ADOTADA,3/13/2008,12/10/2008,054/A/08,SERIPA-6,29215
3/14/2008,ADOTADA,3/13/2008,7/10/2008,054/A/08,SERIPA-7,29215
4/6/2010,SEM INFORMACAO,4/6/2010,NULL,054/A/09,SERIPA-5,31455
6/30/2011,ADOTADA,8/1/2011,10/11/2011,055/2011,ANAC,37379
2/22/2012,SEM INFORMACAO,3/21/2012,NULL,055/2012,ABAETE,28935
8/16/2007,ADOTADA,8/16/2007,4/24/2008,055/A/07,ANAC,29860
9/19/2007,ADOTADA,9/19/2007,11/5/2007,055/A/07,INFRAERO,29859
4/14/2008,ADOTADA,4/14/2008,10/15/2012,055/A/08,PETROBRAS,31855
4/6/2010,ADOTADA,4/6/2010,NULL,055/A/09,SERIPA-5,31455
6/30/2011,SEM INFORMACAO,7/19/2011,NULL,056/2011,ABAG,37379
2/22/2012,SEM INFORMACAO,3/21/2012,NULL,056/2012,ABAETE,28935
8/16/2007,ADOTADA,8/16/2007,4/24/2008,056/A/07,ANAC,29860
9/19/2007,ADOTADA,9/19/2007,11/5/2007,056/A/07,INFRAERO,29859
4/14/2008,ADOTADA,4/14/2008,10/15/2012,056/A/08,PETROBRAS,31855
6/30/2011,SEM INFORMACAO,7/19/2011,NULL,057/2011,ABAG,37379
2/22/2012,ADOTADA,3/21/2012,7/18/2012,057/2012,ANAC,28935
8/16/2007,SEM INFORMACAO,8/16/2007,9/14/2007,057/A/07,INFRAERO,29860
9/19/2007,ADOTADA,9/19/2007,11/5/2007,057/A/07,INFRAERO,29859
4/14/2008,ADOTADA,4/14/2008,10/15/2012,057/A/08,PETROBRAS,31855
6/30/2011,SEM INFORMACAO,7/19/2011,NULL,058/2011,APPA,37379
2/22/2012,SEM INFORMACAO,3/21/2012,NULL,058/2012,ABAG,29255
8/16/2007,SEM INFORMACAO,8/16/2007,9/14/2007,058/A/07,INFRAERO,29860
9/19/2007,ADOTADA,9/19/2007,11/5/2007,058/A/07,INFRAERO,29859
4/14/2008,SEM INFORMACAO,4/14/2008,11/1/2008,058/A/08,BHS,31855
3/29/2010,ADOTADA,4/7/2010,6/23/2010,058/D/10,ANAC,30636
6/30/2011,SEM INFORMACAO,7/19/2011,NULL,059/2011,APPA,37379
2/22/2012,SEM INFORMACAO,3/21/2012,NULL,059/2012,APPA,29255
9/19/2007,ADOTADA,9/19/2007,1/12/2008,059/A/07,DIVERSOS-Z,29859
8/16/2007,SEM INFORMACAO,8/16/2007,2/26/2008,059/A/07,INFRAERO,29860
4/14/2008,SEM INFORMACAO,4/18/2008,4/25/2008,059/A/08,BHS,31855
3/29/2010,SEM INFORMACAO,4/7/2010,7/14/2010,059/D/10,SERIPA-1,30636
3/29/2010,SEM INFORMACAO,4/7/2010,NULL,059/D/10,SERIPA-2,30636
3/29/2010,SEM INFORMACAO,4/7/2010,NULL,059/D/10,SERIPA-3,30636
3/29/2010,SEM INFORMACAO,4/7/2010,NULL,059/D/10,SERIPA-4,30636
3/29/2010,SEM INFORMACAO,4/7/2010,4/30/2010,059/D/10,SERIPA-5,30636
3/29/2010,ADOTADA,4/7/2010,4/19/2010,059/D/10,SERIPA-6,30636
3/29/2010,SEM INFORMACAO,4/7/2010,NULL,059/D/10,SERIPA-7,30636
6/30/2011,SEM INFORMACAO,7/19/2011,NULL,060/2011,DAESP,37379
2/22/2012,ADOTADA,3/21/2012,7/18/2012,060/2012,ANAC,29255
8/16/2007,SEM INFORMACAO,8/16/2007,9/14/2007,060/A/07,INFRAERO,29860
9/19/2007,ADOTADA,9/19/2007,1/3/2008,060/A/07,TAM,29859
4/15/2008,ADOTADA,4/15/2008,6/9/2008,060/A/08,ANAC,29860
3/29/2010,NAO ADOTADA,4/7/2010,8/4/2010,060/D/10,ANAC,31867
6/30/2011,ADOTADA,8/1/2011,10/4/2011,061/2011,ANAC,38846
2/22/2012,ADOTADA,2/22/2012,NULL,061/2012,SERIPA-1,30417
2/22/2012,ADOTADA,2/22/2012,NULL,061/2012,SERIPA-2,30417
2/22/2012,ADOTADA,2/22/2012,NULL,061/2012,SERIPA-3,30417
2/22/2012,ADOTADA,2/22/2012,NULL,061/2012,SERIPA-4,30417
2/22/2012,ADOTADA,2/22/2012,NULL,061/2012,SERIPA-5,30417
2/22/2012,ADOTADA,2/22/2012,NULL,061/2012,SERIPA-6,30417
2/22/2012,ADOTADA,2/22/2012,NULL,061/2012,SERIPA-7,30417
9/19/2007,ADOTADA,9/19/2007,12/28/2007,061/A/07,CENIPA,29859
8/16/2007,SEM INFORMACAO,4/15/2008,NULL,061/A/07,SRPV-SP,29860
4/15/2008,ADOTADA,4/15/2008,4/24/2009,061/A/08,ANAC,29860
4/6/2010,SEM INFORMACAO,4/6/2010,NULL,061/B/09,SERIPA-5,31455
3/29/2010,ADOTADA,4/7/2010,7/14/2010,061/D/10,SERIPA-1,31867
3/29/2010,SEM INFORMACAO,4/7/2010,NULL,061/D/10,SERIPA-2,31867
3/29/2010,SEM INFORMACAO,4/7/2010,NULL,061/D/10,SERIPA-3,31867
3/29/2010,SEM INFORMACAO,4/7/2010,NULL,061/D/10,SERIPA-4,31867
3/29/2010,ADOTADA,4/7/2010,4/30/2010,061/D/10,SERIPA-5,31867
3/29/2010,ADOTADA,4/7/2010,4/19/2010,061/D/10,SERIPA-6,31867
3/29/2010,SEM INFORMACAO,4/7/2010,NULL,061/D/10,SERIPA-7,31867
2/22/2012,ADOTADA,3/21/2012,9/27/2012,062/2012,ANAC,30417
9/17/2007,ADOTADA,9/17/2007,4/24/2008,062/A/07,CENIPA,29859
8/16/2007,SEM INFORMACAO,4/15/2008,NULL,062/A/07,PANTANAL,29860
4/15/2008,ADOTADA,4/15/2008,4/24/2009,062/A/08,ANAC,29860
4/6/2010,SEM INFORMACAO,4/6/2010,NULL,062/B/09,SERIPA-5,31455
3/29/2010,ADOTADA,4/8/2010,6/16/2010,062/D/10,ANAC,36679
6/30/2011,ADOTADA,7/19/2011,7/19/2016,062/D/11,SINDAG,38846
6/30/2011,ADOTADA,8/1/2011,9/12/2011,063/2011,ANAC,39156
2/22/2012,ADOTADA,3/21/2012,7/18/2012,063/2012,ANAC,30535
9/17/2007,SEM INFORMACAO,9/17/2007,3/13/2008,063/A/07,CENIPA,29859
8/16/2007,SEM INFORMACAO,4/15/2008,6/9/2008,063/A/07,PANTANAL,29860
4/15/2008,ADOTADA,4/15/2008,6/9/2008,063/A/08,ANAC,29860
4/6/2010,ADOTADA,4/16/2010,12/14/2010,063/D/10,ANAC,39747
6/30/2011,ADOTADA DE FORMA ALTERNATIVA,8/1/2011,4/16/2014,064/2011,ANAC,39156
2/22/2012,NAO ADOTADA,3/21/2012,7/11/2012,064/2012,ANAC,31415
8/16/2007,SEM INFORMACAO,4/15/2008,NULL,064/A/07,BRA,29860
4/15/2008,SEM INFORMACAO,4/15/2008,NULL,064/A/08,INFRAERO,29860
4/6/2010,ADOTADA,4/16/2010,6/10/2010,064/D/10,ANAC,39747
6/30/2011,ADOTADA,8/1/2011,6/15/2016,065/2011,ANAC,39507
2/22/2012,NAO ADOTADA,3/21/2012,7/11/2012,065/2012,ANAC,31415
8/16/2007,SEM INFORMACAO,4/15/2008,9/12/2008,065/A/07,GOL,29860
4/15/2008,ADOTADA,4/15/2008,9/12/2008,065/A/08,PANTANAL,29860
4/6/2010,ADOTADA,4/16/2010,12/14/2010,065/D/10,ANAC,39747
6/30/2011,ADOTADA,7/19/2011,7/19/2016,066/2011,SINDAG,39507
2/22/2012,ADOTADA,3/21/2012,7/18/2012,066/2012,ANAC,31415
8/16/2007,SEM INFORMACAO,4/15/2008,9/12/2008,066/A/07,OCEANAIR,29860
4/15/2008,ADOTADA,4/15/2008,9/12/2008,066/A/08,PANTANAL,29860
6/30/2011,ADOTADA,8/1/2011,9/17/2013,067/2011,ANAC,39319
2/22/2012,ADOTADA,12/11/2012,3/13/2013,067/2012,ANAC,31077
8/16/2007,SEM INFORMACAO,8/16/2007,NULL,067/A/07,TAM,29860
4/6/2010,ADOTADA,4/16/2010,12/14/2010,067/D/10,ANAC,39747
6/30/2011,ADOTADA,8/1/2011,9/12/2011,068/2011,ANAC,39319
2/22/2012,SEM INFORMACAO,3/21/2012,NULL,068/2012,ABRAPHE,31077
8/16/2007,SEM INFORMACAO,8/16/2007,11/7/2007,068/A/07,VARIG,29860
4/6/2010,ADOTADA,4/30/2010,12/14/2010,068/D/10,ANAC,37577
6/30/2011,ADOTADA,8/1/2011,9/12/2011,069/2011,ANAC,39319
2/22/2012,SEM INFORMACAO,3/21/2012,NULL,069/2012,ABRAPHE,31077
4/6/2010,ADOTADA,4/30/2010,12/15/2010,069/D/10,ANAC,37577
7/31/2009,SEM INFORMACAO,7/31/2009,NULL,070/2009,HERINGER,38255
6/30/2011,ADOTADA,8/1/2011,3/1/2012,070/2011,ANAC,40271
2/22/2012,SEM INFORMACAO,3/21/2012,NULL,070/2012,APPA,31077
4/6/2010,ADOTADA,4/30/2010,10/28/2010,070/D/10,ANAC,37577
7/31/2009,SEM INFORMACAO,7/31/2009,NULL,071/2009,HERINGER,38255
6/30/2011,SEM INFORMACAO,7/19/2011,NULL,071/2011,BRAS_FLIGHT,40271
2/22/2012,SEM INFORMACAO,3/21/2012,NULL,071/2012,APPA,31077
4/6/2010,ADOTADA,4/30/2010,3/16/2016,071/D/10,ANAC,37577
7/31/2009,SEM INFORMACAO,7/31/2009,NULL,072/2009,HERINGER,38255
2/22/2012,ADOTADA DE FORMA ALTERNATIVA,4/11/2016,5/11/2016,072/2012,ANAC,31335
4/6/2010,ADOTADA,4/30/2010,12/14/2010,072/D/10,ANAC,37577
6/30/2011,ADOTADA,8/1/2011,9/12/2011,072/D/11,ANAC,40583
6/30/2011,ADOTADA,8/1/2011,9/16/2011,073/2011,ANAC,41411
2/22/2012,ADOTADA,12/11/2012,3/13/2013,073/2012,ANAC,34340
4/6/2010,ADOTADA,4/30/2010,12/14/2010,073/D/10,ANAC,37577
4/6/2010,ADOTADA,4/30/2010,12/14/2010,074/2010,ANAC,37577
6/30/2011,SEM INFORMACAO,7/19/2011,NULL,074/2011,INFRAERO,41411
2/22/2012,ADOTADA,12/11/2012,9/25/2013,074/2012,ANAC,34340
6/30/2011,ADOTADA,8/1/2011,3/9/2012,075/2011,ANAC,41749
2/22/2012,SEM INFORMACAO,3/21/2012,NULL,075/2012,ABRAPHE,34340
4/6/2010,ADOTADA,4/30/2010,3/16/2016,075/D/10,ANAC,37577
6/30/2011,ADOTADA,8/1/2011,9/12/2011,076/2011,ANAC,41850
2/22/2012,SEM INFORMACAO,3/21/2012,NULL,076/2012,ABRAPHE,34340
4/6/2010,ADOTADA,4/30/2010,10/28/2010,076/D/10,ANAC,37577
6/30/2011,ADOTADA,8/1/2011,9/17/2013,077/2011,ANAC,43776
2/22/2012,SEM INFORMACAO,3/21/2012,NULL,077/2012,GOLDENFLY,34340
4/6/2010,NAO ADOTADA,4/30/2010,11/6/2012,077/D/10,ANAC,37577
6/30/2011,SEM INFORMACAO,6/30/2011,NULL,078/2011,MONACO,43776
2/22/2012,SEM INFORMACAO,3/21/2012,NULL,078/2012,GOLDENFLY,34340
4/6/2010,ADOTADA,4/30/2010,10/28/2010,078/D/10,ANAC,37577
6/30/2011,SEM INFORMACAO,6/30/2011,NULL,079/2011,MONACO,43776
2/22/2012,SEM INFORMACAO,3/21/2012,NULL,079/2012,GOLDENFLY,34340
4/18/2008,SEM INFORMACAO,4/18/2008,10/17/2008,079/A/08,3/8o_GAV,31855
4/18/2008,SEM INFORMACAO,4/18/2008,NULL,079/A/08,AEROLEO,31855
4/18/2008,SEM INFORMACAO,4/18/2008,5/27/2008,079/A/08,BHS,31855
4/18/2008,SEM INFORMACAO,5/16/2008,9/5/2008,079/A/08,GTE,31855
4/18/2008,SEM INFORMACAO,4/18/2008,5/21/2008,079/A/08,PAMA-AF,31855
4/18/2008,SEM INFORMACAO,4/18/2008,5/6/2008,079/A/08,SIPAEREX,31855
4/18/2008,SEM INFORMACAO,4/18/2008,6/30/2008,079/A/08,SIPAERM,31855
4/6/2010,SEM INFORMACAO,4/30/2010,11/29/2010,079/A/10,DECEA,37577
6/30/2011,ADOTADA,8/1/2011,9/2/2011,080/2011,ANAC,43732
2/22/2012,SEM INFORMACAO,3/21/2012,NULL,080/2012,GOLDENFLY,34340
4/18/2008,SEM INFORMACAO,4/18/2008,5/21/2008,080/A/08,HELIBRAS,31855
4/6/2010,SEM INFORMACAO,4/30/2010,11/29/2010,080/A/10,DECEA,37577
6/30/2011,SEM INFORMACAO,6/30/2011,NULL,081/2011,DIVERSOS-J,44078
2/22/2012,SEM INFORMACAO,3/21/2012,NULL,081/2012,GOLDENFLY,34340
4/6/2010,ADOTADA,4/30/2010,11/29/2010,081/A/10,COMAR-2,37577
6/30/2011,SEM INFORMACAO,6/30/2011,NULL,082/2011,DIVERSOS-J,44078
2/22/2012,SEM INFORMACAO,3/21/2012,NULL,082/2012,GOLDENFLY,34340
2/22/2012,SEM INFORMACAO,3/21/2012,NULL,083/2012,GOLDENFLY,34340
4/6/2010,SEM INFORMACAO,4/30/2010,7/14/2010,083/D/10,SERIPA-1,37180
4/6/2010,SEM INFORMACAO,4/30/2010,NULL,083/D/10,SERIPA-2,37180
4/6/2010,SEM INFORMACAO,4/30/2010,NULL,083/D/10,SERIPA-3,37180
4/6/2010,SEM INFORMACAO,4/30/2010,NULL,083/D/10,SERIPA-4,37180
4/6/2010,ADOTADA,4/30/2010,5/26/2010,083/D/10,SERIPA-5,37180
4/6/2010,SEM INFORMACAO,4/30/2010,NULL,083/D/10,SERIPA-6,37180
4/6/2010,SEM INFORMACAO,4/30/2010,NULL,083/D/10,SERIPA-7,37180
2/22/2012,SEM INFORMACAO,3/21/2012,NULL,084/2012,GOLDENFLY,34340
4/28/2010,ADOTADA,5/19/2010,7/14/2010,084/D/10,SERIPA-1,34575
4/28/2010,SEM INFORMACAO,5/19/2010,NULL,084/D/10,SERIPA-2,34575
4/28/2010,SEM INFORMACAO,5/19/2010,NULL,084/D/10,SERIPA-3,34575
4/28/2010,SEM INFORMACAO,5/18/2010,NULL,084/D/10,SERIPA-4,34575
4/28/2010,ADOTADA,5/18/2010,5/26/2010,084/D/10,SERIPA-5,34575
4/28/2010,ADOTADA,5/19/2010,5/25/2010,084/D/10,SERIPA-6,34575
4/28/2010,SEM INFORMACAO,5/18/2010,NULL,084/D/10,SERIPA-7,34575
2/22/2012,SEM INFORMACAO,3/21/2012,NULL,085/2012,GOLDENFLY,34340
4/6/2010,SEM INFORMACAO,5/19/2010,7/14/2010,085/D/10,SERIPA-1,30180
4/6/2010,SEM INFORMACAO,5/19/2010,NULL,085/D/10,SERIPA-2,30180
4/6/2010,SEM INFORMACAO,5/19/2010,NULL,085/D/10,SERIPA-3,30180
4/6/2010,SEM INFORMACAO,5/18/2010,NULL,085/D/10,SERIPA-4,30180
4/6/2010,ADOTADA,5/18/2010,5/26/2010,085/D/10,SERIPA-5,30180
4/6/2010,SEM INFORMACAO,5/19/2010,5/25/2010,085/D/10,SERIPA-6,30180
4/6/2010,SEM INFORMACAO,5/18/2010,NULL,085/D/10,SERIPA-7,30180
7/21/2011,ADOTADA,8/1/2011,2/6/2012,086/2011,ANAC,36216
2/22/2012,SEM INFORMACAO,3/21/2012,NULL,086/2012,GOLDENFLY,34340
7/21/2011,ADOTADA,8/1/2011,4/10/2012,087/2011,ANAC,36216
2/22/2012,SEM INFORMACAO,3/21/2012,NULL,087/2012,GOLDENFLY,34340
7/21/2011,SEM INFORMACAO,8/9/2011,NULL,088/2011,PREF-CANUTAMA,39707
2/22/2012,ADOTADA,12/11/2012,3/13/2013,088/2012,ANAC,35275
7/21/2011,SEM INFORMACAO,8/9/2011,NULL,089/2011,PREF-CANUTAMA,39707
2/22/2012,ADOTADA,12/11/2012,3/13/2013,089/2012,ANAC,38840
7/21/2011,SEM INFORMACAO,8/9/2011,NULL,090/2011,PREF-CANUTAMA,39707
2/22/2012,SEM INFORMACAO,12/11/2012,NULL,090/2012,VILLELA,38840
7/21/2011,SEM INFORMACAO,8/9/2011,NULL,091/2011,AXIAL,39709
2/22/2012,NAO ADOTADA,12/11/2012,4/8/2016,091/2012,ANAC,38845
5/5/2010,SEM INFORMACAO,5/31/2010,NULL,091/D/10,AEROC-AM,33836
7/21/2011,ADOTADA DE FORMA ALTERNATIVA,8/1/2011,5/14/2014,092/2011,ANAC,39709
2/22/2012,ADOTADA,12/11/2012,6/27/2017,092/2012,ANAC,38845
5/5/2010,ADOTADA,5/31/2010,6/30/2010,092/D/10,ANAC,33836
7/21/2011,ADOTADA,8/1/2011,2/6/2012,093/2011,ANAC,39322
2/22/2012,ADOTADA,12/11/2012,8/6/2015,093/2012,ANAC,40147
4/6/2010,NAO ADOTADA,5/31/2010,1/6/2016,093/D/10,ANAC,31864
7/21/2011,ADOTADA,8/1/2011,4/28/2014,094/2011,ANAC,39322
2/22/2012,ADOTADA,12/11/2012,8/6/2015,094/2012,ANAC,40147
4/6/2010,NAO ADOTADA,5/31/2010,1/6/2016,094/D/10,ANAC,31864
7/21/2011,NAO ADOTADA,8/1/2011,12/21/2015,095/2011,ANAC,39115
2/22/2012,ADOTADA,12/11/2012,8/6/2015,095/2012,ANAC,40147
6/2/2008,ADOTADA,6/11/2008,7/21/2008,095/A/08,ANAC,29859
4/6/2010,NAO ADOTADA,5/31/2010,12/14/2010,095/D/10,ANAC,31864
7/21/2011,ADOTADA,8/1/2011,9/16/2011,096/2011,ANAC,39115
4/6/2010,ADOTADA,5/31/2010,3/11/2014,096/D/10,ANAC,31864
7/21/2011,SEM INFORMACAO,7/21/2011,NULL,097/2011,DIVERSOS-J,39405
4/6/2010,NAO ADOTADA,5/31/2010,7/13/2010,097/D/10,ANAC,31864
7/21/2011,ADOTADA,8/1/2011,7/17/2012,098/2011,ANAC,40088
4/6/2010,ADOTADA,5/31/2010,7/22/2010,098/D/10,ANAC,31864
7/21/2011,SEM INFORMACAO,8/9/2011,NULL,099/2011,PREF-UIRAMUTA,40088
4/8/2019,SEM INFORMACAO,4/8/2019,NULL,10/A/2008_SERIPA_V,AEROC-NVH,32655
7/21/2011,SEM INFORMACAO,8/9/2011,NULL,100/2011,PREF-UIRAMUTA,40088
7/21/2011,ADOTADA,8/1/2011,9/16/2011,103/2011,ANAC,41917
7/21/2011,SEM INFORMACAO,8/9/2011,NULL,104/D/11,SANTOS_DUMONT,42388
7/21/2011,ADOTADA,8/1/2011,9/16/2011,105/2011,ANAC,42983
3/22/2012,NAO ADOTADA,4/20/2012,10/22/2015,105/2012,ANAC,31277
7/21/2011,ADOTADA,8/1/2011,7/17/2014,106/2011,ANAC,42983
3/22/2012,NAO ADOTADA,4/20/2012,10/22/2015,106/2012,ANAC,31277
7/31/2009,ADOTADA,8/19/2009,2/18/2010,106/D/09,ANAC,31871
7/21/2011,SEM INFORMACAO,8/9/2011,NULL,107/2011,COPSERV,43471
3/22/2012,ADOTADA,4/20/2012,1/4/2013,107/2012,ANAC,31277
7/31/2009,ADOTADA,8/14/2009,3/3/2010,107/B/09,SERIPA-1,31871
7/31/2009,SEM INFORMACAO,8/14/2009,NULL,107/B/09,SERIPA-2,31871
7/31/2009,SEM INFORMACAO,8/14/2009,NULL,107/B/09,SERIPA-3,31871
7/31/2009,SEM INFORMACAO,8/14/2009,NULL,107/B/09,SERIPA-4,31871
7/31/2009,ADOTADA,8/14/2009,3/12/2010,107/B/09,SERIPA-5,31871
7/31/2009,ADOTADA,8/14/2009,8/21/2009,107/B/09,SERIPA-6,31871
7/31/2009,SEM INFORMACAO,8/14/2009,NULL,107/B/09,SERIPA-7,31871
7/21/2011,SEM INFORMACAO,8/9/2011,NULL,108/2011,COPSERV,43471
3/22/2012,ADOTADA,4/20/2012,1/4/2013,108/2012,ANAC,31277
7/31/2009,ADOTADA,8/14/2009,5/18/2010,108/A/09,DTCEA-CF,31871
7/21/2011,SEM INFORMACAO,8/9/2011,NULL,109/2011,COPSERV,43471
3/22/2012,SEM INFORMACAO,4/20/2012,NULL,109/2012,AEROC-GO,31277
7/31/2009,ADOTADA,8/14/2009,5/18/2010,109/A/09,DTCEA-CF,31871
4/28/2010,ADOTADA,5/31/2010,7/13/2010,109/D/10,ANAC,34095
4/8/2019,SEM INFORMACAO,4/8/2019,NULL,11/A/2008_SERIPA_V,AEROC-NVH,32655
7/21/2011,SEM INFORMACAO,8/9/2011,NULL,110/2011,COPSERV,43471
3/22/2012,SEM INFORMACAO,4/20/2012,NULL,110/2012,AEROC-GO,31277
7/31/2009,ADOTADA,8/14/2009,5/18/2010,110/B/09,DTCEA-CF,31871
4/28/2010,ADOTADA,5/31/2010,12/13/2010,110/D/10,ANAC,34095
10/27/2009,SEM INFORMACAO,10/27/2009,NULL,111/2009,LMC,38377
7/21/2011,SEM INFORMACAO,8/9/2011,NULL,111/2011,COPSERV,43471
3/22/2012,SEM INFORMACAO,3/22/2012,NULL,111/2012,SERIPA-1,31277
3/22/2012,SEM INFORMACAO,3/22/2012,NULL,111/2012,SERIPA-2,31277
3/22/2012,SEM INFORMACAO,3/22/2012,NULL,111/2012,SERIPA-3,31277
3/22/2012,SEM INFORMACAO,3/22/2012,NULL,111/2012,SERIPA-4,31277
3/22/2012,SEM INFORMACAO,3/22/2012,NULL,111/2012,SERIPA-5,31277
3/22/2012,SEM INFORMACAO,3/22/2012,NULL,111/2012,SERIPA-6,31277
3/22/2012,SEM INFORMACAO,3/22/2012,NULL,111/2012,SERIPA-7,31277
7/31/2009,ADOTADA,8/14/2009,5/18/2010,111/B/09,DTCEA-CF,31871
4/28/2010,ADOTADA,5/31/2010,12/13/2010,111/D/10,ANAC,34095
10/27/2009,SEM INFORMACAO,10/27/2009,NULL,112/2009,LMC,38377
7/21/2011,SEM INFORMACAO,8/9/2011,NULL,112/2011,PLANAVE,43471
3/22/2012,ADOTADA,4/20/2012,2/20/2013,112/2012,ANAC,32642
7/31/2009,ADOTADA,8/14/2009,5/18/2010,112/B/09,DTCEA-CF,31871
4/28/2010,ADOTADA,5/31/2010,6/30/2010,112/D/10,ANAC,34095
10/27/2009,SEM INFORMACAO,10/27/2009,NULL,113/2009,LMC,38377
7/21/2011,ADOTADA,8/1/2011,12/7/2012,113/2011,ANAC,43471
3/22/2012,ADOTADA,4/20/2012,12/21/2015,113/2012,ANAC,32642
7/31/2009,ADOTADA,8/14/2009,5/18/2010,113/B/09,DTCEA-CF,31871
4/28/2010,ADOTADA,5/31/2010,12/14/2010,113/D/10,ANAC,37876
7/21/2011,ADOTADA DE FORMA ALTERNATIVA,8/1/2011,9/26/2013,114/2011,ANAC,43471
3/22/2012,ADOTADA,4/20/2012,1/21/2014,114/2012,ANAC,32642
7/31/2009,ADOTADA,8/19/2009,5/18/2010,114/C/09,CINDACTA-1,31871
4/28/2010,ADOTADA,5/31/2010,12/14/2010,114/D/10,ANAC,37876
7/21/2011,NAO ADOTADA,8/1/2011,5/4/2012,115/2011,ANAC,43471
3/22/2012,ADOTADA,4/20/2012,2/20/2013,115/2012,ANAC,32642
7/31/2009,ADOTADA,8/19/2009,5/18/2010,115/D/09,DECEA,31871
4/28/2010,ADOTADA,5/31/2010,12/14/2010,115/D/10,ANAC,37876
7/21/2011,NAO ADOTADA,8/1/2011,6/21/2017,116/2011,ANAC,43471
3/22/2012,ADOTADA,4/20/2012,7/18/2012,116/2012,ANAC,33035
7/31/2009,ADOTADA,8/19/2009,5/18/2010,116/D/09,DECEA,31871
4/28/2010,ADOTADA,5/31/2010,6/30/2010,116/D/10,ANAC,37876
7/21/2011,ADOTADA,8/1/2011,9/19/2012,117/2011,ANAC,43471
3/22/2012,ADOTADA,4/20/2012,2/20/2013,117/2012,ANAC,33035
7/31/2009,ADOTADA,8/19/2009,5/18/2010,117/D/09,DECEA,31871
4/28/2010,SEM INFORMACAO,5/31/2010,NULL,117/D/10,AEROC-CAN,37876
7/21/2011,SEM INFORMACAO,8/9/2011,NULL,118/2011,RAMOS_OFC,43706
3/22/2012,SEM INFORMACAO,4/20/2012,NULL,118/2012,EXTREME,35016
7/31/2009,ADOTADA,8/19/2009,11/6/2009,118/D/09,ANAC,28617
4/28/2010,SEM INFORMACAO,5/31/2010,NULL,118/D/10,AEROC-CAN,37876
7/21/2011,SEM INFORMACAO,8/9/2011,NULL,119/2011,GOIAS_OFC,43706
3/22/2012,SEM INFORMACAO,4/20/2012,NULL,119/2012,EXTREME,35016
8/12/2008,ADOTADA,8/21/2008,4/24/2009,119/D/08,ANAC,32379
7/31/2009,NAO ADOTADA,8/19/2009,2/24/2010,119/D/09,ANAC,28617
4/28/2010,SEM INFORMACAO,5/31/2010,NULL,119/D/10,AEROC-CAN,37876
4/8/2019,SEM INFORMACAO,4/8/2019,NULL,12/A/2008_SERIPA_V,AEROC-NVH,32655
7/21/2011,SEM INFORMACAO,8/9/2011,NULL,120/2011,GOIAS_OFC,43706
3/22/2012,SEM INFORMACAO,4/20/2012,NULL,120/2012,EXTREME,35016
8/13/2008,ADOTADA,8/21/2008,4/2/2009,120/D/08,ANAC,29161
7/31/2009,ADOTADA,8/19/2009,10/14/2009,120/D/09,ANAC,28617
4/28/2010,SEM INFORMACAO,5/31/2010,NULL,120/D/10,AEROC-CAN,37876
7/21/2011,ADOTADA,8/1/2011,9/19/2012,121/2011,ANAC,43706
3/22/2012,SEM INFORMACAO,4/20/2012,NULL,121/2012,AEROCAMP,35016
7/31/2009,ADOTADA,8/14/2009,3/22/2010,121/A/09,SERIPA-1,28617
7/31/2009,SEM INFORMACAO,8/14/2009,NULL,121/A/09,SERIPA-2,28617
7/31/2009,SEM INFORMACAO,8/14/2009,NULL,121/A/09,SERIPA-3,28617
7/31/2009,SEM INFORMACAO,8/14/2009,NULL,121/A/09,SERIPA-4,28617
7/31/2009,ADOTADA,8/14/2009,3/12/2010,121/A/09,SERIPA-5,28617
7/31/2009,ADOTADA,8/14/2009,8/21/2009,121/A/09,SERIPA-6,28617
7/31/2009,ADOTADA,8/14/2009,10/1/2009,121/A/09,SERIPA-7,28617
8/13/2008,ADOTADA,8/21/2008,10/7/2008,121/D/08,DECEA,29161
7/21/2011,ADOTADA,8/1/2011,9/19/2012,122/2011,ANAC,43706
3/22/2012,ADOTADA,4/20/2012,11/26/2012,122/2012,ANAC,35016
8/13/2008,ADOTADA,8/21/2008,3/3/2009,122/D/08,INFRAERO,29161
5/5/2010,ADOTADA,6/8/2010,6/30/2010,122/D/10,ANAC,29218
7/21/2011,ADOTADA,8/1/2011,9/16/2011,123/2011,ANAC,43706
3/22/2012,SEM INFORMACAO,4/20/2012,NULL,123/2012,ABAAC,35016
8/13/2008,ADOTADA,8/21/2008,1/12/2009,123/D/08,INFRAERO,29161
5/19/2010,SEM INFORMACAO,6/8/2010,NULL,123/D/10,AEROMOT,34646
7/21/2011,NAO ADOTADA,8/1/2011,3/20/2013,124/2011,ANAC,43706
3/23/2012,ADOTADA,4/20/2012,7/18/2012,124/2012,ANAC,35675
8/13/2008,ADOTADA,8/13/2008,9/1/2008,124/D/08,GOL,29161
5/19/2010,SEM INFORMACAO,6/8/2010,NULL,124/D/10,AEROMOT,34646
3/22/2012,ADOTADA,4/20/2012,7/18/2012,125/2012,ANAC,36215
8/13/2008,ADOTADA,8/13/2008,9/1/2008,125/D/08,GOL,29161
5/19/2010,SEM INFORMACAO,6/8/2010,NULL,125/D/10,AEROMOT,34646
8/1/2011,SEM INFORMACAO,8/9/2011,9/1/2011,125/D/11,TAM,44661
3/22/2012,ADOTADA,4/20/2012,7/18/2012,126/2012,AEROC-PMI,36215
8/13/2008,ADOTADA,8/13/2008,9/1/2008,126/D/08,GOL,29161
5/5/2010,ADOTADA,6/8/2010,10/27/2010,126/D/10,ANAC,35941
8/1/2011,SEM INFORMACAO,8/9/2011,9/1/2011,126/D/11,TAM,44661
3/22/2012,ADOTADA,4/20/2012,7/16/2012,127/2012,ANAC,38425
8/13/2008,ADOTADA,8/13/2008,9/1/2008,127/D/08,GOL,29161
6/10/2010,ADOTADA,6/24/2010,7/23/2010,127/D/10,ANAC,34495
8/1/2011,SEM INFORMACAO,8/9/2011,9/1/2011,127/D/11,TAM,44661
3/22/2012,ADOTADA,4/20/2012,7/18/2012,128/2012,ANAC,38425
8/13/2008,ADOTADA,8/13/2008,9/1/2008,128/D/08,GOL,29161
7/1/2010,ADOTADA,8/4/2010,8/24/2010,128/D/10,ANAC,31079
8/1/2011,SEM INFORMACAO,8/9/2011,9/1/2011,128/D/11,TAM,44661
3/22/2012,ADOTADA,4/20/2012,2/20/2013,129/2012,ANAC,38425
8/13/2008,ADOTADA,8/13/2008,9/1/2008,129/D/08,GOL,29161
6/10/2010,ADOTADA,6/24/2010,12/13/2010,129/D/10,ANAC,32076
8/1/2011,SEM INFORMACAO,8/9/2011,9/1/2011,129/D/11,TAM,44661
3/22/2012,ADOTADA,4/20/2012,7/18/2012,130/2012,ANAC,38423
8/13/2008,ADOTADA,8/13/2008,9/1/2008,130/D/08,GOL,29161
9/18/2009,SEM INFORMACAO,9/18/2009,NULL,130/D/09,AEROC-STS,38316
6/10/2010,ADOTADA,6/24/2010,7/23/2010,130/D/10,ANAC,38176
8/1/2011,SEM INFORMACAO,8/9/2011,9/1/2011,130/D/11,TAM,44661
8/1/2011,ADOTADA,8/25/2011,3/9/2012,131/2011,ANAC,40855
3/22/2012,ADOTADA,4/20/2012,9/27/2012,131/2012,ANAC,38423
8/13/2008,ADOTADA,8/13/2008,9/1/2008,131/D/08,GOL,29161
8/1/2011,ADOTADA,8/25/2011,4/28/2014,132/2011,ANAC,40855
3/22/2012,ADOTADA,4/20/2012,8/21/2012,132/2012,ANAC,38643
8/13/2008,ADOTADA,8/13/2008,9/1/2008,132/D/08,GOL,29161
6/10/2010,SEM INFORMACAO,6/21/2010,NULL,133/2010,INFRAERO,29618
8/1/2011,ADOTADA,8/25/2011,1/7/2016,133/2011,ANAC,40855
3/22/2012,ADOTADA,4/20/2012,9/12/2012,133/2012,ANAC,38643
8/13/2008,ADOTADA,8/13/2008,9/1/2008,133/D/08,GOL,29161
8/1/2011,ADOTADA,8/25/2011,9/23/2011,134/2011,ANAC,40855
3/22/2012,ADOTADA,4/20/2012,9/12/2012,134/2012,ANAC,38643
7/1/2010,ADOTADA,7/27/2010,8/16/2010,134/D/10,ANAC,33315
3/22/2012,SEM INFORMACAO,4/20/2012,NULL,135/2012,PREF-MORTUGABA,38643
8/5/2009,ADOTADA,8/19/2009,10/23/2009,135/D/09,ANAC,29936
7/1/2010,ADOTADA,8/30/2010,12/13/2010,135/D/10,ANAC,33315
8/5/2009,ADOTADA,8/19/2009,8/9/2010,136/D/09,ANAC,29936
7/1/2010,SEM INFORMACAO,7/1/2010,NULL,136/D/10,ORTIZ,34416
3/22/2012,ADOTADA,4/20/2012,8/21/2012,137/2012,ANAC,38657
7/1/2010,ADOTADA,7/27/2010,8/16/2010,137/D/10,ANAC,34416
3/22/2012,ADOTADA,4/20/2012,8/21/2012,138/2012,ANAC,38677
7/1/2010,ADOTADA,8/4/2010,8/24/2010,138/D/10,ANAC,30037
3/22/2012,ADOTADA,4/20/2012,2/20/2013,139/2012,ANAC,38677
7/1/2010,ADOTADA,7/1/2010,7/19/2016,139/D/10,SINDAG,30037
7/15/2010,ADOTADA,8/4/2010,8/24/2010,140/2010,ANAC,35556
3/22/2012,ADOTADA,4/20/2012,8/21/2012,140/2012,ANAC,38819
3/22/2012,NAO ADOTADA,4/20/2012,2/22/2016,141/2012,ANAC,39992
7/15/2010,SEM INFORMACAO,7/30/2010,9/16/2010,141/D/10,INFRAERO,36675
7/21/2011,ADOTADA,8/29/2011,12/20/2011,141/D/11,GE_CELMA,39969
3/22/2012,NAO ADOTADA,4/20/2012,2/22/2016,142/2012,ANAC,39992
7/15/2010,ADOTADA,8/4/2010,8/24/2010,142/D/10,ANAC,36675
7/21/2011,SEM INFORMACAO,8/29/2011,NULL,142/D/11,VARIG,39969
3/22/2012,SEM INFORMACAO,4/20/2012,NULL,143/2012,MINAS_TPR,39992
10/2/2007,ADOTADA,10/2/2007,1/17/2008,143/A/07,RBHA_121,29859
7/15/2010,SEM INFORMACAO,7/30/2010,10/6/2010,143/D/10,DECEA,36675
7/21/2011,ADOTADA,8/25/2011,9/23/2011,143/D/11,ANAC,39969
3/22/2012,ADOTADA,10/19/2017,1/17/2018,144/2012,DECEA,39992
11/22/2007,ADOTADA,11/22/2007,4/24/2008,144/A/07,ANAC,29859
8/28/2009,ADOTADA,9/8/2009,8/9/2010,144/D/09,ANAC,32676
4/6/2010,SEM INFORMACAO,4/6/2010,NULL,144/D/10,MANAUS,34935
7/21/2011,ADOTADA,8/25/2011,8/6/2015,144/D/11,ANAC,39969
3/22/2012,ADOTADA,3/22/2012,NULL,145/2012,SERIPA-1,39992
3/22/2012,ADOTADA,3/22/2012,NULL,145/2012,SERIPA-2,39992
3/22/2012,ADOTADA,3/22/2012,NULL,145/2012,SERIPA-3,39992
3/22/2012,ADOTADA,3/22/2012,NULL,145/2012,SERIPA-4,39992
3/22/2012,ADOTADA,3/22/2012,NULL,145/2012,SERIPA-5,39992
3/22/2012,ADOTADA,3/22/2012,NULL,145/2012,SERIPA-6,39992
3/22/2012,ADOTADA,3/22/2012,NULL,145/2012,SERIPA-7,39992
11/22/2007,ADOTADA,11/22/2007,7/21/2008,145/A/07,ANAC,29859
4/6/2010,SEM INFORMACAO,4/6/2010,NULL,145/A/09,SERIPA-5,34498
8/28/2009,ADOTADA,9/8/2009,11/10/2009,145/D/09,ANAC,32676
4/6/2010,SEM INFORMACAO,4/6/2010,NULL,145/D/10,MANAUS,34935
7/21/2011,SEM INFORMACAO,10/20/2011,NULL,145/D/11,DPRF,41837
3/22/2012,ADOTADA,4/20/2012,10/30/2012,146/2012,ANAC,40264
11/22/2007,ADOTADA,11/22/2007,4/24/2008,146/A/07,ANAC,29859
8/28/2009,ADOTADA,9/8/2009,3/22/2010,146/A/09,SERIPA-1,32676
8/28/2009,SEM INFORMACAO,9/8/2009,NULL,146/A/09,SERIPA-2,32676
8/28/2009,SEM INFORMACAO,9/8/2009,NULL,146/A/09,SERIPA-3,32676
8/28/2009,SEM INFORMACAO,9/8/2009,NULL,146/A/09,SERIPA-4,32676
4/6/2010,ADOTADA,4/6/2010,NULL,146/A/09,SERIPA-5,34498
8/28/2009,ADOTADA,9/8/2009,12/11/2009,146/A/09,SERIPA-5,32676
8/28/2009,ADOTADA,9/8/2009,9/10/2009,146/A/09,SERIPA-6,32676
8/28/2009,ADOTADA,9/8/2009,10/1/2009,146/A/09,SERIPA-7,32676
4/6/2010,SEM INFORMACAO,4/6/2010,NULL,146/D/10,MANAUS,34935
7/21/2011,SEM INFORMACAO,10/20/2011,NULL,146/D/11,DPRF,41837
3/22/2012,SEM INFORMACAO,4/20/2012,NULL,147/2012,JM,40264
11/21/2007,ADOTADA,11/21/2007,4/24/2008,147/A/07,ANAC,29859
8/28/2009,ADOTADA,9/8/2009,3/22/2010,147/A/09,SERIPA-1,34539
8/28/2009,SEM INFORMACAO,9/8/2009,NULL,147/A/09,SERIPA-2,34539
8/28/2009,SEM INFORMACAO,9/8/2009,NULL,147/A/09,SERIPA-3,34539
8/28/2009,SEM INFORMACAO,9/8/2009,NULL,147/A/09,SERIPA-4,34539
8/28/2009,ADOTADA,9/8/2009,12/11/2009,147/A/09,SERIPA-5,34539
4/6/2010,SEM INFORMACAO,4/6/2010,NULL,147/A/09,SERIPA-5,34498
8/28/2009,ADOTADA,9/8/2009,9/10/2009,147/A/09,SERIPA-6,34539
8/28/2009,ADOTADA,9/8/2009,10/1/2009,147/A/09,SERIPA-7,34539
4/6/2010,SEM INFORMACAO,4/6/2010,NULL,147/D/10,MANAUS,34935
7/21/2011,SEM INFORMACAO,10/20/2011,NULL,147/D/11,DPRF,41837
3/22/2012,ADOTADA,4/20/2012,8/21/2012,148/2012,ANAC,41053
11/22/2007,ADOTADA,11/22/2007,7/21/2008,148/A/07,ANAC,29859
4/6/2010,SEM INFORMACAO,4/6/2010,NULL,148/D/10,MANAUS,34935
7/21/2011,SEM INFORMACAO,10/20/2011,NULL,148/D/11,DPRF,41837
3/22/2012,ADOTADA,4/20/2012,9/27/2012,149/2012,ANAC,41053
11/22/2007,ADOTADA,11/22/2007,7/21/2008,149/A/07,ANAC,29859
9/30/2009,ADOTADA DE FORMA ALTERNATIVA,9/30/2009,10/8/2014,149/A/09,ANAC,38475
4/6/2010,SEM INFORMACAO,4/6/2010,NULL,149/D/10,MANAUS,34935
7/21/2011,SEM INFORMACAO,10/20/2011,NULL,149/D/11,DPRF,41837
3/22/2012,SEM INFORMACAO,4/20/2012,NULL,150/2012,TEMA,42997
9/30/2009,ADOTADA,9/30/2009,4/5/2010,150/A/09,ANAC,38475
4/6/2010,SEM INFORMACAO,4/6/2010,NULL,150/D/10,MANAUS,34935
7/21/2011,SEM INFORMACAO,10/20/2011,NULL,150/D/11,DPRF,41837
3/22/2012,SEM INFORMACAO,4/20/2012,NULL,151/2012,TEMA,42997
9/30/2009,ADOTADA,9/30/2009,3/22/2010,151/A/09,SERIPA-1,38475
9/30/2009,SEM INFORMACAO,9/30/2009,NULL,151/A/09,SERIPA-2,38475
9/30/2009,SEM INFORMACAO,9/30/2009,NULL,151/A/09,SERIPA-3,38475
9/30/2009,SEM INFORMACAO,9/30/2009,NULL,151/A/09,SERIPA-4,38475
9/30/2009,ADOTADA,9/30/2009,12/11/2009,151/A/09,SERIPA-5,38475
9/30/2009,ADOTADA,9/30/2009,10/9/2009,151/A/09,SERIPA-6,38475
9/30/2009,ADOTADA,9/30/2009,11/30/2009,151/A/09,SERIPA-7,38475
8/22/2008,ADOTADA,10/10/2008,12/30/2008,151/D/08,ANAC,33278
4/6/2010,SEM INFORMACAO,4/6/2010,NULL,151/D/10,MANAUS,34935
7/21/2011,SEM INFORMACAO,10/20/2011,NULL,151/D/11,DPRF,41837
3/22/2012,SEM INFORMACAO,4/20/2012,NULL,152/2012,TEMA,42997
4/6/2010,SEM INFORMACAO,10/6/2009,1/12/2010,152/B/09,DECEA,37577
4/6/2010,SEM INFORMACAO,4/6/2010,NULL,152/D/10,MANAUS,34935
7/21/2011,ADOTADA,8/25/2011,9/23/2011,152/D/11,ANAC,41837
7/21/2011,SEM INFORMACAO,7/21/2011,NULL,153/2011,AEROC-VRN,42718
3/22/2012,SEM INFORMACAO,4/20/2012,NULL,153/2012,TEMA,42997
12/18/2007,ADOTADA,12/18/2007,6/14/2010,153/A/07,INFRAERO,29859
4/6/2010,SEM INFORMACAO,10/6/2009,1/12/2010,153/B/09,DECEA,37577
4/6/2010,ADOTADA,8/30/2010,12/13/2010,153/D/10,ANAC,34935
7/21/2011,ADOTADA,8/25/2011,9/23/2011,154/2011,ANAC,42718
3/22/2012,SEM INFORMACAO,4/20/2012,NULL,154/2012,TASP,42997
12/18/2007,ADOTADA,12/18/2007,6/14/2010,154/A/07,INFRAERO,29859
4/6/2010,SEM INFORMACAO,10/6/2009,1/12/2010,154/A/09,DECEA,37577
4/6/2010,ADOTADA,6/21/2010,8/26/2010,154/D/10,ANAC,34935
7/21/2011,ADOTADA,8/25/2011,9/23/2011,155/2011,ANAC,43256
3/22/2012,ADOTADA,4/20/2012,8/21/2012,155/2012,ANAC,42997
12/18/2007,ADOTADA,12/18/2007,6/14/2010,155/A/07,INFRAERO,29859
4/6/2010,SEM INFORMACAO,10/6/2009,1/12/2010,155/A/09,DECEA,37577
4/6/2010,SEM INFORMACAO,4/6/2010,NULL,155/D/10,PRATT_&_WHITNEY,34935
3/22/2012,ADOTADA,4/20/2012,3/8/2016,156/2012,ANAC,44549
12/18/2007,ADOTADA,12/18/2007,12/28/2007,156/A/07,CENIPA,29859
9/29/2009,ADOTADA,10/19/2009,2/10/2010,156/D/09,ANAC,29095
4/6/2010,SEM INFORMACAO,4/6/2010,NULL,156/D/10,PRATT_&_WHITNEY,34935
12/21/2007,ADOTADA,1/21/2008,7/16/2008,157/2007,ANAC,31278
8/1/2011,SEM INFORMACAO,8/1/2011,NULL,157/2011,AEROC-SC,38579
3/22/2012,ADOTADA,4/20/2012,9/27/2012,157/2012,ANAC,44549
9/29/2009,SEM INFORMACAO,10/19/2009,NULL,157/D/09,GAIVOTA_MAN,29095
4/6/2010,SEM INFORMACAO,4/6/2010,NULL,157/D/10,CENIPA,34935
8/1/2011,SEM INFORMACAO,8/1/2011,NULL,158/2011,NOVA,38579
3/22/2012,ADOTADA,4/20/2012,3/8/2016,158/2012,ANAC,44549
9/29/2009,SEM INFORMACAO,10/19/2009,NULL,158/D/09,GAIVOTA_MAN,29095
4/6/2010,SEM INFORMACAO,4/6/2010,9/13/2010,158/D/10,SERIPA-1,34935
4/6/2010,SEM INFORMACAO,4/6/2010,NULL,158/D/10,SERIPA-2,34935
4/6/2010,SEM INFORMACAO,4/6/2010,NULL,158/D/10,SERIPA-3,34935
4/6/2010,SEM INFORMACAO,4/6/2010,NULL,158/D/10,SERIPA-4,34935
4/6/2010,SEM INFORMACAO,4/6/2010,NULL,158/D/10,SERIPA-5,34935
4/6/2010,SEM INFORMACAO,4/6/2010,NULL,158/D/10,SERIPA-6,34935
4/6/2010,SEM INFORMACAO,4/6/2010,NULL,158/D/10,SERIPA-7,34935
8/1/2011,SEM INFORMACAO,8/1/2011,NULL,159/2011,SERIPA-5,38579
3/22/2012,ADOTADA,4/20/2012,8/21/2012,159/2012,ANAC,44549
9/29/2009,ADOTADA,10/19/2009,12/2/2009,159/D/09,SERIPA-1,29095
4/6/2010,ADOTADA,9/13/2010,9/13/2010,159/D/10,CENIPA,34935
8/1/2011,ADOTADA,8/25/2011,4/28/2014,160/2011,ANAC,38635
9/29/2009,SEM INFORMACAO,10/19/2009,NULL,160/B/09,SERIPA-2,29095
9/29/2009,SEM INFORMACAO,10/19/2009,NULL,160/B/09,SERIPA-3,29095
9/29/2009,SEM INFORMACAO,10/19/2009,NULL,160/B/09,SERIPA-4,29095
9/29/2009,ADOTADA,10/19/2009,12/11/2009,160/B/09,SERIPA-5,29095
9/29/2009,ADOTADA,10/19/2009,10/21/2009,160/B/09,SERIPA-6,29095
9/29/2009,ADOTADA,10/19/2009,11/30/2009,160/B/09,SERIPA-7,29095
6/20/2012,ADOTADA,1/11/2016,7/15/2016,160/D/12,ANAC,45571
7/15/2010,ADOTADA,8/30/2010,9/16/2010,161/2010,ANAC,33918
8/1/2011,SEM INFORMACAO,10/20/2011,NULL,161/2011,DAESP,40067
9/29/2009,SEM INFORMACAO,10/19/2009,NULL,161/D/09,STILUS,29095
6/20/2012,ADOTADA,1/11/2016,7/15/2016,161/D/12,ANAC,45571
7/15/2010,ADOTADA,8/30/2010,6/17/2013,162/2010,ANAC,33918
8/1/2011,SEM INFORMACAO,10/20/2011,NULL,162/2011,DAESP,40067
11/12/2010,SEM INFORMACAO,11/12/2010,NULL,162/A/02,DIVERSOS-Y,29216
9/29/2009,SEM INFORMACAO,10/19/2009,NULL,162/D/09,STILUS,29095
8/1/2011,ADOTADA,8/1/2011,10/24/2011,163/2011,SERIPA-1,40067
8/1/2011,ADOTADA,8/1/2011,NULL,163/2011,SERIPA-2,40067
8/1/2011,ADOTADA,8/1/2011,NULL,163/2011,SERIPA-3,40067
8/1/2011,ADOTADA,8/1/2011,NULL,163/2011,SERIPA-4,40067
8/1/2011,ADOTADA,8/1/2011,NULL,163/2011,SERIPA-5,40067
8/1/2011,ADOTADA,8/1/2011,NULL,163/2011,SERIPA-6,40067
8/1/2011,ADOTADA,8/1/2011,NULL,163/2011,SERIPA-7,40067
11/12/2010,SEM INFORMACAO,11/12/2010,NULL,163/A/02,DIVERSOS-Y,29216
9/29/2009,ADOTADA,10/19/2009,3/23/2010,163/A/09,SERIPA-1,34497
9/29/2009,SEM INFORMACAO,10/19/2009,NULL,163/A/09,SERIPA-2,34497
9/29/2009,SEM INFORMACAO,10/19/2009,NULL,163/A/09,SERIPA-3,34497
9/29/2009,SEM INFORMACAO,10/19/2009,NULL,163/A/09,SERIPA-4,34497
9/29/2009,SEM INFORMACAO,10/19/2009,NULL,163/A/09,SERIPA-5,34497
9/29/2009,ADOTADA,10/19/2009,10/21/2009,163/A/09,SERIPA-6,34497
9/29/2009,ADOTADA,10/19/2009,11/30/2009,163/A/09,SERIPA-7,34497
7/15/2010,ADOTADA,7/15/2010,9/21/2010,163/D/10,ANAC,30640
8/18/2010,ADOTADA,1/5/2011,3/11/2011,164/2010,ANAC,36097
8/1/2011,ADOTADA,8/25/2011,4/28/2014,164/2011,ANAC,38995
9/29/2009,ADOTADA,10/19/2009,8/9/2010,164/D/09,ANAC,32355
8/18/2010,ADOTADA,1/5/2011,3/11/2011,165/2010,ANAC,36097
8/1/2011,SEM INFORMACAO,8/1/2011,NULL,165/2011,SERAGRI,38995
6/4/2012,ADOTADA,8/7/2012,9/27/2012,165/2012,ANAC,36657
9/29/2009,ADOTADA,10/19/2009,3/25/2010,165/D/09,ANAC,32355
12/21/2007,SEM INFORMACAO,2/20/2013,2/20/2013,166/2007,TAM,31278
8/18/2010,ADOTADA,1/5/2011,2/1/2011,166/2010,ANAC,36097
8/1/2011,SEM INFORMACAO,8/1/2011,NULL,166/2011,SERAGRI,38995
6/4/2012,ADOTADA,8/7/2012,2/20/2013,166/2012,ANAC,36657
10/9/2009,ADOTADA,10/19/2009,10/21/2009,166/A/2009,SERIPA-6,36076
10/9/2009,SEM INFORMACAO,10/19/2009,7/14/2010,166/D/09,SERIPA-1,36076
10/9/2009,SEM INFORMACAO,10/19/2009,NULL,166/D/09,SERIPA-2,36076
10/9/2009,SEM INFORMACAO,10/19/2009,NULL,166/D/09,SERIPA-3,36076
10/9/2009,SEM INFORMACAO,10/19/2009,NULL,166/D/09,SERIPA-4,36076
10/9/2009,ADOTADA,10/19/2009,12/11/2009,166/D/09,SERIPA-5,36076
10/9/2009,ADOTADA,10/19/2009,11/30/2009,166/D/09,SERIPA-7,36076
12/21/2007,SEM INFORMACAO,1/21/2008,NULL,167/2007,TAM,31278
8/18/2010,SEM INFORMACAO,6/21/2010,10/10/2011,167/2010,CINDACTA-3,36097
8/1/2011,SEM INFORMACAO,8/1/2011,NULL,167/2011,SERAGRI,38995
10/9/2009,SEM INFORMACAO,10/19/2009,NULL,167/D/09,PREF-TRINDADE,37020
12/28/2007,ADOTADA,12/28/2007,5/18/2010,168/A/07,AIRBUS,29859
10/9/2009,SEM INFORMACAO,10/19/2009,7/14/2010,168/D/09,SERIPA-1,37020
10/9/2009,SEM INFORMACAO,10/19/2009,NULL,168/D/09,SERIPA-2,37020
10/9/2009,SEM INFORMACAO,10/19/2009,NULL,168/D/09,SERIPA-3,37020
10/9/2009,SEM INFORMACAO,10/19/2009,NULL,168/D/09,SERIPA-4,37020
10/9/2009,ADOTADA,10/19/2009,12/11/2009,168/D/09,SERIPA-5,37020
10/9/2009,ADOTADA,10/19/2009,10/21/2009,168/D/09,SERIPA-6,37020
10/9/2009,ADOTADA,10/19/2009,11/30/2009,168/D/09,SERIPA-7,37020
12/28/2007,ADOTADA,12/28/2007,2/27/2009,169/A/07,ANAC,29859
12/28/2007,ADOTADA,12/28/2007,12/15/2011,170/A/07,AIRBUS,29859
10/9/2009,ADOTADA,10/19/2009,3/23/2010,170/D/09,SERIPA-1,37375
10/9/2009,SEM INFORMACAO,10/19/2009,NULL,170/D/09,SERIPA-2,37375
10/9/2009,SEM INFORMACAO,10/19/2009,NULL,170/D/09,SERIPA-3,37375
10/9/2009,SEM INFORMACAO,10/19/2009,NULL,170/D/09,SERIPA-4,37375
10/9/2009,ADOTADA,10/19/2009,12/11/2009,170/D/09,SERIPA-5,37375
10/9/2009,ADOTADA,10/19/2009,10/21/2009,170/D/09,SERIPA-6,37375
10/9/2009,ADOTADA,10/19/2009,11/30/2009,170/D/09,SERIPA-7,37375
8/18/2010,ADOTADA,8/30/2010,6/17/2013,171/2010,ANAC,31675
8/1/2011,ADOTADA,8/25/2011,9/23/2011,171/2011,ANAC,38835
12/28/2007,ADOTADA,12/28/2007,4/24/2008,171/A/07,ANAC,29859
10/9/2009,SEM INFORMACAO,10/19/2009,7/14/2010,171/D/09,SERIPA-1,38278
10/9/2009,SEM INFORMACAO,10/19/2009,NULL,171/D/09,SERIPA-2,38278
10/9/2009,SEM INFORMACAO,10/19/2009,NULL,171/D/09,SERIPA-3,38278
10/9/2009,SEM INFORMACAO,10/19/2009,NULL,171/D/09,SERIPA-4,38278
10/9/2009,ADOTADA,10/19/2009,12/11/2009,171/D/09,SERIPA-5,38278
10/9/2009,ADOTADA,10/19/2009,10/21/2009,171/D/09,SERIPA-6,38278
10/9/2009,ADOTADA,10/19/2009,11/30/2009,171/D/09,SERIPA-7,38278
8/18/2010,ADOTADA,8/30/2010,12/13/2010,172/2010,ANAC,31675
12/28/2007,ADOTADA,12/28/2007,2/10/2011,172/A/07,ANAC,29859
8/1/2011,ADOTADA,8/25/2011,9/23/2011,172/D/11,ANAC,39385
8/18/2010,ADOTADA,8/30/2010,12/14/2010,173/2010,ANAC,31675
6/4/2012,ADOTADA,8/7/2012,3/16/2016,173/2012,ANAC,31855
12/28/2007,ADOTADA,1/28/2008,4/24/2009,173/A/07,ANAC,29859
10/16/2009,SEM INFORMACAO,10/20/2009,7/14/2010,173/D/09,SERIPA-1,34955
10/16/2009,SEM INFORMACAO,10/20/2009,NULL,173/D/09,SERIPA-2,34955
10/16/2009,SEM INFORMACAO,10/20/2009,NULL,173/D/09,SERIPA-3,34955
10/16/2009,SEM INFORMACAO,10/20/2009,NULL,173/D/09,SERIPA-4,34955
10/16/2009,ADOTADA,10/20/2009,3/12/2010,173/D/09,SERIPA-5,34955
10/16/2009,ADOTADA,10/20/2009,10/21/2009,173/D/09,SERIPA-6,34955
10/16/2009,ADOTADA,10/20/2009,11/30/2009,173/D/09,SERIPA-7,34955
8/1/2011,ADOTADA DE FORMA ALTERNATIVA,8/25/2011,9/19/2012,173/D/11,ANAC,39993
8/18/2010,ADOTADA,8/30/2010,12/14/2010,174/2010,ANAC,31675
6/4/2012,ADOTADA,8/7/2012,4/28/2014,174/2012,ANAC,31855
12/28/2007,ADOTADA,12/28/2007,12/15/2011,174/A/07,AIRBUS,29859
10/16/2009,SEM INFORMACAO,10/20/2009,7/14/2010,174/D/09,SERIPA-1,35195
10/16/2009,SEM INFORMACAO,10/20/2009,NULL,174/D/09,SERIPA-2,35195
10/16/2009,SEM INFORMACAO,10/20/2009,NULL,174/D/09,SERIPA-3,35195
10/16/2009,SEM INFORMACAO,10/20/2009,NULL,174/D/09,SERIPA-4,35195
10/16/2009,ADOTADA,10/20/2009,3/12/2010,174/D/09,SERIPA-5,35195
10/16/2009,ADOTADA,10/20/2009,10/21/2009,174/D/09,SERIPA-6,35195
10/16/2009,ADOTADA,10/20/2009,11/30/2009,174/D/09,SERIPA-7,35195
8/1/2011,ADOTADA DE FORMA ALTERNATIVA,8/25/2011,10/27/2014,174/D/11,ANAC,39993
8/1/2011,ADOTADA,8/25/2011,7/17/2014,175/2011,ANAC,40148
6/4/2012,ADOTADA,8/7/2012,4/28/2014,175/2012,ANAC,31855
12/28/2007,ADOTADA,12/28/2007,4/24/2008,175/A/07,ANAC,29859
10/16/2009,SEM INFORMACAO,10/20/2009,7/14/2010,175/D/09,SERIPA-1,36917
10/16/2009,SEM INFORMACAO,10/20/2009,NULL,175/D/09,SERIPA-2,36917
10/16/2009,SEM INFORMACAO,10/20/2009,NULL,175/D/09,SERIPA-3,36917
10/16/2009,SEM INFORMACAO,10/20/2009,NULL,175/D/09,SERIPA-4,36917
10/16/2009,ADOTADA,10/20/2009,3/12/2010,175/D/09,SERIPA-5,36917
10/16/2009,ADOTADA,10/20/2009,10/21/2009,175/D/09,SERIPA-6,36917
10/16/2009,ADOTADA,10/20/2009,11/30/2009,175/D/09,SERIPA-7,36917
8/1/2011,ADOTADA,8/25/2011,9/23/2011,176/2011,ANAC,42449
6/4/2012,ADOTADA,8/7/2012,4/28/2014,176/2012,ANAC,31855
12/28/2007,ADOTADA,12/28/2007,5/18/2010,176/A/07,AIRBUS,29859
10/27/2009,ADOTADA,12/7/2009,12/3/2010,176/A/09,ANAC,29859
8/1/2011,ADOTADA,8/1/2011,10/24/2011,177/2011,SERIPA-1,42449
8/1/2011,ADOTADA,8/1/2011,NULL,177/2011,SERIPA-2,42449
8/1/2011,ADOTADA,8/1/2011,NULL,177/2011,SERIPA-3,42449
8/1/2011,ADOTADA,8/1/2011,NULL,177/2011,SERIPA-4,42449
8/1/2011,ADOTADA,8/1/2011,11/1/2011,177/2011,SERIPA-5,42449
8/1/2011,ADOTADA,8/1/2011,NULL,177/2011,SERIPA-6,42449
8/1/2011,ADOTADA,8/1/2011,NULL,177/2011,SERIPA-7,42449
6/4/2012,ADOTADA,8/7/2012,3/16/2016,177/2012,ANAC,31855
12/28/2007,ADOTADA,12/28/2007,2/27/2009,177/A/07,ANAC,29859
10/27/2009,ADOTADA,12/7/2009,12/3/2010,177/A/09,ANAC,29859
8/1/2011,ADOTADA,8/25/2011,4/28/2014,178/2011,ANAC,43390
6/4/2012,ADOTADA DE FORMA ALTERNATIVA,8/7/2012,10/22/2015,178/2012,ANAC,31855
10/27/2009,ADOTADA,12/7/2009,8/9/2010,178/A/09,ANAC,29859
8/1/2011,ADOTADA,8/25/2011,4/28/2014,179/2011,ANAC,43390
6/4/2012,ADOTADA DE FORMA ALTERNATIVA,8/7/2012,10/22/2015,179/2012,ANAC,31855
10/27/2009,ADOTADA,12/7/2009,7/16/2010,179/A/09,ANAC,29859
2/26/2011,ADOTADA,8/25/2011,9/23/2011,180/2011,ANAC,43389
6/4/2012,NAO ADOTADA,8/7/2012,10/22/2015,180/2012,ANAC,31855
10/27/2009,ADOTADA,12/7/2009,7/16/2010,180/A/09,ANAC,29859
6/4/2012,ADOTADA,8/7/2012,3/16/2016,181/2012,ANAC,31855
10/27/2009,ADOTADA,12/7/2009,1/28/2011,181/A/09,ANAC,29859
6/4/2012,ADOTADA,8/7/2012,10/22/2015,182/2012,ANAC,31855
10/27/2009,ADOTADA,12/7/2009,1/28/2011,182/A/09,ANAC,29859
8/29/2011,SEM INFORMACAO,10/24/2011,NULL,182/D/11,ROLLS-ROYCE,30075
6/4/2012,ADOTADA,8/7/2012,4/28/2014,183/2012,ANAC,31855
10/27/2009,ADOTADA,12/7/2009,4/26/2010,183/A/09,ANAC,29859
8/29/2011,SEM INFORMACAO,10/24/2011,NULL,183/D/11,ROLLS-ROYCE,30075
6/4/2012,ADOTADA,8/15/2012,10/15/2012,184/2012,PETROBRAS,31855
10/27/2009,ADOTADA,11/12/2009,11/13/2009,184/A/09,ANAC,29859
8/29/2011,SEM INFORMACAO,10/24/2011,NULL,184/D/11,ROLLS-ROYCE,30075
6/4/2012,ADOTADA,8/15/2012,10/15/2012,185/2012,PETROBRAS,31855
10/27/2009,ADOTADA,12/7/2009,6/14/2010,185/D/09,INFRAERO,29859
8/29/2011,ADOTADA,9/29/2011,9/10/2015,185/D/11,ANAC,30075
7/1/2010,ADOTADA,7/1/2010,10/28/2010,186/2010,ANAC,30044
8/29/2011,SEM INFORMACAO,10/20/2011,NULL,186/2011,ABAG,31857
6/4/2012,ADOTADA,8/15/2012,10/15/2012,186/2012,PETROBRAS,31855
10/27/2009,ADOTADA,12/7/2009,6/14/2010,186/D/09,INFRAERO,29859
9/24/2010,ADOTADA,8/30/2010,10/28/2010,187/2010,ANAC,32055
8/29/2011,SEM INFORMACAO,10/20/2011,NULL,187/2011,APPA,31857
6/4/2012,ADOTADA,8/7/2012,9/27/2012,187/2012,ANAC,31861
10/27/2009,ADOTADA,12/7/2009,6/14/2010,187/D/09,INFRAERO,29859
9/24/2010,ADOTADA,10/8/2010,10/28/2010,188/2010,ANAC,32055
8/29/2011,ADOTADA,9/29/2011,10/27/2014,188/2011,ANAC,35680
6/4/2012,ADOTADA,8/7/2012,9/24/2013,188/2012,ANAC,31861
10/27/2009,ADOTADA,12/7/2009,6/14/2010,188/D/09,INFRAERO,29859
9/24/2010,ADOTADA,8/30/2010,11/3/2010,189/2010,ANAC,35255
8/29/2011,ADOTADA,9/29/2011,10/31/2011,189/2011,ANAC,35680
6/4/2012,ADOTADA,8/7/2012,9/24/2013,189/2012,ANAC,31861
10/27/2009,ADOTADA,12/7/2009,6/14/2010,189/D/09,INFRAERO,29859
9/24/2010,ADOTADA,8/30/2010,12/1/2010,190/2010,ANAC,35515
6/4/2012,ADOTADA,8/7/2012,5/27/2016,190/2012,ANAC,32376
10/27/2009,ADOTADA,11/9/2009,3/15/2010,190/A/09,TAM,29859
8/29/2011,SEM INFORMACAO,8/29/2011,NULL,190/D/11,MOTORMEC,35680
9/24/2010,ADOTADA,8/30/2010,10/28/2010,191/2010,ANAC,35515
8/29/2011,SEM INFORMACAO,8/29/2011,NULL,191/2011,PREF-NANUQUE,37578
6/4/2012,ADOTADA,8/7/2012,5/27/2016,191/2012,ANAC,32376
10/27/2009,ADOTADA,11/9/2009,3/15/2010,191/A/09,TAM,29859
8/29/2011,SEM INFORMACAO,8/29/2011,NULL,192/2011,D.COSTA,37578
6/4/2012,ADOTADA,8/7/2012,9/27/2012,192/2012,ANAC,32376
10/27/2009,ADOTADA,11/9/2009,3/15/2010,192/A/09,TAM,29859
8/29/2011,ADOTADA,9/29/2011,3/5/2012,193/2011,ANAC,37578
6/4/2012,ADOTADA,8/7/2012,1/29/2015,193/2012,ANAC,35175
10/27/2009,ADOTADA,11/9/2009,3/15/2010,193/D/09,TAM,29859
8/29/2011,NAO ADOTADA,9/29/2011,3/5/2012,194/2011,ANAC,38655
6/4/2012,ADOTADA,8/7/2012,9/27/2012,194/2012,ANAC,35175
10/27/2009,ADOTADA,11/9/2009,3/15/2010,194/D/09,TAM,29859
8/29/2011,ADOTADA,9/29/2011,6/12/2014,195/2011,ANAC,38655
6/4/2012,SEM INFORMACAO,6/4/2012,NULL,195/2012,APPA,35175
10/27/2009,ADOTADA,11/9/2009,3/15/2010,195/D/09,TAM,29859
8/29/2011,NAO ADOTADA,9/29/2011,12/29/2011,196/2011,ANAC,38655
6/4/2012,ADOTADA,8/7/2012,9/27/2012,196/2012,ANAC,43063
10/27/2009,ADOTADA,11/9/2009,3/15/2010,196/A/09,TAM,29859
8/29/2011,ADOTADA,9/29/2011,6/16/2014,197/2011,ANAC,38655
6/4/2012,ADOTADA,8/7/2012,9/27/2012,197/2012,ANAC,43063
10/27/2009,ADOTADA,11/9/2009,3/15/2010,197/A/09,TAM,29859
8/29/2011,SEM INFORMACAO,10/20/2011,NULL,198/2011,SDS-AL,38655
6/6/2012,ADOTADA,8/7/2012,9/27/2012,198/2012,ANAC,34077
10/27/2009,ADOTADA,10/27/2009,4/14/2010,198/D/09,OACI,29859
8/29/2011,SEM INFORMACAO,10/20/2011,NULL,199/2011,SENASP,38655
6/6/2012,ADOTADA DE FORMA ALTERNATIVA,8/7/2012,4/10/2014,199/2012,ANAC,34077
8/29/2011,SEM INFORMACAO,10/20/2011,NULL,200/2011,SENASP,38655
8/29/2011,ADOTADA,8/29/2011,10/24/2011,201/2011,SERIPA-1,38841
8/29/2011,ADOTADA,8/29/2011,NULL,201/2011,SERIPA-2,38841
8/29/2011,ADOTADA,8/29/2011,NULL,201/2011,SERIPA-3,38841
8/29/2011,ADOTADA,8/29/2011,NULL,201/2011,SERIPA-4,38841
8/29/2011,ADOTADA,8/29/2011,11/1/2011,201/2011,SERIPA-5,38841
8/29/2011,ADOTADA,8/29/2011,NULL,201/2011,SERIPA-6,38841
8/29/2011,ADOTADA,8/29/2011,NULL,201/2011,SERIPA-7,38841
6/15/2012,ADOTADA,8/8/2012,9/27/2012,201/2012,ANAC,38838
8/29/2011,ADOTADA,9/29/2011,10/31/2011,202/2011,ANAC,38820
6/15/2012,ADOTADA,8/8/2012,10/31/2013,202/2012,ANAC,38838
8/29/2011,ADOTADA,9/29/2011,7/17/2014,203/2011,ANAC,38820
8/29/2011,ADOTADA,9/29/2011,10/31/2011,204/2011,ANAC,38856
7/2/2012,ADOTADA,8/8/2012,9/27/2012,204/2012,ANAC,42921
8/29/2011,ADOTADA,9/29/2011,11/6/2012,205/2011,ANAC,39235
7/2/2012,ADOTADA,8/8/2012,9/27/2012,205/2012,ANAC,42921
11/16/2009,ADOTADA,3/26/2010,2/2/2011,205/D/09,ANAC,28377
11/16/2009,SEM INFORMACAO,3/26/2010,7/7/2010,205/D/09,INFRAERO,28377
7/2/2012,ADOTADA,8/8/2012,11/28/2012,206/2012,ANAC,43908
11/16/2009,ADOTADA,11/24/2009,12/11/2010,206/D/09,ANAC,33223
8/29/2011,ADOTADA,8/29/2011,NULL,206/D/11,SERIPA-6,39235
8/29/2011,ADOTADA,8/29/2011,NULL,207/2011,SERIPA-6,39235
7/2/2012,ADOTADA,8/8/2012,11/28/2012,207/2012,ANAC,43908
11/16/2009,SEM INFORMACAO,11/24/2009,7/14/2010,207/D/09,SERIPA-1,33223
11/16/2009,SEM INFORMACAO,11/24/2009,NULL,207/D/09,SERIPA-2,33223
11/16/2009,SEM INFORMACAO,11/24/2009,NULL,207/D/09,SERIPA-3,33223
11/16/2009,SEM INFORMACAO,11/24/2009,NULL,207/D/09,SERIPA-4,33223
11/16/2009,ADOTADA,11/24/2009,3/12/2010,207/D/09,SERIPA-5,33223
11/16/2009,ADOTADA,11/24/2009,11/30/2009,207/D/09,SERIPA-6,33223
11/16/2009,ADOTADA,11/24/2009,1/26/2010,207/D/09,SERIPA-7,33223
8/29/2011,ADOTADA,9/29/2011,7/17/2014,208/2011,ANAC,40149
7/2/2012,ADOTADA,8/8/2012,11/28/2012,208/2012,ANAC,43908
11/16/2009,ADOTADA,11/24/2009,7/14/2010,208/D/09,SERIPA-1,33335
11/16/2009,SEM INFORMACAO,11/24/2009,NULL,208/D/09,SERIPA-2,33335
11/16/2009,SEM INFORMACAO,11/24/2009,NULL,208/D/09,SERIPA-3,33335
11/16/2009,SEM INFORMACAO,11/24/2009,NULL,208/D/09,SERIPA-4,33335
11/16/2009,ADOTADA,11/24/2009,3/12/2010,208/D/09,SERIPA-5,33335
11/16/2009,ADOTADA,11/24/2009,11/30/2009,208/D/09,SERIPA-6,33335
11/16/2009,ADOTADA,11/24/2009,1/26/2010,208/D/09,SERIPA-7,33335
8/29/2011,ADOTADA,9/29/2011,10/31/2011,209/2011,ANAC,40149
7/2/2012,ADOTADA,8/8/2012,9/27/2012,209/2012,ANAC,43908
11/16/2009,ADOTADA,11/24/2009,12/11/2010,209/D/09,ANAC,34080
8/29/2011,NAO ADOTADA,9/29/2011,2/13/2012,210/2011,ANAC,40214
7/2/2012,ADOTADA,8/10/2012,7/19/2016,210/2012,SINDAG,43908
11/16/2009,ADOTADA,11/24/2009,3/26/2010,210/D/09,SERIPA-1,34080
11/16/2009,SEM INFORMACAO,11/24/2009,NULL,210/D/09,SERIPA-2,34080
11/16/2009,SEM INFORMACAO,11/24/2009,NULL,210/D/09,SERIPA-3,34080
11/16/2009,SEM INFORMACAO,11/24/2009,NULL,210/D/09,SERIPA-4,34080
11/16/2009,ADOTADA,11/24/2009,3/12/2010,210/D/09,SERIPA-5,34080
11/16/2009,ADOTADA,11/24/2009,11/30/2009,210/D/09,SERIPA-6,34080
11/16/2009,ADOTADA,11/24/2009,1/26/2010,210/D/09,SERIPA-7,34080
8/29/2011,ADOTADA DE FORMA ALTERNATIVA,9/29/2011,10/27/2014,211/2011,ANAC,40573
11/25/2009,SEM INFORMACAO,11/24/2009,NULL,211/A/09,SERIPA-2,34080
11/25/2009,SEM INFORMACAO,11/24/2009,NULL,211/A/09,SERIPA-3,34080
11/25/2009,SEM INFORMACAO,11/24/2009,NULL,211/A/09,SERIPA-4,34080
11/25/2009,ADOTADA,11/24/2009,3/12/2010,211/A/09,SERIPA-5,34080
11/25/2009,ADOTADA,11/24/2009,11/30/2009,211/A/09,SERIPA-6,34080
11/25/2009,ADOTADA,11/24/2009,1/26/2010,211/A/09,SERIPA-7,34080
8/29/2011,ADOTADA,9/29/2011,10/27/2014,212/2011,ANAC,40573
11/16/2009,SEM INFORMACAO,11/30/2009,NULL,212/D/09,DIVERSOS-J,35056
8/29/2011,SEM INFORMACAO,8/29/2011,NULL,213/2011,AEROC-PNA,40793
11/16/2009,SEM INFORMACAO,11/30/2009,7/14/2010,213/D/09,SERIPA-1,35056
11/16/2009,SEM INFORMACAO,11/30/2009,NULL,213/D/09,SERIPA-2,35056
11/16/2009,SEM INFORMACAO,11/30/2009,NULL,213/D/09,SERIPA-3,35056
11/16/2009,SEM INFORMACAO,11/30/2009,NULL,213/D/09,SERIPA-4,35056
11/16/2009,ADOTADA,11/30/2009,12/11/2009,213/D/09,SERIPA-5,35056
11/16/2009,ADOTADA,11/30/2009,11/30/2009,213/D/09,SERIPA-6,35056
11/16/2009,ADOTADA,11/30/2009,1/26/2010,213/D/09,SERIPA-7,35056
8/29/2011,SEM INFORMACAO,8/29/2011,NULL,214/2011,AEROC-PNA,40793
8/29/2011,ADOTADA,9/29/2011,3/20/2013,215/2011,ANAC,40793
8/29/2011,SEM INFORMACAO,8/29/2011,NULL,216/2011,AEROSAFRA,41374
11/12/2010,SEM INFORMACAO,11/12/2010,NULL,217/2010,GOV-ES,28915
8/29/2011,SEM INFORMACAO,8/29/2011,NULL,217/2011,AEROSAFRA,41374
11/12/2010,SEM INFORMACAO,11/12/2010,NULL,218/2010,GOV-ES,28915
8/29/2011,SEM INFORMACAO,8/29/2011,NULL,218/2011,AEROSAFRA,41374
11/12/2010,SEM INFORMACAO,11/12/2010,NULL,219/2010,GOV-ES,28915
8/29/2011,SEM INFORMACAO,8/29/2011,NULL,219/2011,AEROSAFRA,41374
11/12/2010,SEM INFORMACAO,11/12/2010,NULL,220/2010,GOV-ES,28915
8/29/2011,SEM INFORMACAO,8/29/2011,NULL,220/2011,AEROSAFRA,41374
12/7/2009,ADOTADA,12/17/2009,8/9/2010,220/D/09,ANAC,29918
11/12/2010,SEM INFORMACAO,11/12/2010,NULL,221/2010,GOV-ES,28915
8/29/2011,SEM INFORMACAO,8/29/2011,NULL,221/2011,AEROSAFRA,41374
12/7/2009,ADOTADA,12/17/2009,8/9/2010,221/D/09,ANAC,30555
11/12/2010,SEM INFORMACAO,11/12/2010,NULL,222/2010,GOV-ES,28915
8/29/2011,SEM INFORMACAO,8/29/2011,NULL,222/2011,AEROSAFRA,41374
12/7/2009,ADOTADA,12/17/2009,7/14/2010,222/C/09,SERIPA-1,30555
12/7/2009,SEM INFORMACAO,12/17/2009,NULL,222/C/09,SERIPA-2,30555
12/7/2009,SEM INFORMACAO,12/17/2009,NULL,222/C/09,SERIPA-3,30555
12/7/2009,SEM INFORMACAO,12/17/2009,NULL,222/C/09,SERIPA-4,30555
12/7/2009,ADOTADA,12/17/2009,3/12/2010,222/C/09,SERIPA-5,30555
12/7/2009,ADOTADA,12/17/2009,1/21/2010,222/C/09,SERIPA-6,30555
12/7/2009,ADOTADA,12/17/2009,1/26/2010,222/C/09,SERIPA-7,30555
11/12/2010,SEM INFORMACAO,11/12/2010,NULL,223/2010,GOV-ES,28915
8/29/2011,ADOTADA,9/29/2011,12/13/2012,223/2011,ANAC,41374
12/7/2009,ADOTADA,12/17/2009,7/14/2010,223/D/09,SERIPA-1,32615
12/7/2009,SEM INFORMACAO,12/17/2009,NULL,223/D/09,SERIPA-2,32615
12/7/2009,SEM INFORMACAO,12/17/2009,NULL,223/D/09,SERIPA-3,32615
12/7/2009,SEM INFORMACAO,12/17/2009,NULL,223/D/09,SERIPA-4,32615
12/7/2009,ADOTADA,12/17/2009,3/12/2010,223/D/09,SERIPA-5,32615
12/7/2009,ADOTADA,12/17/2009,1/13/2010,223/D/09,SERIPA-6,32615
12/7/2009,ADOTADA,12/17/2009,1/26/2010,223/D/09,SERIPA-7,32615
11/12/2010,SEM INFORMACAO,11/12/2010,NULL,224/2010,GOV-ES,28915
8/29/2011,ADOTADA,10/20/2011,7/19/2016,224/2011,SINDAG,41374
12/7/2009,ADOTADA,12/17/2009,7/14/2010,224/D/09,SERIPA-1,32641
12/7/2009,SEM INFORMACAO,12/17/2009,NULL,224/D/09,SERIPA-2,32641
12/7/2009,SEM INFORMACAO,12/17/2009,NULL,224/D/09,SERIPA-3,32641
12/7/2009,SEM INFORMACAO,12/17/2009,NULL,224/D/09,SERIPA-4,32641
12/7/2009,ADOTADA,12/17/2009,3/12/2010,224/D/09,SERIPA-5,32641
12/7/2009,ADOTADA,12/17/2009,1/13/2010,224/D/09,SERIPA-6,32641
12/7/2009,ADOTADA,12/17/2009,1/26/2010,224/D/09,SERIPA-7,32641
11/12/2010,SEM INFORMACAO,11/12/2010,NULL,225/2010,GOV-ES,28915
8/29/2011,ADOTADA,9/29/2011,12/14/2012,225/2011,ANAC,38055
12/7/2009,ADOTADA,12/17/2009,6/16/2010,225/D/09,ANAC,34535
11/12/2010,SEM INFORMACAO,11/12/2010,NULL,226/2010,SCM-ES,28915
8/29/2011,ADOTADA,9/29/2011,4/28/2014,226/2011,ANAC,38055
12/7/2009,SEM INFORMACAO,12/7/2009,NULL,226/D/09,FACET,34535
11/12/2010,SEM INFORMACAO,11/12/2010,NULL,227/2010,SCM-ES,28915
8/29/2011,ADOTADA,9/29/2011,2/29/2012,227/2011,ANAC,38055
12/7/2009,ADOTADA,12/17/2009,3/23/2010,227/A/09,SERIPA-1,34535
12/7/2009,SEM INFORMACAO,12/17/2009,NULL,227/D/09,SERIPA-2,34535
12/7/2009,SEM INFORMACAO,12/17/2009,NULL,227/D/09,SERIPA-3,34535
12/7/2009,SEM INFORMACAO,12/17/2009,NULL,227/D/09,SERIPA-4,34535
12/7/2009,ADOTADA,12/17/2009,3/12/2010,227/D/09,SERIPA-5,34535
12/7/2009,ADOTADA,12/17/2009,1/13/2010,227/D/09,SERIPA-6,34535
12/7/2009,ADOTADA,12/17/2009,1/26/2010,227/D/09,SERIPA-7,34535
11/12/2010,SEM INFORMACAO,11/12/2010,NULL,228/2010,SCM-ES,28915
8/29/2011,ADOTADA,10/20/2011,8/25/2016,228/2011,DECEA,38055
7/3/2012,ADOTADA,8/7/2012,10/30/2012,228/2012,ANAC,29175
12/7/2009,ADOTADA,12/17/2009,7/14/2010,228/D/09,SERIPA-1,34844
12/7/2009,SEM INFORMACAO,12/17/2009,NULL,228/D/09,SERIPA-2,34844
12/7/2009,SEM INFORMACAO,12/17/2009,NULL,228/D/09,SERIPA-3,34844
12/7/2009,SEM INFORMACAO,12/17/2009,NULL,228/D/09,SERIPA-4,34844
12/7/2009,ADOTADA,12/17/2009,3/12/2010,228/D/09,SERIPA-5,34844
12/7/2009,ADOTADA,12/17/2009,1/13/2010,228/D/09,SERIPA-6,34844
12/7/2009,ADOTADA,12/17/2009,1/26/2010,228/D/09,SERIPA-7,34844
11/12/2010,SEM INFORMACAO,11/12/2010,NULL,229/2010,SCM-ES,28915
8/29/2011,SEM INFORMACAO,8/29/2011,NULL,229/2011,EJ,38055
7/3/2012,ADOTADA,8/7/2012,1/21/2014,229/2012,ANAC,29175
12/30/2008,ADOTADA,1/30/2009,11/6/2009,229/D/08,ANAC,29555
12/7/2009,SEM INFORMACAO,12/17/2009,7/14/2010,229/D/09,SERIPA-1,35477
12/7/2009,SEM INFORMACAO,12/17/2009,NULL,229/D/09,SERIPA-2,35477
12/7/2009,SEM INFORMACAO,12/17/2009,NULL,229/D/09,SERIPA-3,35477
12/7/2009,SEM INFORMACAO,12/17/2009,NULL,229/D/09,SERIPA-4,35477
12/7/2009,ADOTADA,12/17/2009,3/12/2010,229/D/09,SERIPA-5,35477
12/7/2009,ADOTADA,12/17/2009,1/13/2010,229/D/09,SERIPA-6,35477
12/7/2009,ADOTADA,12/17/2009,1/26/2010,229/D/09,SERIPA-7,35477
11/12/2010,ADOTADA,12/1/2010,10/20/2011,230/2010,SCM-ES,28915
8/29/2011,ADOTADA,9/29/2011,7/17/2014,230/2011,ANAC,41789
7/3/2012,NAO ADOTADA,8/7/2012,11/26/2012,230/2012,ANAC,29175
12/30/2008,ADOTADA,1/30/2009,8/9/2010,230/D/08,ANAC,29555
12/7/2009,ADOTADA,12/17/2009,7/14/2010,230/D/09,SERIPA-1,35477
12/7/2009,SEM INFORMACAO,12/17/2009,NULL,230/D/09,SERIPA-2,35477
12/7/2009,SEM INFORMACAO,12/17/2009,NULL,230/D/09,SERIPA-3,35477
12/7/2009,SEM INFORMACAO,12/17/2009,NULL,230/D/09,SERIPA-4,35477
12/7/2009,ADOTADA,12/17/2009,3/12/2010,230/D/09,SERIPA-5,35477
12/7/2009,ADOTADA,12/17/2009,1/13/2010,230/D/09,SERIPA-6,35477
12/7/2009,ADOTADA,12/17/2009,1/26/2010,230/D/09,SERIPA-7,35477
8/29/2011,ADOTADA,9/29/2011,7/17/2014,231/2011,ANAC,41789
7/3/2012,ADOTADA,8/7/2012,1/21/2014,231/2012,ANAC,29175
12/30/2008,ADOTADA,1/30/2009,3/23/2010,231/D/08,SERIPA-1,29555
12/30/2008,ADOTADA,1/30/2009,3/3/2009,231/D/08,SERIPA-2,29555
12/30/2008,ADOTADA,1/30/2009,7/20/2009,231/D/08,SERIPA-3,29555
12/30/2008,SEM INFORMACAO,1/30/2009,NULL,231/D/08,SERIPA-4,29555
12/30/2008,ADOTADA,1/30/2009,4/27/2009,231/D/08,SERIPA-5,29555
12/30/2008,ADOTADA,1/30/2009,2/13/2009,231/D/08,SERIPA-6,29555
12/30/2008,ADOTADA,1/30/2009,6/23/2009,231/D/08,SERIPA-7,29555
12/7/2009,SEM INFORMACAO,12/17/2009,7/14/2010,231/D/09,SERIPA-1,35587
12/7/2009,SEM INFORMACAO,12/17/2009,NULL,231/D/09,SERIPA-2,35587
12/7/2009,SEM INFORMACAO,12/17/2009,NULL,231/D/09,SERIPA-3,35587
12/7/2009,SEM INFORMACAO,12/17/2009,NULL,231/D/09,SERIPA-4,35587
12/7/2009,ADOTADA,12/17/2009,3/12/2010,231/D/09,SERIPA-5,35587
12/7/2009,ADOTADA,12/17/2009,1/13/2010,231/D/09,SERIPA-6,35587
12/7/2009,ADOTADA,12/17/2009,1/26/2010,231/D/09,SERIPA-7,35587
11/12/2010,ADOTADA,12/1/2010,10/26/2011,231/D/10,ANAC,28915
8/29/2011,ADOTADA,9/29/2011,10/27/2014,232/2011,ANAC,41789
7/3/2012,ADOTADA,8/7/2012,10/30/2012,232/2012,ANAC,31595
12/30/2008,ADOTADA,1/23/2009,2/12/2009,232/A/08,ANAC,31396
11/12/2010,ADOTADA,8/30/2010,12/22/2010,232/A/10,ANAC,34555
12/7/2009,ADOTADA,12/17/2009,7/14/2010,232/D/09,SERIPA-1,35587
12/7/2009,SEM INFORMACAO,12/17/2009,NULL,232/D/09,SERIPA-2,35587
12/7/2009,SEM INFORMACAO,12/17/2009,NULL,232/D/09,SERIPA-3,35587
12/7/2009,SEM INFORMACAO,12/17/2009,NULL,232/D/09,SERIPA-4,35587
12/7/2009,ADOTADA,12/17/2009,3/12/2010,232/D/09,SERIPA-5,35587
12/7/2009,ADOTADA,12/17/2009,1/13/2010,232/D/09,SERIPA-6,35587
12/7/2009,ADOTADA,12/17/2009,1/26/2010,232/D/09,SERIPA-7,35587
8/29/2011,ADOTADA,9/29/2011,9/19/2012,233/2011,ANAC,41789
7/3/2012,ADOTADA,8/7/2012,2/25/2013,233/2012,ANAC,31595
12/30/2008,ADOTADA,6/18/2009,7/16/2009,233/A/08,SERIPA-1,31396
12/30/2008,ADOTADA,1/23/2009,3/3/2009,233/A/08,SERIPA-2,31396
12/30/2008,ADOTADA,1/23/2009,5/8/2009,233/A/08,SERIPA-3,31396
12/30/2008,SEM INFORMACAO,1/23/2009,NULL,233/A/08,SERIPA-4,31396
12/30/2008,ADOTADA,1/23/2009,4/27/2009,233/A/08,SERIPA-5,31396
12/30/2008,ADOTADA,1/23/2009,2/13/2009,233/A/08,SERIPA-6,31396
12/30/2008,ADOTADA,1/23/2009,7/17/2009,233/A/08,SERIPA-7,31396
11/12/2010,ADOTADA DE FORMA ALTERNATIVA,8/30/2010,12/22/2010,233/A/10,ANAC,34555
12/28/2009,SEM INFORMACAO,12/29/2009,NULL,233/D/09,TAF,38818
8/29/2011,ADOTADA,9/29/2011,10/31/2011,234/2011,ANAC,42387
7/3/2012,NAO ADOTADA,8/7/2012,3/18/2016,234/2012,ANAC,31595
12/30/2008,SEM INFORMACAO,1/23/2009,NULL,234/A/08,AFA,31396
11/12/2010,SEM INFORMACAO,11/12/2010,NULL,234/A/10,SBAN,34555
12/28/2009,SEM INFORMACAO,12/29/2009,NULL,234/D/09,TAF,38818
7/3/2012,ADOTADA,8/7/2012,2/25/2013,235/2012,ANAC,31595
12/28/2009,SEM INFORMACAO,12/29/2009,NULL,235/D/09,TAF,38818
8/29/2011,SEM INFORMACAO,8/29/2011,NULL,235/D/11,PIQUIATUBA,42287
8/29/2011,ADOTADA,9/29/2011,10/31/2011,236/2011,ANAC,42287
7/3/2012,ADOTADA,8/7/2012,10/30/2012,236/2012,ANAC,34840
12/28/2009,ADOTADA,12/29/2009,4/5/2010,236/D/09,ANAC,38818
8/29/2011,ADOTADA,9/29/2011,10/31/2011,237/2011,ANAC,43446
7/3/2012,ADOTADA,8/7/2012,10/30/2012,237/2012,ANAC,34841
11/12/2010,ADOTADA,6/21/2010,12/22/2010,238/2010,ANAC,34082
8/29/2011,ADOTADA,9/29/2011,2/6/2012,238/2011,ANAC,43446
7/3/2012,ADOTADA,8/7/2012,11/19/2012,238/2012,ANAC,34841
9/24/2010,ADOTADA,12/1/2010,12/22/2010,239/2010,ANAC,32375
7/3/2012,ADOTADA,8/7/2012,4/28/2014,239/2012,ANAC,38641
9/24/2010,ADOTADA,10/8/2010,7/19/2016,240/2010,SINDAG,32375
7/3/2012,ADOTADA,8/7/2012,4/28/2014,240/2012,ANAC,38641
9/23/2011,SEM INFORMACAO,10/20/2011,NULL,241/2011,DETRAN-DF,34651
7/3/2012,ADOTADA,8/7/2012,4/28/2014,241/2012,ANAC,38641
9/23/2011,SEM INFORMACAO,10/20/2011,NULL,242/2011,DETRAN-DF,34651
7/3/2001,ADOTADA,8/7/2012,4/28/2014,242/2012,ANAC,38641
9/23/2011,SEM INFORMACAO,10/20/2011,NULL,243/2011,LIDERSIGN,34651
7/3/2012,ADOTADA,8/7/2012,4/28/2014,243/2012,ANAC,38641
6/10/2010,ADOTADA,8/30/2010,2/1/2011,244/2010,ANAC,31869
9/23/2011,SEM INFORMACAO,10/20/2011,NULL,244/2011,LIDERSIGN,34651
7/3/2012,ADOTADA,8/7/2012,4/28/2014,244/2012,ANAC,38641
11/12/2010,ADOTADA DE FORMA ALTERNATIVA,1/5/2011,5/14/2014,245/2010,ANAC,29855
9/23/2011,SEM INFORMACAO,10/20/2011,NULL,245/2011,LIDERSIGN,34651
7/3/2012,ADOTADA,8/7/2012,4/28/2014,245/2012,ANAC,38641
11/12/2010,ADOTADA,1/5/2011,2/4/2011,246/2010,ANAC,29855
9/23/2011,SEM INFORMACAO,10/20/2011,NULL,246/2011,LIDERSIGN,34651
7/3/2012,ADOTADA,8/7/2012,4/28/2014,246/2012,ANAC,38641
6/10/2010,ADOTADA,11/19/2010,2/4/2011,247/2010,ANAC,29855
9/23/2011,SEM INFORMACAO,10/20/2011,NULL,247/2011,LIDERSIGN,34651
7/3/2012,ADOTADA,8/7/2012,4/14/2014,247/2012,ANAC,38641
9/23/2011,SEM INFORMACAO,9/23/2011,10/24/2011,248/2011,SERIPA-1,34651
9/23/2011,SEM INFORMACAO,9/23/2011,NULL,248/2011,SERIPA-2,34651
9/23/2011,SEM INFORMACAO,9/23/2011,NULL,248/2011,SERIPA-3,34651
9/23/2011,SEM INFORMACAO,9/23/2011,NULL,248/2011,SERIPA-4,34651
9/23/2011,SEM INFORMACAO,9/23/2011,NULL,248/2011,SERIPA-5,34651
9/23/2011,SEM INFORMACAO,9/23/2011,10/17/2011,248/2011,SERIPA-6,34651
9/23/2011,SEM INFORMACAO,9/23/2011,NULL,248/2011,SERIPA-7,34651
7/3/2012,ADOTADA,8/7/2012,3/16/2016,248/2012,ANAC,38641
12/30/2009,ADOTADA,1/11/2010,7/14/2010,248/D/09,SERIPA-1,44755
12/30/2009,SEM INFORMACAO,1/11/2010,NULL,248/D/09,SERIPA-2,44755
12/30/2009,SEM INFORMACAO,1/11/2010,NULL,248/D/09,SERIPA-3,44755
12/30/2009,SEM INFORMACAO,1/11/2010,NULL,248/D/09,SERIPA-4,44755
12/30/2009,ADOTADA,1/11/2010,3/12/2010,248/D/09,SERIPA-5,44755
12/30/2009,ADOTADA,1/11/2010,1/21/2010,248/D/09,SERIPA-6,44755
12/30/2009,SEM INFORMACAO,1/11/2010,NULL,248/D/09,SERIPA-7,44755
9/23/2011,ADOTADA,9/29/2011,11/16/2011,249/2011,ANAC,34651
7/3/2012,ADOTADA,8/7/2012,3/16/2016,249/2012,ANAC,38641
12/30/2009,ADOTADA,1/11/2010,7/14/2010,249/D/09,SERIPA-1,33218
12/30/2009,SEM INFORMACAO,1/11/2010,NULL,249/D/09,SERIPA-2,33218
12/30/2009,SEM INFORMACAO,1/11/2010,NULL,249/D/09,SERIPA-3,33218
12/30/2009,SEM INFORMACAO,1/11/2010,NULL,249/D/09,SERIPA-4,33218
12/30/2009,ADOTADA,1/11/2010,3/12/2010,249/D/09,SERIPA-5,33218
12/30/2009,ADOTADA,1/11/2010,1/21/2010,249/D/09,SERIPA-6,33218
12/30/2009,SEM INFORMACAO,1/11/2010,NULL,249/D/09,SERIPA-7,33218
12/6/2010,ADOTADA,1/5/2011,2/1/2011,250/2010,ANAC,37357
9/23/2011,ADOTADA,9/29/2011,4/27/2012,250/2011,ANAC,36055
7/3/2012,ADOTADA,8/7/2012,3/16/2016,250/2012,ANAC,38641
12/7/2009,ADOTADA,1/11/2010,7/14/2010,250/D/09,SERIPA-1,35588
12/7/2009,SEM INFORMACAO,1/11/2010,NULL,250/D/09,SERIPA-2,35588
12/7/2009,SEM INFORMACAO,1/11/2010,NULL,250/D/09,SERIPA-3,35588
12/7/2009,SEM INFORMACAO,1/11/2010,NULL,250/D/09,SERIPA-4,35588
12/7/2009,ADOTADA,1/11/2010,3/12/2010,250/D/09,SERIPA-5,35588
12/7/2009,ADOTADA,1/11/2010,1/21/2010,250/D/09,SERIPA-6,35588
12/7/2009,SEM INFORMACAO,1/11/2010,NULL,250/D/09,SERIPA-7,35588
12/30/2009,ADOTADA,1/8/2010,12/18/2012,251/2009,ANAC,36657
12/6/2010,SEM INFORMACAO,12/6/2010,NULL,251/2010,CENIPA,37357
9/23/2011,ADOTADA,9/29/2011,11/16/2011,251/2011,ANAC,37536
7/3/2012,ADOTADA,8/7/2012,9/12/2012,251/2012,ANAC,38842
12/30/2009,ADOTADA,1/8/2010,3/24/2010,252/2009,ANAC,36657
9/23/2011,NAO ADOTADA,9/29/2011,10/27/2014,252/2011,ANAC,38426
7/3/2012,ADOTADA,8/7/2012,6/14/2014,252/2012,ANAC,38842
9/23/2011,ADOTADA,9/29/2011,10/27/2014,253/2011,ANAC,38426
7/3/2012,ADOTADA,8/7/2012,6/14/2014,253/2012,ANAC,38842
12/30/2009,ADOTADA,1/11/2010,3/18/2010,253/C/2009,DECEA,36657
9/23/2011,NAO ADOTADA,9/29/2011,10/27/2014,254/2011,ANAC,41834
7/3/2012,ADOTADA,8/7/2012,9/12/2012,254/2012,ANAC,41155
12/30/2009,ADOTADA,1/11/2010,3/23/2010,254/D/09,SERIPA-1,36657
12/30/2009,SEM INFORMACAO,1/11/2010,NULL,254/D/09,SERIPA-2,36657
12/30/2009,SEM INFORMACAO,1/11/2010,NULL,254/D/09,SERIPA-3,36657
12/30/2009,SEM INFORMACAO,1/11/2010,NULL,254/D/09,SERIPA-4,36657
12/30/2009,ADOTADA,1/11/2010,3/12/2010,254/D/09,SERIPA-5,36657
12/30/2009,ADOTADA,1/11/2010,1/21/2010,254/D/09,SERIPA-6,36657
12/30/2009,SEM INFORMACAO,1/11/2010,NULL,254/D/09,SERIPA-7,36657
5/5/2010,SEM INFORMACAO,5/5/2010,NULL,255/2010,RICO_LINHAS_AEREAS,32377
9/23/2011,ADOTADA,9/29/2011,11/16/2011,255/2011,ANAC,41834
7/3/2012,NAO ADOTADA,8/7/2012,12/19/2016,255/2012,ANAC,41155
5/5/2010,SEM INFORMACAO,5/5/2010,NULL,256/2010,RICO_LINHAS_AEREAS,32377
9/23/2011,SEM INFORMACAO,9/23/2011,NULL,256/2011,AEROC-PTG,41834
7/3/2012,ADOTADA,8/7/2012,3/1/2016,256/2012,ANAC,41155
5/5/2010,SEM INFORMACAO,5/5/2010,NULL,257/2010,RICO_LINHAS_AEREAS,32377
9/23/2011,SEM INFORMACAO,9/23/2011,NULL,257/2011,VILA_VELHA,41834
7/3/2012,ADOTADA,8/7/2012,12/16/2015,257/2012,ANAC,41155
5/5/2010,SEM INFORMACAO,5/5/2010,NULL,258/2010,RICO_LINHAS_AEREAS,32377
9/23/2011,SEM INFORMACAO,9/23/2011,NULL,258/2011,VILA_VELHA,41834
7/3/2012,SEM INFORMACAO,7/3/2012,NULL,258/2012,FAA,41155
5/5/2010,SEM INFORMACAO,5/5/2010,NULL,259/2010,PREF-COARI,32377
9/23/2011,ADOTADA,9/29/2011,8/16/2012,259/2011,ANAC,42071
7/3/2012,ADOTADA,8/7/2012,9/12/2012,259/2012,ANAC,43454
5/5/2010,ADOTADA,3/11/2011,11/30/2012,260/2010,ANAC,32377
9/23/2011,ADOTADA,9/29/2011,10/27/2014,260/2011,ANAC,42071
7/3/2012,ADOTADA,8/7/2012,11/30/2012,260/2012,ANAC,43454
5/5/2010,ADOTADA,3/11/2011,10/29/2014,261/2010,ANAC,32377
9/23/2011,ADOTADA,9/29/2011,10/27/2014,261/2011,ANAC,42071
7/3/2012,ADOTADA,8/7/2012,12/5/2012,261/2012,ANAC,43454
5/5/2010,NAO ADOTADA,3/11/2011,9/13/2011,262/2010,ANAC,32377
9/23/2011,ADOTADA,9/29/2011,9/19/2012,262/2011,ANAC,42071
7/3/2012,ADOTADA,8/7/2012,11/30/2012,262/2012,ANAC,43454
5/5/2010,ADOTADA,3/11/2011,5/26/2011,263/2010,ANAC,32377
9/23/2011,ADOTADA,9/29/2011,10/28/2015,263/2011,ANAC,42071
7/3/2012,ADOTADA,8/10/2012,11/19/2012,263/2012,DECEA,43454
9/23/2011,SEM INFORMACAO,9/23/2011,NULL,264/2011,CENIPA,42071
7/3/2012,ADOTADA,8/10/2012,11/19/2012,264/2012,DECEA,43454
9/23/2011,SEM INFORMACAO,9/23/2011,NULL,265/2011,STARCRAFT,42565
7/23/2012,ADOTADA,8/7/2012,4/28/2014,265/2012,ANAC,33219
7/1/2010,SEM INFORMACAO,7/1/2010,NULL,266/2010,AMAZONAVES,44759
7/23/2012,ADOTADA,8/7/2012,4/28/2014,266/2012,ANAC,33219
7/1/2010,SEM INFORMACAO,7/1/2010,NULL,266/D/10,AMAZONAVES,44759
9/23/2011,SEM INFORMACAO,9/23/2011,NULL,266/D/11,AEROC-SJC,42565
7/1/2010,SEM INFORMACAO,7/1/2010,NULL,267/2010,AMAZONAVES,44759
9/23/2011,SEM INFORMACAO,9/23/2011,NULL,267/2011,AEROC-SJC,42565
7/23/2012,ADOTADA,8/7/2012,4/28/2014,267/2012,ANAC,33219
7/1/2010,ADOTADA DE FORMA ALTERNATIVA,3/11/2011,6/8/2011,268/2010,ANAC,44759
9/23/2011,SEM INFORMACAO,9/23/2011,NULL,268/2011,AEROC-SJC,42565
7/23/2012,ADOTADA,8/7/2012,4/28/2014,268/2012,ANAC,33219
7/1/2010,ADOTADA,3/11/2011,5/10/2011,269/2010,ANAC,44759
9/23/2011,ADOTADA,9/29/2011,12/14/2012,269/2011,ANAC,42565
7/23/2012,ADOTADA,8/7/2012,4/28/2014,269/2012,ANAC,33219
9/24/2010,ADOTADA,3/11/2011,12/18/2012,270/2010,ANAC,36217
9/23/2011,ADOTADA,9/29/2011,5/23/2012,270/2011,ANAC,42565
7/23/2012,ADOTADA DE FORMA ALTERNATIVA,8/7/2012,9/24/2015,270/2012,ANAC,33219
9/24/2010,ADOTADA,3/11/2011,5/10/2011,271/2010,ANAC,36217
9/23/2011,SEM INFORMACAO,9/23/2011,NULL,271/2011,BIRIGUI_MAN,42919
7/23/2012,ADOTADA,8/7/2012,9/27/2012,271/2012,ANAC,33219
9/23/2011,SEM INFORMACAO,9/23/2011,NULL,272/2011,BIRIGUI_MAN,42919
7/23/2012,ADOTADA,8/7/2012,3/12/2013,272/2012,ANAC,43657
9/23/2011,SEM INFORMACAO,9/23/2011,NULL,273/2011,BIRIGUI_MAN,42919
7/23/2012,ADOTADA,8/7/2012,3/12/2013,273/2012,ANAC,43657
9/23/2011,SEM INFORMACAO,9/23/2011,NULL,274/2011,JOTAN,42919
7/23/2012,ADOTADA,8/7/2012,9/12/2012,274/2012,ANAC,43657
9/23/2011,SEM INFORMACAO,9/23/2011,NULL,275/2011,JOTAN,42919
7/23/2012,ADOTADA,8/7/2012,1/21/2014,275/2012,ANAC,43731
9/23/2011,SEM INFORMACAO,9/23/2011,NULL,276/2011,JOTAN,42919
7/23/2012,ADOTADA DE FORMA ALTERNATIVA,8/7/2012,5/15/2014,276/2012,ANAC,43731
9/23/2011,ADOTADA,9/29/2011,11/6/2012,277/2011,ANAC,42919
7/23/2012,ADOTADA DE FORMA ALTERNATIVA,8/7/2012,5/15/2014,277/2012,ANAC,43731
9/23/2011,ADOTADA,9/29/2011,9/19/2012,278/2011,ANAC,42919
7/23/2012,ADOTADA,8/7/2012,12/30/2014,278/2012,ANAC,43778
9/23/2011,ADOTADA,9/29/2011,9/19/2012,279/2011,ANAC,42919
7/23/2012,ADOTADA,8/7/2012,12/30/2014,279/2012,ANAC,43778
9/23/2011,SEM INFORMACAO,9/23/2011,NULL,280/2011,BSA,43262
7/23/2012,ADOTADA,8/7/2012,1/21/2014,280/2012,ANAC,43778
9/23/2011,SEM INFORMACAO,9/23/2011,NULL,281/2011,BSA,43262
7/23/2012,ADOTADA,8/7/2012,11/20/2013,281/2012,ANAC,43778
9/23/2011,SEM INFORMACAO,9/23/2011,NULL,282/2011,BSA,43262
7/23/2012,ADOTADA DE FORMA ALTERNATIVA,8/7/2012,4/10/2014,282/2012,ANAC,43778
9/23/2011,SEM INFORMACAO,9/23/2011,NULL,283/2011,BSA,43262
7/23/2012,SEM INFORMACAO,8/15/2012,NULL,283/2012,CEMAL,43978
9/23/2011,ADOTADA,9/23/2011,NULL,284/2011,SERIPA-5,43262
7/23/2012,ADOTADA,8/7/2012,9/12/2012,284/2012,ANAC,43978
9/23/2011,ADOTADA,10/20/2011,7/19/2016,285/2011,SINDAG,43262
7/31/2012,ADOTADA,8/8/2012,2/20/2013,285/D/12,ANAC,46187
9/23/2011,ADOTADA,9/29/2011,7/17/2014,286/2011,ANAC,43262
7/31/2012,ADOTADA,8/8/2012,4/19/2013,286/D/12,ANAC,46187
9/23/2011,SEM INFORMACAO,9/23/2011,NULL,287/2011,MOSTARDAS,43704
9/23/2011,SEM INFORMACAO,9/23/2011,NULL,288/2011,MOSTARDAS,43704
9/23/2011,SEM INFORMACAO,9/23/2011,NULL,289/2011,MOSTARDAS,43704
8/8/2012,ADOTADA,9/6/2012,12/17/2012,289/D/12,ANAC,45752
9/23/2011,SEM INFORMACAO,9/23/2011,NULL,290/2011,MOSTARDAS,43704
8/8/2012,ADOTADA,9/6/2012,4/13/2014,290/D/12,ANAC,45752
9/23/2011,ADOTADA,9/29/2011,2/28/2012,291/2011,ANAC,43704
8/8/2012,ADOTADA,9/6/2012,4/28/2014,291/D/12,ANAC,45752
9/23/2011,ADOTADA,9/29/2011,12/30/2014,292/2011,ANAC,43704
8/31/2012,NAO ADOTADA,8/20/2012,12/22/2015,292/2012,ANAC,46092
9/23/2011,ADOTADA,9/29/2011,9/19/2012,293/2011,ANAC,43704
8/31/2012,NAO ADOTADA,8/20/2012,12/22/2015,293/2012,ANAC,46092
9/23/2011,ADOTADA,9/29/2011,11/16/2011,294/2011,ANAC,43704
9/23/2011,ADOTADA,10/20/2011,7/19/2016,295/2011,SINDAG,43704
9/23/2011,ADOTADA,9/29/2011,6/15/2016,296/2011,ANAC,43977
9/23/2011,SEM INFORMACAO,9/23/2011,NULL,297/2011,DIVERSOS-J,43977
9/23/2011,ADOTADA,10/20/2011,7/19/2016,298/2011,SINDAG,43977
9/23/2011,SEM INFORMACAO,9/23/2011,NULL,299/2011,DIVERSOS-J,44464
9/23/2011,SEM INFORMACAO,9/23/2011,NULL,300/2011,DIVERSOS-J,44464
9/23/2011,SEM INFORMACAO,9/23/2011,NULL,301/2011,DIVERSOS-J,44464
8/29/2012,ADOTADA,10/16/2012,2/25/2015,301/D/12,ANAC,46561
9/23/2011,SEM INFORMACAO,9/23/2011,NULL,302/2011,DIVERSOS-J,44464
8/29/2012,ADOTADA,10/16/2012,10/30/2012,302/D/12,ANAC,46561
9/23/2011,ADOTADA,9/29/2011,11/16/2011,303/2011,ANAC,44464
8/29/2012,ADOTADA,10/16/2012,11/8/2013,303/2012,ANAC,31868
9/23/2011,SEM INFORMACAO,10/20/2011,NULL,304/2011,ABAG,44464
8/29/2012,ADOTADA,10/16/2012,11/8/2013,304/2012,ANAC,31868
8/29/2012,ADOTADA,10/16/2012,10/30/2012,305/2012,ANAC,31868
8/29/2012,SEM INFORMACAO,10/16/2012,NULL,306/2012,ABRAPHE,31868
8/7/2012,ADOTADA,10/16/2012,1/15/2014,307/2012,ANAC,31866
8/7/2012,ADOTADA,10/16/2012,1/15/2014,308/2012,ANAC,31866
8/7/2012,ADOTADA,10/16/2012,10/30/2012,309/2012,ANAC,31866
8/7/2012,ADOTADA,10/16/2012,7/19/2016,310/2012,SINDAG,31866
8/7/2012,ADOTADA,10/16/2012,10/9/2013,311/2012,ANAC,38335
8/7/2012,ADOTADA,10/16/2012,10/9/2013,312/2012,ANAC,38335
8/7/2012,ADOTADA,10/16/2012,10/30/2012,313/2012,ANAC,38335
8/8/2012,ADOTADA,10/16/2012,10/18/2017,314/2012,ANAC,38420
8/8/2012,ADOTADA,10/16/2012,10/30/2012,315/2012,ANAC,38420
8/8/2012,ADOTADA,10/16/2012,1/14/2013,316/2012,INFRAERO,38420
8/8/2012,SEM INFORMACAO,10/16/2012,NULL,317/2012,ABRAPHE,38420
8/29/2012,SEM INFORMACAO,10/29/2012,NULL,318/2012,IBAMA,41552
8/29/2012,SEM INFORMACAO,10/29/2012,NULL,319/2012,IBAMA,41552
8/29/2012,SEM INFORMACAO,10/29/2012,NULL,320/2012,IBAMA,41552
8/29/2012,SEM INFORMACAO,10/29/2012,NULL,321/2012,IBAMA,41552
8/29/2012,SEM INFORMACAO,10/29/2012,NULL,322/2012,IBAMA,41552
8/29/2012,ADOTADA,10/16/2012,1/23/2013,323/2012,PM-SC,41552
8/29/2012,ADOTADA,10/16/2012,1/23/2013,324/2012,PM-SC,41552
8/29/2012,ADOTADA,10/16/2012,1/23/2013,325/2012,PM-SC,41552
2/6/2012,ADOTADA,2/6/2012,5/24/2012,325/D/11,ANAC,45047
8/29/2012,NAO ADOTADA,10/16/2012,12/18/2012,326/2012,ANAC,41552
2/6/2012,ADOTADA,2/6/2012,5/7/2012,326/D/11,ANAC,44878
11/4/2011,SEM INFORMACAO,12/6/2011,NULL,329/2011,AEROLIDER,38658
11/4/2011,SEM INFORMACAO,12/6/2011,NULL,330/2011,AEROLIDER,38658
11/4/2011,ADOTADA,11/4/2011,NULL,331/2011,SERIPA-1,38658
11/4/2011,ADOTADA,11/4/2011,NULL,331/2011,SERIPA-2,38658
11/4/2011,ADOTADA,11/4/2011,NULL,331/2011,SERIPA-3,38658
11/4/2011,ADOTADA,11/4/2011,NULL,331/2011,SERIPA-4,38658
11/4/2011,ADOTADA,11/4/2011,NULL,331/2011,SERIPA-5,38658
11/4/2011,ADOTADA,11/4/2011,NULL,331/2011,SERIPA-6,38658
11/4/2011,ADOTADA,11/4/2011,NULL,331/2011,SERIPA-7,38658
11/4/2011,ADOTADA,12/6/2011,1/3/2012,332/2011,PAMPEANA,39015
11/4/2011,ADOTADA,12/6/2011,1/3/2012,333/2011,PAMPEANA,39015
8/29/2012,ADOTADA,10/16/2012,5/24/2016,333/2012,ANAC,43361
11/4/2011,ADOTADA,12/6/2011,1/3/2012,334/2011,PAMPEANA,39015
8/29/2012,ADOTADA,10/16/2012,10/30/2012,334/2012,ANAC,43361
11/4/2011,ADOTADA,12/6/2011,1/3/2012,335/2011,PAMPEANA,39015
8/29/2012,ADOTADA,10/16/2012,1/4/2013,335/2012,ANAC,43726
11/4/2011,ADOTADA,12/6/2011,1/3/2012,336/2011,PAMPEANA,39015
8/29/2012,ADOTADA,10/16/2012,1/4/2013,336/2012,ANAC,43726
11/4/2011,ADOTADA,12/6/2011,1/3/2012,337/2011,PAMPEANA,39015
8/29/2012,ADOTADA,10/16/2012,1/3/2013,337/2012,ANAC,43726
11/4/2011,ADOTADA,12/6/2011,6/13/2012,338/2011,ANAC,39015
8/29/2012,ADOTADA,10/16/2012,1/3/2013,338/2012,ANAC,43726
11/4/2011,ADOTADA,11/4/2011,NULL,339/2011,SERIPA-1,38896
11/4/2011,ADOTADA,11/4/2011,NULL,339/2011,SERIPA-2,38896
11/4/2011,ADOTADA,11/4/2011,NULL,339/2011,SERIPA-3,38896
11/4/2011,ADOTADA,11/4/2011,NULL,339/2011,SERIPA-4,38896
11/4/2011,ADOTADA,11/4/2011,NULL,339/2011,SERIPA-5,38896
11/4/2011,ADOTADA,11/4/2011,NULL,339/2011,SERIPA-6,38896
11/4/2011,ADOTADA,11/4/2011,NULL,339/2011,SERIPA-7,38896
8/29/2012,ADOTADA,10/16/2012,10/30/2012,339/2012,ANAC,43726
8/29/2012,ADOTADA,10/16/2012,7/19/2016,340/2012,SINDAG,43726
11/4/2011,ADOTADA,12/6/2011,12/26/2011,340/D/11,ANAC,41480
11/4/2011,ADOTADA,12/6/2011,12/26/2011,341/2011,ANAC,43449
8/8/2012,ADOTADA,10/16/2012,10/30/2012,341/2012,ANAC,43906
11/4/2011,ADOTADA,12/6/2011,4/27/2012,342/2011,ANAC,43449
8/29/2012,ADOTADA,10/16/2012,4/28/2014,342/2012,ANAC,44377
8/29/2012,ADOTADA,10/16/2012,4/28/2014,343/2012,ANAC,44377
8/29/2012,ADOTADA,10/16/2012,4/28/2014,344/2012,ANAC,44377
12/12/2011,ADOTADA,12/26/2011,12/2/2015,344/D/11,ANAC,45554
8/29/2012,ADOTADA,10/16/2012,4/28/2014,345/2012,ANAC,44377
12/12/2011,NAO ADOTADA,12/26/2011,4/30/2012,345/D/11,ANAC,45554
8/29/2012,ADOTADA,10/16/2012,4/28/2014,346/2012,ANAC,44377
12/12/2011,ADOTADA,12/26/2011,12/2/2015,346/D/11,ANAC,45554
8/12/2012,ADOTADA,10/16/2012,4/28/2014,347/2012,ANAC,44377
12/12/2011,ADOTADA,12/26/2011,9/9/2015,347/D/11,ANAC,45554
8/29/2012,NAO ADOTADA,10/16/2012,3/18/2016,348/2012,ANAC,44377
12/12/2011,NAO ADOTADA,12/20/2011,2/6/2012,348/D/11,DECEA,45554
8/29/2012,NAO ADOTADA,10/16/2012,3/18/2016,349/2012,ANAC,44377
12/12/2011,ADOTADA,12/20/2011,9/9/2013,349/D/11,PASSAREDO,45554
8/29/2012,NAO ADOTADA,10/16/2012,3/18/2016,350/2012,ANAC,44377
12/12/2011,ADOTADA,12/20/2011,9/9/2013,350/D/11,PASSAREDO,45554
8/29/2012,NAO ADOTADA,10/16/2012,3/18/2016,351/2012,ANAC,44377
12/12/2011,ADOTADA,12/20/2011,9/9/2013,351/D/11,PASSAREDO,45554
8/29/2012,ADOTADA,10/16/2012,10/30/2012,352/2012,ANAC,44377
12/12/2011,ADOTADA,12/20/2011,9/9/2013,352/D/11,PASSAREDO,45554
8/29/2012,ADOTADA,10/16/2012,11/30/2012,353/2012,ANAC,44437
12/12/2011,ADOTADA,12/20/2011,9/9/2013,353/D/11,PASSAREDO,45554
8/29/2012,ADOTADA,10/16/2012,11/30/2012,354/2012,ANAC,44437
12/12/2011,ADOTADA,12/20/2011,9/9/2013,354/D/11,PASSAREDO,45554
8/29/2012,ADOTADA,10/16/2012,11/30/2012,355/2012,ANAC,44437
12/12/2011,ADOTADA,12/20/2011,9/9/2013,355/D/11,PASSAREDO,45554
8/29/2012,ADOTADA,10/16/2012,11/30/2012,356/2012,ANAC,44437
12/12/2011,ADOTADA,12/20/2011,9/9/2013,356/D/11,PASSAREDO,45554
8/29/2012,ADOTADA,10/16/2012,10/30/2012,357/2012,ANAC,44539
12/12/2011,ADOTADA,12/20/2011,9/9/2013,357/D/11,PASSAREDO,45554
8/29/2012,ADOTADA,10/16/2012,NULL,358/2012,ABAG,44539
2/6/2012,SEM INFORMACAO,2/6/2012,NULL,358/D/11,DIVERSOS-AB,44564
8/29/2012,SEM INFORMACAO,10/16/2012,NULL,359/2012,APPA,44539
2/6/2012,SEM INFORMACAO,2/6/2012,NULL,359/D/11,DIVERSOS-AB,44564
8/29/2012,ADOTADA,10/16/2012,10/30/2012,360/2012,ANAC,44837
8/7/2012,SEM INFORMACAO,10/16/2012,NULL,361/2012,SI-CE,45052
8/7/2012,ADOTADA,10/16/2012,12/10/2012,362/2012,ANAC,45052
8/7/2012,ADOTADA,10/16/2012,11/19/2012,363/2012,ANAC,45052
8/7/2012,ADOTADA DE FORMA ALTERNATIVA,10/16/2012,4/10/2014,364/2012,ANAC,45052
8/7/2012,ADOTADA,10/16/2012,11/19/2012,365/2012,ANAC,45052
10/21/2013,NAO ADOTADA,3/12/2013,2/21/2014,366/2012,ANAC,46209
9/29/2012,ADOTADA,10/8/2012,8/7/2013,367/D/12,ANAC,46219
9/29/2012,NAO ADOTADA,10/8/2012,5/24/2017,368/D/12,ANAC,46219
9/29/2012,ADOTADA,10/8/2012,10/10/2013,369/D/12,ANAC,46219
9/29/2012,ADOTADA,10/8/2012,9/21/2015,370/D/12,ANAC,46219
12/28/2012,ADOTADA,3/5/2013,4/19/2013,376/2012,ANAC,44577
12/28/2012,ADOTADA,3/5/2013,4/19/2013,376/D/12,ANAC,44577
8/7/2012,ADOTADA,10/16/2012,6/11/2014,377/2012,ANAC,44660
8/7/2012,ADOTADA,10/16/2012,6/11/2014,378/2012,ANAC,44660
8/7/2012,ADOTADA,10/16/2012,6/11/2014,379/2012,ANAC,44660
8/7/2012,NAO ADOTADA,10/16/2012,6/11/2014,380/2012,ANAC,44660
8/7/2012,ADOTADA DE FORMA ALTERNATIVA,10/16/2012,12/21/2015,381/2012,ANAC,44660
8/7/2012,NAO ADOTADA,10/16/2012,9/22/2015,382/2012,ANAC,44660
8/7/2012,ADOTADA,10/16/2012,10/30/2012,383/2012,ANAC,44660
8/7/2012,ADOTADA,10/16/2012,NULL,384/2012,ABAG,44660
8/7/2012,ADOTADA,10/16/2012,NULL,385/2012,ABRAPHE,44660
9/20/2012,ADOTADA,11/1/2012,5/24/2017,390/2012,ANAC,31278
9/20/2012,ADOTADA,11/1/2012,5/24/2017,391/2012,ANAC,31278
9/20/2012,ADOTADA,11/1/2012,5/24/2017,392/2012,ANAC,31278
12/21/2011,ADOTADA,2/6/2012,5/2/2012,393/2011,ANAC,28395
9/20/2012,ADOTADA,11/1/2012,4/28/2014,393/2012,ANAC,31278
12/21/2011,SEM INFORMACAO,2/6/2012,NULL,394/2011,RIOAR,29861
9/20/2012,ADOTADA,11/1/2012,4/28/2014,394/2012,ANAC,31278
12/21/2011,SEM INFORMACAO,2/6/2012,NULL,395/2011,RIOAR,29861
9/20/2012,ADOTADA,11/1/2012,4/28/2014,395/2012,ANAC,31278
12/21/2011,ADOTADA,2/6/2012,5/3/2012,396/2011,ANAC,29861
9/20/2012,ADOTADA,11/1/2012,4/28/2014,396/2012,ANAC,31278
12/21/2011,ADOTADA,2/6/2012,5/3/2012,397/2011,ANAC,31377
9/20/2012,ADOTADA,11/1/2012,4/28/2014,397/2012,ANAC,31278
12/21/2011,ADOTADA,2/6/2012,5/3/2012,398/2011,ANAC,32675
9/20/2012,ADOTADA,11/1/2012,4/28/2014,398/2012,ANAC,31278
12/21/2011,SEM INFORMACAO,2/6/2012,NULL,399/2011,AMTRANS,32675
9/20/2012,ADOTADA,11/1/2012,2/5/2013,399/2012,ANAC,31278
12/21/2011,SEM INFORMACAO,2/6/2012,NULL,400/2011,FLEX,39913
9/20/2012,ADOTADA,12/11/2012,1/29/2014,400/2012,EASA,31278
12/21/2011,SEM INFORMACAO,2/6/2012,NULL,401/2011,FLEX,39913
9/20/2012,ADOTADA,12/11/2012,6/18/2013,401/2012,EASA,31278
12/21/2011,ADOTADA,2/6/2012,5/3/2012,402/2011,ANAC,39913
9/20/2012,ADOTADA,12/11/2012,6/18/2013,402/2012,EASA,31278
12/21/2011,SEM INFORMACAO,2/6/2012,NULL,403/2011,AEROC-BRG,41751
9/20/2012,ADOTADA,11/1/2012,3/25/2013,403/2012,ANAC,34936
12/21/2011,ADOTADA,2/6/2012,5/3/2012,404/2011,ANAC,41751
9/20/2012,NAO ADOTADA,11/1/2012,3/27/2017,404/2012,ANAC,34936
12/21/2011,ADOTADA,12/21/2011,1/31/2012,405/2011,SERIPA-1,41751
12/21/2011,ADOTADA,12/21/2011,NULL,405/2011,SERIPA-2,41751
12/21/2011,ADOTADA,12/21/2011,NULL,405/2011,SERIPA-3,41751
12/21/2011,ADOTADA,12/21/2011,NULL,405/2011,SERIPA-4,41751
12/21/2011,ADOTADA,12/21/2011,NULL,405/2011,SERIPA-5,41751
12/21/2011,ADOTADA,12/21/2011,NULL,405/2011,SERIPA-6,41751
12/21/2011,ADOTADA,12/21/2011,NULL,405/2011,SERIPA-7,41751
9/20/2012,ADOTADA,11/1/2012,2/20/2013,405/2012,ANAC,34936
12/21/2011,SEM INFORMACAO,2/6/2012,NULL,406/2011,NACIONAL_ESC,41750
9/20/2012,NAO ADOTADA,11/1/2012,5/24/2017,406/2012,ANAC,34936
12/21/2011,SEM INFORMACAO,2/6/2012,NULL,407/2011,NACIONAL_ESC,41750
9/20/2012,ADOTADA,11/1/2012,5/24/2017,407/2012,ANAC,34936
12/21/2011,SEM INFORMACAO,2/6/2012,NULL,408/2011,NACIONAL_ESC,41750
9/20/2012,NAO ADOTADA,11/1/2012,3/27/2017,408/2012,ANAC,34936
12/21/2011,ADOTADA,2/6/2012,5/2/2012,409/2011,ANAC,42723
9/20/2012,ADOTADA,11/1/2012,5/22/2013,409/2012,ANAC,34936
12/21/2011,ADOTADA,2/6/2012,7/2/2012,410/2011,ANAC,42723
9/20/2012,ADOTADA,10/30/2012,10/30/2012,410/2012,ANAC,38646
12/21/2011,SEM INFORMACAO,2/6/2012,NULL,411/2011,META_OFC,42723
9/20/2012,ADOTADA,11/1/2012,5/9/2013,411/2012,ANAC,43658
12/21/2011,SEM INFORMACAO,2/6/2012,NULL,411/D/11,META_OFC,42723
9/20/2012,ADOTADA,11/1/2012,5/9/2013,412/2012,ANAC,43658
12/21/2011,SEM INFORMACAO,2/6/2012,NULL,412/D/11,AEROC-GO,43294
9/20/2012,ADOTADA,11/1/2012,5/9/2013,413/2012,ANAC,43658
12/21/2011,SEM INFORMACAO,2/6/2012,NULL,413/D/11,ABRAPHE,43294
9/20/2012,ADOTADA,10/30/2012,10/30/2012,414/2012,ANAC,43658
12/21/2011,ADOTADA,12/21/2011,NULL,414/D/11,SERIPA-1,43294
12/21/2011,ADOTADA,12/21/2011,NULL,414/D/11,SERIPA-2,43294
12/21/2011,ADOTADA,12/21/2011,NULL,414/D/11,SERIPA-3,43294
12/21/2011,ADOTADA,12/21/2011,NULL,414/D/11,SERIPA-4,43294
12/21/2011,ADOTADA,12/21/2011,NULL,414/D/11,SERIPA-5,43294
12/21/2011,ADOTADA,12/21/2011,NULL,414/D/11,SERIPA-6,43294
12/21/2011,ADOTADA,12/21/2011,NULL,414/D/11,SERIPA-7,43294
9/20/2012,ADOTADA,11/1/2012,2/20/2013,415/2012,ANAC,43989
9/20/2012,ADOTADA,11/1/2012,2/20/2013,416/2012,ANAC,43989
9/20/2012,ADOTADA,11/1/2012,12/18/2012,417/2012,ANAC,43989
9/11/2008,SEM INFORMACAO,9/11/2008,NULL,417/D/08,SOURE,30475
9/20/2012,ADOTADA,11/1/2012,2/20/2013,418/2012,ANAC,43989
9/11/2008,SEM INFORMACAO,9/11/2008,NULL,418/D/08,SOURE,30475
9/20/2012,ADOTADA,11/1/2012,2/20/2013,419/2012,ANAC,43989
9/11/2008,SEM INFORMACAO,9/11/2008,NULL,419/D/08,SOURE,30475
9/20/2012,ADOTADA,10/30/2012,10/30/2012,420/2012,ANAC,43989
9/11/2008,SEM INFORMACAO,9/11/2008,NULL,420/D/08,OFICINAS_SERIPA-1,30475
9/20/2012,ADOTADA,11/1/2012,12/12/2012,421/2012,ANAC,44775
9/11/2008,SEM INFORMACAO,9/11/2008,NULL,421/D/08,OFICINAS_SERIPA-1,30475
9/20/2012,ADOTADA,11/1/2012,12/12/2012,422/2012,ANAC,44775
9/20/2012,ADOTADA,11/1/2012,12/12/2012,423/2012,ANAC,44775
9/20/2012,ADOTADA,11/1/2012,12/12/2012,424/2012,ANAC,44775
9/20/2012,ADOTADA,10/30/2012,10/30/2012,425/2012,ANAC,44775
9/20/2012,ADOTADA,11/1/2012,2/25/2013,426/2012,ANAC,44988
9/20/2012,ADOTADA,11/1/2012,2/25/2013,427/2012,ANAC,44988
9/20/2012,ADOTADA,11/1/2012,2/25/2013,428/2012,ANAC,44988
9/20/2012,ADOTADA,11/1/2012,2/25/2013,429/2012,ANAC,44988
9/20/2012,SEM INFORMACAO,9/20/2012,NULL,430/2012,FAA,46901
9/20/2012,NAO ADOTADA,11/1/2012,11/6/2012,431/2012,ANAC,46901
10/17/2012,ADOTADA,11/1/2012,10/9/2013,437/2012,ANAC,28256
10/17/2012,ADOTADA,11/1/2012,3/13/2013,438/2012,ANAC,28256
10/17/2012,ADOTADA,11/1/2012,3/13/2013,439/2012,ANAC,34040
10/17/2012,NAO ADOTADA,11/1/2012,5/24/2016,440/2012,ANAC,40554
10/17/2012,ADOTADA,11/1/2012,5/24/2016,441/2012,ANAC,40554
10/17/2012,ADOTADA,11/1/2012,5/24/2016,442/2012,ANAC,40554
10/17/2012,NAO ADOTADA,11/1/2012,9/29/2016,443/2012,ANAC,40554
10/17/2012,ADOTADA,11/1/2012,5/24/2016,444/2012,ANAC,40554
10/17/2012,ADOTADA,11/1/2012,9/29/2016,445/2012,ANAC,40554
10/17/2012,ADOTADA,11/1/2012,5/24/2016,446/2012,ANAC,40554
10/17/2012,NAO ADOTADA,11/1/2012,2/23/2016,447/2012,ANAC,40554
10/17/2012,ADOTADA,11/1/2012,7/28/2014,448/2012,ANAC,44647
10/17/2012,ADOTADA,11/1/2012,7/28/2014,449/2012,ANAC,44647
10/17/2012,ADOTADA,11/1/2012,7/28/2014,450/2012,ANAC,44647
10/17/2012,ADOTADA,11/1/2012,7/28/2014,451/2012,ANAC,44647
10/17/2012,ADOTADA,11/1/2012,12/26/2012,452/2012,DTCEA-SV,44647
10/17/2012,ADOTADA,11/1/2012,2/4/2015,453/2012,ANAC,44838
10/17/2012,ADOTADA,11/1/2012,2/4/2015,454/2012,ANAC,44838
10/17/2012,ADOTADA,11/1/2012,4/28/2014,455/D/12,ANAC,44838
10/17/2012,ADOTADA DE FORMA ALTERNATIVA,11/1/2012,6/28/2014,456/D/12,ANAC,44838
10/17/2012,ADOTADA,11/1/2012,9/21/2015,457/2012,ANAC,44838
10/17/2012,ADOTADA,11/1/2012,3/13/2013,458/D/12,ANAC,44838
11/19/2012,ADOTADA,12/11/2012,4/19/2013,462/2012,ANAC,35256
11/19/2012,ADOTADA,12/11/2012,1/21/2014,463/2012,ANAC,40069
11/19/2012,ADOTADA,12/11/2012,1/21/2014,464/2012,ANAC,40069
11/19/2012,ADOTADA,12/11/2012,1/21/2014,465/2012,ANAC,40069
11/19/2012,ADOTADA,12/11/2012,1/21/2014,466/2012,ANAC,40069
11/19/2012,NAO ADOTADA,12/11/2012,1/21/2014,467/2012,ANAC,40069
11/19/2012,ADOTADA,12/11/2012,4/19/2013,468/2012,ANAC,40069
11/19/2012,ADOTADA,12/11/2012,1/21/2014,469/2012,ANAC,40069
11/19/2012,SEM INFORMACAO,12/11/2012,NULL,470/2012,ABRAPHE,40069
11/19/2012,ADOTADA,12/11/2012,4/22/2013,471/2012,ANAC,39318
11/19/2012,ADOTADA,12/11/2012,2/18/2014,472/2012,ANAC,39318
11/19/2012,ADOTADA DE FORMA ALTERNATIVA,12/11/2012,4/15/2014,473/2012,ANAC,39318
11/19/2012,ADOTADA DE FORMA ALTERNATIVA,12/11/2012,4/15/2014,474/2012,ANAC,39318
11/19/2012,ADOTADA,12/11/2012,2/18/2014,475/2012,ANAC,39318
11/19/2012,SEM INFORMACAO,3/12/2013,NULL,476/2012,ST-PI,43472
11/19/2012,ADOTADA,12/11/2012,3/15/2017,477/2012,ANAC,43472
11/19/2012,ADOTADA DE FORMA ALTERNATIVA,12/11/2012,4/17/2014,478/2012,ANAC,43472
11/19/2010,ADOTADA DE FORMA ALTERNATIVA,12/11/2012,3/23/2017,479/2012,ANAC,43472
11/19/2012,ADOTADA,12/11/2012,3/13/2013,480/2012,ANAC,43472
4/27/2009,SEM INFORMACAO,4/27/2009,NULL,A/025/2009/SERIPA_V,WEISS,33835
4/27/2009,SEM INFORMACAO,4/27/2009,NULL,A/026/2009/SERIPA_V,WEISS,33835
4/27/2009,SEM INFORMACAO,4/27/2009,NULL,A/027/2009/SERIPA_V,SERIPA-5,33835
4/27/2009,SEM INFORMACAO,4/27/2009,NULL,A/028/2009/SERIPA_V,SERIPA-5,33835
5/7/2009,SEM INFORMACAO,5/7/2009,NULL,A/030/2009/SERIPA_5,ICARAI,34496
5/7/2009,SEM INFORMACAO,5/7/2009,NULL,A/031/2009/SERIPA_5,ICARAI,34496
10/27/2017,ADOTADA,11/30/2017,3/28/2018,A-001/CENIPA/2017-01,ANAC,66203
11/24/2025,ADOTADA,11/24/2025,4/22/2026,A-001/CENIPA/2022-01,ANAC,80470
11/24/2025,NAO ADOTADA,11/24/2025,NULL,A-001/CENIPA/2022-02,ANAC,80470
2/9/2022,ADOTADA,2/11/2022,5/2/2022,A-002/CENIPA/2013-01,ANAC,46857
7/18/2013,ADOTADA,8/12/2013,4/5/2016,A-002/CENIPA/2013-RSV_001,ANAC,43404
7/18/2013,ADOTADA,8/12/2013,4/5/2016,A-002/CENIPA/2013-RSV_002,ANAC,43404
7/18/2013,ADOTADA,8/12/2013,4/5/2016,A-002/CENIPA/2013-RSV_003,ANAC,43404
7/18/2013,ADOTADA,8/12/2013,4/5/2016,A-002/CENIPA/2013-RSV_004,ANAC,43404
7/18/2013,ADOTADA,8/12/2013,4/5/2016,A-002/CENIPA/2013-RSV_005,ANAC,43404
7/18/2013,ADOTADA,8/12/2013,4/5/2016,A-002/CENIPA/2013-RSV_006,ANAC,43404
7/18/2013,ADOTADA,8/12/2013,4/5/2016,A-002/CENIPA/2013-RSV_007,ANAC,43404
7/18/2013,ADOTADA,8/12/2013,2/17/2014,A-002/CENIPA/2013-RSV_008,ANAC,43404
7/18/2013,ADOTADA,8/12/2013,2/17/2014,A-002/CENIPA/2013-RSV_009,ANAC,43404
1/6/2014,ADOTADA,2/12/2014,5/28/2014,A-002/CENIPA/2014-RSV_001,ANAC,31128
4/27/2024,ADOTADA,5/6/2024,9/17/2024,A-002/CENIPA/2022-01,ANAC,80471
4/27/2024,ADOTADA,5/6/2024,9/17/2024,A-002/CENIPA/2022-02,ANAC,80471
4/27/2024,ADOTADA,5/6/2024,9/17/2024,A-002/CENIPA/2022-03,ANAC,80471
5/26/2014,ADOTADA DE FORMA ALTERNATIVA,7/28/2014,12/30/2014,A-003/CENIPA/2013-RS_001,ANAC,46855
10/21/2013,ADOTADA DE FORMA ALTERNATIVA,12/18/2013,7/28/2014,A-003/CENIPA/2013-RSV001,ANAC,45487
10/21/2013,ADOTADA,12/18/2013,4/28/2014,A-003/CENIPA/2013-RSV002,ANAC,45487
10/21/2013,ADOTADA,12/18/2013,2/27/2014,A-003/CENIPA/2013-RSV003,ANAC,45487
2/17/2014,NAO ADOTADA,6/16/2014,4/18/2016,A-003/CENIPA/2014-RSV_001,ANAC,46092
2/17/2014,ADOTADA,6/16/2014,3/16/2016,A-003/CENIPA/2014-RSV_002,ANAC,46092
2/17/2014,ADOTADA,6/16/2014,3/16/2016,A-003/CENIPA/2014-RSV_003,ANAC,46092
2/17/2014,SEM INFORMACAO,7/22/2014,NULL,A-003/CENIPA/2014-RSV_004,CNP,46092
2/17/2014,SEM INFORMACAO,7/22/2014,NULL,A-003/CENIPA/2014-RSV_005,CNP,46092
8/1/2017,ADOTADA,8/29/2017,4/25/2018,A-003/CENIPA/2017-01,ANAC,66215
7/15/2014,ADOTADA,8/11/2014,4/7/2015,A-004/CENIPA/2014-001,ANAC,46202
6/18/2024,ADOTADA,6/20/2024,10/24/2024,A-004/CENIPA/2021-01,ANAC,79814
3/19/2024,ADOTADA,3/20/2024,6/24/2024,A-004/CENIPA/2022-01,ANAC,80478
3/19/2024,ADOTADA,3/20/2024,6/24/2024,A-004/CENIPA/2022-02,ANAC,80478
3/19/2024,ADOTADA,3/20/2024,5/3/2024,A-004/CENIPA/2022-03,ANAC,80478
4/5/2018,ADOTADA,4/17/2018,4/28/2018,A-005/CENIPA/2015-01,ANAC,52981
4/5/2018,ADOTADA,4/17/2018,4/28/2018,A-005/CENIPA/2015-02,ANAC,52981
4/5/2018,ADOTADA,4/17/2019,9/17/2019,A-005/CENIPA/2015-03,ANAC,52981
11/16/2021,ADOTADA,12/23/2021,7/7/2022,A-005/CENIPA/2016-01,ANAC,60630
11/16/2021,ADOTADA,12/23/2021,7/7/2022,A-005/CENIPA/2016-02,ANAC,60630
11/16/2021,ADOTADA,12/23/2021,7/7/2022,A-005/CENIPA/2016-03,ANAC,60630
11/16/2021,ADOTADA,12/23/2021,7/7/2022,A-005/CENIPA/2016-04,ANAC,60630
11/16/2021,ADOTADA,12/23/2021,5/11/2022,A-005/CENIPA/2016-05,DECEA,60630
7/21/2021,ADOTADA,8/18/2021,4/14/2022,A-005/CENIPA/2020-01,ANAC,79120
10/29/2024,ADOTADA,11/4/2024,3/7/2025,A-005/CENIPA/202-01,ANAC,81244
4/25/2025,ADOTADA,4/28/2025,6/30/2025,A-005/CENIPA/2021-01,ANAC,79811
4/25/2025,ADOTADA,4/28/2025,9/12/2025,A-005/CENIPA/2021-02,ANAC,79811
10/28/2019,ADOTADA,11/6/2019,1/6/2021,A-006/CENIPA/2019-01,ANAC,78426
10/28/2019,ADOTADA,11/6/2019,6/16/2020,A-006/CENIPA/2019-02,ANAC,78426
10/28/2019,ADOTADA,11/6/2019,6/16/2020,A-006/CENIPA/2019-03,ANAC,78426
3/13/2024,ADOTADA,3/15/2024,5/10/2024,A-006/CENIPA/2022-01,ANAC,80483
4/27/2024,ADOTADA,5/10/2024,11/29/2024,A-006/CENIPA/2023-01,ANAC,81239
2/8/2017,ADOTADA,2/16/2017,7/20/2017,A-007/CENIPA/2015-01,ANAC,52978
7/18/2013,ADOTADA DE FORMA ALTERNATIVA,8/12/2013,7/30/2014,A-008/CENIPA/2013-RSV001,ANAC,44402
7/18/2013,ADOTADA,8/12/2013,10/11/2013,A-008/CENIPA/2013-RSV002,ANAC,44402
8/19/2021,ADOTADA,8/26/2021,9/16/2021,A-008/CENIPA/2018-01,ANAC,77636
2/9/2022,ADOTADA,2/16/2022,6/8/2022,A-008/CENIPA/2019-01,ANAC,78439
2/9/2022,ADOTADA,2/16/2022,3/31/2022,A-008/CENIPA/2019-02,ANAC,78439
2/9/2022,ADOTADA,2/16/2022,11/21/2022,A-008/CENIPA/2019-03,ANAC,78439
5/14/2025,ADOTADA,5/17/2025,8/15/2025,A-008/CENIPA/2022-01,ANAC,80488
5/16/2019,ADOTADA,5/22/2019,5/30/2019,A-009/CENIPA/2019-01,ANAC,78432
2/9/2022,ADOTADA,2/16/2022,1/20/2023,A-009/CENIPA/2020-01,ANAC,79121
2/9/2022,ADOTADA,2/16/2022,5/10/2022,A-009/CENIPA/2020-02,ANAC,79121
2/9/2022,ADOTADA,2/16/2022,1/20/2023,A-009/CENIPA/2020-03,ANAC,79121
2/9/2022,ADOTADA DE FORMA ALTERNATIVA,2/16/2022,2/21/2022,A-009/CENIPA/2020-04,ANAC,79121
5/26/2014,ADOTADA,8/11/2014,4/7/2015,A-010/CENIPA/2013-RS_001,ANAC,46854
8/22/2014,ADOTADA,10/1/2014,12/30/2014,A-010/CENIPA/2014-01,ANAC,52935
3/31/2014,ADOTADA DE FORMA ALTERNATIVA,6/16/2014,11/27/2014,A-010/CENIPA/2014-RSV_001,ANAC,34776
3/31/2014,NAO ADOTADA,6/16/2014,8/13/2014,A-010/CENIPA/2014-RSV_002,ANAC,34776
1/27/2014,ADOTADA,3/20/2014,5/20/2015,A-011/CENIPA/2014-002,DECEA,34838
1/27/2014,ADOTADA,3/19/2014,9/26/2014,A-011/CENIPA/2014-RSV_001,ANAC,34838
2/9/2022,ADOTADA,2/16/2022,6/22/2022,A-011/CENIPA/2019-01,ANAC,78438
2/9/2022,ADOTADA,2/16/2022,6/22/2022,A-011/CENIPA/2019-02,ANAC,78438
4/17/2023,ADOTADA,4/26/2023,9/19/2023,A-011/CENIPA/2021-02,DECEA,79846
11/29/2013,ADOTADA,12/17/2013,10/27/2014,A-012/CENIPA/2013-RSV001,ANAC,43899
11/29/2013,NAO ADOTADA,12/17/2013,7/28/2014,A-012/CENIPA/2013-RSV002,ANAC,43899
11/29/2013,ADOTADA,12/17/2013,10/27/2014,A-012/CENIPA/2013-RSV003,ANAC,43899
11/29/2013,ADOTADA,12/17/2013,10/27/2014,A-012/CENIPA/2013-RSV004,ANAC,43899
11/25/2025,NAO ADOTADA,11/25/2025,NULL,A-012/CENIPA/2023-01,ANAC,81263
1/16/2018,ADOTADA,2/1/2018,1/10/2019,A-013/CENIPA/2017-01,ANAC,66309
1/16/2018,ADOTADA,2/1/2018,1/10/2019,A-013/CENIPA/2017-02,ANAC,66309
11/16/2021,ADOTADA,12/23/2021,3/31/2022,A-013/CENIPA/2019-01,ANAC,78455
6/2/2014,ADOTADA DE FORMA ALTERNATIVA,7/28/2014,9/30/2014,A-014/CENIPA/2014-RSV_001,ANAC,46570
6/2/2014,ADOTADA DE FORMA ALTERNATIVA,7/28/2014,1/25/2016,A-014/CENIPA/2014-RSV_002,ANAC,46570
2/17/2025,ADOTADA,2/19/2025,7/23/2025,A-014/CENIPA/2024-01,ANAC,83193
2/17/2025,ADOTADA,2/19/2025,3/7/2025,A-014/CENIPA/2024-02,ANAC,83193
9/4/2025,ADOTADA,9/5/2025,12/19/2025,A-015/CENIPA/2020-01,ANAC,80506
7/10/2013,ADOTADA DE FORMA ALTERNATIVA,7/18/2013,7/30/2014,A-016/CENIPA/2013-RSV_001,ANAC,45597
7/10/2013,ADOTADA,7/18/2013,8/8/2013,A-016/CENIPA/2013-RSV_002,ANAC,45597
1/29/2019,ADOTADA,2/25/2019,1/29/2020,A-016/CENIPA/2016-01,ANAC,60686
1/29/2019,NAO ADOTADA,2/25/2019,9/30/2019,A-016/CENIPA/2016-02,ANAC,60686
10/28/2019,ADOTADA,11/5/2019,8/14/2020,A-016/CENIPA/2019-01,ANAC,78479
7/16/2013,ADOTADA DE FORMA ALTERNATIVA,8/12/2013,2/18/2014,A-017/CENIPA/2013-RSV001,ANAC,45751
7/16/2013,ADOTADA,8/12/2013,10/7/2013,A-017/CENIPA/2013-RSV002,ANAC,45751
6/2/2014,ADOTADA DE FORMA ALTERNATIVA,7/28/2014,12/30/2014,A-017/CENIPA/2014-RSV_001,ANAC,46563
4/8/2019,ADOTADA,4/23/2019,7/18/2019,A-017/CENIPA/2017-01,ANAC,66332
4/8/2019,ADOTADA,4/23/2019,10/10/2019,A-017/CENIPA/2017-02,ANAC,66332
9/3/2019,ADOTADA,9/10/2019,9/14/2020,A-018/CENIPA/2013-01,ANAC,46862
6/2/2014,ADOTADA DE FORMA ALTERNATIVA,7/29/2014,12/30/2014,A-018/CENIPA/2014-RSV_001,ANAC,46411
7/21/2021,ADOTADA,8/18/2021,2/14/2022,A-018/CENIPA/2016-01,ANAC,60689
9/3/2019,ADOTADA,9/10/2019,8/12/2020,A-018/CENIPA/2019-01,ANAC,78485
7/21/2021,ADOTADA,8/18/2021,2/14/2022,A-018/CENIPA/2020-02,ANAC,60689
7/21/2021,ADOTADA,8/18/2021,9/15/2021,A-018/CENIPA/2020-03,ANAC,60689
7/18/2013,SEM INFORMACAO,8/8/2013,NULL,A-019/CENIPA/2013-RSV_001,LET,44796
7/18/2013,SEM INFORMACAO,8/8/2013,NULL,A-019/CENIPA/2013-RSV_002,LET,44796
7/18/2013,SEM INFORMACAO,8/8/2013,NULL,A-019/CENIPA/2013-RSV_003,GE_AVIATION,44796
7/18/2013,SEM INFORMACAO,8/6/2013,NULL,A-019/CENIPA/2013-RSV_004,GE_AVIATION,44796
7/18/2013,ADOTADA,8/12/2013,11/4/2013,A-019/CENIPA/2013-RSV005,ANAC,44796
7/18/2013,ADOTADA,8/12/2013,11/4/2013,A-019/CENIPA/2013-RSV006,ANAC,44796
7/18/2013,ADOTADA,8/12/2013,11/4/2013,A-019/CENIPA/2013-RSV007,ANAC,44796
7/18/2013,ADOTADA,8/12/2013,11/4/2013,A-019/CENIPA/2013-RSV008,ANAC,44796
6/2/2014,ADOTADA,7/29/2014,3/16/2016,A-019/CENIPA/2014-001,ANAC,44817
6/2/2014,ADOTADA,7/29/2014,3/16/2016,A-019/CENIPA/2014-002,ANAC,44817
2/28/2014,ADOTADA,4/14/2015,6/7/2016,A-020/CENIPA/2013-RSV_001,ANAC,46873
12/30/2013,NAO ADOTADA,2/12/2014,4/17/2014,A-020/CENIPA/2013-RSV_001,ANAC,44484
12/30/2013,NAO ADOTADA,2/12/2014,1/10/2017,A-020/CENIPA/2013-RSV_002,ANAC,44484
12/30/2013,ADOTADA,2/12/2014,3/26/2014,A-020/CENIPA/2013-RSV_003,ANAC,44484
6/2/2014,ADOTADA DE FORMA ALTERNATIVA,7/29/2014,12/30/2014,A-020/CENIPA/2014-001,ANAC,28437
12/4/2018,ADOTADA,12/14/2018,1/10/2019,A-020/CENIPA/2017-01,ANAC,66335
1/29/2019,NAO APLICAVEL,3/7/2019,4/17/2019,A-021/CENIPA/2015-01,ANAC,52972
1/29/2019,ADOTADA,3/7/2019,4/17/2019,A-021/CENIPA/2015-02,ANAC,52972
10/14/2024,ADOTADA,10/14/2024,5/13/2025,A-021/CENIPA/2022-01,ANAC,80540
10/14/2024,ADOTADA,10/14/2024,5/13/2025,A-021/CENIPA/2022-02,ANAC,80540
7/26/2013,ADOTADA,8/12/2013,11/20/2013,A-022/CENIPA/2013-RSV001,ANAC,45053
7/26/2013,ADOTADA,8/12/2013,10/7/2013,A-022/CENIPA/2013-RSV002,ANAC,45053
7/26/2013,ADOTADA,8/12/2013,10/7/2013,A-023/CENIPA/2013-RSV001,ANAC,46199
7/26/2013,ADOTADA,8/12/2013,8/31/2013,A-023/CENIPA/2013-RSV002,ANAC,46199
7/26/2013,ADOTADA,8/12/2013,8/31/2013,A-023/CENIPA/2013-RSV003,ANAC,46199
7/15/2015,ADOTADA,9/3/2015,1/6/2016,A-023/CENIPA/2015-001,ANAC,50800
7/15/2015,ADOTADA,9/3/2015,1/6/2016,A-023/CENIPA/2015-002,ANAC,50800
7/15/2015,ADOTADA,9/3/2015,1/6/2016,A-023/CENIPA/2015-003,ANAC,50800
7/15/2015,ADOTADA,9/3/2015,1/6/2016,A-023/CENIPA/2015-004,ANAC,50800
6/25/2018,ADOTADA,7/31/2018,3/17/2020,A-023/CENIPA/2015-01,ANAC,53116
6/25/2018,ADOTADA,7/31/2018,6/7/2019,A-023/CENIPA/2015-02,ANAC,53116
7/30/2013,ADOTADA,8/12/2013,4/5/2016,A-024/CENIPA/2013-RSV_001,ANAC,44248
7/30/2013,ADOTADA,8/12/2013,4/5/2016,A-024/CENIPA/2013-RSV_002,ANAC,44248
7/30/2013,ADOTADA,8/12/2013,4/5/2016,A-024/CENIPA/2013-RSV_003,ANAC,44248
7/30/2013,ADOTADA,8/12/2013,NULL,A-024/CENIPA/2013-RSV_004,ABRAPHE,44248
7/30/2013,NAO ADOTADA,8/12/2013,3/21/2014,A-024/CENIPA/2013-RSV_005,DECEA,44248
6/3/2016,ADOTADA,7/14/2016,11/17/2017,A-024/CENIPA/2015-01,ANP,53117
10/27/2017,ADOTADA,11/16/2017,8/6/2018,A-024/CENIPA/2017-01,ANAC,66334
7/30/2024,ADOTADA,7/31/2024,8/18/2025,A-024/CENIPA/2022-01,ANAC,80549
7/30/2013,ADOTADA,8/12/2013,10/11/2013,A-025/CENIPA/2013-RSV001,ANAC,44316
7/30/2013,NAO ADOTADA,8/12/2013,10/18/2013,A-025/CENIPA/2013-RSV002,ANAC,44316
10/1/2014,ADOTADA,12/15/2014,2/25/2015,A-025/CENIPA/2014-001,ANAC,50802
7/30/2013,ADOTADA,8/12/2013,10/11/2013,A-026/CENIPA/2013-RSV001,ANAC,44944
7/30/2013,ADOTADA DE FORMA ALTERNATIVA,8/12/2013,11/5/2013,A-026/CENIPA/2013-RSV002,ANAC,44944
4/8/2025,ADOTADA,4/14/2025,9/11/2025,A-027/CENIPA/2023-01,ANAC,81328
12/30/2013,ADOTADA,2/12/2014,3/26/2014,A-028/CENIPA/2013-RSV_001,ANAC,31856
1/29/2019,ADOTADA,2/21/2019,5/3/2019,A-028/CENIPA/2017-01,ANAC,66431
1/29/2019,ADOTADA,2/21/2019,5/3/2019,A-028/CENIPA/2017-02,ANAC,66431
1/29/2019,ADOTADA,2/21/2019,5/3/2019,A-028/CENIPA/2017-03,ANAC,66431
3/11/2022,ADOTADA,3/15/2022,10/11/2022,A-028/CENIPA/2020-01,ANAC,79223
3/11/2022,ADOTADA,3/15/2022,10/11/2022,A-028/CENIPA/2020-02,ANAC,79223
3/11/2022,ADOTADA DE FORMA ALTERNATIVA,3/15/2022,3/18/2022,A-028/CENIPA/2020-03,ANAC,79223
5/16/2024,ADOTADA,5/17/2024,9/11/2025,A-028/CENIPA/2022-01,ANAC,80565
5/16/2024,ADOTADA,5/17/2024,6/18/2024,A-028/CENIPA/2022-02,ANAC,80565
12/19/2024,ADOTADA,12/23/2024,7/7/2025,A-028/CENIPA/2023-01,ANAC,81322
7/30/2013,ADOTADA,8/12/2013,10/11/2013,A-029/CENIPA/2013-RSV001,ANAC,45088
7/30/2013,ADOTADA,8/12/2013,9/23/2013,A-029/CENIPA/2013-RSV002,ANAC,45088
7/21/2021,ADOTADA DE FORMA ALTERNATIVA,8/18/2021,9/15/2021,A-029/CENIPA/2020-01,ANAC,79199
12/18/2025,NAO ADOTADA,12/23/2025,NULL,A-029/CENIPA/2022-01,ANAC,80561
12/18/2025,NAO ADOTADA,12/23/2025,NULL,A-029/CENIPA/2022-02,ANAC,80561
6/16/2014,ADOTADA,8/11/2014,NULL,A-030/CENIPA/2014-001,ABAG,45061
6/16/2014,SEM INFORMACAO,8/11/2014,NULL,A-030/CENIPA/2014-002,APPA,45061
4/22/2025,ADOTADA,4/23/2025,11/26/2025,A-030/CENIPA/2023-01,ANAC,81320
3/17/2014,ADOTADA DE FORMA ALTERNATIVA,6/16/2014,9/30/2014,A-031/CENIPA/2013-RSV001,ANAC,37235
3/17/2014,ADOTADA DE FORMA ALTERNATIVA,6/16/2014,11/27/2014,A-031/CENIPA/2013-RSV002,ANAC,37235
4/8/2019,ADOTADA,4/23/2019,9/30/2019,A-031/CENIPA/2014-01,ANAC,50806
4/8/2019,ADOTADA,4/23/2019,9/30/2019,A-031/CENIPA/2014-02,ANAC,50806
4/8/2019,ADOTADA,4/23/2019,9/30/2019,A-031/CENIPA/2014-03,ANAC,50806
6/28/2019,ADOTADA,8/20/2019,4/3/2020,A-031/CENIPA/2018-01,ANAC,77700
6/28/2019,ADOTADA DE FORMA ALTERNATIVA,8/20/2019,4/3/2020,A-031/CENIPA/2018-02,ANAC,77700
12/30/2013,ADOTADA,8/22/2014,NULL,A-032/CENIPA/2013-RSV001,ANAC,39933
4/7/2014,ADOTADA DE FORMA ALTERNATIVA,4/14/2015,8/21/2015,A-032/CENIPA/2014-RSV_001,ANAC,45392
4/7/2014,NAO ADOTADA,4/14/2015,8/17/2015,A-032/CENIPA/2014-RSV_002,ANAC,45392
9/4/2018,ADOTADA,10/17/2018,4/9/2019,A-032/CENIPA/2016-01,ANAC,60734
9/4/2018,ADOTADA,10/17/2018,4/9/2019,A-032/CENIPA/2016-02,ANAC,60734
8/6/2019,ADOTADA,8/20/2019,9/12/2019,A-032/CENIPA/2019-01,ANAC,78550
12/30/2013,ADOTADA DE FORMA ALTERNATIVA,3/19/2014,7/30/2014,A-033/CENIPA/2013-RSV001,ANAC,45054
12/30/2013,ADOTADA,3/19/2014,7/30/2014,A-033/CENIPA/2013-RSV002,ANAC,45054
7/21/2021,ADOTADA,8/18/2021,9/15/2021,A-033/CENIPA/2019-01,ANAC,78552
8/5/2024,ADOTADA,8/6/2024,1/30/2025,A-033/CENIPA/2022-01,ANAC,80589
8/5/2024,ADOTADA,8/6/2024,9/10/2024,A-033/CENIPA/2022-02,ANAC,80589
8/5/2024,ADOTADA,8/6/2024,9/10/2024,A-033/CENIPA/2022-03,ANAC,80589
8/5/2024,ADOTADA,8/6/2024,1/30/2025,A-033/CENIPA/2022-04,ANAC,80589
12/30/2013,ADOTADA,9/3/2015,11/26/2015,A-034/CENIPA/2013-RSV_001,ANAC,46437
12/30/2013,ADOTADA,9/3/2015,11/26/2015,A-034/CENIPA/2013-RSV_002,ANAC,46437
4/8/2019,ADOTADA,4/17/2019,5/23/2019,A-034/CENIPA/2017-01,ANAC,66451
4/8/2019,ADOTADA,4/17/2019,5/23/2019,A-034/CENIPA/2017-02,ANAC,66451
8/14/2013,ADOTADA DE FORMA ALTERNATIVA,1/11/2016,4/11/2016,A-035/CENIPA/2013-RSV_001_A,ANAC,47661
12/12/2013,ADOTADA,2/12/2014,8/31/2017,A-035/CENIPA/2013-RSV_001_A,ANAC,41900
9/16/2013,ADOTADA,12/5/2013,3/12/2014,A-035/CENIPA/2013-RSV_001_B,ANAC,47025
8/14/2013,ADOTADA,1/11/2016,5/24/2016,A-035/CENIPA/2013-RSV_002_A,ANAC,47661
12/12/2013,ADOTADA,2/12/2014,3/26/2014,A-035/CENIPA/2013-RSV_002_B,ANAC,41900
12/12/2013,SEM INFORMACAO,2/12/2014,NULL,A-035/CENIPA/2013-RSV_003,ABRAPHE,41900
5/10/2018,ADOTADA,5/22/2018,4/10/2019,A-035/CENIPA/2017-01,ANAC,67011
5/10/2018,ADOTADA,5/22/2018,4/10/2019,A-035/CENIPA/2017-02,ANAC,67011
2/17/2025,ADOTADA,2/17/2025,7/7/2025,A-035/CENIPA/2022-01,ANAC,80595
8/22/2013,NAO ADOTADA,11/5/2013,3/12/2014,A-036/CENIPA/2013-RSV001,ANAC,45934
8/22/2013,ADOTADA,11/5/2013,1/15/2014,A-036/CENIPA/2013-RSV002,ANAC,45934
8/5/2022,ADOTADA,8/22/2022,3/2/2023,A-036/CENIPA/2017-02,MB,66457
2/28/2024,ADOTADA,2/29/2024,7/30/2024,A-036/CENIPA/2020-01,ANAC,79232
2/28/2024,ADOTADA,2/29/2024,3/1/2024,A-036/CENIPA/2020-02,ANAC,79232
2/17/2025,ADOTADA,2/19/2025,5/16/2025,A-036/CENIPA/2021-01,ANAC,79970
4/27/2024,ADOTADA,4/29/2024,6/25/2024,A-037/CENIPA/2020-01,ANAC,80606
7/21/2021,ADOTADA,8/18/2021,6/22/2022,A-037/CENIPA/2020-01,ANAC,79233
12/19/2024,ADOTADA,12/23/2024,3/11/2025,A-037/CENIPA/2023-01,ANAC,81347
4/15/2024,ADOTADA,4/15/2024,11/29/2024,A-037/CENIPA/2023-01,ANAC,80500
12/19/2024,ADOTADA,12/23/2024,3/11/2025,A-037/CENIPA/2023-02,ANAC,81347
4/15/2024,ADOTADA,4/15/2024,11/29/2024,A-037/CENIPA/2023-02,ANAC,80500
8/22/2013,ADOTADA,4/14/2015,12/12/2016,A-038/CENIPA/2013-RSV001,ANAC,45280
8/22/2013,ADOTADA,4/14/2015,8/17/2015,A-038/CENIPA/2013-RSV002,ANAC,45280
12/30/2021,ADOTADA,1/4/2022,8/18/2022,A-038/CENIPA/2020-01,ANAC,79228
6/23/2025,ADOTADA,6/23/2025,10/17/2025,A-038/CENIPA/2021-01,ANAC,79971
8/22/2013,ADOTADA,10/24/2013,11/27/2014,A-039/CENIPA/2013-RSV001,ANAC,43808
8/22/2013,ADOTADA,10/24/2013,11/27/2014,A-039/CENIPA/2013-RSV002,ANAC,43808
8/22/2013,ADOTADA,10/24/2013,11/27/2014,A-039/CENIPA/2013-RSV003,ANAC,43808
8/22/2013,ADOTADA,10/24/2013,11/23/2013,A-039/CENIPA/2013-RSV004,ANAC,43808
7/27/2018,ADOTADA,8/13/2018,5/5/2020,A-039/CENIPA/2017-01,ANAC,66489
8/19/2021,NAO APLICAVEL,9/4/2021,1/26/2022,A-039/CENIPA/2019-01,ANAC,78579
8/19/2021,ADOTADA,9/4/2021,1/26/2022,A-039/CENIPA/2019-02,ANAC,78579
7/30/2024,ADOTADA,7/31/2024,11/1/2024,A-039/CENIPA/2022-01,ANAC,80623
3/27/2014,ADOTADA,4/14/2015,11/27/2017,A-040/CENIPA/2013-RSV_001,ANAC,47074
3/27/2014,ADOTADA,4/14/2015,1/25/2016,A-040/CENIPA/2013-RSV_002,ANAC,47074
11/30/2013,ADOTADA,12/17/2013,7/18/2014,A-040/CENIPA/2013-RSV001,ANAC,45596
11/30/2013,ADOTADA,12/17/2013,3/19/2014,A-040/CENIPA/2013-RSV002,ANAC,45596
12/18/2019,ADOTADA,1/13/2020,3/25/2020,A-040/CENIPA/2017-01,ANAC,66503
12/18/2019,ADOTADA,1/13/2020,3/25/2020,A-040/CENIPA/2017-02,ANAC,66503
12/18/2019,ADOTADA,1/13/2020,1/23/2020,A-040/CENIPA/2017-03,ANAC,66503
12/30/2021,ADOTADA,1/3/2022,7/19/2022,A-040/CENIPA/2019-01,ANAC,78587
8/22/2013,ADOTADA,9/17/2013,8/25/2016,A-041/CENIPA/2013-RSV001,CB-DF,30181
8/22/2013,ADOTADA,9/17/2013,8/25/2016,A-041/CENIPA/2013-RSV002,CB-DF,30181
8/22/2013,ADOTADA,11/5/2013,8/25/2016,A-041/CENIPA/2013-RSV003,CB-DF,30181
8/22/2013,NAO ADOTADA,9/17/2013,8/25/2016,A-041/CENIPA/2013-RSV004,CB-DF,30181
8/22/2013,ADOTADA,11/5/2013,8/25/2016,A-041/CENIPA/2013-RSV005,CB-DF,30181
2/9/2022,ADOTADA,2/16/2022,7/19/2022,A-041/CENIPA/2019-01,ANAC,78582
7/30/2024,ADOTADA,7/31/2024,8/1/2024,A-041/CENIPA/2023-01,ANAC,81366
6/3/2014,ADOTADA,7/28/2014,4/30/2015,A-042/CENIPA/2013-RS_001,ANAC,47110
6/3/2014,ADOTADA,7/28/2014,4/30/2015,A-042/CENIPA/2013-RS_002,ANAC,47110
6/3/2014,ADOTADA,7/28/2014,1/29/2015,A-042/CENIPA/2013-RS_003,ANAC,47110
8/22/2013,ADOTADA,11/5/2013,8/6/2018,A-042/CENIPA/2013-RSV_001,ANAC,43719
8/22/2013,ADOTADA,11/5/2013,4/28/2014,A-042/CENIPA/2013-RSV_002,ANAC,43719
8/22/2013,ADOTADA,11/5/2013,7/2/2015,A-042/CENIPA/2013-RSV_003,ANAC,43719
8/22/2013,ADOTADA,11/5/2013,4/28/2014,A-042/CENIPA/2013-RSV_004,ANAC,43719
8/22/2013,ADOTADA,11/5/2013,4/28/2014,A-042/CENIPA/2013-RSV_005,ANAC,43719
8/22/2013,ADOTADA,11/5/2013,4/28/2014,A-042/CENIPA/2013-RSV_006,ANAC,43719
8/28/2013,ADOTADA,11/5/2013,4/28/2014,A-042/CENIPA/2013-RSV_007,ANAC,43719
8/22/2013,NAO ADOTADA,11/5/2013,4/17/2014,A-042/CENIPA/2013-RSV_008,ANAC,43719
8/22/2013,ADOTADA,11/5/2013,1/13/2014,A-042/CENIPA/2013-RSV_009,ANAC,43719
6/9/2014,ADOTADA,7/29/2014,2/27/2015,A-042/CENIPA/2014-RSV_001,ANAC,46261
8/26/2013,ADOTADA,11/5/2013,1/13/2014,A-043/CENIPA/2013-RSV_001,ANAC,43393
8/26/2013,ADOTADA,11/5/2013,8/11/2015,A-043/CENIPA/2013-RSV_002,ANAC,43393
4/23/2014,ADOTADA,6/16/2014,4/5/2016,A-043/CENIPA/2014-RSV_001,ANAC,45900
8/27/2013,NAO ADOTADA,12/5/2013,2/12/2014,A-044/CENIPA/2013-RSV001,ANAC,44538
8/27/2013,NAO ADOTADA,12/5/2013,2/12/2014,A-044/CENIPA/2013-RSV002,ANAC,44538
8/27/2013,ADOTADA,12/5/2013,1/13/2014,A-044/CENIPA/2013-RSV003,ANAC,44538
6/3/2014,ADOTADA DE FORMA ALTERNATIVA,7/29/2014,12/30/2014,A-044/CENIPA/2014-RSV_001,ANAC,50831
5/16/2019,ADOTADA,5/28/2019,7/4/2019,A-044/CENIPA/2017-01,ANAC,66529
5/16/2019,ADOTADA,5/28/2019,8/16/2019,A-044/CENIPA/2017-02,ANAC,66529
5/16/2019,ADOTADA,5/28/2019,8/16/2019,A-044/CENIPA/2017-03,ANAC,66529
5/16/2019,ADOTADA,5/28/2019,8/16/2019,A-044/CENIPA/2017-04,ANAC,66529
5/22/2025,ADOTADA,5/28/2025,9/22/2025,A-044/CENIPA/2022-01,ANAC,80646
6/2/2014,ADOTADA DE FORMA ALTERNATIVA,7/29/2014,12/30/2014,A-045/CENIPA/2014-RSV_001,ANAC,46498
4/29/2014,ADOTADA DE FORMA ALTERNATIVA,6/16/2014,11/27/2014,A-046/CENIPA/2014-RSV_001,ANAC,45284
10/27/2017,ADOTADA,11/16/2017,10/3/2018,A-046/CENIPA/2017-01,ANAC,66541
8/28/2013,ADOTADA,11/5/2013,11/27/2014,A-047/CENIPA/2013-RSV_001,ANAC,43721
8/28/2013,ADOTADA,11/5/2013,11/27/2014,A-047/CENIPA/2013-RSV_002,ANAC,43721
8/28/2013,NAO ADOTADA,11/5/2013,10/3/2014,A-047/CENIPA/2013-RSV_003,ANAC,43721
8/26/2013,ADOTADA,11/5/2013,1/13/2014,A-047/CENIPA/2013-RSV_004,ANAC,43721
4/28/2014,ADOTADA DE FORMA ALTERNATIVA,6/16/2014,11/27/2014,A-047/CENIPA/2014-RSV_001,ANAC,46746
6/2/2014,ADOTADA DE FORMA ALTERNATIVA,7/29/2014,12/30/2014,A-048/CENIPA/2014-RSV_001,ANAC,45250
10/4/2021,NAO ADOTADA,2/11/2022,9/26/2022,A-048/CENIPA/2019-01,ANAC,78610
9/19/2013,ADOTADA,12/5/2013,1/26/2017,A-049/CENIPA/2013-RSV001,ANAC,46444
9/19/2013,NAO ADOTADA,12/5/2013,12/15/2015,A-049/CENIPA/2013-RSV002,ANAC,46444
9/19/2013,ADOTADA DE FORMA ALTERNATIVA,4/14/2015,8/24/2015,A-049/CENIPA/2013-RSV003,ANAC,46444
9/29/2014,ADOTADA,12/15/2014,9/22/2015,A-049/CENIPA/2014-001,ANAC,32478
9/29/2014,ADOTADA,12/15/2014,6/7/2015,A-049/CENIPA/2014-002,ANAC,32478
4/8/2019,ADOTADA DE FORMA ALTERNATIVA,4/17/2019,7/23/2019,A-049/CENIPA/2016-01,DECEA,60882
4/8/2019,NAO APLICAVEL,4/17/2019,12/26/2019,A-049/CENIPA/2016-02,ANAC,60882
4/8/2019,ADOTADA,4/17/2019,12/26/2019,A-049/CENIPA/2016-03,ANAC,60882
4/8/2019,ADOTADA,4/17/2019,12/26/2019,A-049/CENIPA/2016-04,ANAC,60882
4/8/2019,ADOTADA,4/17/2019,12/26/2019,A-049/CENIPA/2016-05,ANAC,60882
9/3/2019,ADOTADA,9/10/2019,9/24/2019,A-049/CENIPA/2019-01,ANAC,78612
4/15/2024,ADOTADA,4/16/2024,8/1/2024,A-049/CENIPA/2022-01,ANAC,80656
4/15/2024,ADOTADA,4/15/2024,8/1/2024,A-049/CENIPA/2022-02,ANAC,80656
9/10/2013,ADOTADA,4/14/2015,8/21/2015,A-050/CENIPA/2013-RSV001,ANAC,44528
8/15/2014,ADOTADA,9/16/2014,12/4/2014,A-050/CENIPA/2014-001,ANAC,45757
8/15/2014,NAO ADOTADA,9/16/2014,11/24/2014,A-050/CENIPA/2014-002,ANAC,45757
4/4/2017,ADOTADA,4/13/2017,7/31/2017,A-050/CENIPA/2015-01,ANAC,53195
4/4/2017,ADOTADA,4/13/2017,7/31/2017,A-050/CENIPA/2015-02,ANAC,53195
4/4/2017,ADOTADA,4/13/2017,7/31/2017,A-050/CENIPA/2015-03,ANAC,53195
4/4/2017,ADOTADA,4/13/2017,7/31/2017,A-050/CENIPA/2015-04,ANAC,53195
4/4/2017,ADOTADA,4/13/2017,7/31/2017,A-050/CENIPA/2015-05,ANAC,53195
12/4/2018,ADOTADA,1/9/2019,1/25/2019,A-051/CENIPA/2018-01,ANAC,77770
11/24/2014,NAO ADOTADA,3/9/2015,2/13/2017,A-052/CENIPA/2013-001,ANAC,47142
11/24/2014,ADOTADA,3/9/2015,4/7/2015,A-052/CENIPA/2013-002,ANAC,47142
11/24/2014,ADOTADA,3/9/2015,6/10/2015,A-052/CENIPA/2013-003,ANAC,47142
10/25/2013,ADOTADA,11/3/2014,12/30/2014,A-052/CENIPA/2013-RSV_001,ANAC,45056
10/25/2013,ADOTADA DE FORMA ALTERNATIVA,11/3/2014,5/24/2016,A-052/CENIPA/2013-RSV_002,ANAC,45056
10/25/2013,ADOTADA,11/3/2014,12/30/2014,A-052/CENIPA/2013-RSV_003,ANAC,45056
6/3/2014,ADOTADA DE FORMA ALTERNATIVA,7/29/2014,12/30/2014,A-052/CENIPA/2014-RS_001,ANAC,46582
9/4/2018,ADOTADA,11/7/2018,11/27/2018,A-052/CENIPA/2017-01,ANAC,66349
12/9/2025,NAO ADOTADA,12/9/2025,NULL,A-053/CENIPA/2021-01,ANAC,80011
9/13/2013,ADOTADA,4/14/2015,8/11/2015,A-054/CENIPA/2013-RSV001,ANAC,28775
9/13/2013,ADOTADA DE FORMA ALTERNATIVA,4/14/2015,8/24/2015,A-054/CENIPA/2013-RSV002,ANAC,28775
11/25/2024,NAO ADOTADA,11/28/2024,NULL,A-054/CENIPA/2019-01,ANAC,78629
11/25/2024,NAO ADOTADA,11/28/2024,NULL,A-054/CENIPA/2019-02,ANAC,78629
9/29/2014,ADOTADA,12/15/2014,1/6/2016,A-055/CENIPA/2013-001,ANAC,45528
9/29/2014,NAO ADOTADA,12/15/2014,1/23/2015,A-055/CENIPA/2013-002,ANAC,45528
9/29/2014,ADOTADA,12/15/2014,6/7/2015,A-055/CENIPA/2013-003,ANAC,45528
9/19/2013,ADOTADA,12/17/2013,10/22/2015,A-056/CENIPA/2013-RSV001,ANAC,44339
9/19/2013,ADOTADA,12/17/2013,7/18/2014,A-056/CENIPA/2013-RSV002,ANAC,44339
8/5/2025,NAO ADOTADA,7/30/2025,NULL,A-057/CENIPA/2021-01,ANAC,80042
8/5/2025,ADOTADA,7/30/2025,10/8/2025,A-057/CENIPA/2021-02,ANAC,80042
11/27/2013,NAO ADOTADA,12/17/2013,5/24/2017,A-058/CENIPA/2013-RSV001,ANAC,45490
5/20/2025,ADOTADA,5/22/2025,10/24/2025,A-058/CENIPA/2021-01,ANAC,80046
12/30/2013,ADOTADA,2/12/2014,6/6/2014,A-059/CENIPA/2013-RSV_001,ANAC,45412
12/30/2013,ADOTADA DE FORMA ALTERNATIVA,2/12/2014,5/24/2016,A-059/CENIPA/2013-RSV_002,ANAC,45412
12/30/2013,ADOTADA,3/19/2014,6/3/2014,A-060/CENIPA/2013-001,ANAC,38638
12/30/2013,ADOTADA,3/19/2014,8/20/2014,A-060/CENIPA/2013-002,ANAC,38638
6/6/2025,ADOTADA,6/12/2025,10/10/2025,A-060/CENIPA/2022-01,ANAC,80685
6/6/2025,ADOTADA,6/12/2025,6/25/2025,A-060/CENIPA/2022-02,ANAC,80685
6/6/2025,ADOTADA,6/12/2025,10/10/2025,A-060/CENIPA/2022-03,ANAC,80685
3/4/2016,SEM INFORMACAO,4/14/2016,NULL,A-061/CENIPA/2013-01,SSP-GO,45819
3/4/2016,SEM INFORMACAO,4/14/2016,NULL,A-061/CENIPA/2013-02,SSP-GO,45819
10/27/2017,ADOTADA,11/16/2017,11/28/2017,A-061/CENIPA/2015-01,ANAC,53224
4/13/2017,ADOTADA,4/7/2017,4/30/2019,A-061/CENIPA/2017-01,ANAC,66639
12/30/2013,ADOTADA DE FORMA ALTERNATIVA,2/12/2014,5/13/2014,A-062/CENIPA/2013-RSV_001,ANAC,41236
12/30/2013,SEM INFORMACAO,2/12/2014,NULL,A-062/CENIPA/2013-RSV_002,CEMAL,41236
12/30/2013,ADOTADA,2/12/2014,7/19/2016,A-062/CENIPA/2013-RSV_003,SINDAG,41236
2/9/2015,ADOTADA,3/9/2015,3/3/2016,A-062/CENIPA/2014-001,ANAC,50994
2/9/2015,ADOTADA,3/9/2015,7/11/2016,A-062/CENIPA/2014-002,ANAC,50994
12/29/2025,AGUARDANDO RESPOSTA,2/27/2026,NULL,A-062/CENIPA/2022-01,ANAC,80703
12/16/2013,ADOTADA DE FORMA ALTERNATIVA,2/12/2014,8/4/2015,A-063/CENIPA/2013-RSV_001,ANAC,34079
12/16/2013,ADOTADA DE FORMA ALTERNATIVA,2/12/2014,7/29/2014,A-063/CENIPA/2013-RSV_002,ANAC,34079
12/16/2013,ADOTADA,2/12/2014,2/27/2014,A-063/CENIPA/2013-RSV_003,ANAC,34079
11/18/2014,ADOTADA,3/9/2015,10/6/2015,A-063/CENIPA/2014-001,ANAC,50995
11/12/2021,ADOTADA DE FORMA ALTERNATIVA,11/19/2021,12/2/2021,A-063/CENIPA/2021-01,ANAC,80073
11/12/2021,ADOTADA DE FORMA ALTERNATIVA,11/19/2021,12/2/2021,A-063/CENIPA/2021-02,ANAC,80073
7/3/2025,ADOTADA,7/4/2025,9/30/2025,A-063/CENIPA/2022-01,ANAC,80720
7/3/2025,ADOTADA,7/4/2025,8/29/2025,A-063/CENIPA/2022-02,ANAC,80720
7/3/2025,ADOTADA,7/4/2025,5/6/2026,A-063/CENIPA/2022-03,ANAC,80720
7/3/2025,ADOTADA,7/4/2025,12/19/2025,A-063/CENIPA/2022-04,ANAC,80720
12/30/2013,ADOTADA,3/19/2014,7/28/2014,A-064/CENIPA/2013-RSV001,ANAC,37376
12/30/2013,ADOTADA DE FORMA ALTERNATIVA,3/19/2014,9/26/2014,A-064/CENIPA/2013-RSV002,ANAC,37376
7/3/2025,NAO APLICAVEL,7/4/2025,8/26/2025,A-064/CENIPA/2022-01,ANAC,80727
7/3/2025,NAO APLICAVEL,7/4/2025,8/26/2025,A-064/CENIPA/2022-02,ANAC,80727
10/14/2014,ADOTADA DE FORMA ALTERNATIVA,12/15/2014,9/30/2015,A-065/CENIPA/2014-01,ANAC,50998
7/27/2018,ADOTADA,8/17/2018,7/17/2019,A-065/CENIPA/2016-01,ANAC,60983
7/27/2018,ADOTADA,8/17/2018,7/17/2019,A-065/CENIPA/2016-02,ANAC,60983
11/2/2022,ADOTADA,11/21/2022,4/17/2023,A-065/CENIPA/2021-03,DECEA,80079
6/2/2014,ADOTADA,7/28/2014,1/29/2015,A-066/CENIPA/2013-RS_001,ANAC,47649
10/10/2013,NAO ADOTADA,4/14/2015,5/7/2015,A-066/CENIPA/2013-RSV001,ANAC,44003
10/10/2013,NAO ADOTADA,4/14/2015,5/7/2015,A-066/CENIPA/2013-RSV002,ANAC,44003
10/10/2013,ADOTADA DE FORMA ALTERNATIVA,4/14/2015,5/24/2016,A-066/CENIPA/2013-RSV003,ANAC,44003
10/10/2013,ADOTADA DE FORMA ALTERNATIVA,4/14/2015,6/11/2015,A-066/CENIPA/2013-RSV004,ANAC,44003
12/29/2025,AGUARDANDO RESPOSTA,3/3/2026,NULL,A-066/CENIPA/2022-01,ANAC,80741
11/10/2013,ADOTADA,12/18/2013,4/5/2016,A-067/CENIPA/2013-RSV001,ANAC,31276
11/10/2013,ADOTADA,12/18/2013,3/26/2014,A-067/CENIPA/2013-RSV002,ANAC,31276
11/10/2013,ADOTADA,12/16/2013,2/13/2014,A-067/CENIPA/2013-RSV003,ANEEL,31276
7/27/2018,ADOTADA,7/30/2018,10/29/2018,A-067/CENIPA/2018-01,ANAC,77807
7/27/2018,ADOTADA DE FORMA ALTERNATIVA,7/30/2018,10/29/2018,A-067/CENIPA/2018-02,ANAC,77807
7/27/2018,ADOTADA DE FORMA ALTERNATIVA,7/30/2018,10/29/2018,A-067/CENIPA/2018-03,ANAC,77807
9/4/2018,ADOTADA,11/7/2018,2/15/2019,A-067/CENIPA/2018-04,ANAC,77807
4/12/2022,ADOTADA,4/25/2022,6/23/2022,A-067/CENIPA/2020-01,ANAC,79340
5/7/2026,AGUARDANDO RESPOSTA,5/12/2026,NULL,A-067/CENIPA/2022-01,ANAC,80749
12/19/2018,ADOTADA DE FORMA ALTERNATIVA,2/21/2019,8/14/2019,A-068/CENIPA/2018-01,ANAC,77808
12/19/2018,ADOTADA DE FORMA ALTERNATIVA,2/21/2019,8/14/2019,A-068/CENIPA/2018-02,ANAC,77808
12/19/2018,ADOTADA DE FORMA ALTERNATIVA,2/21/2019,8/14/2019,A-068/CENIPA/2018-03,ANAC,77808
12/19/2018,ADOTADA DE FORMA ALTERNATIVA,2/21/2019,8/14/2019,A-068/CENIPA/2018-04,ANAC,77808
12/30/2021,ADOTADA,1/3/2022,4/1/2022,A-068/CENIPA/2019-01,DECEA,78714
12/30/2021,ADOTADA DE FORMA ALTERNATIVA,1/3/2022,3/28/2022,A-068/CENIPA/2019-02,ANAC,78714
12/30/2021,ADOTADA,1/3/2022,2/14/2022,A-068/CENIPA/2019-03,ANAC,78714
12/19/2025,NAO ADOTADA,12/23/2025,NULL,A-068/CENIPA/2021-01,ANAC,80080
12/30/2021,ADOTADA,1/3/2022,2/15/2022,A-069/CENIPA/2020-01,ANAC,79365
12/30/2021,ADOTADA,1/3/2022,2/15/2022,A-069/CENIPA/2020-02,ANAC,79365
10/29/2024,NAO ADOTADA,11/4/2024,NULL,A-069/CENIPA/2021-01,ANAC,80081
5/16/2024,ADOTADA,5/17/2024,9/26/2024,A-069/CENIPA/2022-01,ANAC,80772
5/16/2024,ADOTADA,5/17/2024,9/17/2024,A-069/CENIPA/2022-02,ANAC,80772
5/16/2024,ADOTADA,5/17/2024,9/17/2024,A-069/CENIPA/2022-03,ANAC,80772
5/16/2024,NAO ADOTADA,5/21/2024,NULL,A-069/CENIPA/2022-04,ANAC,80772
4/8/2019,ADOTADA,4/16/2019,9/19/2019,A-070/CENIPA/2017-01,ANAC,66685
4/8/2019,ADOTADA,4/16/2019,9/19/2019,A-070/CENIPA/2017-02,ANAC,66685
4/8/2019,ADOTADA,4/16/2019,9/19/2019,A-070/CENIPA/2017-03,ANAC,66685
4/8/2019,ADOTADA,4/16/2019,9/19/2019,A-070/CENIPA/2017-04,ANAC,66685
4/8/2019,ADOTADA,4/16/2019,9/19/2019,A-070/CENIPA/2017-05,ANAC,66685
6/2/2025,NAO ADOTADA,6/3/2025,NULL,A-070/CENIPA/2022-01,ANAC,80781
6/2/2025,ADOTADA DE FORMA ALTERNATIVA,6/3/2025,9/19/2025,A-070/CENIPA/2022-02,ANAC,80781
8/15/2025,ADOTADA,8/18/2025,4/28/2026,A-072/CENIPA/2022-01,ANAC,80593
11/7/2018,ADOTADA,11/27/2018,12/27/2018,A-074/CENIPA/2018-01,ANAC,77840
11/7/2018,ADOTADA,11/27/2018,12/27/2018,A-074/CENIPA/2018-02,ANAC,77840
11/7/2018,ADOTADA,11/27/2018,12/27/2018,A-074/CENIPA/2018-03,ANAC,77840
11/7/2018,ADOTADA,11/27/2018,12/27/2018,A-074/CENIPA/2018-04,ANAC,77840
11/7/2018,ADOTADA,11/27/2018,12/27/2018,A-074/CENIPA/2018-05,ANAC,77840
11/7/2018,ADOTADA,11/27/2018,12/27/2018,A-074/CENIPA/2018-06,ANAC,77840
11/7/2018,ADOTADA,11/27/2018,12/27/2018,A-074/CENIPA/2018-07,ANAC,77840
4/27/2024,ADOTADA,5/6/2024,7/25/2024,A-074/CENIPA/2022-01,ANAC,80800
3/11/2022,ADOTADA,3/15/2022,10/18/2023,A-077/CENIPA/2013-01,ANAC,47659
3/11/2022,ADOTADA,3/15/2022,9/2/2022,A-077/CENIPA/2013-02,ANAC,47659
3/11/2022,ADOTADA,3/15/2022,3/15/2022,A-077/CENIPA/2013-03,ANAC,47659
3/11/2022,ADOTADA,3/15/2022,9/2/2022,A-077/CENIPA/2013-04,ANAC,47659
5/16/2019,ADOTADA,5/27/2019,7/1/2019,A-078/CENIPA/2016-01,ANAC,61031
9/17/2024,ADOTADA,9/19/2024,1/30/2025,A-078/CENIPA/2021-01,ANAC,80105
9/17/2024,ADOTADA,9/19/2024,1/30/2025,A-078/CENIPA/2021-02,ANAC,80105
9/17/2024,ADOTADA,9/19/2024,1/30/2025,A-078/CENIPA/2021-03,ANAC,80105
9/17/2024,ADOTADA,9/19/2024,2/6/2025,A-078/CENIPA/2021-04,DECEA,80105
12/18/2025,NAO ADOTADA,12/23/2025,NULL,A-078/CENIPA/2022-01,ANAC,80816
3/30/2017,ADOTADA,4/19/2017,6/21/2017,A-079/CENIPA/2015-01,ANAC,53266
3/30/2017,ADOTADA,4/19/2017,6/21/2017,A-079/CENIPA/2015-02,ANAC,53266
3/30/2017,ADOTADA,4/19/2017,6/21/2017,A-079/CENIPA/2015-03,ANAC,53266
3/30/2017,ADOTADA,4/19/2017,6/21/2017,A-079/CENIPA/2015-04,ANAC,53266
7/27/2018,ADOTADA,8/13/2018,8/27/2018,A-079/CENIPA/2016-01,ANAC,61051
4/8/2019,ADOTADA,4/17/2019,4/29/2019,A-079/CENIPA/2017-01,ANAC,66800
4/24/2015,ADOTADA,5/26/2015,10/22/2015,A-080/CENIPA/2014-001,ANAC,51004
4/24/2015,ADOTADA,5/26/2015,8/21/2015,A-080/CENIPA/2014-002,ANAC,51004
5/20/2025,ADOTADA,5/22/2025,9/11/2025,A-080/CENIPA/2016-01,ANAC,61073
7/21/2021,ADOTADA,8/18/2021,9/15/2021,A-080/CENIPA/2019-01,ANAC,78712
5/26/2017,ADOTADA DE FORMA ALTERNATIVA,6/1/2017,2/20/2025,A-081/CENIPA/2015-01,DECEA,53306
12/30/2021,ADOTADA,1/3/2022,3/14/2022,A-081/CENIPA/2019-01,ANAC,78709
7/22/2025,ADOTADA,7/23/2025,9/11/2025,A-082/CENIPA/2021-01,ANAC,80150
7/22/2025,ADOTADA,7/23/2025,9/22/2025,A-082/CENIPA/2021-02,ANAC,80150
4/15/2025,NAO ADOTADA,4/15/2025,NULL,A-082/CENIPA/2022-01,ANAC,80838
10/27/2014,ADOTADA,12/15/2014,4/7/2015,A-083/CENIPA/2013-001,ANAC,47879
10/27/2014,ADOTADA,12/15/2014,1/12/2016,A-083/CENIPA/2013-002,ANAC,47879
10/8/2014,ADOTADA,12/15/2014,6/7/2015,A-084/CENIPA/2013-001,ANAC,47981
10/8/2014,ADOTADA,12/15/2014,7/19/2016,A-084/CENIPA/2013-002,SINDAG,47981
3/11/2022,ADOTADA,3/15/2022,3/18/2022,A-084/CENIPA/2019-01,ANAC,79060
3/11/2019,ADOTADA,3/21/2019,4/29/2019,A-085/CENIPA/2017-01,ANAC,66880
7/8/2022,ADOTADA,7/19/2022,12/22/2022,A-085/CENIPA/2020-01,ANAC,79446
5/15/2015,ADOTADA,7/30/2015,11/30/2015,A-086/CENIPA/2014-001,ANAC,51393
7/16/2013,ADOTADA DE FORMA ALTERNATIVA,8/14/2013,5/24/2016,A-087/CENIPA/2013-RSV001,ANAC,47992
7/21/2021,ADOTADA,8/18/2021,9/15/2021,A-087/CENIPA/2019-01,ANAC,78737
9/2/2025,ADOTADA,9/5/2025,10/16/2025,A-087/CENIPA/2022-01,ANAC,80899
5/16/2019,ADOTADA,5/27/2019,6/4/2019,A-088/CENIPA/2018-01,ANAC,77895
12/30/2021,ADOTADA,1/3/2022,3/10/2022,A-088/CENIPA/2019-01,ANAC,78738
5/14/2025,ADOTADA,5/17/2025,5/26/2025,A-088/CENIPA/2023-01,ANAC,81673
4/24/2015,ADOTADA DE FORMA ALTERNATIVA,5/26/2015,6/11/2015,A-089/CENIPA/2013-001,ANAC,47966
4/24/2015,ADOTADA,5/26/2015,10/22/2015,A-089/CENIPA/2013-002,ANAC,47966
8/6/2019,ADOTADA,8/20/2019,9/3/2019,A-089/CENIPA/2017-01,ANAC,66953
8/6/2019,ADOTADA,8/20/2019,8/19/2020,A-089/CENIPA/2017-02,ANAC,66953
8/6/2019,ADOTADA,8/20/2019,10/1/2020,A-089/CENIPA/2017-03,ANAC,66953
10/4/2021,ADOTADA,2/11/2022,12/6/2022,A-089/CENIPA/2017-04,ANAC,66953
4/8/2019,ADOTADA,4/25/2019,5/3/2019,A-089/CENIPA/2018-01,ANAC,77893
1/29/2019,ADOTADA,2/21/2019,4/17/2019,A-090/CENIPA/2014-01,ANAC,51010
1/29/2019,ADOTADA,2/21/2019,4/17/2019,A-090/CENIPA/2014-02,ANAC,51010
1/29/2019,ADOTADA,2/21/2019,4/17/2019,A-090/CENIPA/2014-03,ANAC,51010
1/29/2019,ADOTADA,2/21/2019,4/17/2019,A-090/CENIPA/2014-04,ANAC,51010
1/29/2019,ADOTADA,2/21/2019,4/17/2019,A-090/CENIPA/2014-05,ANAC,51010
1/29/2019,ADOTADA,2/21/2019,4/17/2019,A-090/CENIPA/2014-06,ANAC,51010
6/28/2019,ADOTADA,8/20/2019,9/12/2019,A-090/CENIPA/2017-01,ANAC,66962
5/17/2019,ADOTADA,3/18/2019,7/16/2019,A-091/CENIPA/2014-01,ANAC,51011
5/17/2018,ADOTADA,3/18/2019,7/16/2019,A-091/CENIPA/2014-02,ANAC,51011
5/27/2022,ADOTADA,6/20/2022,7/14/2022,A-091/CENIPA/2017-01,ANAC,66971
10/27/2019,ADOTADA,10/31/2019,8/19/2020,A-091/CENIPA/2019-01,ANAC,78740
10/27/2019,ADOTADA,10/31/2019,8/19/2020,A-091/CENIPA/2019-02,ANAC,78740
10/27/2019,ADOTADA,10/31/2019,8/19/2020,A-091/CENIPA/2019-03,ANAC,78740
10/27/2019,ADOTADA DE FORMA ALTERNATIVA,10/31/2019,3/12/2020,A-091/CENIPA/2019-04,ANAC,78740
10/27/2019,ADOTADA DE FORMA ALTERNATIVA,10/31/2019,3/12/2020,A-091/CENIPA/2019-05,ANAC,78740
10/27/2019,ADOTADA,10/31/2019,3/12/2020,A-091/CENIPA/2019-06,ANAC,78740
10/27/2019,ADOTADA,10/31/2019,8/19/2020,A-091/CENIPA/2019-07,ANAC,78740
2/8/2017,ADOTADA DE FORMA ALTERNATIVA,2/16/2017,5/24/2017,A-092/CENIPA/2015-01,ANAC,53340
2/8/2017,ADOTADA DE FORMA ALTERNATIVA,2/16/2017,5/24/2017,A-092/CENIPA/2015-02,ANAC,53340
2/8/2017,ADOTADA DE FORMA ALTERNATIVA,2/16/2017,5/24/2017,A-092/CENIPA/2015-03,ANAC,53340
2/8/2017,ADOTADA DE FORMA ALTERNATIVA,2/16/2017,5/24/2017,A-092/CENIPA/2015-04,ANAC,53340
2/8/2017,ADOTADA DE FORMA ALTERNATIVA,2/16/2017,5/24/2017,A-092/CENIPA/2015-05,ANAC,53340
2/8/2017,ADOTADA DE FORMA ALTERNATIVA,2/16/2017,5/24/2017,A-092/CENIPA/2015-06,ANAC,53340
2/8/2017,ADOTADA DE FORMA ALTERNATIVA,2/16/2017,5/24/2017,A-092/CENIPA/2015-07,ANAC,53340
2/8/2017,ADOTADA DE FORMA ALTERNATIVA,2/16/2017,5/24/2017,A-092/CENIPA/2015-08,ANAC,53340
12/18/2025,ADOTADA,12/23/2025,2/23/2026,A-092/CENIPA/2021-01,ANAC,80218
4/22/2025,ADOTADA,4/23/2025,7/1/2025,A-092/CENIPA/2024-01,ANAC,84857
7/23/2025,NAO ADOTADA,7/23/2025,NULL,A-092/CENIPA/2025-01,ANAC,87306
7/23/2025,NAO ADOTADA,7/23/2025,NULL,A-092/CENIPA/2025-02,ANAC,87306
12/18/2019,ADOTADA,1/13/2020,3/11/2020,A-093/CENIPA/2015-01,ANAC,53355
12/18/2019,ADOTADA,1/13/2020,3/9/2020,A-093/CENIPA/2015-02,MB,53355
8/14/2024,ADOTADA,8/14/2024,1/28/2025,A-093/CENIPA/2020-01,ANAC,79460
8/14/2024,ADOTADA,8/14/2024,5/13/2025,A-093/CENIPA/2020-02,ANAC,79460
9/16/2013,NAO ADOTADA,12/5/2013,4/17/2014,A-094/CENIPA/2013-RSV001,ANAC,48053
12/30/2021,ADOTADA,1/3/2022,5/2/2022,A-095/CENIPA/2013-01,ANAC,48013
9/4/2018,ADOTADA,5/26/2019,6/6/2019,A-096/CENIPA/2014-01,ANAC,51412
9/4/2018,ADOTADA,5/26/2019,6/6/2019,A-096/CENIPA/2014-02,ANAC,51412
9/4/2018,ADOTADA,5/26/2019,6/6/2019,A-096/CENIPA/2014-03,ANAC,51412
9/4/2018,ADOTADA,5/26/2019,6/6/2019,A-096/CENIPA/2014-04,ANAC,51412
4/27/2024,ADOTADA,5/6/2024,7/22/2024,A-096/CENIPA/2021-01,ANAC,80237
4/27/2024,ADOTADA,5/6/2024,7/22/2024,A-096/CENIPA/2021-02,ANAC,80237
4/6/2026,AGUARDANDO RESPOSTA,4/7/2026,NULL,A-096/CENIPA/2022-01,ANAC,80940
6/3/2014,ADOTADA,8/11/2014,12/21/2015,A-097/CENIPA/2013-RS_001,ANAC,48438
5/16/2024,ADOTADA,5/16/2024,9/10/2024,A-097/CENIPA/2023-01,ANAC,81691
6/28/2019,ADOTADA,6/28/2019,5/5/2020,A-098/CENIPA/2016-01,ANAC,65421
11/29/2024,ADOTADA,11/4/2024,12/23/2024,A-099/CENIPA/2022-01,ANAC,80961
9/16/2024,ADOTADA,9/16/2024,5/13/2025,A-099/CENIPA/2023-01,ANAC,81705
8/1/2017,ADOTADA,8/29/2017,8/6/2018,A-100/CENIPA/201_5-0_1,ANAC,53360
8/1/2017,ADOTADA DE FORMA ALTERNATIVA,8/1/2017,8/6/2018,A-100/CENIPA/2015-0_2,ANAC,53360
12/29/2025,AGUARDANDO RESPOSTA,5/12/2026,NULL,A-100/CENIPA/2022-01,ANAC,80978
6/10/2014,ADOTADA,7/22/2014,9/22/2015,A-101/CENIPA/2014-RS_001,ANAC,51414
6/10/2014,ADOTADA,7/22/2014,9/22/2015,A-101/CENIPA/2014-RS_002,ANAC,51414
6/10/2014,ADOTADA,7/22/2014,9/22/2015,A-101/CENIPA/2014-RS_003,ANAC,51414
6/10/2014,ADOTADA,7/22/2014,9/22/2015,A-101/CENIPA/2014-RS_004,ANAC,51414
6/10/2014,ADOTADA,7/22/2014,9/22/2015,A-101/CENIPA/2014-RS_005,ANAC,51414
6/10/2014,ADOTADA,7/22/2014,1/21/2015,A-101/CENIPA/2014-RS_006,ANAC,51414
8/19/2021,ADOTADA,8/26/2021,11/12/2021,A-101/CENIPA/2016-01,ANAC,65425
8/19/2021,ADOTADA,8/26/2021,9/16/2021,A-101/CENIPA/2016-02,ANAC,65425
10/29/2024,ADOTADA,11/4/2024,3/28/2025,A-101/CENIPA/2022-01,ANAC,80966
9/24/2018,ADOTADA,3/26/2019,12/2/2019,A-103/CENIPA/2013-01,ANAC,48652
9/24/2018,ADOTADA,3/26/2019,12/2/2019,A-103/CENIPA/2013-02,ANAC,48652
9/11/2015,ADOTADA,12/7/2015,1/25/2016,A-103/CENIPA/2014-01,ANAC,51416
1/29/2019,ADOTADA,2/25/2019,4/16/2019,A-103/CENIPA/2015-01,ANAC,53376
8/1/2017,ADOTADA,8/29/2017,8/27/2018,A-104/CENIPA/2015-01,ANAC,53373
8/1/2017,ADOTADA,8/29/2017,8/27/2018,A-104/CENIPA/2015-02,ANAC,53373
8/22/2023,ADOTADA,10/9/2023,11/24/2023,A-104/CENIPA/2016-01,DPRF,65471
3/11/2019,ADOTADA,3/21/2019,7/22/2019,A-104/CENIPA/2018-01,ANAC,77977
2/13/2025,NAO ADOTADA,2/19/2025,NULL,A-104/CENIPA/2021-01,ANAC,80294
10/27/2017,ADOTADA,11/16/2017,11/28/2017,A-105/CENIPA/2015-01,ANAC,53375
11/16/2021,ADOTADA,12/23/2021,1/26/2022,A-105/CENIPA/2019-01,ANAC,78758
6/6/2025,ADOTADA,6/11/2025,10/29/2025,A-105/CENIPA/2023-01,ANAC,81727
7/21/2021,ADOTADA,8/18/2021,1/5/2022,A-106/CENIPA/2019-01,ANAC,78759
7/21/2021,ADOTADA,8/18/2021,1/5/2022,A-106/CENIPA/2019-02,ANAC,78759
12/29/2025,AGUARDANDO RESPOSTA,5/12/2026,NULL,A-106/CENIPA/2022-01,ANAC,80993
12/29/2025,AGUARDANDO RESPOSTA,5/12/2026,NULL,A-106/CENIPA/2022-02,ANAC,80993
2/17/2025,ADOTADA,2/17/2025,3/7/2025,A-106/CENIPA/2023-01,ANAC,81732
8/15/2014,ADOTADA,9/17/2014,3/27/2015,A-107/CENIPA/2013-RSV_001,ANAC,45799
7/7/2015,NAO ADOTADA,8/21/2015,8/29/2016,A-108/CENIPA/2013-001,ANAC,48797
7/7/2015,NAO ADOTADA,8/21/2015,1/6/2016,A-108/CENIPA/2013-002,ANAC,48797
5/20/2025,ADOTADA,5/22/2025,12/22/2025,A-108/CENIPA/2021-01,ANAC,80307
6/15/2015,ADOTADA DE FORMA ALTERNATIVA,7/30/2015,10/21/2015,A-109/CENIPA/2013-001,ANAC,48796
6/15/2015,NAO ADOTADA,7/30/2015,12/15/2015,A-109/CENIPA/2013-002,ANAC,48796
6/28/2019,ADOTADA,8/20/2019,9/13/2019,A-109/CENIPA/2014-01,ANAC,51534
6/28/2019,ADOTADA,8/20/2019,11/12/2019,A-109/CENIPA/2014-02,ANAC,51534
6/28/2019,ADOTADA,8/20/2019,11/12/2019,A-109/CENIPA/2014-03,ANAC,51534
4/7/2014,ADOTADA,7/28/2014,5/24/2016,A-111/CENIPA/2013-RS_001,ANAC,48791
11/16/2021,ADOTADA,12/23/2021,1/4/2022,A-111/CENIPA/2018-01,ANAC,77995
3/27/2014,ADOTADA,7/28/2014,5/24/2016,A-112/CENIPA/2013-RS_001,ANAC,48795
11/13/2013,ADOTADA,2/5/2014,2/13/2015,A-112/CENIPA/2013-RSV_001,ANAC,46847
11/13/2013,ADOTADA,2/5/2014,2/13/2015,A-112/CENIPA/2013-RSV_002,ANAC,46847
6/6/2015,ADOTADA,8/21/2015,3/18/2016,A-112/CENIPA/2014-001,ANAC,51653
9/4/2018,ADOTADA,11/7/2018,11/27/2018,A-112/CENIPA/2015-01,ANAC,53427
9/4/2018,ADOTADA,11/7/2018,11/27/2018,A-112/CENIPA/2015-02,ANAC,53427
11/15/2021,ADOTADA,12/22/2021,10/16/2023,A-112/CENIPA/2016-01,ANAC,65569
11/15/2021,ADOTADA,12/22/2021,10/16/2023,A-112/CENIPA/2016-02,ANAC,65569
11/15/2021,ADOTADA,12/22/2021,1/3/2022,A-112/CENIPA/2016-03,ANAC,65569
3/13/2024,ADOTADA,3/15/2024,7/25/2024,A-112/CENIPA/2017-01,ANAC,77562
3/11/2022,ADOTADA,3/15/2022,7/28/2022,A-112/CENIPA/2019-01,ANAC,78765
3/11/2022,ADOTADA,3/15/2022,12/27/2022,A-112/CENIPA/2019-02,ANAC,78765
3/11/2022,ADOTADA,3/15/2022,6/29/2022,A-112/CENIPA/2019-03,ANAC,78765
3/11/2022,ADOTADA,3/15/2022,3/18/2022,A-112/CENIPA/2019-04,ANAC,78765
12/29/2025,AGUARDANDO RESPOSTA,3/3/2026,NULL,A-112/CENIPA/2021-01,ANAC,80317
7/21/2014,ADOTADA,8/14/2014,4/5/2016,A-115/CENIPA/2013-RSV_001,ANAC,45866
9/4/2018,ADOTADA,11/7/2018,2/25/2018,A-117/CENIPA/2015-01,ANAC,53466
7/24/2020,ADOTADA,8/13/2020,1/29/2021,A-117/CENIPA/2018-05,DECEA,78031
7/24/2020,NAO ADOTADA,8/13/2020,1/29/2021,A-117/CENIPA/2018-06,DECEA,78031
5/27/2022,ADOTADA,6/20/2022,8/9/2023,A-117/CENIPA/2019-01,ANAC,78770
5/27/2022,ADOTADA,6/20/2022,8/9/2023,A-117/CENIPA/2019-02,ANAC,78770
5/27/2022,ADOTADA,6/20/2022,8/9/2023,A-117/CENIPA/2019-03,ANAC,78770
5/27/2022,ADOTADA,6/20/2022,2/20/2024,A-117/CENIPA/2019-04,ANAC,78770
12/30/2025,AGUARDANDO RESPOSTA,5/12/2026,NULL,A-117/CENIPA/2022-01,ANAC,81069
2/8/2017,NAO ADOTADA,5/11/2017,NULL,A-118/CENIPA/2014-01,DINACIA,51597
12/1/2016,ADOTADA,2/16/2017,5/8/2017,A-119/CENIPA/2014-01,ANAC,51655
12/16/2021,NAO ADOTADA,12/23/2021,NULL,A-119/CENIPA/2018-01,ANAC,78033
4/8/2019,ADOTADA,4/16/2019,8/13/2019,A-120/CENIPA/2015-01,ANAC,53469
4/8/2019,ADOTADA,4/16/2019,7/17/2019,A-120/CENIPA/2015-02,ANAC,53469
4/8/2019,ADOTADA,4/16/2019,8/13/2019,A-120/CENIPA/2015-03,ANAC,53469
2/12/2021,ADOTADA,2/27/2021,4/29/2021,A-121/CENIPA/2019-02,ABAG,78774
5/15/2023,ADOTADA,5/16/2023,8/9/2023,A-121/CENIPA/2021-03,DECEA,80369
5/15/2023,ADOTADA,5/16/2023,8/9/2023,A-121/CENIPA/2021-04,DECEA,80369
5/15/2023,NAO ADOTADA,5/16/2023,6/21/2023,A-121/CENIPA/2021-05,ANEEL,80369
12/19/2024,NAO ADOTADA,12/23/2024,NULL,A-121/CENIPA/2023-01,ANAC,81937
6/3/2024,ADOTADA,6/10/2024,7/22/2024,A-122/CENIPA/2022-01,ANAC,81085
5/15/2015,ADOTADA,7/30/2015,12/2/2015,A-123/CENIPA/2014-01,ANAC,51671
6/28/2019,ADOTADA,8/20/2019,12/30/2019,A-123/CENIPA/2015-01,ANAC,53494
7/3/2025,ADOTADA,7/4/2025,9/11/2025,A-123/CENIPA/2022-01,ANAC,81130
6/25/2018,ADOTADA,7/23/2018,10/30/2018,A-124/CENIPA/2015-01,ANAC,53486
10/4/2021,ADOTADA,2/11/2022,2/15/2022,A-124/CENIPA/2018-01,ANAC,78058
4/15/2026,AGUARDANDO RESPOSTA,5/11/2026,NULL,A-124/CENIPA/2023-01,ANAC,81962
7/3/2025,NAO ADOTADA,7/4/2025,NULL,A-125/CENIPA/2020-01,ANAC,79599
7/3/2025,NAO ADOTADA,7/4/2025,NULL,A-125/CENIPA/2020-02,ANAC,79599
7/3/2025,ADOTADA DE FORMA ALTERNATIVA,7/4/2025,7/4/2025,A-125/CENIPA/2020-03,ANAC,79599
5/21/2025,NAO ADOTADA,5/22/2025,NULL,A-125/CENIPA/2021-01,ANAC,80373
6/15/2015,ADOTADA DE FORMA ALTERNATIVA,1/11/2016,2/12/2016,A-127/CENIPA/2013-001,ANAC,49125
9/22/2023,ADOTADA,10/9/2023,2/1/2024,A-127/CENIPA/2021-03,ANAC,80380
5/27/2022,ADOTADA,6/20/2022,6/29/2022,A-128/CENIPA/2017-01,ANAC,77439
4/22/2025,ADOTADA,4/23/2025,10/8/2025,A-128/CENIPA/2019-01,ANAC,78781
8/15/2025,NAO ADOTADA,8/18/2025,8/15/2025,A-128/CENIPA/2022-01,ANAC,81124
4/8/2025,ADOTADA,4/14/2025,10/14/2025,A-128/CENIPA/2022-01,ANAC,78079
8/15/2014,NAO ADOTADA,9/17/2014,11/27/2014,A-130/CENIPA/2013-RSV_001,ANAC,46201
7/27/2018,ADOTADA,8/17/2018,4/22/2020,A-130/CENIPA/2015-01,ANAC,53498
4/22/2016,ADOTADA,5/17/2016,3/5/2018,A-131/CENIPA/2015-01,DECEA,49116
6/28/2019,ADOTADA,8/20/2019,9/23/2020,A-131/CENIPA/2017-01,ANAC,77424
6/28/2019,ADOTADA,8/20/2019,4/14/2020,A-131/CENIPA/2017-02,ANAC,77424
6/28/2019,ADOTADA,8/20/2019,9/23/2020,A-131/CENIPA/2017-03,ANAC,77424
6/28/2019,ADOTADA,8/20/2019,9/3/2019,A-131/CENIPA/2017-04,ANAC,77424
12/29/2025,AGUARDANDO RESPOSTA,2/23/2026,NULL,A-132/CENIPA/2021-01,ANAC,80398
5/29/2014,ADOTADA DE FORMA ALTERNATIVA,7/28/2014,12/30/2014,A-133/CENIPA/2013-001,ANAC,49119
5/16/2019,ADOTADA,5/22/2019,5/20/2020,A-133/CENIPA/2017-04,DECEA,77407
6/23/2025,ADOTADA,6/23/2025,6/25/2025,A-133/CENIPA/2021-01,ANAC,80402
6/23/2025,NAO ADOTADA,6/23/2025,NULL,A-133/CENIPA/2021-02,ANAC,80402
11/24/2014,ADOTADA,11/25/2014,8/7/2015,A-134/CENIPA/2014-01,ANAC,52265
1/11/2016,ADOTADA,1/19/2016,8/10/2016,A-134/CENIPA/2014-010,DECEA,52265
1/11/2016,ADOTADA,1/19/2016,8/10/2016,A-134/CENIPA/2014-011,DECEA,52265
1/11/2016,ADOTADA,1/19/2016,8/10/2016,A-134/CENIPA/2014-012,DECEA,52265
1/11/2016,ADOTADA,1/19/2016,6/28/2016,A-134/CENIPA/2014-013,DIRSA,52265
12/30/2025,NAO ADOTADA,1/8/2026,NULL,A-134/CENIPA/2021-01,ANAC,80406
12/29/2025,AGUARDANDO RESPOSTA,5/12/2026,NULL,A-134/CENIPA/2022-01,ANAC,81145
12/29/2025,AGUARDANDO RESPOSTA,5/12/2026,NULL,A-134/CENIPA/2022-02,ANAC,81145
11/16/2021,ADOTADA,12/23/2021,1/26/2022,A-137/CENIPA/2019-01,ANAC,80258
10/3/2024,ADOTADA,10/3/2024,5/13/2025,A-137/CENIPA/2021-01,ANAC,80419
10/3/2024,ADOTADA,10/3/2024,5/13/2025,A-137/CENIPA/2021-02,ANAC,80419
10/3/2024,ADOTADA,10/3/2024,5/13/2025,A-137/CENIPA/2021-03,ANAC,80419
10/3/2024,ADOTADA,10/3/2024,5/13/2025,A-137/CENIPA/2021-04,ANAC,80419
10/3/2024,ADOTADA,10/3/2024,5/13/2025,A-137/CENIPA/2021-05,ANAC,80419
12/19/2024,ADOTADA,12/23/2024,3/25/2025,A-138/CENIPA/2021-01,ANAC,80418
4/27/2024,ADOTADA DE FORMA ALTERNATIVA,5/6/2024,7/22/2024,A-138/CENIPA/2022-01,ANAC,81159
12/29/2025,AGUARDANDO RESPOSTA,2/27/2026,NULL,A-139/CENIPA/2022-01,ANAC,81162
7/21/2021,ADOTADA,8/16/2021,11/29/2021,A-140/CENIPA/2020-01,ANAC,79692
3/20/2015,ADOTADA,7/30/2015,12/15/2015,A-141/CENIPA/2013-001,ANAC,49237
3/20/2015,ADOTADA,7/30/2015,12/15/2015,A-141/CENIPA/2013-002,ANAC,49237
10/21/2013,ADOTADA,12/6/2013,4/28/2014,A-142/CENIPA/2013-RSV001,ANAC,46432
10/21/2013,ADOTADA,12/6/2013,8/10/2015,A-142/CENIPA/2013-RSV002,ANAC,46432
10/21/2013,ADOTADA,12/6/2013,4/5/2017,A-142/CENIPA/2013-RSV003,ANAC,46432
12/29/2025,AGUARDANDO RESPOSTA,5/12/2026,NULL,A-142/CENIPA/2020-01,ANAC,79697
12/29/2025,AGUARDANDO RESPOSTA,5/12/2026,NULL,A-142/CENIPA/2020-02,ANAC,79697
12/29/2025,AGUARDANDO RESPOSTA,5/12/2026,NULL,A-142/CENIPA/2020-03,ANAC,79697
8/19/2021,ADOTADA,8/26/2021,6/7/2022,A-144/CENIPA/2019-01,ANAC,78832
8/19/2021,ADOTADA DE FORMA ALTERNATIVA,8/26/2021,2/3/2022,A-144/CENIPA/2019-02,ANAC,78832
3/26/2024,ADOTADA,4/1/2024,10/25/2024,A-144/CENIPA/2021-01,ANAC,80440
10/27/2017,ADOTADA,11/16/2017,3/19/2020,A-145/CENIPA/2015-01,ANAC,53562
5/17/2019,ADOTADA,7/18/2019,5/15/2019,A-146/CENIPA/2014-01,ANAC,52274
5/17/2019,ADOTADA,7/18/2019,5/15/2019,A-146/CENIPA/2014-02,ANAC,52274
3/11/2019,ADOTADA,3/21/2019,5/3/2019,A-146/CENIPA/2018-01,ANAC,78176
3/13/2025,ADOTADA,4/8/2025,5/9/2025,A-146/CENIPA/2023-01,ANAC,82458
3/13/2025,NAO APLICAVEL,4/8/2025,8/18/2025,A-146/CENIPA/2023-02,ANAC,82458
4/5/2018,ADOTADA,5/22/2018,3/9/2020,A-147/CENIPA/2015-01,ANAC,53564
4/5/2018,ADOTADA,5/22/2018,12/10/2019,A-147/CENIPA/2015-02,ANAC,53564
4/5/2018,NAO ADOTADA,5/22/2018,3/9/2020,A-147/CENIPA/2015-03,ANAC,53564
4/5/2018,ADOTADA,5/22/2018,5/9/2020,A-147/CENIPA/2015-04,ANAC,53564
11/25/2025,ADOTADA,11/25/2025,3/24/2026,A-147/CENIPA/2023-01,ANAC,82509
6/28/2019,ADOTADA,8/20/2019,5/25/2020,A-149/CENIPA/2013-01,ANAC,49454
6/28/2019,ADOTADA,8/20/2019,5/25/2020,A-149/CENIPA/2013-02,ANAC,49454
6/28/2019,ADOTADA,8/20/2019,5/25/2020,A-149/CENIPA/2013-03,ANAC,49454
6/28/2019,ADOTADA,8/20/2019,9/12/2019,A-149/CENIPA/2013-04,ANAC,49454
6/28/2019,ADOTADA,8/20/2019,9/12/2019,A-149/CENIPA/2013-05,ANAC,49454
4/8/2019,ADOTADA,5/20/2019,9/23/2019,A-149/CENIPA/2015-01,ANAC,53559
4/8/2019,ADOTADA,5/20/2019,7/4/2019,A-149/CENIPA/2015-02,ANAC,53559
4/8/2019,ADOTADA,5/20/2019,1/17/2025,A-149/CENIPA/2015-03,ANAC,53559
4/8/2019,ADOTADA,5/20/2019,1/17/2025,A-149/CENIPA/2015-04,ANAC,53559
4/5/2018,ADOTADA,4/17/2018,5/19/2022,A-150/CENIPA/2015-01,ANAC,53565
4/5/2018,ADOTADA,4/17/2018,11/4/2019,A-150/CENIPA/2015-02,ANAC,53565
4/5/2018,ADOTADA,4/17/2018,11/4/2019,A-150/CENIPA/2015-03,ANAC,53565
4/5/2018,ADOTADA,4/17/2018,5/19/2022,A-150/CENIPA/2015-04,ANAC,53565
12/18/2025,ADOTADA,12/23/2025,3/24/2026,A-150/CENIPA/2020-01,ANAC,79719
10/21/2013,ADOTADA,12/6/2013,4/28/2014,A-151/CENIPA/2013-RSV001,ANAC,46585
11/16/2021,ADOTADA,12/17/2021,12/20/2021,A-151/CENIPA/2018-01,ANAC,78200
11/18/2024,ADOTADA,11/18/2024,11/7/2024,A-152/CENIPA/2021-01,ANAC,80452
12/2/2025,ADOTADA,12/3/2025,2/23/2026,A-153/CENIPA/2023-01,ANAC,82568
12/2/2025,ADOTADA,12/3/2025,2/23/2026,A-153/CENIPA/2023-02,ANAC,82568
4/8/2019,ADOTADA,4/17/2019,7/18/2019,A-154/CENIPA/2013-01,ANAC,49593
4/8/2019,ADOTADA,4/17/2019,7/18/2019,A-154/CENIPA/2013-02,ANAC,49593
4/8/2019,ADOTADA,4/17/2019,7/18/2019,A-154/CENIPA/2013-03,ANAC,49593
11/13/2013,ADOTADA DE FORMA ALTERNATIVA,2/5/2014,7/30/2014,A-154/CENIPA/2013-RSV001,ANAC,46752
10/28/2019,ADOTADA,11/6/2019,11/27/2019,A-154/CENIPA/2015-01,ANAC,53572
10/14/2025,NAO ADOTADA,10/17/2025,NULL,A-154/CENIPA/2020-01,ANAC,79743
8/1/2017,ADOTADA,8/29/2017,5/14/2018,A-155/CENIPA/201_5-0_1,ANAC,53571
7/27/2018,ADOTADA,8/13/2018,9/13/2018,A-155/CENIPA/2014-0_1,DECEA,52279
7/27/2018,ADOTADA,8/13/2018,9/13/2018,A-155/CENIPA/2014-0_2,DECEA,52279
7/27/2018,ADOTADA,8/13/2018,9/13/2018,A-155/CENIPA/2014-0_3,DECEA,52279
8/1/2017,ADOTADA,8/29/2017,5/14/2018,A-155/CENIPA/2015-0_2,ANAC,53571
8/19/2021,ADOTADA,8/26/2021,9/16/2021,A-155/CENIPA/2019-01,ANAC,79034
8/19/2021,ADOTADA,8/26/2021,9/1/2021,A-156/CENIPA/2019-01,ANAC,79035
8/19/2021,ADOTADA,8/26/2021,9/16/2021,A-156/CENIPA/2019-02,ANAC,79035
4/12/2022,ADOTADA,4/25/2022,8/31/2022,A-156/CENIPA/2020-01,ANAC,79748
11/7/2018,ADOTADA,11/27/2018,12/13/2018,A-158/CENIPA/2014-01,ANAC,52340
6/25/2018,ADOTADA,7/23/2018,5/7/2020,A-158/CENIPA/2015-01,ANAC,53576
6/25/2018,ADOTADA,7/23/2018,5/7/2020,A-158/CENIPA/2015-02,ANAC,53576
4/8/2019,ADOTADA,4/17/2019,8/14/2019,A-159/CENIPA/2015-01,ANAC,53625
4/8/2019,ADOTADA,4/17/2019,8/14/2019,A-159/CENIPA/2015-02,ANAC,53625
4/8/2019,ADOTADA,4/17/2019,8/14/2019,A-159/CENIPA/2015-03,ANAC,53625
7/21/2015,ADOTADA,8/21/2015,11/26/2015,A-160/CENIPA/2013-001,ANAC,49611
10/28/2019,ADOTADA,11/6/2019,11/27/2019,A-160/CENIPA/2015-01,ANAC,53626
5/17/2018,ADOTADA DE FORMA ALTERNATIVA,6/18/2018,4/14/2020,A-161/CENIPA/2015-01,ANAC,53628
12/30/2013,ADOTADA,9/19/2014,9/26/2014,A-162/CENIPA/2013-RSV_001,ANAC,33077
8/15/2014,ADOTADA,5/26/2015,11/12/2015,A-163/CENIPA/2013-001,ANAC,45618
9/24/2018,ADOTADA,9/24/2018,NULL,A-163/CENIPA/2013-01,ANAC,49651
4/12/2022,ADOTADA,4/25/2022,7/19/2022,A-164/CENIPA/2018-01,ANAC,78282
5/27/2022,ADOTADA,6/30/2022,7/18/2023,A-165/CENIPA/2018-01,ANAC,78283
5/27/2022,ADOTADA,6/30/2022,7/18/2023,A-165/CENIPA/2018-02,ANAC,78283
5/27/2022,ADOTADA,6/30/2022,7/18/2023,A-165/CENIPA/2018-03,ANAC,78283
5/27/2022,ADOTADA,6/30/2022,7/18/2023,A-165/CENIPA/2018-04,ANAC,78283
5/27/2022,ADOTADA,6/30/2022,7/18/2023,A-165/CENIPA/2018-05,ANAC,78283
5/27/2022,ADOTADA,6/30/2022,7/18/2022,A-165/CENIPA/2018-06,ANAC,78283
12/12/2013,ADOTADA DE FORMA ALTERNATIVA,2/12/2014,7/24/2017,A-166/CENIPA/2013-RSV_001,ANAC,38578
12/12/2013,ADOTADA,2/12/2014,5/19/2014,A-166/CENIPA/2013-RSV_002,ANAC,38578
12/12/2013,SEM INFORMACAO,2/12/2014,NULL,A-166/CENIPA/2013-RSV_003,ABRAPHE,38578
5/22/2015,ADOTADA DE FORMA ALTERNATIVA,8/21/2015,12/16/2015,A-166/CENIPA/2014-001,ANAC,52538
12/12/2013,ADOTADA,2/12/2014,8/19/2014,A-167/CENIPA/2013-RSV_001,ANAC,43809
12/12/2013,ADOTADA,2/12/2014,2/23/2016,A-167/CENIPA/2013-RSV_002,ANAC,43809
11/29/2013,ADOTADA,2/12/2014,7/19/2016,A-167/CENIPA/2013-RSV_003,SINDAG,43809
8/1/2017,ADOTADA,8/29/2017,8/6/2018,A-168/CENIPA/2015-01,ANAC,60620
8/1/2017,ADOTADA,8/29/2017,8/6/2018,A-168/CENIPA/2015-02,ANAC,60620
8/1/2017,ADOTADA,8/29/2017,8/6/2018,A-168/CENIPA/2015-03,ANAC,60620
8/1/2017,NAO APLICAVEL,8/29/2017,8/6/2018,A-168/CENIPA/2015-04,ANAC,60620
2/9/2022,ADOTADA,2/11/2022,2/15/2022,A-168/CENIPA/2016-01,ANAC,66128
12/16/2013,ADOTADA,2/12/2014,8/22/2014,A-169/CENIPA/2013-RSV_001,ANAC,28335
11/5/2013,ADOTADA DE FORMA ALTERNATIVA,11/6/2013,4/18/2016,A-169/CENIPA/2013-RSV_001,SAC,50291
11/30/2017,ADOTADA,11/30/2017,1/26/2018,A-169/CENIPA/2014-01,ANAC,52634
5/10/2018,ADOTADA,5/22/2018,6/29/2018,A-169/CENIPA/2016-01,ANAC,66131
5/10/2018,ADOTADA,5/22/2018,6/29/2018,A-169/CENIPA/2016-02,ANAC,66131
5/10/2018,ADOTADA,5/22/2018,6/29/2018,A-169/CENIPA/2016-03,ANAC,66131
12/29/2014,ADOTADA,12/30/2014,7/11/2016,A-170/CENIPA/2014-001,ANAC,52635
2/9/2022,ADOTADA,2/16/2022,8/23/2022,A-170/CENIPA/2018-01,ANAC,78311
2/9/2022,ADOTADA,2/16/2022,2/22/2022,A-170/CENIPA/2018-02,ANAC,78311
2/9/2022,ADOTADA,2/16/2022,8/23/2022,A-170/CENIPA/2018-03,ANAC,78311
12/30/2013,ADOTADA,2/12/2014,5/28/2014,A-172/CENIPA/2013-RSV_001,ANAC,45821
12/30/2013,ADOTADA,2/12/2014,1/29/2015,A-172/CENIPA/2013-RSV_002,ANAC,45821
7/27/2018,ADOTADA,8/17/2018,3/7/2019,A-172/CENIPA/2015-01,ANAC,60631
7/27/2018,ADOTADA,8/17/2018,3/7/2019,A-172/CENIPA/2015-02,ANAC,60631
1/29/2019,ADOTADA,2/25/2019,5/3/2019,A-172/CENIPA/2016-01,ANAC,66156
1/29/2019,ADOTADA,2/25/2019,5/3/2019,A-172/CENIPA/2016-02,ANAC,66156
12/12/2013,NAO ADOTADA,2/12/2014,1/8/2016,A-173/CENIPA/2013-RSV_001,ANAC,46356
12/12/2013,NAO ADOTADA,2/12/2014,4/8/2016,A-173/CENIPA/2013-RSV_002,ANAC,46356
12/12/2013,ADOTADA,2/12/2014,8/22/2014,A-173/CENIPA/2013-RSV_003,ANAC,46356
9/24/2018,ADOTADA,11/7/2018,7/17/2019,A-173/CENIPA/2015-01,ANAC,60783
9/24/2018,ADOTADA,11/7/2018,7/17/2019,A-173/CENIPA/2015-02,ANAC,60783
9/24/2018,ADOTADA,11/7/2018,7/17/2019,A-173/CENIPA/2015-03,ANAC,60783
5/10/2018,ADOTADA,5/10/2018,10/31/2018,A-174/CENIPA/2016-01,ANAC,66221
7/8/2022,ADOTADA,7/19/2022,8/23/2022,A-174/CENIPA/2018-01,ANAC,78337
8/1/2017,ADOTADA,8/1/2017,NULL,A-175/CENIPA/2013-01,ANAC,49876
3/11/2019,ADOTADA,3/21/2019,7/18/2019,A-175/CENIPA/2014-01,ANAC,52640
3/11/2019,ADOTADA,3/21/2019,7/18/2019,A-175/CENIPA/2014-02,ANAC,52640
8/1/2017,ADOTADA,8/29/2017,4/17/2018,A-175/CENIPA/2016-01,ANAC,66204
8/4/2015,NAO ADOTADA,9/3/2015,3/3/2016,A-177/CENIPA/2014-01,ANAC,52651
8/15/2014,ADOTADA,9/17/2014,3/27/2015,A-180/CENIPA/2013-RSV-001,ANAC,49878
8/25/2011,ADOTADA,8/25/2011,9/21/2015,A-181/CENIPA/2011,ANAC,44986
8/19/2021,ADOTADA,8/26/2021,9/16/2021,A-181/CENIPA/2013-01,ANAC,50343
3/11/2019,ADOTADA,3/19/2019,5/15/2019,A-181/CENIPA/2018-01,ANAC,78352
3/11/2019,ADOTADA DE FORMA ALTERNATIVA,3/19/2019,5/15/2019,A-181/CENIPA/2018-02,ANAC,78352
9/24/2018,ADOTADA,11/7/2018,2/25/2019,A-183/CENIPA/2013-01,ANAC,49880
9/24/2018,ADOTADA,11/7/2018,2/25/2019,A-183/CENIPA/2013-02,ANAC,49880
9/24/2018,ADOTADA,11/7/2018,2/25/2019,A-183/CENIPA/2013-03,ANAC,49880
9/24/2018,ADOTADA,11/7/2018,2/25/2019,A-183/CENIPA/2013-04,ANAC,49880
9/24/2018,ADOTADA,11/7/2018,2/25/2019,A-183/CENIPA/2013-05,ANAC,49880
9/24/2018,ADOTADA,11/7/2018,2/25/2019,A-183/CENIPA/2013-06,ANAC,49880
9/24/2018,ADOTADA,11/7/2018,2/25/2019,A-183/CENIPA/2013-07,ANAC,49880
3/24/2014,ADOTADA,4/14/2015,3/16/2016,A-185/CENIPA/2013-RSV_001,ANAC,49882
11/16/2021,ADOTADA,12/23/2021,4/27/2022,A-185/CENIPA/2018-01,ANAC,78359
3/28/2014,ADOTADA,4/14/2015,8/17/2015,A-186/CENIPA/2013-RSV_001,ANAC,49892
9/24/2018,ADOTADA,11/7/2018,2/28/2019,A-187/CENIPA/2014-01,ANAC,52671
9/24/2018,ADOTADA,11/7/2018,2/28/2019,A-187/CENIPA/2014-02,ANAC,52671
9/24/2018,ADOTADA,11/7/2018,4/5/2019,A-187/CENIPA/2014-03,ANAC,52671
5/10/2018,SEM INFORMACAO,5/10/2018,NULL,A-191/CENIPA/2013-01,ANP,50314
5/10/2018,SEM INFORMACAO,5/10/2018,NULL,A-191/CENIPA/2013-02,ANP,50314
5/10/2018,SEM INFORMACAO,5/10/2018,NULL,A-191/CENIPA/2013-03,ANP,50314
5/10/2018,SEM INFORMACAO,5/10/2018,NULL,A-191/CENIPA/2013-04,ANP,50314
5/10/2018,SEM INFORMACAO,5/10/2018,NULL,A-191/CENIPA/2013-05,ANP,50314
5/10/2018,SEM INFORMACAO,5/10/2018,NULL,A-191/CENIPA/2013-06,ANP,50314
5/10/2018,SEM INFORMACAO,5/10/2018,NULL,A-191/CENIPA/2013-07,ANP,50314
3/17/2014,ADOTADA,4/14/2015,1/8/2016,A-192/CENIPA/2013-RSV_001,ANAC,50292
5/16/2019,ADOTADA,5/22/2019,5/30/2019,A-192/CENIPA/2018-01,ANAC,78390
6/25/2018,ADOTADA,7/31/2018,6/14/2019,A-193/CENIPA/2013-01,ANAC,50320
6/25/2018,ADOTADA,7/31/2018,6/14/2019,A-193/CENIPA/2013-02,ANAC,50320
6/25/2018,ADOTADA,7/31/2018,6/14/2019,A-193/CENIPA/2013-03,ANAC,50320
6/25/2018,ADOTADA,7/31/2018,6/14/2019,A-193/CENIPA/2013-04,ANAC,50320
1/29/2019,ADOTADA,2/21/2019,4/8/2019,A-194/CENIPA/2014-01,ANAC,52819
7/21/2015,ADOTADA DE FORMA ALTERNATIVA,8/21/2015,10/20/2015,A-200/CENIPA/2013-001,ANAC,50331
8/1/2017,ADOTADA DE FORMA ALTERNATIVA,8/1/2017,NULL,A-205/CENIPA/2014-01,ANAC,52838
8/1/2017,ADOTADA DE FORMA ALTERNATIVA,8/29/2017,10/5/2017,A-211/CENIPA/2014-01,ANAC,52874
5/26/2017,NAO ADOTADA,6/1/2017,NULL,A-212/CENIPA/2014-01,SINDAG,52946
5/26/2017,NAO ADOTADA,6/1/2017,NULL,A-212/CENIPA/2014-02,SINDAG,52946
5/26/2017,NAO ADOTADA,6/1/2017,NULL,A-212/CENIPA/2014-03,SINDAG,52946
11/11/2016,ADOTADA,12/14/2016,NULL,A-213/CENIPA/2013-01,ANAC,50342
11/11/2016,ADOTADA,12/14/2016,NULL,A-213/CENIPA/2013-02,ANAC,50342
11/11/2016,ADOTADA,12/14/2016,NULL,A-213/CENIPA/2013-03,ANAC,50342
11/11/2016,NAO ADOTADA,12/14/2016,NULL,A-213/CENIPA/2013-04,ANAC,50342
4/23/2014,ADOTADA DE FORMA ALTERNATIVA,6/16/2014,11/27/2014,A-216/CENIPA/2013-RSV_001,ANAC,50344
8/1/2017,ADOTADA,8/29/2017,9/30/2019,A-225/CENIPA/2013-01,ANAC,50240
8/1/2017,ADOTADA,8/29/2017,9/30/2019,A-225/CENIPA/2013-02,ANAC,50240
8/1/2017,ADOTADA,8/1/2017,9/30/2019,A-225/CENIPA/2013-03,ANAC,50240
2/8/2017,ADOTADA,2/16/2017,4/17/2017,A-227/CENIPA/2013-01,ANAC,50246
2/8/2017,ADOTADA,2/16/2017,4/17/2017,A-227/CENIPA/2013-02,ANAC,50246
8/15/2012,ADOTADA,8/20/2012,6/7/2016,A-287/CENIPA/2012-01,ANAC,46305
8/15/2012,ADOTADA,8/20/2012,9/30/2012,A-288/CENIPA/2012-02,ANAC,46305
7/21/2015,ADOTADA,8/21/2015,12/1/2016,A-502/CENIPA/2015-001,ANAC,44463
4/8/2019,ADOTADA DE FORMA ALTERNATIVA,4/25/2019,6/6/2019,A-502/CENIPA/2018-01,ANAC,46255
4/8/2019,ADOTADA,4/25/2019,6/6/2019,A-502/CENIPA/2018-02,ANAC,46255
7/21/2015,ADOTADA,8/21/2015,7/7/2016,A-506/CENIPA/2015-001,ANAC,41829
7/21/2015,ADOTADA,8/21/2015,12/17/2015,A-506/CENIPA/2015-002,ANAC,41829
9/3/2019,ADOTADA,9/10/2019,9/24/2019,A-507/CENIPA/2018-01,ANAC,42758
3/20/2015,ADOTADA,4/20/2015,NULL,A-509/CENIPA/2014-001,ANAC,45025
7/15/2015,ADOTADA,8/21/2015,10/20/2015,A-512/CENIPA/2015-001,ANAC,38875
9/4/2018,ADOTADA,10/17/2018,5/22/2019,A-515/CENIPA/2018-02,ANAC,45188
9/4/2018,ADOTADA,10/17/2018,5/22/2019,A-515/CENIPA/2018-04,ANAC,45188
2/9/2022,ADOTADA,2/16/2022,6/23/2022,A-515/CENIPA/2021-01,ANAC,45589
6/6/2015,NAO ADOTADA,8/21/2015,9/14/2016,A-516/CENIPA/2015-001,ANAC,42001
6/6/2015,ADOTADA DE FORMA ALTERNATIVA,8/21/2015,12/15/2015,A-519/CENIPA/2015-001,ANAC,45049
6/6/2015,NAO ADOTADA,8/21/2015,1/6/2016,A-520/CENIPA/2015-001,ANAC,43992
7/21/2014,ADOTADA,8/11/2014,3/14/2016,A-522/CENIPA/2014-001,ANAC,43774
5/16/2019,ADOTADA,5/27/2019,12/23/2019,A-522/CENIPA/2016-01,ANAC,46840
5/16/2019,ADOTADA,5/27/2019,6/11/2019,A-522/CENIPA/2016-02,ANAC,46840
12/4/2018,ADOTADA,12/17/2018,1/10/2019,A-531/CENIPA/2016-01,ANAC,44545
12/4/2018,ADOTADA,12/17/2018,1/10/2019,A-531/CENIPA/2016-02,ANAC,44545
11/24/2016,ADOTADA,12/14/2016,2/7/2017,A-531CENIPA2015-01,ANAC,45571
11/24/2016,ADOTADA,12/14/2016,2/7/2017,A-531CENIPA2015-02,ANAC,45571
11/24/2016,ADOTADA,12/14/2016,2/7/2017,A-531CENIPA2015-03,ANAC,45571
11/24/2016,ADOTADA,12/14/2016,2/7/2017,A-531CENIPA2015-04,ANAC,45571
11/24/2016,NAO ADOTADA,12/14/2016,2/7/2017,A-531CENIPA2015-05,ANAC,45571
11/24/2016,ADOTADA,12/14/2016,2/7/2017,A-531CENIPA2015-06,ANAC,45571
11/24/2016,NAO ADOTADA,12/14/2016,2/7/2017,A-531CENIPA2015-07,ANAC,45571
7/7/2015,ADOTADA,8/21/2015,11/12/2015,A-533/CENIPA/2015-01,ANAC,44579
8/22/2014,ADOTADA,10/1/2014,2/10/2015,A-539/CENIPA/2014-001,ANAC,45291
7/7/2016,NAO ADOTADA,12/14/2016,2/7/2017,A-539/CENIPA/2015-01,ANAC,38660
11/11/2016,ADOTADA,12/14/2016,3/23/2017,A-543/CENIPA/2015-01,ANAC,44855
3/9/2018,ADOTADA DE FORMA ALTERNATIVA,3/16/2018,4/15/2019,A-545/CENIPA/2017-02,DECEA,29735
8/6/2019,ADOTADA,8/20/2019,5/6/2020,A-550/CENIPA/2011-02,DECEA,45087
8/6/2019,SEM INFORMACAO,8/20/2019,NULL,A-550/CENIPA/2011-03,SINDAG,45087
4/24/2015,ADOTADA DE FORMA ALTERNATIVA,5/26/2015,8/24/2015,A-555/CENIPA/2014-001,ANAC,44436
6/12/2014,ADOTADA DE FORMA ALTERNATIVA,7/29/2014,2/27/2015,A-559/CENIPA/2014-RSV_001,ANAC,31080
6/12/2014,ADOTADA,7/29/2014,12/30/2014,A-559/CENIPA/2014-RSV_002,ANAC,31080
3/18/2016,SEM INFORMACAO,5/17/2016,NULL,A-561/CENIPA/2011-02,DECEA,45065
8/15/2014,ADOTADA,9/16/2014,12/30/2014,A-567/CENIPA/2014-RSV_001,ANAC,37019
9/29/2014,ADOTADA,12/15/2014,3/3/2016,A-569/CENIPA/2014-01,ANAC,38645
7/21/2014,ADOTADA,8/11/2014,4/30/2015,A-570/CENIPA/2014-001,ANAC,37183
10/29/2014,NAO ADOTADA,12/15/2014,5/24/2016,A-581/CENIPA/2014-01,ANAC,41960
7/29/2016,ADOTADA,8/25/2016,9/16/2019,A-582/CENIPA/2014-03,DECEA,45331
8/15/2014,ADOTADA,9/17/2014,2/10/2015,A-584/CENIPA/2014_RSV_001,ANAC,44140
3/11/2019,ADOTADA,3/18/2019,5/7/2019,A-584/CENIPA/2016-01,ANAC,43628
3/11/2019,ADOTADA,3/18/2019,5/7/2019,A-584/CENIPA/2016-02,ANAC,43628
8/22/2014,ADOTADA,9/17/2014,11/12/2015,A-586/CENIPA/2014_RSV_001,ANAC,44336
5/17/2018,ADOTADA,7/31/2018,10/8/2018,A-587/CENIPA/2016-01,ANAC,46305
8/19/2021,ADOTADA,9/4/2021,9/29/2021,A-593/CENIPA/2018-01,ANAC,45651
10/1/2014,ADOTADA,12/15/2014,2/10/2015,A-596/CENIPA/2013-001,ANAC,43062
8/26/2016,SEM INFORMACAO,8/30/2016,NULL,A-605/CENIPA/2014-02,LYCOMING,45759
11/24/2016,ADOTADA,12/14/2016,12/28/2016,A-606/CENIPA/2014-01,ANAC,43705
11/24/2016,NAO ADOTADA,12/14/2016,12/28/2016,A-606/CENIPA/2014-02,ANAC,43705
11/24/2016,ADOTADA,12/14/2016,2/19/2018,A-606/CENIPA/2014-03,DECEA,43705
3/6/2015,ADOTADA,3/20/2015,10/22/2015,A-610/CENIPA/2014-001,ANAC,45070
3/20/2015,ADOTADA DE FORMA ALTERNATIVA,4/20/2015,8/21/2015,A-613/CENIPA/2014-001,ANAC,45062
3/20/2015,ADOTADA,4/20/2015,8/17/2015,A-613/CENIPA/2014-002,ANAC,45062
4/15/2015,ADOTADA,5/26/2015,6/17/2015,A-617/CENIPA/2014-001,ANAC,46734
4/15/2015,ADOTADA,5/26/2015,6/17/2015,A-617/CENIPA/2014-002,ANAC,46734
4/15/2015,ADOTADA,5/26/2015,1/7/2016,A-620/CENIPA/2014-001,ANAC,38644
4/15/2015,NAO ADOTADA,5/26/2015,1/7/2016,A-620/CENIPA/2014-002,ANAC,38644
4/15/2015,ADOTADA DE FORMA ALTERNATIVA,5/26/2015,6/8/2016,A-620/CENIPA/2014-003,ANAC,38644
5/15/2015,ADOTADA,5/26/2015,8/11/2015,A-626/CENIPA/2014-001,ANAC,45573
5/15/2015,ADOTADA DE FORMA ALTERNATIVA,5/26/2015,8/24/2015,A-626/CENIPA/2014-002,ANAC,45573
5/30/2016,ADOTADA,6/30/2016,10/5/2017,CSTOJ_RS_10/206,DECEA,51570
5/22/2014,ADOTADA,7/29/2014,2/20/2017,I-053/CENIPA/2014-RS_001,ANAC,46300
5/22/2014,NAO ADOTADA,7/29/2014,2/20/2017,I-053/CENIPA/2014-RS_002,ANAC,46300
7/10/2013,ADOTADA,7/18/2013,1/19/2016,I-067/CENIPA/2013-RSV_001,ANAC,47938
7/10/2013,NAO ADOTADA,7/18/2013,1/19/2016,I-067/CENIPA/2013-RSV_002,ANAC,47938
7/10/2013,ADOTADA,7/18/2013,4/28/2014,I-067/CENIPA/2013-RSV_003,ANAC,47938
7/10/2013,ADOTADA,7/18/2013,1/19/2016,I-067/CENIPA/2013-RSV_004,ANAC,47938
7/10/2013,NAO ADOTADA,7/18/2013,1/19/2016,I-067/CENIPA/2013-RSV_005,ANAC,47938
7/10/2013,ADOTADA DE FORMA ALTERNATIVA,7/18/2013,1/19/2016,I-067/CENIPA/2013-RSV_006,ANAC,47938
7/10/2013,ADOTADA,7/18/2013,8/12/2013,I-067/CENIPA/2013-RSV_007,ANAC,47938
7/10/2013,ADOTADA,7/18/2013,7/17/2014,I-067/CENIPA/2013-RSV_008,DECEA,47938
7/10/2013,ADOTADA,7/18/2013,7/17/2014,I-067/CENIPA/2013-RSV_009,DECEA,47938
7/10/2013,ADOTADA,7/18/2013,7/17/2014,I-067/CENIPA/2013-RSV_010,DECEA,47938
7/10/2013,ADOTADA,7/18/2013,7/17/2014,I-067/CENIPA/2013-RSV_011,DECEA,47938
3/23/2023,ADOTADA,4/11/2023,5/25/2023,I-149/CENIPA/2021-02,DECEA,80468
3/23/2023,ADOTADA,4/11/2023,5/25/2023,I-149/CENIPA/2021-03,DECEA,80468
11/7/2013,ADOTADA,2/5/2014,4/4/2014,I-152/CENIPA/2013-RSV001,ANAC,46706
3/6/2015,NAO ADOTADA,3/20/2015,8/11/2015,I-215/CENIPA/2015-001,ANAC,52699
3/6/2015,NAO ADOTADA,3/20/2015,8/11/2015,I-215/CENIPA/2015-002,ANAC,52699
3/6/2015,NAO ADOTADA,3/20/2015,NULL,I-215/CENIPA/2015-003,AEROPREST,52699
3/6/2015,NAO ADOTADA,3/20/2015,NULL,I-215/CENIPA/2015-004,AEROPREST,52699
3/6/2015,NAO ADOTADA,3/20/2015,NULL,I-215/CENIPA/2015-005,PETROBRAS,52699
2/2/2015,ADOTADA,3/20/2015,1/6/2016,I-235/CENIPA/2013-001,ANAC,53104
2/2/2015,ADOTADA,3/20/2015,1/6/2016,I-235/CENIPA/2013-002,ANAC,53104
2/2/2015,ADOTADA DE FORMA ALTERNATIVA,3/20/2015,8/21/2015,I-235/CENIPA/2013-003,ANAC,53104
2/2/2015,ADOTADA,3/20/2015,2/25/2016,I-235/CENIPA/2013-004,DECEA,53104
2/2/2015,ADOTADA,3/20/2015,2/25/2016,I-235/CENIPA/2013-005,DECEA,53104
2/2/2015,ADOTADA,3/20/2015,2/25/2016,I-235/CENIPA/2013-006,DECEA,53104
6/12/2014,ADOTADA,7/29/2014,9/22/2015,I-535/CENIPA/2014-RS_001,ANAC,45785
6/12/2014,ADOTADA,7/29/2014,8/31/2017,I-535/CENIPA/2014-RS_002,ANAC,45785
6/12/2014,ADOTADA,7/29/2014,1/29/2015,I-535/CENIPA/2014-RS_003,ANAC,45785
3/9/2018,ADOTADA,3/16/2018,11/23/2018,I-544/CENIPA/2017-05,DECEA,51083
3/9/2018,ADOTADA,3/16/2018,11/5/2019,I-544/CENIPA/2017-06,DECEA,51083
10/28/2019,ADOTADA,11/6/2019,11/27/2019,I-548/CENIPA/2018-01,ANAC,49692
2/25/2015,ADOTADA,3/20/2015,1/5/2016,IG-001/CENIPA/2015-001,ANAC,52992
2/25/2015,ADOTADA DE FORMA ALTERNATIVA,3/20/2015,1/15/2016,IG-001/CENIPA/2015-002,ANAC,52992
2/25/2015,ADOTADA,3/20/2015,6/24/2015,IG-001/CENIPA/2015-003,ANAC,52992
3/29/2021,ADOTADA,4/26/2021,9/23/2021,IG-003/CENIPA/2019-02,DECEA,78411
3/29/2021,ADOTADA,4/26/2021,9/23/2021,IG-003/CENIPA/2019-03,DECEA,78411
5/15/2015,ADOTADA,5/26/2015,8/10/2015,IG-006/CENIPA/2013-001,ANAC,46864
5/15/2015,ADOTADA DE FORMA ALTERNATIVA,5/26/2015,4/18/2016,IG-006/CENIPA/2013-002,ANAC,46864
1/24/2014,ADOTADA DE FORMA ALTERNATIVA,3/19/2014,9/26/2014,IG-006/CENIPA/2014-RSV_001,ANAC,34739
6/2/2014,ADOTADA DE FORMA ALTERNATIVA,7/29/2014,12/30/2014,IG-007/CENIPA/2014-RSV_001,ANAC,45096
8/1/2017,ADOTADA,8/29/2017,8/6/2018,IG-007/CENIPA/2017-01,ANAC,66216
10/20/2024,ADOTADA,10/29/2024,1/17/2025,IG-008/CENIPA/2021-01,ANAC,79831
9/22/2013,ADOTADA,4/14/2015,9/23/2016,IG-010/CENIPA/2013-RSV001,ANAC,41179
9/22/2013,ADOTADA,4/14/2015,9/23/2016,IG-010/CENIPA/2013-RSV002,ANAC,41179
9/22/2013,ADOTADA,4/14/2015,8/24/2015,IG-010/CENIPA/2013-RSV003,ANAC,41179
5/10/2018,ADOTADA,5/22/2018,6/5/2018,IG-010/CENIPA/2016-01,ANAC,60667
4/25/2025,ADOTADA,4/28/2025,9/11/2025,IG-010/CENIPA/2022-01,ANAC,80492
9/19/2013,ADOTADA,11/5/2013,4/28/2014,IG-011/CENIPA/2013-RSV001,ANAC,44661
9/19/2013,NAO ADOTADA,11/5/2013,1/6/2016,IG-011/CENIPA/2013-RSV002,ANAC,44661
9/19/2013,ADOTADA,11/5/2013,1/13/2014,IG-011/CENIPA/2013-RSV003,ANAC,44661
9/19/2013,ADOTADA,9/19/2013,2/28/2014,IG-011/CENIPA/2013-RSV004,CENIPA,44661
2/2/2014,NAO ADOTADA,3/19/2014,9/9/2015,IG-012/CENIPA/2014-001,ANAC,38647
2/2/2014,ADOTADA,3/20/2014,5/20/2015,IG-012/CENIPA/2014-002,DECEA,38647
7/21/2021,ADOTADA,8/18/2021,12/14/2021,IG-012/CENIPA/2016-01,ANAC,60662
7/21/2021,ADOTADA,8/18/2021,12/14/2021,IG-012/CENIPA/2016-02,ANAC,60662
2/2/2014,ADOTADA DE FORMA ALTERNATIVA,3/19/2014,9/26/2014,IG-013/CENIPA/2014-001,ANAC,33275
12/16/2013,ADOTADA,2/12/2014,4/25/2017,IG-014/CENIPA/2013-RSV_001,ANAC,45553
12/16/2013,NAO ADOTADA,2/12/2014,7/28/2014,IG-014/CENIPA/2013-RSV_002,ANAC,45553
12/16/2013,ADOTADA,2/12/2014,4/25/2017,IG-014/CENIPA/2013-RSV_003,ANAC,45553
12/16/2013,NAO ADOTADA,2/12/2014,7/28/2014,IG-014/CENIPA/2013-RSV_004,ANAC,45553
12/16/2013,ADOTADA,2/12/2014,3/26/2014,IG-014/CENIPA/2013-RSV_005,ANAC,45553
4/28/2014,ADOTADA,4/14/2015,3/13/2017,IG-017/CENIPA/2013-RSV_001,ANAC,46865
7/16/2013,ADOTADA,8/12/2013,1/15/2016,IG-018/CENIPA/2013-RSV_001,ANAC,45554
7/16/2013,NAO ADOTADA,8/12/2013,1/15/2016,IG-018/CENIPA/2013-RSV_002,ANAC,45554
7/16/2013,ADOTADA,8/12/2013,1/15/2016,IG-018/CENIPA/2013-RSV_003,ANAC,45554
7/16/2013,ADOTADA,8/12/2013,1/15/2016,IG-018/CENIPA/2013-RSV_004,ANAC,45554
7/16/2013,NAO ADOTADA,8/12/2013,3/21/2014,IG-018/CENIPA/2013-RSV_005,DECEA,45554
7/16/2013,NAO ADOTADA,12/20/2011,2/6/2012,IG-018/CENIPA/2013-RSV_006,DECEA,45554
9/4/2018,ADOTADA,11/7/2018,8/25/2020,IG-019/CENIPA/2017-01,ANAC,66350
9/4/2018,ADOTADA,11/7/2018,12/31/2018,IG-019/CENIPA/2017-02,ANAC,66350
9/3/2019,ADOTADA,9/10/2019,7/9/2020,IG-020/CENIPA/2019-01,ANAC,78488
9/3/2019,ADOTADA,9/10/2019,9/24/2019,IG-020/CENIPA/2019-02,ANAC,78488
10/28/2019,ADOTADA,11/6/2019,10/1/2020,IG-023/CENIPA/2019-01,ANAC,78513
10/28/2019,ADOTADA,11/6/2019,10/1/2020,IG-023/CENIPA/2019-02,ANAC,78513
10/28/2019,ADOTADA,11/5/2019,8/12/2020,IG-025/CENIPA/2019-01_A,ANAC,78497
10/28/2019,ADOTADA,11/5/2019,10/4/2019,IG-025/CENIPA/2019-01_B,ANAC,78497
10/28/2019,ADOTADA,11/5/2019,8/12/2020,IG-025/CENIPA/2019-02,ANAC,78497
10/28/2019,ADOTADA,11/5/2019,8/12/2020,IG-025/CENIPA/2019-03,ANAC,78497
10/28/2019,ADOTADA,11/5/2019,8/12/2020,IG-025/CENIPA/2019-04,ANAC,78497
10/28/2019,ADOTADA,11/5/2019,1/31/2020,IG-025/CENIPA/2019-05,ANAC,78497
10/28/2019,ADOTADA,11/5/2019,1/31/2020,IG-025/CENIPA/2019-06,ANAC,78497
10/28/2019,ADOTADA,11/5/2019,1/31/2020,IG-025/CENIPA/2019-07,ANAC,78497
7/31/2025,ADOTADA,8/13/2025,12/23/2025,IG-029/CENIPA/2025-01,DECEA,86514
7/31/2025,ADOTADA,8/13/2025,12/23/2025,IG-029/CENIPA/2025-02,DECEA,86514
7/31/2025,ADOTADA,8/13/2025,12/23/2025,IG-029/CENIPA/2025-03,DECEA,86514
7/31/2025,ADOTADA,8/13/2025,12/23/2025,IG-029/CENIPA/2025-04,DECEA,86514
7/31/2025,ADOTADA DE FORMA ALTERNATIVA,8/13/2025,12/23/2025,IG-029/CENIPA/2025-05,DECEA,86514
7/31/2025,ADOTADA,8/13/2025,12/23/2025,IG-029/CENIPA/2025-06,DECEA,86514
7/31/2025,ADOTADA DE FORMA ALTERNATIVA,8/13/2025,12/23/2025,IG-029/CENIPA/2025-07,DECEA,86514
7/31/2025,ADOTADA,8/13/2025,12/23/2025,IG-029/CENIPA/2025-08,DECEA,86514
7/31/2025,ADOTADA,8/8/2025,12/26/2025,IG-029/CENIPA/2025-09,ANAC,86514
7/31/2025,ADOTADA,8/8/2025,12/26/2025,IG-029/CENIPA/2025-10,ANAC,86514
7/31/2025,ADOTADA,8/8/2025,12/26/2025,IG-029/CENIPA/2025-11,ANAC,86514
6/28/2019,ADOTADA DE FORMA ALTERNATIVA,8/20/2019,9/23/2019,IG-030/CENIPA/2018-01,ANAC,77695
6/28/2019,ADOTADA,8/20/2019,9/23/2019,IG-030/CENIPA/2018-02,ANAC,77695
9/3/2019,ADOTADA DE FORMA ALTERNATIVA,9/12/2019,7/22/2020,IG-031/CENIPA/2017-05,COMGAP,66432
9/3/2019,ADOTADA,9/12/2019,7/22/2020,IG-031/CENIPA/2017-06,COMGAP,66432
9/3/2019,ADOTADA,9/12/2019,10/8/2019,IG-031/CENIPA/2017-07,GABAER,66432
9/3/2019,ADOTADA,9/12/2019,10/8/2019,IG-031/CENIPA/2017-08,GABAER,66432
9/3/2019,ADOTADA,9/12/2019,9/23/2019,IG-031/CENIPA/2017-09,COMPREP,66432
9/3/2019,ADOTADA,9/12/2019,5/8/2020,IG-031/CENIPA/2017-10,DECEA,66432
8/6/2019,ADOTADA,8/20/2019,2/12/2021,IG-032/CENIPA/2017-01,ANAC,66444
5/10/2018,ADOTADA,5/22/2018,4/10/2019,IG-033/CENIPA/2017-01,ANAC,66450
5/10/2018,ADOTADA,5/22/2018,4/10/2019,IG-033/CENIPA/2017-02,ANAC,66450
5/10/2018,ADOTADA,5/22/2018,4/10/2019,IG-033/CENIPA/2017-03,ANAC,66450
3/11/2019,ADOTADA,3/18/2019,7/17/2019,IG-040/CENIPA/2015-01,ANAC,53151
12/4/2025,NAO ADOTADA,12/9/2025,NULL,IG-041/CENIPA/2022-01,ANAC,80630
12/4/2025,ADOTADA,12/10/2025,1/27/2026,IG-041/CENIPA/2022-02,DECEA,80630
12/4/2025,ADOTADA,12/10/2025,1/27/2026,IG-041/CENIPA/2022-03,DECEA,80630
12/4/2025,NAO ADOTADA,12/10/2025,NULL,IG-041/CENIPA/2022-04,DECEA,80630
7/8/2021,ADOTADA,8/16/2021,3/28/2024,IG-042/CENIPA/2019-04,ANAC,78590
7/8/2021,ADOTADA,8/16/2021,3/28/2024,IG-042/CENIPA/2019-05,ANAC,78590
7/8/2021,ADOTADA,8/16/2021,3/28/2024,IG-042/CENIPA/2019-06,ANAC,78590
9/10/2013,ADOTADA,4/14/2015,1/25/2016,IG-045/CENIPA/2013-RSV001,ANAC,34257
9/10/2013,ADOTADA,4/14/2015,9/10/2015,IG-045/CENIPA/2013-RSV002,ANAC,34257
9/10/2013,ADOTADA,4/14/2015,8/21/2015,IG-045/CENIPA/2013-RSV003,ANAC,34257
10/4/2021,ADOTADA,2/9/2022,2/16/2022,IG-045/CENIPA/2015-01,ANAC,53412
10/4/2021,ADOTADA,2/9/2022,5/9/2022,IG-045/CENIPA/2015-02,ANAC,53412
12/19/2018,ADOTADA,2/21/2019,7/16/2019,IG-045/CENIPA/2017-01,ANAC,66527
9/10/2013,ADOTADA,4/14/2015,10/21/2015,IG-048/CENIPA/2013-RSV001,ANAC,45576
9/10/2013,ADOTADA,4/14/2015,10/21/2015,IG-048/CENIPA/2013-RSV002,ANAC,45576
9/10/2013,ADOTADA,4/14/2015,10/21/2015,IG-048/CENIPA/2013-RSV003,ANAC,45576
1/31/2018,ADOTADA,2/1/2018,9/12/2019,IG-048/CENIPA/2017-01,ANAC,66543
1/31/2018,ADOTADA,2/1/2018,9/12/2019,IG-048/CENIPA/2017-02,ANAC,66543
11/25/2025,ADOTADA,11/25/2025,2/25/2026,IG-048/CENIPA/2024-01,ANAC,83896
3/5/2015,ADOTADA DE FORMA ALTERNATIVA,3/20/2015,12/15/2015,IG-049/CENIPA/2014-001,ANAC,50916
12/19/2024,ADOTADA,12/23/2024,5/13/2025,IG-051/CENIPA/2022-01,ANAC,80662
11/12/2013,ADOTADA,4/14/2015,1/25/2016,IG-053/CENIPA/2013-RSV_001,ANAC,40316
11/12/2013,ADOTADA,4/14/2015,8/17/2015,IG-053/CENIPA/2013-RSV_002,ANAC,40316
11/12/2013,ADOTADA,4/14/2015,6/21/2016,IG-053/CENIPA/2013-RSV_003,ANAC,40316
10/14/2014,ADOTADA,12/15/2014,1/20/2017,IG-053/CENIPA/2014-001,ANAC,51023
11/29/2024,ADOTADA,11/4/2024,1/17/2025,IG-055/CENIPA/2022-01,ANAC,80671
10/29/2024,ADOTADA,11/4/2024,1/17/2025,IG-055/CENIPA/2022-02,ANAC,80671
8/1/2017,ADOTADA,8/29/2017,7/22/2019,IG-056/CENIPA/2016-01,ANAC,60951
2/9/2015,ADOTADA,3/9/2015,4/5/2016,IG-057/CENIPA/2014-001,ANAC,51026
12/19/2018,ADOTADA,2/21/2019,5/21/2019,IG-057/CENIPA/2015-01,ANAC,53203
2/21/2019,ADOTADA,12/19/2018,5/21/2019,IG-057/CENIPA/2015-02,ANAC,53203
11/16/2021,ADOTADA,12/23/2021,7/7/2022,IG-058/CENIPA/2018-01,DECEA,77781
11/16/2021,ADOTADA,12/23/2021,7/7/2022,IG-058/CENIPA/2018-02,DECEA,77781
9/16/2013,NAO ADOTADA,12/5/2013,2/13/2017,IG-062/CENIPA/2013-RSV001,ANAC,47353
3/29/2021,ADOTADA,4/26/2021,8/27/2021,IG-063/CENIPA/2019-01,DECEA,78799
3/29/2021,ADOTADA,4/26/2021,8/27/2021,IG-063/CENIPA/2019-02,DECEA,78799
12/18/2019,ADOTADA,1/13/2020,4/1/2020,IG-065/CENIPA/2018-01,ANAC,77803
12/18/2019,ADOTADA,1/14/2020,10/5/2020,IG-065/CENIPA/2018-05,DECEA,77803
12/18/2019,ADOTADA,1/14/2020,10/5/2020,IG-065/CENIPA/2018-06,DECEA,77803
12/18/2019,ADOTADA,1/14/2020,10/5/2020,IG-065/CENIPA/2018-07,DECEA,77803
12/18/2019,ADOTADA DE FORMA ALTERNATIVA,1/14/2020,10/5/2020,IG-065/CENIPA/2018-08,DECEA,77803
12/18/2019,ADOTADA,1/14/2020,10/5/2020,IG-065/CENIPA/2018-09,DECEA,77803
11/24/2025,NAO ADOTADA,11/24/2025,11/24/2025,IG-068/CENIPA/2022-01,ANAC,80763
11/24/2025,ADOTADA,11/24/2025,11/4/2025,IG-068/CENIPA/2022-02,DECEA,80763
12/17/2013,ADOTADA,2/12/2014,3/26/2014,IG-069/CENIPA/2013-RSV001,ANAC,38959
4/24/2015,ADOTADA,5/26/2015,10/14/2015,IG-073/CENIPA/2014-001,DECEA,51027
4/24/2015,ADOTADA,5/26/2015,5/11/2016,IG-073/CENIPA/2014-002,ANAC,51027
4/24/2015,ADOTADA,5/26/2015,12/15/2015,IG-073/CENIPA/2014-003,ANAC,51027
9/16/2013,ADOTADA DE FORMA ALTERNATIVA,12/5/2013,7/28/2014,IG-076/CENIPA/2013-RSV001,ANAC,47699
9/16/2013,ADOTADA,12/5/2013,7/11/2016,IG-076/CENIPA/2013-RSV002,ANAC,47699
4/5/2018,ADOTADA,4/17/2019,7/17/2019,IG-076/CENIPA/2015-01,ANAC,53262
4/5/2018,ADOTADA,4/17/2019,7/17/2019,IG-076/CENIPA/2015-02,ANAC,53262
4/5/2018,ADOTADA,4/17/2019,7/17/2019,IG-076/CENIPA/2015-03,ANAC,53262
7/27/2018,ADOTADA,8/23/2018,2/21/2019,IG-077/CENIPA/2015-01,ANAC,53270
7/16/2013,ADOTADA DE FORMA ALTERNATIVA,8/14/2013,5/24/2016,IG-079/CENIPA/2013-RSV001,ANAC,47888
11/24/2014,NAO ADOTADA,3/9/2015,7/11/2016,IG-080/CENIPA/2013-01,ANAC,47901
3/23/2023,ADOTADA DE FORMA ALTERNATIVA,4/10/2023,8/7/2023,IG-083/CENIPA/2019-01,DECEA,79067
9/24/2018,ADOTADA,11/6/2018,1/24/2019,IG-084/CENIPA/2015-01,ANAC,53308
4/5/2018,ADOTADA,4/17/2018,5/11/2020,IG-085/CENIPA/2014-01,ANAC,51442
4/5/2018,ADOTADA,4/17/2018,5/11/2020,IG-085/CENIPA/2014-02,ANAC,51442
4/5/2018,ADOTADA,4/17/2018,5/11/2020,IG-085/CENIPA/2014-03,ANAC,51442
7/27/2018,ADOTADA,8/23/2018,9/21/2018,IG-085/CENIPA/2015-01,ANAC,53326
2/9/2015,ADOTADA,3/9/2015,12/21/2015,IG-088/CENIPA/2014-01,ANAC,51033
8/15/2023,ADOTADA,9/11/2023,1/2/2024,IG-089/CENIPA/2020-01,DECEA,80917
5/10/2018,ADOTADA DE FORMA ALTERNATIVA,5/10/2018,3/12/2020,IG-091/CENIPA/2015-01,ANAC,53332
5/10/2018,NAO APLICAVEL,5/22/2018,6/12/2019,IG-091/CENIPA/2015-02,ANAC,53332
5/10/2018,NAO APLICAVEL,5/22/2018,6/12/2019,IG-091/CENIPA/2015-03,ANAC,53332
2/6/2017,ADOTADA,2/16/2017,5/8/2017,IG-092/CENIPA/2014-01,ANAC,51444
2/6/2017,ADOTADA DE FORMA ALTERNATIVA,2/16/2017,5/8/2017,IG-092/CENIPA/2014-02,ANAC,51444
2/6/2017,ADOTADA DE FORMA ALTERNATIVA,2/16/2017,5/8/2017,IG-092/CENIPA/2014-03,ANAC,51444
2/6/2017,ADOTADA DE FORMA ALTERNATIVA,2/16/2017,5/8/2017,IG-092/CENIPA/2014-04,ANAC,51444
11/25/2025,NAO ADOTADA,11/25/2025,NULL,IG-092/CENIPA/2018-01,ANAC,77904
3/11/2019,ADOTADA,3/19/2019,5/13/2019,IG-097/CENIPA/2015-01,ANAC,53358
3/11/2019,ADOTADA,3/19/2019,5/13/2019,IG-097/CENIPA/2015-02,ANAC,53358
3/11/2019,ADOTADA,3/19/2019,5/13/2019,IG-097/CENIPA/2015-03,ANAC,53358
2/2/2017,ADOTADA,2/16/2017,6/12/2017,IG-098/CENIPA/2014-01,ANAC,51448
4/5/2018,ADOTADA,4/5/2018,4/30/2018,IG-099/CENIPA/2014-01,ANAC,51449
9/16/2013,ADOTADA,12/5/2013,3/17/2015,IG-100/CENIPA/2013-RSV001,ANAC,48662
2/9/2015,ADOTADA,4/20/2015,4/5/2016,IG-101/CENIPA/2013-001,ANAC,45752
12/30/2021,ADOTADA,1/3/2022,1/10/2022,IG-104/CENIPA/2017-01,ANAC,67152
1/29/2019,ADOTADA DE FORMA ALTERNATIVA,2/21/2019,8/9/2019,IG-105/CENIPA/2017-01,ANAC,67142
1/29/2019,ADOTADA DE FORMA ALTERNATIVA,2/21/2019,8/9/2019,IG-105/CENIPA/2017-02,ANAC,67142
1/29/2019,ADOTADA,2/21/2019,8/9/2019,IG-105/CENIPA/2017-03,ANAC,67142
1/29/2019,ADOTADA,2/25/2019,8/21/2019,IG-105/CENIPA/2017-04,DECEA,67142
1/29/2019,ADOTADA,2/25/2019,8/21/2019,IG-105/CENIPA/2017-05,DECEA,67142
1/29/2019,ADOTADA,2/25/2019,8/21/2019,IG-105/CENIPA/2017-06,DECEA,67142
2/17/2025,ADOTADA DE FORMA ALTERNATIVA,2/19/2025,7/9/2025,IG-105/CENIPA/2022-01,DECEA,81004
2/17/2025,ADOTADA DE FORMA ALTERNATIVA,2/19/2025,5/23/2025,IG-105/CENIPA/2022-02,DECEA,81004
2/17/2025,ADOTADA,2/19/2025,7/9/2025,IG-105/CENIPA/2022-03,DECEA,81004
2/17/2025,ADOTADA,2/19/2025,8/1/2025,IG-105/CENIPA/2022-04,DECEA,81004
9/22/2023,ADOTADA,10/9/2023,1/2/2024,IG-109/CENIPA/2022-01,DECEA,80959
10/29/2025,ADOTADA,10/30/2025,3/13/2026,IG-110/CENIPA/2018-01,DECEA,78035
12/30/2025,NAO ADOTADA,12/30/2025,NULL,IG-113/CENIPA/2022-01,ANAC,81027
10/21/2013,NAO ADOTADA,12/6/2013,3/27/2015,IG-114/CENIPA/2013-RSV001,ANAC,45859
10/21/2013,ADOTADA,12/6/2013,3/12/2014,IG-114/CENIPA/2013-RSV002,ANAC,45859
4/24/2015,ADOTADA DE FORMA ALTERNATIVA,5/26/2015,8/24/2015,IG-116/CENIPA/2013-001,ANAC,46049
11/30/2017,ADOTADA,12/20/2017,2/5/2018,IG-117/CENIPA/2014-01,ANAC,51674
11/30/2017,ADOTADA,12/20/2017,2/5/2018,IG-117/CENIPA/2014-02,ANAC,51674
11/30/2017,ADOTADA,12/20/2017,2/5/2018,IG-117/CENIPA/2014-03,DECEA,51674
4/26/2023,ADOTADA,4/28/2023,11/6/2023,IG-120/CENIPA/2020-02,DECEA,79589
4/26/2023,ADOTADA,4/28/2023,11/6/2023,IG-120/CENIPA/2020-03,DECEA,79589
4/26/2023,ADOTADA,4/28/2023,11/6/2023,IG-120/CENIPA/2020-04,DECEA,79589
4/26/2023,ADOTADA,4/28/2023,11/6/2023,IG-120/CENIPA/2020-05,DECEA,79589
3/9/2018,NAO ADOTADA,3/16/2018,4/15/2019,IG-121/CENIPA/2015-01,ANAC,53471
3/9/2018,NAO APLICAVEL,3/16/2018,4/15/2019,IG-121/CENIPA/2015-02,ANAC,53471
3/9/2018,ADOTADA,3/16/2018,4/15/2019,IG-121/CENIPA/2015-03,ANAC,53471
3/9/2018,ADOTADA,3/16/2018,4/15/2019,IG-121/CENIPA/2015-04,ANAC,53471
5/15/2015,ADOTADA DE FORMA ALTERNATIVA,5/26/2015,8/21/2015,IG-123/CENIPA/2013-001,ANAC,46026
7/24/2025,ADOTADA,7/29/2025,12/5/2025,IG-123/CENIPA/2024-01,ANAC,85480
7/24/2025,ADOTADA,7/29/2025,12/5/2025,IG-123/CENIPA/2024-02,ANAC,85480
7/24/2025,ADOTADA,7/29/2025,12/5/2025,IG-123/CENIPA/2024-03,ANAC,85480
7/24/2025,ADOTADA,7/29/2025,12/5/2025,IG-123/CENIPA/2024-04,ANAC,85480
7/24/2025,ADOTADA,7/28/2025,1/26/2026,IG-123/CENIPA/2024-05,DECEA,85480
7/24/2025,ADOTADA,7/28/2025,5/7/2026,IG-123/CENIPA/2024-06,DECEA,85480
12/30/2025,ADOTADA,1/8/2026,4/22/2026,IG-125/CENIPA/2022-01,ANAC,81108
5/15/2015,ADOTADA DE FORMA ALTERNATIVA,5/26/2015,2/23/2016,IG-126/CENIPA/2013-001,ANAC,46042
5/15/2015,ADOTADA,5/26/2015,1/25/2016,IG-126/CENIPA/2013-002,ANAC,46042
5/15/2015,NAO ADOTADA,5/26/2015,2/11/2016,IG-126/CENIPA/2013-003,ANAC,46042
6/2/2025,ADOTADA,6/5/2025,1/27/2026,IG-127/CENIPA/2020-01,DECEA,79609
9/10/2025,ADOTADA,9/15/2025,1/8/2026,IG-128/CENIPA/2021-01,ANAC,80386
9/10/2025,NAO ADOTADA,9/15/2025,NULL,IG-128/CENIPA/2021-02,ANAC,80386
6/16/2014,ADOTADA DE FORMA ALTERNATIVA,8/18/2014,12/30/2014,IG-129/CENIPA/2013_RS_001,ANAC,49113
6/16/2014,ADOTADA,8/18/2014,1/29/2015,IG-129/CENIPA/2013_RS_002,ANAC,49113
6/16/2014,ADOTADA,8/18/2014,1/29/2015,IG-129/CENIPA/2013_RS_003,ANAC,49113
6/16/2014,ADOTADA,8/18/2014,NULL,IG-129/CENIPA/2013_RS_004,DECEA,49113
10/21/2013,NAO ADOTADA,12/6/2013,2/21/2014,IG-131/CENIPA/2013-RSV001,ANAC,46209
4/6/2026,AGUARDANDO RESPOSTA,4/7/2026,NULL,IG-131/CENIPA/2021-01,ANAC,80395
8/1/2017,ADOTADA,8/29/2017,7/17/2019,IG-132/CENIPA/2015-01,ANAC,53496
10/2/2014,ADOTADA,12/15/2014,3/31/2015,IG-133/CENIPA/2013-001,ANAC,46281
10/4/2021,ADOTADA,2/11/2022,6/9/2022,IG-136/CENIPA/2013-01,ANAC,49158
10/4/2021,ADOTADA,2/11/2022,6/9/2022,IG-136/CENIPA/2013-02,ANAC,49158
3/27/2024,NAO ADOTADA,4/1/2024,NULL,IG-138/CENIPA/2019-01,ANAC,78792
3/27/2024,ADOTADA,4/1/2024,5/6/2025,IG-138/CENIPA/2019-02,ANAC,78792
5/15/2015,ADOTADA,7/30/2015,12/15/2015,IG-140/CENIPA/2013-001,ANAC,46443
3/9/2018,ADOTADA,3/16/2018,8/27/2018,IG-140/CENIPA/2015-01,ANAC,53545
10/14/2014,ADOTADA,12/15/2014,3/27/2015,IG-141/CENIPA/2013-001,ANAC,46445
10/14/2014,SEM INFORMACAO,12/15/2014,NULL,IG-141/CENIPA/2013-002,ABAG,46445
10/14/2014,SEM INFORMACAO,12/15/2014,NULL,IG-141/CENIPA/2013-003,APPA,46445
4/8/2019,ADOTADA,4/17/2019,4/29/2019,IG-143/CENIPA/2014-01,ANAC,52271
11/7/2018,ADOTADA,11/27/2018,1/9/2019,IG-143/CENIPA/2015-01,ANAC,53551
11/22/2023,ADOTADA DE FORMA ALTERNATIVA,11/27/2023,5/24/2024,IG-143/CENIPA/2022-01,DECEA,81172
10/28/2019,ADOTADA,11/6/2019,4/14/2020,IG-144/CENIPA/2015-01,ANAC,53552
10/28/2019,ADOTADA,11/6/2019,11/27/2019,IG-144/CENIPA/2015-02,ANAC,53552
10/28/2019,ADOTADA,11/6/2019,11/27/2019,IG-144/CENIPA/2015-03,ANAC,53552
10/28/2019,ADOTADA,11/6/2019,4/14/2020,IG-144/CENIPA/2015-04,ANAC,53552
10/29/2024,ADOTADA,10/29/2024,3/14/2025,IG-144/CENIPA/2020-01,ANAC,79739
10/29/2024,ADOTADA,10/29/2024,5/22/2025,IG-144/CENIPA/2020-02,DECEA,79739
10/29/2024,ADOTADA,10/29/2024,5/22/2025,IG-144/CENIPA/2020-03,DECEA,79739
10/29/2024,ADOTADA,10/29/2024,5/22/2025,IG-144/CENIPA/2020-04,DECEA,79739
10/29/2024,ADOTADA,10/29/2024,5/22/2025,IG-144/CENIPA/2020-05,DECEA,79739
4/8/2019,ADOTADA,4/23/2019,5/24/2023,IG-146/CENIPA/2017-03,DECEA,77320
9/21/2022,ADOTADA,9/27/2022,3/8/2023,IG-152/CENIPA/2018-02,DECEA,78203
7/21/2015,ADOTADA,8/21/2015,11/26/2015,IG-153/CENIPA/2015-001,ANAC,52295
5/10/2018,ADOTADA,5/23/2018,9/14/2018,IG-153/CENIPA/2015-01,ANAC,53568
3/29/2021,ADOTADA,4/27/2021,11/25/2021,IG-155/CENIPA/2017-03,DECEA,77276
11/7/2013,ADOTADA,2/5/2014,4/13/2014,IG-158/CENIPA/2013-RSV001,ANAC,46823
10/27/2017,ADOTADA,11/16/2017,3/8/2018,IG-159/CENIPA/2014-01,DECEA,52552
5/16/2019,ADOTADA,5/28/2019,7/17/2019,IG-160/CENIPA/2016-01,ANAC,65359
5/16/2019,ADOTADA,5/28/2019,7/17/2019,IG-160/CENIPA/2016-02,ANAC,65359
5/10/2018,ADOTADA,5/10/2018,8/28/2018,IG-167/CENIPA/2016-01,ANAC,66094
12/19/2018,NAO ADOTADA,12/20/2018,11/5/2019,IG-167/CENIPA/2017-01,DECEA,77202
12/12/2013,ADOTADA DE FORMA ALTERNATIVA,2/12/2014,5/22/2014,IG-170/CENIPA/2013-RSV_001,ANAC,39930
12/12/2013,ADOTADA,2/12/2014,8/22/2014,IG-170/CENIPA/2013-RSV_002,ANAC,39930
12/30/2013,ADOTADA DE FORMA ALTERNATIVA,3/19/2014,9/26/2014,IG-171/CENIPA/2013-RSV_001_A,ANAC,39916
3/17/2014,ADOTADA,4/14/2015,12/16/2015,IG-171/CENIPA/2013-RSV_001_B,ANAC,49691
12/30/2013,ADOTADA,3/19/2014,9/9/2015,IG-171/CENIPA/2013-RSV_002,ANAC,39916
12/19/2018,ADOTADA,2/21/2019,3/23/2020,IG-176/CENIPA/2014-01,ANAC,52694
7/8/2021,ADOTADA,7/27/2021,2/16/2022,IG-177/CENIPA/2018-04,DECEA,78341
7/8/2021,ADOTADA,7/27/2021,2/16/2022,IG-177/CENIPA/2018-05,DECEA,78341
7/8/2021,ADOTADA,7/27/2021,2/16/2022,IG-177/CENIPA/2018-06,DECEA,78341
7/8/2021,ADOTADA,7/27/2021,2/16/2022,IG-177/CENIPA/2018-07,DECEA,78341
7/8/2021,ADOTADA,7/27/2021,2/16/2022,IG-177/CENIPA/2018-08,DECEA,78341
7/8/2021,ADOTADA,7/27/2021,2/16/2022,IG-177/CENIPA/2018-09,DECEA,78341
9/4/2018,ADOTADA,10/17/2018,1/21/2018,IG-187/CENIPA/2013-01,ANAC,50095
9/4/2018,ADOTADA,10/17/2018,1/21/2018,IG-187/CENIPA/2013-02,ANAC,50095
7/8/2021,ADOTADA,7/26/2021,2/16/2022,IG-190/CENIPA/2018-01,DECEA,78380
7/8/2021,ADOTADA,8/17/2021,2/10/2022,IG-190/CENIPA/2018-05,FAA,78380
6/30/2016,ADOTADA,7/14/2016,10/8/2019,IG-195/CENIPA/2013-02,DECEA,50097
4/24/2015,ADOTADA,5/26/2015,8/11/2015,IG-203/CENIPA/2013-001,ANAC,50511
7/27/2018,ADOTADA,7/27/2018,11/27/2018,IG-503/CENIPA/2018-01,ANAC,45580
7/27/2018,ADOTADA,7/27/2018,11/27/2018,IG-503/CENIPA/2018-02,ANAC,45580
7/27/2018,ADOTADA,7/27/2018,11/27/2018,IG-503/CENIPA/2018-03,ANAC,45580
7/27/2018,ADOTADA,7/27/2018,11/27/2018,IG-503/CENIPA/2018-04,ANAC,45580
11/30/2017,ADOTADA,12/21/2017,3/27/2018,IG-521/CENIPA/2017-01,ANAC,43027
11/30/2017,ADOTADA,12/21/2017,3/28/2018,IG-521/CENIPA/2017-02,ANAC,43027
12/4/2018,ADOTADA,1/9/2019,6/11/2019,IG-521/CENIPA/2018-01,ANAC,44652
12/4/2018,NAO ADOTADA,1/9/2019,6/11/2019,IG-521/CENIPA/2018-02,ANAC,44652
12/4/2018,NAO ADOTADA,1/9/2019,6/11/2019,IG-521/CENIPA/2018-03,ANAC,44652
12/4/2018,ADOTADA,12/4/2018,6/11/2019,IG-521/CENIPA/2018-04,ANAC,44652
12/4/2018,ADOTADA,1/9/2019,6/11/2019,IG-521/CENIPA/2018-05,ANAC,44652
8/19/2021,ADOTADA,8/26/2021,9/16/2021,IG-526/CENIPA/2016-01,ANAC,51775
8/19/2021,NAO ADOTADA,8/26/2021,NULL,IG-526/CENIPA/2016-02,ANAC,51775
6/3/2016,ADOTADA,7/14/2016,NULL,IG-532/CENIPA/2015-02,LET,44888
6/3/2016,ADOTADA,7/14/2016,11/28/2017,IG-532/CENIPA/2015-03,LET,44888
6/3/2016,ADOTADA,7/14/2016,11/28/2017,IG-532/CENIPA/2015-04,LET,44888
6/25/2018,ADOTADA,7/19/2018,2/21/2018,IG-538/CENIPA/2017,ANAC,44458
8/25/2015,ADOTADA DE FORMA ALTERNATIVA,9/3/2015,12/15/2015,IG-540/CENIPA/2015-01,ANAC,46263
8/25/2015,ADOTADA DE FORMA ALTERNATIVA,9/3/2015,12/15/2015,IG-540/CENIPA/2015-02,ANAC,46263
8/25/2015,ADOTADA DE FORMA ALTERNATIVA,9/3/2015,11/26/2015,IG-540/CENIPA/2015-03,ANAC,46263
3/31/2017,ADOTADA,4/24/2017,6/28/2017,IG-544/CENIPA/2015-04,DECEA,45400
4/25/2016,ADOTADA,5/18/2016,8/16/2016,IG-550/CENIPA/2015-01,DECEA,46451
9/2/2014,ADOTADA,9/16/2014,4/11/2017,IG-551/CENIPA/2014-001,ANAC,46187
9/2/2014,ADOTADA DE FORMA ALTERNATIVA,9/16/2014,2/27/2015,IG-551/CENIPA/2014-002,ANAC,46187
10/28/2019,ADOTADA,11/6/2019,11/27/2019,IG-551/CENIPA/2016-01,ANAC,44656
9/4/2018,ADOTADA,10/17/2018,7/2/2020,IG-556/CENIPA/2018-05,DECEA,45252
9/4/2018,ADOTADA,10/17/2018,7/2/2020,IG-556/CENIPA/2018-06,DECEA,45252
8/15/2014,ADOTADA,10/8/2014,7/11/2016,IG-563/CENIPA/2014-RSV_001,ANAC,46373
2/9/2015,ADOTADA,3/9/2015,6/7/2016,IG-571/CENIPA/2014-001,ANAC,40357
2/9/2015,ADOTADA,3/9/2015,3/23/2017,IG-571/CENIPA/2014-002,ANAC,40357
4/8/2019,ADOTADA,4/23/2019,5/21/2019,IG-588/CENIPA/2018-02,ANAC,45756
6/28/2019,ADOTADA,8/20/2019,4/2/2020,IG-589/CENIPA/2016-01,ANAC,44649
4/24/2015,ADOTADA,5/26/2015,9/10/2015,IG-621/CENIPA/2014-001,ANAC,43998
4/24/2015,ADOTADA,5/26/2015,9/10/2015,IG-621/CENIPA/2014-002,ANAC,43998
4/24/2015,ADOTADA,5/26/2015,9/10/2015,IG-621/CENIPA/2014-003,ANAC,43998
5/2/2013,NAO ADOTADA,2/12/2014,4/4/2018,RSO_(A)_0026/2013-CENIPA,ANAC,46853
2/18/2013,NAO ADOTADA,2/12/2014,4/4/2018,RSO_(A)_0027/2013-CENIPA,ANAC,46853
2/18/2013,NAO ADOTADA,2/12/2014,9/30/2014,RSO_(A)_0028/2013-CENIPA,ANAC,46853
2/18/2013,NAO ADOTADA,2/12/2014,4/4/2018,RSO_(A)_0029/2013-CENIPA,ANAC,46853
2/18/2013,NAO ADOTADA,2/12/2014,2/12/2014,RSO_(A)_0139/2013-CENIPA,ANAC,46853
10/20/2010,SEM INFORMACAO,10/20/2010,NULL,RSO_(A)_048/2010/SERIPA_VI,LIDER,38359
10/20/2010,SEM INFORMACAO,10/20/2010,NULL,RSO_(A)_049/2010/SERIPA_VI,LIDER,38359
8/27/2010,SEM INFORMACAO,8/31/2010,NULL,RSO_(I)_194/2010-CENIPA,AVIANCA,41179
8/27/2010,SEM INFORMACAO,8/31/2010,NULL,RSO_(I)_195/2010-CENIPA,AVIANCA,41179
8/27/2010,SEM INFORMACAO,8/31/2010,NULL,RSO_(I)_196/2010-CENIPA,AVIANCA,41179
8/27/2010,SEM INFORMACAO,8/31/2010,NULL,RSO_(I)_197/2010-CENIPA,AVIANCA,41179
8/27/2010,SEM INFORMACAO,8/31/2010,NULL,RSO_(I)_198/2010-CENIPA,AVIANCA,41179
3/28/2013,ADOTADA,7/1/2013,4/28/2014,RSV_(A)_019/2013,ANAC,43702
3/28/2013,ADOTADA,7/1/2013,4/28/2014,RSV_(A)_020/2013,ANAC,43702
3/28/2013,ADOTADA,7/1/2013,4/28/2014,RSV_(A)_021/2013,ANAC,43702
3/28/2013,ADOTADA,7/1/2013,2/22/2017,RSV_(A)_022/2013,ANAC,43702
3/28/2013,ADOTADA,7/1/2013,2/22/2017,RSV_(A)_023/2013,ANAC,43702
3/28/2013,ADOTADA,7/1/2013,8/12/2013,RSV_(A)_024/2013,ANAC,43702
3/28/2013,ADOTADA,6/28/2013,8/19/2015,RSV_(A)_025/2013,PRATT_&_WHITNEY,43702
3/28/2013,ADOTADA,6/28/2013,8/19/2015,RSV_(A)_026/2013,PRATT_&_WHITNEY,43702
4/23/2013,ADOTADA,7/1/2013,8/2/2013,RSV_(A)_033/2013-CENIPA,ANAC,43455
9/29/2011,SEM INFORMACAO,8/6/2013,NULL,RSV_(A)_305/2011-CENIPA,LET,44796
9/29/2011,SEM INFORMACAO,8/6/2013,NULL,RSV_(A)_306/2011-CENIPA,LET,44796
9/29/2011,SEM INFORMACAO,8/6/2013,NULL,RSV_(A)_307/2011-CENIPA,LET,44796
9/29/2011,SEM INFORMACAO,8/6/2013,NULL,RSV_(A)_308/2011-CENIPA,LET,44796
9/29/2011,SEM INFORMACAO,8/6/2013,NULL,RSV_(A)_309/2011-CENIPA,LET,44796
9/29/2011,SEM INFORMACAO,10/3/2011,NULL,RSV_(A)_310/2011-CENIPA,NHT,44796
9/29/2011,SEM INFORMACAO,10/3/2011,NULL,RSV_(A)_311/2011-CENIPA,NHT,44796
9/29/2011,SEM INFORMACAO,10/3/2011,NULL,RSV_(A)_312/2011-CENIPA,NOAR,44796
9/29/2011,SEM INFORMACAO,10/3/2011,NULL,RSV_(A)_313/2011-CENIPA,NOAR,44796
9/29/2011,SEM INFORMACAO,10/3/2011,NULL,RSV_(A)_314/2011-CENIPA,SOL,44796
9/29/2011,SEM INFORMACAO,10/3/2011,NULL,RSV_(A)_315/2011-CENIPA,SOL,44796
9/29/2011,SEM INFORMACAO,10/3/2011,NULL,RSV_(A)_316/2011-CENIPA,TEAM,44796
9/29/2011,SEM INFORMACAO,10/3/2011,NULL,RSV_(A)_317/2011-CENIPA,TEAM,44796
9/29/2011,NAO ADOTADA,8/12/2013,1/25/2016,RSV_(A)_318/2011-CENIPA,ANAC,44796
9/29/2011,NAO ADOTADA,8/12/2013,1/25/2016,RSV_(A)_319/2011-CENIPA,ANAC,44796
8/7/2012,ADOTADA,10/16/2012,4/28/2014,RSV_(A)_327/2012-CENIPA,ANAC,43450
8/7/2012,NAO ADOTADA,10/16/2012,12/20/2016,RSV_(A)_328/2012-CENIPA,ANAC,43450
8/7/2012,ADOTADA DE FORMA ALTERNATIVA,10/16/2012,6/7/2016,RSV_(A)_329/2012-CENIPA,ANAC,43450
8/7/2012,ADOTADA,10/16/2012,6/8/2016,RSV_(A)_330/2012-CENIPA,ANAC,43450
8/7/2012,ADOTADA,10/16/2012,6/8/2016,RSV_(A)_331/2012-CENIPA,ANAC,43450
8/7/2012,ADOTADA,10/16/2012,5/16/2013,RSV_(A)_332/2012-CENIPA,ANAC,43450
